# Converted from Decimation Beardie model: spotlight.bmodel
# Coordinates retain the original Beardie model units.
mtllib spotlight.mtl
usemtl spotlight_material
o baseModel0
v 5.088448 14 0.3281695
v 6.054374 14 0.5869885
v 6.054374 9 0.5869885
v 5.088448 9 0.3281695
v 4.829629 14 1.294095
v 5.795555 14 1.552914
v 5.795555 9 1.552914
v 4.829629 9 1.294095
vt 0.015625 0.97265625
vt 0.01171875 0.97265625
vt 0.01171875 0.9921875
vt 0.015625 0.9921875
f 7/1 3/2 2/3 6/4
vt 0.0078125 0.97265625
vt 0.00390625 0.97265625
vt 0.00390625 0.9921875
vt 0.0078125 0.9921875
f 4/5 8/6 5/7 1/8
vt 0.01171875 0.9921875
vt 0.0078125 0.9921875
vt 0.0078125 0.99609375
vt 0.01171875 0.99609375
f 2/9 1/10 5/11 6/12
vt 0.015625 0.99609375
vt 0.01171875 0.99609375
vt 0.01171875 0.9921875
vt 0.015625 0.9921875
f 7/13 8/14 4/15 3/16
vt 0.01171875 0.97265625
vt 0.0078125 0.97265625
vt 0.0078125 0.9921875
vt 0.01171875 0.9921875
f 3/17 4/18 1/19 2/20
vt 0.01953125 0.97265625
vt 0.015625 0.97265625
vt 0.015625 0.9921875
vt 0.01953125 0.9921875
f 8/21 7/22 6/23 5/24
o baseModel1
v -5.536736 14 -2.51884
v -4.57081 14 -2.260021
v -4.57081 9 -2.260021
v -5.536736 9 -2.51884
v -5.795555 14 -1.552914
v -4.829629 14 -1.294095
v -4.829629 9 -1.294095
v -5.795555 9 -1.552914
vt 0.046875 0.97265625
vt 0.04296875 0.97265625
vt 0.04296875 0.9921875
vt 0.046875 0.9921875
f 15/25 11/26 10/27 14/28
vt 0.0390625 0.97265625
vt 0.03515625 0.97265625
vt 0.03515625 0.9921875
vt 0.0390625 0.9921875
f 12/29 16/30 13/31 9/32
vt 0.04296875 0.9921875
vt 0.0390625 0.9921875
vt 0.0390625 0.99609375
vt 0.04296875 0.99609375
f 10/33 9/34 13/35 14/36
vt 0.046875 0.99609375
vt 0.04296875 0.99609375
vt 0.04296875 0.9921875
vt 0.046875 0.9921875
f 15/37 16/38 12/39 11/40
vt 0.04296875 0.97265625
vt 0.0390625 0.97265625
vt 0.0390625 0.9921875
vt 0.04296875 0.9921875
f 11/41 12/42 9/43 10/44
vt 0.05078125 0.97265625
vt 0.046875 0.97265625
vt 0.046875 0.9921875
vt 0.05078125 0.9921875
f 16/45 15/46 14/47 13/48
o baseModel2
v -5.240435 20.36346 -3.663286
v -4.274509 20.36346 -3.404467
v -4.589114 13.46981 -2.230349
v -5.555039 13.46981 -2.489168
v -6.005096 20.88441 -0.8095326
v -5.03917 20.88441 -0.5507136
v -5.353775 13.99075 0.6234051
v -6.3197 13.99075 0.364586
vt 0.09375 0.95703125
vt 0.08203125 0.95703125
vt 0.08203125 0.984375
vt 0.09375 0.984375
f 23/49 19/50 18/51 22/52
vt 0.078125 0.95703125
vt 0.06640625 0.95703125
vt 0.06640625 0.984375
vt 0.078125 0.984375
f 20/53 24/54 21/55 17/56
vt 0.08203125 0.984375
vt 0.078125 0.984375
vt 0.078125 0.99609375
vt 0.08203125 0.99609375
f 18/57 17/58 21/59 22/60
vt 0.0859375 0.99609375
vt 0.08203125 0.99609375
vt 0.08203125 0.984375
vt 0.0859375 0.984375
f 23/61 24/62 20/63 19/64
vt 0.08203125 0.95703125
vt 0.078125 0.95703125
vt 0.078125 0.984375
vt 0.08203125 0.984375
f 19/65 20/66 17/67 18/68
vt 0.09765625 0.95703125
vt 0.09375 0.95703125
vt 0.09375 0.984375
vt 0.09765625 0.984375
f 24/69 23/70 22/71 21/72
o baseModel3
v 5.384749 20.36346 -0.8162767
v 6.350675 20.36346 -0.5574577
v 6.036071 13.46981 0.616661
v 5.070145 13.46981 0.3578419
v 4.620088 20.88441 2.037477
v 5.586014 20.88441 2.296296
v 5.271409 13.99075 3.470415
v 4.305484 13.99075 3.211596
vt 0.15625 0.95703125
vt 0.14453125 0.95703125
vt 0.14453125 0.984375
vt 0.15625 0.984375
f 31/73 27/74 26/75 30/76
vt 0.140625 0.95703125
vt 0.12890625 0.95703125
vt 0.12890625 0.984375
vt 0.140625 0.984375
f 28/77 32/78 29/79 25/80
vt 0.14453125 0.984375
vt 0.140625 0.984375
vt 0.140625 0.99609375
vt 0.14453125 0.99609375
f 26/81 25/82 29/83 30/84
vt 0.1484375 0.99609375
vt 0.14453125 0.99609375
vt 0.14453125 0.984375
vt 0.1484375 0.984375
f 31/85 32/86 28/87 27/88
vt 0.14453125 0.95703125
vt 0.140625 0.95703125
vt 0.140625 0.984375
vt 0.14453125 0.984375
f 27/89 28/90 25/91 26/92
vt 0.16015625 0.95703125
vt 0.15625 0.95703125
vt 0.15625 0.984375
vt 0.16015625 0.984375
f 32/93 31/94 30/95 29/96
o baseModel4
v -6.69213 9 -5.934256
v 8.762683 9 -1.793151
v 8.762683 7 -1.793151
v -6.69213 7 -5.934256
v -9.021502 9 2.759077
v 6.433311 9 6.900182
v 6.433311 7 6.900182
v -9.021502 7 2.759077
vt 0.32421875 0.953125
vt 0.2890625 0.953125
vt 0.2890625 0.9609375
vt 0.32421875 0.9609375
f 39/97 35/98 34/99 38/100
vt 0.2265625 0.953125
vt 0.19140625 0.953125
vt 0.19140625 0.9609375
vt 0.2265625 0.9609375
f 36/101 40/102 37/103 33/104
vt 0.2890625 0.9609375
vt 0.2265625 0.9609375
vt 0.2265625 0.99609375
vt 0.2890625 0.99609375
f 34/105 33/106 37/107 38/108
vt 0.3515625 0.99609375
vt 0.2890625 0.99609375
vt 0.2890625 0.9609375
vt 0.3515625 0.9609375
f 39/109 40/110 36/111 35/112
vt 0.2890625 0.953125
vt 0.2265625 0.953125
vt 0.2265625 0.9609375
vt 0.2890625 0.9609375
f 35/113 36/114 33/115 34/116
vt 0.38671875 0.953125
vt 0.32421875 0.953125
vt 0.32421875 0.9609375
vt 0.38671875 0.9609375
f 40/117 39/118 38/119 37/120
o baseModel5
v -17 11 -23
v -12 11 -23
v -12 -0 -23
v -17 -0 -23
v -17 11 -12
v -12 11 -12
v -12 -0 -12
v -17 -0 -12
vt 0.515625 0.91015625
vt 0.47265625 0.91015625
vt 0.47265625 0.953125
vt 0.515625 0.953125
f 47/121 43/122 42/123 46/124
vt 0.453125 0.91015625
vt 0.41015625 0.91015625
vt 0.41015625 0.953125
vt 0.453125 0.953125
f 44/125 48/126 45/127 41/128
vt 0.47265625 0.953125
vt 0.453125 0.953125
vt 0.453125 0.99609375
vt 0.47265625 0.99609375
f 42/129 41/130 45/131 46/132
vt 0.4921875 0.99609375
vt 0.47265625 0.99609375
vt 0.47265625 0.953125
vt 0.4921875 0.953125
f 47/133 48/134 44/135 43/136
vt 0.47265625 0.91015625
vt 0.453125 0.91015625
vt 0.453125 0.953125
vt 0.47265625 0.953125
f 43/137 44/138 41/139 42/140
vt 0.53515625 0.91015625
vt 0.515625 0.91015625
vt 0.515625 0.953125
vt 0.53515625 0.953125
f 48/141 47/142 46/143 45/144
o baseModel6
v 12 11 -23
v 17 11 -23
v 17 -0 -23
v 12 -0 -23
v 12 11 -12
v 17 11 -12
v 17 -0 -12
v 12 -0 -12
vt 0.671875 0.91015625
vt 0.62890625 0.91015625
vt 0.62890625 0.953125
vt 0.671875 0.953125
f 55/145 51/146 50/147 54/148
vt 0.609375 0.91015625
vt 0.56640625 0.91015625
vt 0.56640625 0.953125
vt 0.609375 0.953125
f 52/149 56/150 53/151 49/152
vt 0.62890625 0.953125
vt 0.609375 0.953125
vt 0.609375 0.99609375
vt 0.62890625 0.99609375
f 50/153 49/154 53/155 54/156
vt 0.6484375 0.99609375
vt 0.62890625 0.99609375
vt 0.62890625 0.953125
vt 0.6484375 0.953125
f 55/157 56/158 52/159 51/160
vt 0.62890625 0.91015625
vt 0.609375 0.91015625
vt 0.609375 0.953125
vt 0.62890625 0.953125
f 51/161 52/162 49/163 50/164
vt 0.69140625 0.91015625
vt 0.671875 0.91015625
vt 0.671875 0.953125
vt 0.69140625 0.953125
f 56/165 55/166 54/167 53/168
o baseModel7
v -17 14 -22
v -10 14 -22
v -10 13 -22
v -17 13 -22
v -17 14 -13
v -10 14 -13
v -10 13 -13
v -17 13 -13
vt 0.7578125 0.95703125
vt 0.72265625 0.95703125
vt 0.72265625 0.9609375
vt 0.7578125 0.9609375
f 63/169 59/170 58/171 62/172
vt 0.6953125 0.95703125
vt 0.66015625 0.95703125
vt 0.66015625 0.9609375
vt 0.6953125 0.9609375
f 60/173 64/174 61/175 57/176
vt 0.72265625 0.9609375
vt 0.6953125 0.9609375
vt 0.6953125 0.99609375
vt 0.72265625 0.99609375
f 58/177 57/178 61/179 62/180
vt 0.75 0.99609375
vt 0.72265625 0.99609375
vt 0.72265625 0.9609375
vt 0.75 0.9609375
f 63/181 64/182 60/183 59/184
vt 0.72265625 0.95703125
vt 0.6953125 0.95703125
vt 0.6953125 0.9609375
vt 0.72265625 0.9609375
f 59/185 60/186 57/187 58/188
vt 0.78515625 0.95703125
vt 0.7578125 0.95703125
vt 0.7578125 0.9609375
vt 0.78515625 0.9609375
f 64/189 63/190 62/191 61/192
o baseModel8
v -17 10.46447 -25.53553
v -10 10.46447 -25.53553
v -10 9.757359 -24.82843
v -17 9.757359 -24.82843
v -17 14 -22
v -10 14 -22
v -10 13.29289 -21.29289
v -17 13.29289 -21.29289
vt 0.5703125 0.97265625
vt 0.55078125 0.97265625
vt 0.55078125 0.9765625
vt 0.5703125 0.9765625
f 71/193 67/194 66/195 70/196
vt 0.5234375 0.97265625
vt 0.50390625 0.97265625
vt 0.50390625 0.9765625
vt 0.5234375 0.9765625
f 68/197 72/198 69/199 65/200
vt 0.55078125 0.9765625
vt 0.5234375 0.9765625
vt 0.5234375 0.99609375
vt 0.55078125 0.99609375
f 66/201 65/202 69/203 70/204
vt 0.578125 0.99609375
vt 0.55078125 0.99609375
vt 0.55078125 0.9765625
vt 0.578125 0.9765625
f 71/205 72/206 68/207 67/208
vt 0.55078125 0.97265625
vt 0.5234375 0.97265625
vt 0.5234375 0.9765625
vt 0.55078125 0.9765625
f 67/209 68/210 65/211 66/212
vt 0.59765625 0.97265625
vt 0.5703125 0.97265625
vt 0.5703125 0.9765625
vt 0.59765625 0.9765625
f 72/213 71/214 70/215 69/216
o baseModel9
v -17 14 -13
v -10 14 -13
v -10 13.29289 -13.70711
v -17 13.29289 -13.70711
v -17 10.46447 -9.464466
v -10 10.46447 -9.464466
v -10 9.757359 -10.17157
v -17 9.757359 -10.17157
vt 0.8203125 0.97265625
vt 0.80078125 0.97265625
vt 0.80078125 0.9765625
vt 0.8203125 0.9765625
f 79/217 75/218 74/219 78/220
vt 0.7734375 0.97265625
vt 0.75390625 0.97265625
vt 0.75390625 0.9765625
vt 0.7734375 0.9765625
f 76/221 80/222 77/223 73/224
vt 0.80078125 0.9765625
vt 0.7734375 0.9765625
vt 0.7734375 0.99609375
vt 0.80078125 0.99609375
f 74/225 73/226 77/227 78/228
vt 0.828125 0.99609375
vt 0.80078125 0.99609375
vt 0.80078125 0.9765625
vt 0.828125 0.9765625
f 79/229 80/230 76/231 75/232
vt 0.80078125 0.97265625
vt 0.7734375 0.97265625
vt 0.7734375 0.9765625
vt 0.80078125 0.9765625
f 75/233 76/234 73/235 74/236
vt 0.84765625 0.97265625
vt 0.8203125 0.97265625
vt 0.8203125 0.9765625
vt 0.84765625 0.9765625
f 80/237 79/238 78/239 77/240
o baseModel10
v 10 10.46447 -25.53553
v 17 10.46447 -25.53553
v 17 9.757359 -24.82843
v 10 9.757359 -24.82843
v 10 14 -22
v 17 14 -22
v 17 13.29289 -21.29289
v 10 13.29289 -21.29289
vt 0.9453125 0.97265625
vt 0.92578125 0.97265625
vt 0.92578125 0.9765625
vt 0.9453125 0.9765625
f 87/241 83/242 82/243 86/244
vt 0.8984375 0.97265625
vt 0.87890625 0.97265625
vt 0.87890625 0.9765625
vt 0.8984375 0.9765625
f 84/245 88/246 85/247 81/248
vt 0.92578125 0.9765625
vt 0.8984375 0.9765625
vt 0.8984375 0.99609375
vt 0.92578125 0.99609375
f 82/249 81/250 85/251 86/252
vt 0.953125 0.99609375
vt 0.92578125 0.99609375
vt 0.92578125 0.9765625
vt 0.953125 0.9765625
f 87/253 88/254 84/255 83/256
vt 0.92578125 0.97265625
vt 0.8984375 0.97265625
vt 0.8984375 0.9765625
vt 0.92578125 0.9765625
f 83/257 84/258 81/259 82/260
vt 0.97265625 0.97265625
vt 0.9453125 0.97265625
vt 0.9453125 0.9765625
vt 0.97265625 0.9765625
f 88/261 87/262 86/263 85/264
o baseModel11
v 10 14 -22
v 17 14 -22
v 17 13 -22
v 10 13 -22
v 10 14 -13
v 17 14 -13
v 17 13 -13
v 10 13 -13
vt 0.8515625 0.92578125
vt 0.81640625 0.92578125
vt 0.81640625 0.9296875
vt 0.8515625 0.9296875
f 95/265 91/266 90/267 94/268
vt 0.7890625 0.92578125
vt 0.75390625 0.92578125
vt 0.75390625 0.9296875
vt 0.7890625 0.9296875
f 92/269 96/270 93/271 89/272
vt 0.81640625 0.9296875
vt 0.7890625 0.9296875
vt 0.7890625 0.96484375
vt 0.81640625 0.96484375
f 90/273 89/274 93/275 94/276
vt 0.84375 0.96484375
vt 0.81640625 0.96484375
vt 0.81640625 0.9296875
vt 0.84375 0.9296875
f 95/277 96/278 92/279 91/280
vt 0.81640625 0.92578125
vt 0.7890625 0.92578125
vt 0.7890625 0.9296875
vt 0.81640625 0.9296875
f 91/281 92/282 89/283 90/284
vt 0.87890625 0.92578125
vt 0.8515625 0.92578125
vt 0.8515625 0.9296875
vt 0.87890625 0.9296875
f 96/285 95/286 94/287 93/288
o baseModel12
v 10 14 -13
v 17 14 -13
v 17 13.29289 -13.70711
v 10 13.29289 -13.70711
v 10 10.46447 -9.464466
v 17 10.46447 -9.464466
v 17 9.757359 -10.17157
v 10 9.757359 -10.17157
vt 0.9140625 0.94140625
vt 0.89453125 0.94140625
vt 0.89453125 0.9453125
vt 0.9140625 0.9453125
f 103/289 99/290 98/291 102/292
vt 0.8671875 0.94140625
vt 0.84765625 0.94140625
vt 0.84765625 0.9453125
vt 0.8671875 0.9453125
f 100/293 104/294 101/295 97/296
vt 0.89453125 0.9453125
vt 0.8671875 0.9453125
vt 0.8671875 0.96484375
vt 0.89453125 0.96484375
f 98/297 97/298 101/299 102/300
vt 0.921875 0.96484375
vt 0.89453125 0.96484375
vt 0.89453125 0.9453125
vt 0.921875 0.9453125
f 103/301 104/302 100/303 99/304
vt 0.89453125 0.94140625
vt 0.8671875 0.94140625
vt 0.8671875 0.9453125
vt 0.89453125 0.9453125
f 99/305 100/306 97/307 98/308
vt 0.94140625 0.94140625
vt 0.9140625 0.94140625
vt 0.9140625 0.9453125
vt 0.94140625 0.9453125
f 104/309 103/310 102/311 101/312
o baseModel13
v -17.5 8.5 -20.5
v -16.5 8.5 -20.5
v -16.5 2.5 -20.5
v -17.5 2.5 -20.5
v -17.5 8.5 -14.5
v -16.5 8.5 -14.5
v -16.5 2.5 -14.5
v -17.5 2.5 -14.5
vt 0.0546875 0.91796875
vt 0.03125 0.91796875
vt 0.03125 0.94140625
vt 0.0546875 0.94140625
f 111/313 107/314 106/315 110/316
vt 0.02734375 0.91796875
vt 0.00390625 0.91796875
vt 0.00390625 0.94140625
vt 0.02734375 0.94140625
f 108/317 112/318 109/319 105/320
vt 0.03125 0.94140625
vt 0.02734375 0.94140625
vt 0.02734375 0.96484375
vt 0.03125 0.96484375
f 106/321 105/322 109/323 110/324
vt 0.03515625 0.96484375
vt 0.03125 0.96484375
vt 0.03125 0.94140625
vt 0.03515625 0.94140625
f 111/325 112/326 108/327 107/328
vt 0.03125 0.91796875
vt 0.02734375 0.91796875
vt 0.02734375 0.94140625
vt 0.03125 0.94140625
f 107/329 108/330 105/331 106/332
vt 0.05859375 0.91796875
vt 0.0546875 0.91796875
vt 0.0546875 0.94140625
vt 0.05859375 0.94140625
f 112/333 111/334 110/335 109/336
o baseModel14
v 16.5 8.5 -20.5
v 17.5 8.5 -20.5
v 17.5 2.5 -20.5
v 16.5 2.5 -20.5
v 16.5 8.5 -14.5
v 17.5 8.5 -14.5
v 17.5 2.5 -14.5
v 16.5 2.5 -14.5
vt 0.1171875 0.88671875
vt 0.09375 0.88671875
vt 0.09375 0.91015625
vt 0.1171875 0.91015625
f 119/337 115/338 114/339 118/340
vt 0.08984375 0.88671875
vt 0.06640625 0.88671875
vt 0.06640625 0.91015625
vt 0.08984375 0.91015625
f 116/341 120/342 117/343 113/344
vt 0.09375 0.91015625
vt 0.08984375 0.91015625
vt 0.08984375 0.93359375
vt 0.09375 0.93359375
f 114/345 113/346 117/347 118/348
vt 0.09765625 0.93359375
vt 0.09375 0.93359375
vt 0.09375 0.91015625
vt 0.09765625 0.91015625
f 119/349 120/350 116/351 115/352
vt 0.09375 0.88671875
vt 0.08984375 0.88671875
vt 0.08984375 0.91015625
vt 0.09375 0.91015625
f 115/353 116/354 113/355 114/356
vt 0.12109375 0.88671875
vt 0.1171875 0.88671875
vt 0.1171875 0.91015625
vt 0.12109375 0.91015625
f 120/357 119/358 118/359 117/360
o baseModel15
v -10 7 -22
v 10 7 -22
v 10 5 -22
v -10 5 -22
v -10 7 22
v 10 7 22
v 10 5 22
v -10 5 22
vt 0.42578125 0.75390625
vt 0.25390625 0.75390625
vt 0.25390625 0.76171875
vt 0.42578125 0.76171875
f 127/361 123/362 122/363 126/364
vt 0.17578125 0.75390625
vt 0.00390625 0.75390625
vt 0.00390625 0.76171875
vt 0.17578125 0.76171875
f 124/365 128/366 125/367 121/368
vt 0.25390625 0.76171875
vt 0.17578125 0.76171875
vt 0.17578125 0.93359375
vt 0.25390625 0.93359375
f 122/369 121/370 125/371 126/372
vt 0.33203125 0.93359375
vt 0.25390625 0.93359375
vt 0.25390625 0.76171875
vt 0.33203125 0.76171875
f 127/373 128/374 124/375 123/376
vt 0.25390625 0.75390625
vt 0.17578125 0.75390625
vt 0.17578125 0.76171875
vt 0.25390625 0.76171875
f 123/377 124/378 121/379 122/380
vt 0.50390625 0.75390625
vt 0.42578125 0.75390625
vt 0.42578125 0.76171875
vt 0.50390625 0.76171875
f 128/381 127/382 126/383 125/384
o baseModel16
v -16.5 6.5 -18.5
v 16.5 6.5 -18.5
v 16.5 4.5 -18.5
v -16.5 4.5 -18.5
v -16.5 6.5 -16.5
v 16.5 6.5 -16.5
v 16.5 4.5 -16.5
v -16.5 4.5 -16.5
vt 0.4921875 0.88671875
vt 0.484375 0.88671875
vt 0.484375 0.89453125
vt 0.4921875 0.89453125
f 135/385 131/386 130/387 134/388
vt 0.35546875 0.88671875
vt 0.34765625 0.88671875
vt 0.34765625 0.89453125
vt 0.35546875 0.89453125
f 132/389 136/390 133/391 129/392
vt 0.484375 0.89453125
vt 0.35546875 0.89453125
vt 0.35546875 0.90234375
vt 0.484375 0.90234375
f 130/393 129/394 133/395 134/396
vt 0.61328125 0.90234375
vt 0.484375 0.90234375
vt 0.484375 0.89453125
vt 0.61328125 0.89453125
f 135/397 136/398 132/399 131/400
vt 0.484375 0.88671875
vt 0.35546875 0.88671875
vt 0.35546875 0.89453125
vt 0.484375 0.89453125
f 131/401 132/402 129/403 130/404
vt 0.62109375 0.88671875
vt 0.4921875 0.88671875
vt 0.4921875 0.89453125
vt 0.62109375 0.89453125
f 136/405 135/406 134/407 133/408
o baseModel17
v -10 14 -22
v -9 14 -22
v -9 7 -22
v -10 7 -22
v -10 14 -13
v -9 14 -13
v -9 7 -13
v -10 7 -13
vt 0.984375 0.90234375
vt 0.94921875 0.90234375
vt 0.94921875 0.9296875
vt 0.984375 0.9296875
f 143/409 139/410 138/411 142/412
vt 0.9453125 0.90234375
vt 0.91015625 0.90234375
vt 0.91015625 0.9296875
vt 0.9453125 0.9296875
f 140/413 144/414 141/415 137/416
vt 0.94921875 0.9296875
vt 0.9453125 0.9296875
vt 0.9453125 0.96484375
vt 0.94921875 0.96484375
f 138/417 137/418 141/419 142/420
vt 0.953125 0.96484375
vt 0.94921875 0.96484375
vt 0.94921875 0.9296875
vt 0.953125 0.9296875
f 143/421 144/422 140/423 139/424
vt 0.94921875 0.90234375
vt 0.9453125 0.90234375
vt 0.9453125 0.9296875
vt 0.94921875 0.9296875
f 139/425 140/426 137/427 138/428
vt 0.98828125 0.90234375
vt 0.984375 0.90234375
vt 0.984375 0.9296875
vt 0.98828125 0.9296875
f 144/429 143/430 142/431 141/432
o baseModel18
v -10 10.46447 -25.53553
v -9 10.46447 -25.53553
v -9 6.928932 -22
v -10 6.928932 -22
v -10 14 -22
v -9 14 -22
v -9 10.46447 -18.46447
v -10 10.46447 -18.46447
vt 0.765625 0.89453125
vt 0.74609375 0.89453125
vt 0.74609375 0.9140625
vt 0.765625 0.9140625
f 151/433 147/434 146/435 150/436
vt 0.7421875 0.89453125
vt 0.72265625 0.89453125
vt 0.72265625 0.9140625
vt 0.7421875 0.9140625
f 148/437 152/438 149/439 145/440
vt 0.74609375 0.9140625
vt 0.7421875 0.9140625
vt 0.7421875 0.93359375
vt 0.74609375 0.93359375
f 146/441 145/442 149/443 150/444
vt 0.75 0.93359375
vt 0.74609375 0.93359375
vt 0.74609375 0.9140625
vt 0.75 0.9140625
f 151/445 152/446 148/447 147/448
vt 0.74609375 0.89453125
vt 0.7421875 0.89453125
vt 0.7421875 0.9140625
vt 0.74609375 0.9140625
f 147/449 148/450 145/451 146/452
vt 0.76953125 0.89453125
vt 0.765625 0.89453125
vt 0.765625 0.9140625
vt 0.76953125 0.9140625
f 152/453 151/454 150/455 149/456
o baseModel19
v -10 14 -13
v -9 14 -13
v -9 10.46447 -16.53553
v -10 10.46447 -16.53553
v -10 10.46447 -9.464466
v -9 10.46447 -9.464466
v -9 6.928932 -13
v -10 6.928932 -13
vt 0.046875 0.86328125
vt 0.02734375 0.86328125
vt 0.02734375 0.8828125
vt 0.046875 0.8828125
f 159/457 155/458 154/459 158/460
vt 0.0234375 0.86328125
vt 0.00390625 0.86328125
vt 0.00390625 0.8828125
vt 0.0234375 0.8828125
f 156/461 160/462 157/463 153/464
vt 0.02734375 0.8828125
vt 0.0234375 0.8828125
vt 0.0234375 0.90234375
vt 0.02734375 0.90234375
f 154/465 153/466 157/467 158/468
vt 0.03125 0.90234375
vt 0.02734375 0.90234375
vt 0.02734375 0.8828125
vt 0.03125 0.8828125
f 159/469 160/470 156/471 155/472
vt 0.02734375 0.86328125
vt 0.0234375 0.86328125
vt 0.0234375 0.8828125
vt 0.02734375 0.8828125
f 155/473 156/474 153/475 154/476
vt 0.05078125 0.86328125
vt 0.046875 0.86328125
vt 0.046875 0.8828125
vt 0.05078125 0.8828125
f 160/477 159/478 158/479 157/480
o baseModel20
v 9 14 -22
v 10 14 -22
v 10 7 -22
v 9 7 -22
v 9 14 -13
v 10 14 -13
v 10 7 -13
v 9 7 -13
vt 0.921875 0.87109375
vt 0.88671875 0.87109375
vt 0.88671875 0.8984375
vt 0.921875 0.8984375
f 167/481 163/482 162/483 166/484
vt 0.8828125 0.87109375
vt 0.84765625 0.87109375
vt 0.84765625 0.8984375
vt 0.8828125 0.8984375
f 164/485 168/486 165/487 161/488
vt 0.88671875 0.8984375
vt 0.8828125 0.8984375
vt 0.8828125 0.93359375
vt 0.88671875 0.93359375
f 162/489 161/490 165/491 166/492
vt 0.890625 0.93359375
vt 0.88671875 0.93359375
vt 0.88671875 0.8984375
vt 0.890625 0.8984375
f 167/493 168/494 164/495 163/496
vt 0.88671875 0.87109375
vt 0.8828125 0.87109375
vt 0.8828125 0.8984375
vt 0.88671875 0.8984375
f 163/497 164/498 161/499 162/500
vt 0.92578125 0.87109375
vt 0.921875 0.87109375
vt 0.921875 0.8984375
vt 0.92578125 0.8984375
f 168/501 167/502 166/503 165/504
o baseModel21
v 9 10.46447 -25.53553
v 10 10.46447 -25.53553
v 10 6.928932 -22
v 9 6.928932 -22
v 9 14 -22
v 10 14 -22
v 10 10.46447 -18.46447
v 9 10.46447 -18.46447
vt 0.671875 0.86328125
vt 0.65234375 0.86328125
vt 0.65234375 0.8828125
vt 0.671875 0.8828125
f 175/505 171/506 170/507 174/508
vt 0.6484375 0.86328125
vt 0.62890625 0.86328125
vt 0.62890625 0.8828125
vt 0.6484375 0.8828125
f 172/509 176/510 173/511 169/512
vt 0.65234375 0.8828125
vt 0.6484375 0.8828125
vt 0.6484375 0.90234375
vt 0.65234375 0.90234375
f 170/513 169/514 173/515 174/516
vt 0.65625 0.90234375
vt 0.65234375 0.90234375
vt 0.65234375 0.8828125
vt 0.65625 0.8828125
f 175/517 176/518 172/519 171/520
vt 0.65234375 0.86328125
vt 0.6484375 0.86328125
vt 0.6484375 0.8828125
vt 0.65234375 0.8828125
f 171/521 172/522 169/523 170/524
vt 0.67578125 0.86328125
vt 0.671875 0.86328125
vt 0.671875 0.8828125
vt 0.67578125 0.8828125
f 176/525 175/526 174/527 173/528
o baseModel22
v 9 14 -13
v 10 14 -13
v 10 10.46447 -16.53553
v 9 10.46447 -16.53553
v 9 10.46447 -9.464466
v 10 10.46447 -9.464466
v 10 6.928932 -13
v 9 6.928932 -13
vt 0.734375 0.86328125
vt 0.71484375 0.86328125
vt 0.71484375 0.8828125
vt 0.734375 0.8828125
f 183/529 179/530 178/531 182/532
vt 0.7109375 0.86328125
vt 0.69140625 0.86328125
vt 0.69140625 0.8828125
vt 0.7109375 0.8828125
f 180/533 184/534 181/535 177/536
vt 0.71484375 0.8828125
vt 0.7109375 0.8828125
vt 0.7109375 0.90234375
vt 0.71484375 0.90234375
f 178/537 177/538 181/539 182/540
vt 0.71875 0.90234375
vt 0.71484375 0.90234375
vt 0.71484375 0.8828125
vt 0.71875 0.8828125
f 183/541 184/542 180/543 179/544
vt 0.71484375 0.86328125
vt 0.7109375 0.86328125
vt 0.7109375 0.8828125
vt 0.71484375 0.8828125
f 179/545 180/546 177/547 178/548
vt 0.73828125 0.86328125
vt 0.734375 0.86328125
vt 0.734375 0.8828125
vt 0.73828125 0.8828125
f 184/549 183/550 182/551 181/552
o baseModel23
v -17 11 12
v -12 11 12
v -12 -0 12
v -17 -0 12
v -17 11 23
v -12 11 23
v -12 -0 23
v -17 -0 23
vt 0.859375 0.81640625
vt 0.81640625 0.81640625
vt 0.81640625 0.859375
vt 0.859375 0.859375
f 191/553 187/554 186/555 190/556
vt 0.796875 0.81640625
vt 0.75390625 0.81640625
vt 0.75390625 0.859375
vt 0.796875 0.859375
f 188/557 192/558 189/559 185/560
vt 0.81640625 0.859375
vt 0.796875 0.859375
vt 0.796875 0.90234375
vt 0.81640625 0.90234375
f 186/561 185/562 189/563 190/564
vt 0.8359375 0.90234375
vt 0.81640625 0.90234375
vt 0.81640625 0.859375
vt 0.8359375 0.859375
f 191/565 192/566 188/567 187/568
vt 0.81640625 0.81640625
vt 0.796875 0.81640625
vt 0.796875 0.859375
vt 0.81640625 0.859375
f 187/569 188/570 185/571 186/572
vt 0.87890625 0.81640625
vt 0.859375 0.81640625
vt 0.859375 0.859375
vt 0.87890625 0.859375
f 192/573 191/574 190/575 189/576
o baseModel24
v 12 11 12
v 17 11 12
v 17 -0 12
v 12 -0 12
v 12 11 23
v 17 11 23
v 17 -0 23
v 12 -0 23
vt 0.140625 0.78515625
vt 0.09765625 0.78515625
vt 0.09765625 0.828125
vt 0.140625 0.828125
f 199/577 195/578 194/579 198/580
vt 0.078125 0.78515625
vt 0.03515625 0.78515625
vt 0.03515625 0.828125
vt 0.078125 0.828125
f 196/581 200/582 197/583 193/584
vt 0.09765625 0.828125
vt 0.078125 0.828125
vt 0.078125 0.87109375
vt 0.09765625 0.87109375
f 194/585 193/586 197/587 198/588
vt 0.1171875 0.87109375
vt 0.09765625 0.87109375
vt 0.09765625 0.828125
vt 0.1171875 0.828125
f 199/589 200/590 196/591 195/592
vt 0.09765625 0.78515625
vt 0.078125 0.78515625
vt 0.078125 0.828125
vt 0.09765625 0.828125
f 195/593 196/594 193/595 194/596
vt 0.16015625 0.78515625
vt 0.140625 0.78515625
vt 0.140625 0.828125
vt 0.16015625 0.828125
f 200/597 199/598 198/599 197/600
o baseModel25
v -17 14 13
v -10 14 13
v -10 13 13
v -17 13 13
v -17 14 22
v -10 14 22
v -10 13 22
v -17 13 22
vt 0.4453125 0.83203125
vt 0.41015625 0.83203125
vt 0.41015625 0.8359375
vt 0.4453125 0.8359375
f 207/601 203/602 202/603 206/604
vt 0.3828125 0.83203125
vt 0.34765625 0.83203125
vt 0.34765625 0.8359375
vt 0.3828125 0.8359375
f 204/605 208/606 205/607 201/608
vt 0.41015625 0.8359375
vt 0.3828125 0.8359375
vt 0.3828125 0.87109375
vt 0.41015625 0.87109375
f 202/609 201/610 205/611 206/612
vt 0.4375 0.87109375
vt 0.41015625 0.87109375
vt 0.41015625 0.8359375
vt 0.4375 0.8359375
f 207/613 208/614 204/615 203/616
vt 0.41015625 0.83203125
vt 0.3828125 0.83203125
vt 0.3828125 0.8359375
vt 0.41015625 0.8359375
f 203/617 204/618 201/619 202/620
vt 0.47265625 0.83203125
vt 0.4453125 0.83203125
vt 0.4453125 0.8359375
vt 0.47265625 0.8359375
f 208/621 207/622 206/623 205/624
o baseModel26
v -17 10.46447 9.464466
v -10 10.46447 9.464466
v -10 9.757359 10.17157
v -17 9.757359 10.17157
v -17 14 13
v -10 14 13
v -10 13.29289 13.70711
v -17 13.29289 13.70711
vt 0.5078125 0.84765625
vt 0.48828125 0.84765625
vt 0.48828125 0.8515625
vt 0.5078125 0.8515625
f 215/625 211/626 210/627 214/628
vt 0.4609375 0.84765625
vt 0.44140625 0.84765625
vt 0.44140625 0.8515625
vt 0.4609375 0.8515625
f 212/629 216/630 213/631 209/632
vt 0.48828125 0.8515625
vt 0.4609375 0.8515625
vt 0.4609375 0.87109375
vt 0.48828125 0.87109375
f 210/633 209/634 213/635 214/636
vt 0.515625 0.87109375
vt 0.48828125 0.87109375
vt 0.48828125 0.8515625
vt 0.515625 0.8515625
f 215/637 216/638 212/639 211/640
vt 0.48828125 0.84765625
vt 0.4609375 0.84765625
vt 0.4609375 0.8515625
vt 0.48828125 0.8515625
f 211/641 212/642 209/643 210/644
vt 0.53515625 0.84765625
vt 0.5078125 0.84765625
vt 0.5078125 0.8515625
vt 0.53515625 0.8515625
f 216/645 215/646 214/647 213/648
o baseModel27
v -17 14 22
v -10 14 22
v -10 13.29289 21.29289
v -17 13.29289 21.29289
v -17 10.46447 25.53553
v -10 10.46447 25.53553
v -10 9.757359 24.82843
v -17 9.757359 24.82843
vt 0.5390625 0.81640625
vt 0.51953125 0.81640625
vt 0.51953125 0.8203125
vt 0.5390625 0.8203125
f 223/649 219/650 218/651 222/652
vt 0.4921875 0.81640625
vt 0.47265625 0.81640625
vt 0.47265625 0.8203125
vt 0.4921875 0.8203125
f 220/653 224/654 221/655 217/656
vt 0.51953125 0.8203125
vt 0.4921875 0.8203125
vt 0.4921875 0.83984375
vt 0.51953125 0.83984375
f 218/657 217/658 221/659 222/660
vt 0.546875 0.83984375
vt 0.51953125 0.83984375
vt 0.51953125 0.8203125
vt 0.546875 0.8203125
f 223/661 224/662 220/663 219/664
vt 0.51953125 0.81640625
vt 0.4921875 0.81640625
vt 0.4921875 0.8203125
vt 0.51953125 0.8203125
f 219/665 220/666 217/667 218/668
vt 0.56640625 0.81640625
vt 0.5390625 0.81640625
vt 0.5390625 0.8203125
vt 0.56640625 0.8203125
f 224/669 223/670 222/671 221/672
o baseModel28
v 10 10.46447 9.464466
v 17 10.46447 9.464466
v 17 9.757359 10.17157
v 10 9.757359 10.17157
v 10 14 13
v 17 14 13
v 17 13.29289 13.70711
v 10 13.29289 13.70711
vt 0.6640625 0.81640625
vt 0.64453125 0.81640625
vt 0.64453125 0.8203125
vt 0.6640625 0.8203125
f 231/673 227/674 226/675 230/676
vt 0.6171875 0.81640625
vt 0.59765625 0.81640625
vt 0.59765625 0.8203125
vt 0.6171875 0.8203125
f 228/677 232/678 229/679 225/680
vt 0.64453125 0.8203125
vt 0.6171875 0.8203125
vt 0.6171875 0.83984375
vt 0.64453125 0.83984375
f 226/681 225/682 229/683 230/684
vt 0.671875 0.83984375
vt 0.64453125 0.83984375
vt 0.64453125 0.8203125
vt 0.671875 0.8203125
f 231/685 232/686 228/687 227/688
vt 0.64453125 0.81640625
vt 0.6171875 0.81640625
vt 0.6171875 0.8203125
vt 0.64453125 0.8203125
f 227/689 228/690 225/691 226/692
vt 0.69140625 0.81640625
vt 0.6640625 0.81640625
vt 0.6640625 0.8203125
vt 0.69140625 0.8203125
f 232/693 231/694 230/695 229/696
o baseModel29
v 10 14 13
v 17 14 13
v 17 13 13
v 10 13 13
v 10 14 22
v 17 14 22
v 17 13 22
v 10 13 22
vt 0.7578125 0.80078125
vt 0.72265625 0.80078125
vt 0.72265625 0.8046875
vt 0.7578125 0.8046875
f 239/697 235/698 234/699 238/700
vt 0.6953125 0.80078125
vt 0.66015625 0.80078125
vt 0.66015625 0.8046875
vt 0.6953125 0.8046875
f 236/701 240/702 237/703 233/704
vt 0.72265625 0.8046875
vt 0.6953125 0.8046875
vt 0.6953125 0.83984375
vt 0.72265625 0.83984375
f 234/705 233/706 237/707 238/708
vt 0.75 0.83984375
vt 0.72265625 0.83984375
vt 0.72265625 0.8046875
vt 0.75 0.8046875
f 239/709 240/710 236/711 235/712
vt 0.72265625 0.80078125
vt 0.6953125 0.80078125
vt 0.6953125 0.8046875
vt 0.72265625 0.8046875
f 235/713 236/714 233/715 234/716
vt 0.78515625 0.80078125
vt 0.7578125 0.80078125
vt 0.7578125 0.8046875
vt 0.78515625 0.8046875
f 240/717 239/718 238/719 237/720
o baseModel30
v 10 14 22
v 17 14 22
v 17 13.29289 21.29289
v 10 13.29289 21.29289
v 10 10.46447 25.53553
v 17 10.46447 25.53553
v 17 9.757359 24.82843
v 10 9.757359 24.82843
vt 0.4140625 0.78515625
vt 0.39453125 0.78515625
vt 0.39453125 0.7890625
vt 0.4140625 0.7890625
f 247/721 243/722 242/723 246/724
vt 0.3671875 0.78515625
vt 0.34765625 0.78515625
vt 0.34765625 0.7890625
vt 0.3671875 0.7890625
f 244/725 248/726 245/727 241/728
vt 0.39453125 0.7890625
vt 0.3671875 0.7890625
vt 0.3671875 0.80859375
vt 0.39453125 0.80859375
f 242/729 241/730 245/731 246/732
vt 0.421875 0.80859375
vt 0.39453125 0.80859375
vt 0.39453125 0.7890625
vt 0.421875 0.7890625
f 247/733 248/734 244/735 243/736
vt 0.39453125 0.78515625
vt 0.3671875 0.78515625
vt 0.3671875 0.7890625
vt 0.39453125 0.7890625
f 243/737 244/738 241/739 242/740
vt 0.44140625 0.78515625
vt 0.4140625 0.78515625
vt 0.4140625 0.7890625
vt 0.44140625 0.7890625
f 248/741 247/742 246/743 245/744
o baseModel31
v -17.5 8.5 14.5
v -16.5 8.5 14.5
v -16.5 2.5 14.5
v -17.5 2.5 14.5
v -17.5 8.5 20.5
v -16.5 8.5 20.5
v -16.5 2.5 20.5
v -17.5 2.5 20.5
vt 0.9609375 0.82421875
vt 0.9375 0.82421875
vt 0.9375 0.84765625
vt 0.9609375 0.84765625
f 255/745 251/746 250/747 254/748
vt 0.93359375 0.82421875
vt 0.91015625 0.82421875
vt 0.91015625 0.84765625
vt 0.93359375 0.84765625
f 252/749 256/750 253/751 249/752
vt 0.9375 0.84765625
vt 0.93359375 0.84765625
vt 0.93359375 0.87109375
vt 0.9375 0.87109375
f 250/753 249/754 253/755 254/756
vt 0.94140625 0.87109375
vt 0.9375 0.87109375
vt 0.9375 0.84765625
vt 0.94140625 0.84765625
f 255/757 256/758 252/759 251/760
vt 0.9375 0.82421875
vt 0.93359375 0.82421875
vt 0.93359375 0.84765625
vt 0.9375 0.84765625
f 251/761 252/762 249/763 250/764
vt 0.96484375 0.82421875
vt 0.9609375 0.82421875
vt 0.9609375 0.84765625
vt 0.96484375 0.84765625
f 256/765 255/766 254/767 253/768
o baseModel32
v 16.5 8.5 14.5
v 17.5 8.5 14.5
v 17.5 2.5 14.5
v 16.5 2.5 14.5
v 16.5 8.5 20.5
v 17.5 8.5 20.5
v 17.5 2.5 20.5
v 16.5 2.5 20.5
vt 0.5859375 0.76171875
vt 0.5625 0.76171875
vt 0.5625 0.78515625
vt 0.5859375 0.78515625
f 263/769 259/770 258/771 262/772
vt 0.55859375 0.76171875
vt 0.53515625 0.76171875
vt 0.53515625 0.78515625
vt 0.55859375 0.78515625
f 260/773 264/774 261/775 257/776
vt 0.5625 0.78515625
vt 0.55859375 0.78515625
vt 0.55859375 0.80859375
vt 0.5625 0.80859375
f 258/777 257/778 261/779 262/780
vt 0.56640625 0.80859375
vt 0.5625 0.80859375
vt 0.5625 0.78515625
vt 0.56640625 0.78515625
f 263/781 264/782 260/783 259/784
vt 0.5625 0.76171875
vt 0.55859375 0.76171875
vt 0.55859375 0.78515625
vt 0.5625 0.78515625
f 259/785 260/786 257/787 258/788
vt 0.58984375 0.76171875
vt 0.5859375 0.76171875
vt 0.5859375 0.78515625
vt 0.58984375 0.78515625
f 264/789 263/790 262/791 261/792
o baseModel33
v -16.5 6.5 16.5
v 16.5 6.5 16.5
v 16.5 4.5 16.5
v -16.5 4.5 16.5
v -16.5 6.5 18.5
v 16.5 6.5 18.5
v 16.5 4.5 18.5
v -16.5 4.5 18.5
vt 0.7421875 0.76171875
vt 0.734375 0.76171875
vt 0.734375 0.76953125
vt 0.7421875 0.76953125
f 271/793 267/794 266/795 270/796
vt 0.60546875 0.76171875
vt 0.59765625 0.76171875
vt 0.59765625 0.76953125
vt 0.60546875 0.76953125
f 268/797 272/798 269/799 265/800
vt 0.734375 0.76953125
vt 0.60546875 0.76953125
vt 0.60546875 0.77734375
vt 0.734375 0.77734375
f 266/801 265/802 269/803 270/804
vt 0.86328125 0.77734375
vt 0.734375 0.77734375
vt 0.734375 0.76953125
vt 0.86328125 0.76953125
f 271/805 272/806 268/807 267/808
vt 0.734375 0.76171875
vt 0.60546875 0.76171875
vt 0.60546875 0.76953125
vt 0.734375 0.76953125
f 267/809 268/810 265/811 266/812
vt 0.87109375 0.76171875
vt 0.7421875 0.76171875
vt 0.7421875 0.76953125
vt 0.87109375 0.76953125
f 272/813 271/814 270/815 269/816
o baseModel34
v -10 14 13
v -9 14 13
v -9 7 13
v -10 7 13
v -10 14 22
v -9 14 22
v -9 7 22
v -10 7 22
vt 0.984375 0.74609375
vt 0.94921875 0.74609375
vt 0.94921875 0.7734375
vt 0.984375 0.7734375
f 279/817 275/818 274/819 278/820
vt 0.9453125 0.74609375
vt 0.91015625 0.74609375
vt 0.91015625 0.7734375
vt 0.9453125 0.7734375
f 276/821 280/822 277/823 273/824
vt 0.94921875 0.7734375
vt 0.9453125 0.7734375
vt 0.9453125 0.80859375
vt 0.94921875 0.80859375
f 274/825 273/826 277/827 278/828
vt 0.953125 0.80859375
vt 0.94921875 0.80859375
vt 0.94921875 0.7734375
vt 0.953125 0.7734375
f 279/829 280/830 276/831 275/832
vt 0.94921875 0.74609375
vt 0.9453125 0.74609375
vt 0.9453125 0.7734375
vt 0.94921875 0.7734375
f 275/833 276/834 273/835 274/836
vt 0.98828125 0.74609375
vt 0.984375 0.74609375
vt 0.984375 0.7734375
vt 0.98828125 0.7734375
f 280/837 279/838 278/839 277/840
o baseModel35
v -10 10.46447 9.464466
v -9 10.46447 9.464466
v -9 6.928932 13
v -10 6.928932 13
v -10 14 13
v -9 14 13
v -9 10.46447 16.53553
v -10 10.46447 16.53553
vt 0.609375 0.83203125
vt 0.58984375 0.83203125
vt 0.58984375 0.8515625
vt 0.609375 0.8515625
f 287/841 283/842 282/843 286/844
vt 0.5859375 0.83203125
vt 0.56640625 0.83203125
vt 0.56640625 0.8515625
vt 0.5859375 0.8515625
f 284/845 288/846 285/847 281/848
vt 0.58984375 0.8515625
vt 0.5859375 0.8515625
vt 0.5859375 0.87109375
vt 0.58984375 0.87109375
f 282/849 281/850 285/851 286/852
vt 0.59375 0.87109375
vt 0.58984375 0.87109375
vt 0.58984375 0.8515625
vt 0.59375 0.8515625
f 287/853 288/854 284/855 283/856
vt 0.58984375 0.83203125
vt 0.5859375 0.83203125
vt 0.5859375 0.8515625
vt 0.58984375 0.8515625
f 283/857 284/858 281/859 282/860
vt 0.61328125 0.83203125
vt 0.609375 0.83203125
vt 0.609375 0.8515625
vt 0.61328125 0.8515625
f 288/861 287/862 286/863 285/864
o baseModel36
v -10 14 22
v -9 14 22
v -9 10.46447 18.46447
v -10 10.46447 18.46447
v -10 10.46447 25.53553
v -9 10.46447 25.53553
v -9 6.928932 22
v -10 6.928932 22
vt 0.515625 0.76953125
vt 0.49609375 0.76953125
vt 0.49609375 0.7890625
vt 0.515625 0.7890625
f 295/865 291/866 290/867 294/868
vt 0.4921875 0.76953125
vt 0.47265625 0.76953125
vt 0.47265625 0.7890625
vt 0.4921875 0.7890625
f 292/869 296/870 293/871 289/872
vt 0.49609375 0.7890625
vt 0.4921875 0.7890625
vt 0.4921875 0.80859375
vt 0.49609375 0.80859375
f 290/873 289/874 293/875 294/876
vt 0.5 0.80859375
vt 0.49609375 0.80859375
vt 0.49609375 0.7890625
vt 0.5 0.7890625
f 295/877 296/878 292/879 291/880
vt 0.49609375 0.76953125
vt 0.4921875 0.76953125
vt 0.4921875 0.7890625
vt 0.49609375 0.7890625
f 291/881 292/882 289/883 290/884
vt 0.51953125 0.76953125
vt 0.515625 0.76953125
vt 0.515625 0.7890625
vt 0.51953125 0.7890625
f 296/885 295/886 294/887 293/888
o baseModel37
v 9 14 13
v 10 14 13
v 10 7 13
v 9 7 13
v 9 14 22
v 10 14 22
v 10 7 22
v 9 7 22
vt 0.078125 0.68359375
vt 0.04296875 0.68359375
vt 0.04296875 0.7109375
vt 0.078125 0.7109375
f 303/889 299/890 298/891 302/892
vt 0.0390625 0.68359375
vt 0.00390625 0.68359375
vt 0.00390625 0.7109375
vt 0.0390625 0.7109375
f 300/893 304/894 301/895 297/896
vt 0.04296875 0.7109375
vt 0.0390625 0.7109375
vt 0.0390625 0.74609375
vt 0.04296875 0.74609375
f 298/897 297/898 301/899 302/900
vt 0.046875 0.74609375
vt 0.04296875 0.74609375
vt 0.04296875 0.7109375
vt 0.046875 0.7109375
f 303/901 304/902 300/903 299/904
vt 0.04296875 0.68359375
vt 0.0390625 0.68359375
vt 0.0390625 0.7109375
vt 0.04296875 0.7109375
f 299/905 300/906 297/907 298/908
vt 0.08203125 0.68359375
vt 0.078125 0.68359375
vt 0.078125 0.7109375
vt 0.08203125 0.7109375
f 304/909 303/910 302/911 301/912
o baseModel38
v 9 10.46447 9.464466
v 10 10.46447 9.464466
v 10 6.928932 13
v 9 6.928932 13
v 9 14 13
v 10 14 13
v 10 10.46447 16.53553
v 9 10.46447 16.53553
vt 0.140625 0.70703125
vt 0.12109375 0.70703125
vt 0.12109375 0.7265625
vt 0.140625 0.7265625
f 311/913 307/914 306/915 310/916
vt 0.1171875 0.70703125
vt 0.09765625 0.70703125
vt 0.09765625 0.7265625
vt 0.1171875 0.7265625
f 308/917 312/918 309/919 305/920
vt 0.12109375 0.7265625
vt 0.1171875 0.7265625
vt 0.1171875 0.74609375
vt 0.12109375 0.74609375
f 306/921 305/922 309/923 310/924
vt 0.125 0.74609375
vt 0.12109375 0.74609375
vt 0.12109375 0.7265625
vt 0.125 0.7265625
f 311/925 312/926 308/927 307/928
vt 0.12109375 0.70703125
vt 0.1171875 0.70703125
vt 0.1171875 0.7265625
vt 0.12109375 0.7265625
f 307/929 308/930 305/931 306/932
vt 0.14453125 0.70703125
vt 0.140625 0.70703125
vt 0.140625 0.7265625
vt 0.14453125 0.7265625
f 312/933 311/934 310/935 309/936
o baseModel39
v -5.017431 17.51729 3.270496
v 2.709975 17.51729 5.341048
v 5.021984 16.42047 -3.287485
v -2.705423 16.42047 -5.358038
v -5.048974 16.52475 3.388213
v 2.678433 16.52475 5.458765
v 4.990442 15.42792 -3.169768
v -2.736965 15.42792 -5.240321
vt 0.19921875 0.70703125
vt 0.1953125 0.70703125
vt 0.1953125 0.7421875
vt 0.19921875 0.7421875
f 319/937 315/938 314/939 318/940
vt 0.1640625 0.70703125
vt 0.16015625 0.70703125
vt 0.16015625 0.7421875
vt 0.1640625 0.7421875
f 316/941 320/942 317/943 313/944
vt 0.1953125 0.7421875
vt 0.1640625 0.7421875
vt 0.1640625 0.74609375
vt 0.1953125 0.74609375
f 314/945 313/946 317/947 318/948
vt 0.2265625 0.74609375
vt 0.1953125 0.74609375
vt 0.1953125 0.7421875
vt 0.2265625 0.7421875
f 319/949 320/950 316/951 315/952
vt 0.1953125 0.70703125
vt 0.1640625 0.70703125
vt 0.1640625 0.7421875
vt 0.1953125 0.7421875
f 315/953 316/954 313/955 314/956
vt 0.23046875 0.70703125
vt 0.19921875 0.70703125
vt 0.19921875 0.7421875
vt 0.23046875 0.7421875
f 320/957 319/958 318/959 317/960
o baseModel40
v -6.289404 17.38785 6.08571
v -5.323478 17.38785 6.344529
v -4.552808 17.02224 3.468351
v -5.518734 17.02224 3.209532
v -6.320946 16.3953 6.203427
v -5.35502 16.3953 6.462246
v -4.584351 16.02969 3.586068
v -5.550276 16.02969 3.327249
vt 0.203125 0.98046875
vt 0.19921875 0.98046875
vt 0.19921875 0.9921875
vt 0.203125 0.9921875
f 327/961 323/962 322/963 326/964
vt 0.1953125 0.98046875
vt 0.19140625 0.98046875
vt 0.19140625 0.9921875
vt 0.1953125 0.9921875
f 324/965 328/966 325/967 321/968
vt 0.19921875 0.9921875
vt 0.1953125 0.9921875
vt 0.1953125 0.99609375
vt 0.19921875 0.99609375
f 322/969 321/970 325/971 326/972
vt 0.203125 0.99609375
vt 0.19921875 0.99609375
vt 0.19921875 0.9921875
vt 0.203125 0.9921875
f 327/973 328/974 324/975 323/976
vt 0.19921875 0.98046875
vt 0.1953125 0.98046875
vt 0.1953125 0.9921875
vt 0.19921875 0.9921875
f 323/977 324/978 321/979 322/980
vt 0.20703125 0.98046875
vt 0.203125 0.98046875
vt 0.203125 0.9921875
vt 0.20703125 0.9921875
f 328/981 327/982 326/983 325/984
o baseModel41
v -5.819643 16.89036 6.26439
v 1.907763 16.89036 8.334943
v 2.678433 16.52475 5.458765
v -5.048974 16.52475 3.388213
v -5.851185 15.89781 6.382107
v 1.876221 15.89781 8.45266
v 2.646891 15.5322 5.576482
v -5.080516 15.5322 3.50593
vt 0.41796875 0.98046875
vt 0.4140625 0.98046875
vt 0.4140625 0.9921875
vt 0.41796875 0.9921875
f 335/985 331/986 330/987 334/988
vt 0.3828125 0.98046875
vt 0.37890625 0.98046875
vt 0.37890625 0.9921875
vt 0.3828125 0.9921875
f 332/989 336/990 333/991 329/992
vt 0.4140625 0.9921875
vt 0.3828125 0.9921875
vt 0.3828125 0.99609375
vt 0.4140625 0.99609375
f 330/993 329/994 333/995 334/996
vt 0.4453125 0.99609375
vt 0.4140625 0.99609375
vt 0.4140625 0.9921875
vt 0.4453125 0.9921875
f 335/997 336/998 332/999 331/1000
vt 0.4140625 0.98046875
vt 0.3828125 0.98046875
vt 0.3828125 0.9921875
vt 0.4140625 0.9921875
f 331/1001 332/1002 329/1003 330/1004
vt 0.44921875 0.98046875
vt 0.41796875 0.98046875
vt 0.41796875 0.9921875
vt 0.44921875 0.9921875
f 336/1005 335/1006 334/1007 333/1008
o baseModel42
v -4.767663 25.45888 2.338347
v 2.959744 25.45888 4.408899
v 5.271752 24.36206 -4.219634
v -2.455654 24.36206 -6.290187
v -5.02 17.51851 3.280083
v 2.707406 17.51851 5.350635
v 5.019415 16.42169 -3.277898
v -2.707992 16.42169 -5.348451
vt 0.34765625 0.6796875
vt 0.31640625 0.6796875
vt 0.31640625 0.71484375
vt 0.34765625 0.71484375
f 343/1009 339/1010 338/1011 342/1012
vt 0.28515625 0.6796875
vt 0.25390625 0.6796875
vt 0.25390625 0.71484375
vt 0.28515625 0.71484375
f 340/1013 344/1014 341/1015 337/1016
vt 0.31640625 0.71484375
vt 0.28515625 0.71484375
vt 0.28515625 0.74609375
vt 0.31640625 0.74609375
f 338/1017 337/1018 341/1019 342/1020
vt 0.34765625 0.74609375
vt 0.31640625 0.74609375
vt 0.31640625 0.71484375
vt 0.34765625 0.71484375
f 343/1021 344/1022 340/1023 339/1024
vt 0.31640625 0.6796875
vt 0.28515625 0.6796875
vt 0.28515625 0.71484375
vt 0.31640625 0.71484375
f 339/1025 340/1026 337/1027 338/1028
vt 0.37890625 0.6796875
vt 0.34765625 0.6796875
vt 0.34765625 0.71484375
vt 0.37890625 0.71484375
f 344/1029 343/1030 342/1031 341/1032
o baseModel43
v 3.157569 25.82327 7.534309
v 4.123495 25.82327 7.793128
v 4.894164 25.45766 4.91695
v 3.928238 25.45766 4.658131
v 2.905231 17.8829 8.476045
v 3.871157 17.8829 8.734864
v 4.641827 17.51729 5.858686
v 3.675901 17.51729 5.599867
vt 0.4765625 0.703125
vt 0.4453125 0.703125
vt 0.4453125 0.71484375
vt 0.4765625 0.71484375
f 351/1033 347/1034 346/1035 350/1036
vt 0.44140625 0.703125
vt 0.41015625 0.703125
vt 0.41015625 0.71484375
vt 0.44140625 0.71484375
f 348/1037 352/1038 349/1039 345/1040
vt 0.4453125 0.71484375
vt 0.44140625 0.71484375
vt 0.44140625 0.74609375
vt 0.4453125 0.74609375
f 346/1041 345/1042 349/1043 350/1044
vt 0.44921875 0.74609375
vt 0.4453125 0.74609375
vt 0.4453125 0.71484375
vt 0.44921875 0.71484375
f 351/1045 352/1046 348/1047 347/1048
vt 0.4453125 0.703125
vt 0.44140625 0.703125
vt 0.44140625 0.71484375
vt 0.4453125 0.71484375
f 347/1049 348/1050 345/1051 346/1052
vt 0.48046875 0.703125
vt 0.4765625 0.703125
vt 0.4765625 0.71484375
vt 0.48046875 0.71484375
f 352/1053 351/1054 350/1055 349/1056
o baseModel44
v 2.962313 25.45766 4.399312
v 3.928238 25.45766 4.658131
v 6.240247 24.36084 -3.970402
v 5.274321 24.36084 -4.229221
v 2.709975 17.51729 5.341048
v 3.675901 17.51729 5.599867
v 5.98791 16.42047 -3.028666
v 5.021984 16.42047 -3.287485
vt 0.5703125 0.6796875
vt 0.5390625 0.6796875
vt 0.5390625 0.71484375
vt 0.5703125 0.71484375
f 359/1057 355/1058 354/1059 358/1060
vt 0.53515625 0.6796875
vt 0.50390625 0.6796875
vt 0.50390625 0.71484375
vt 0.53515625 0.71484375
f 356/1061 360/1062 357/1063 353/1064
vt 0.5390625 0.71484375
vt 0.53515625 0.71484375
vt 0.53515625 0.74609375
vt 0.5390625 0.74609375
f 354/1065 353/1066 357/1067 358/1068
vt 0.54296875 0.74609375
vt 0.5390625 0.74609375
vt 0.5390625 0.71484375
vt 0.54296875 0.71484375
f 359/1069 360/1070 356/1071 355/1072
vt 0.5390625 0.6796875
vt 0.53515625 0.6796875
vt 0.53515625 0.71484375
vt 0.5390625 0.71484375
f 355/1073 356/1074 353/1075 354/1076
vt 0.57421875 0.6796875
vt 0.5703125 0.6796875
vt 0.5703125 0.71484375
vt 0.57421875 0.71484375
f 360/1077 359/1078 358/1079 357/1080
o baseModel45
v -5.472679 27.80836 4.969503
v 2.254727 27.80836 7.040056
v 3.025397 27.44276 4.163878
v -4.70201 27.44276 2.093325
v -5.504221 26.81582 5.08722
v 2.223185 26.81582 7.157773
v 2.993855 26.45021 4.281595
v -4.733552 26.45021 2.211042
vt 0.85546875 0.79296875
vt 0.8515625 0.79296875
vt 0.8515625 0.8046875
vt 0.85546875 0.8046875
f 367/1081 363/1082 362/1083 366/1084
vt 0.8203125 0.79296875
vt 0.81640625 0.79296875
vt 0.81640625 0.8046875
vt 0.8203125 0.8046875
f 364/1085 368/1086 365/1087 361/1088
vt 0.8515625 0.8046875
vt 0.8203125 0.8046875
vt 0.8203125 0.80859375
vt 0.8515625 0.80859375
f 362/1089 361/1090 365/1091 366/1092
vt 0.8828125 0.80859375
vt 0.8515625 0.80859375
vt 0.8515625 0.8046875
vt 0.8828125 0.8046875
f 367/1093 368/1094 364/1095 363/1096
vt 0.8515625 0.79296875
vt 0.8203125 0.79296875
vt 0.8203125 0.8046875
vt 0.8515625 0.8046875
f 363/1097 364/1098 361/1099 362/1100
vt 0.88671875 0.79296875
vt 0.85546875 0.79296875
vt 0.85546875 0.8046875
vt 0.88671875 0.8046875
f 368/1101 367/1102 366/1103 365/1104
o baseModel46
v -4.733552 26.45021 2.211042
v 2.993855 26.45021 4.281595
v 5.305863 25.35338 -4.346938
v -2.421543 25.35338 -6.417491
v -4.765094 25.45766 2.328759
v 2.962313 25.45766 4.399312
v 5.274321 24.36084 -4.229221
v -2.453085 24.36084 -6.299774
vt 0.63671875 0.70703125
vt 0.6328125 0.70703125
vt 0.6328125 0.7421875
vt 0.63671875 0.7421875
f 375/1105 371/1106 370/1107 374/1108
vt 0.6015625 0.70703125
vt 0.59765625 0.70703125
vt 0.59765625 0.7421875
vt 0.6015625 0.7421875
f 372/1109 376/1110 373/1111 369/1112
vt 0.6328125 0.7421875
vt 0.6015625 0.7421875
vt 0.6015625 0.74609375
vt 0.6328125 0.74609375
f 370/1113 369/1114 373/1115 374/1116
vt 0.6640625 0.74609375
vt 0.6328125 0.74609375
vt 0.6328125 0.7421875
vt 0.6640625 0.7421875
f 375/1117 376/1118 372/1119 371/1120
vt 0.6328125 0.70703125
vt 0.6015625 0.70703125
vt 0.6015625 0.7421875
vt 0.6328125 0.7421875
f 371/1121 372/1122 369/1123 370/1124
vt 0.66796875 0.70703125
vt 0.63671875 0.70703125
vt 0.63671875 0.7421875
vt 0.66796875 0.7421875
f 376/1125 375/1126 374/1127 373/1128
o baseModel47
v -7.467615 25.82327 4.687299
v -6.501689 25.82327 4.946118
v -5.73102 25.45766 2.06994
v -6.696946 25.45766 1.811121
v -7.719953 17.8829 5.629035
v -6.754027 17.8829 5.887854
v -5.983357 17.51729 3.011676
v -6.949283 17.51729 2.752857
vt 0.7578125 0.703125
vt 0.7265625 0.703125
vt 0.7265625 0.71484375
vt 0.7578125 0.71484375
f 383/1129 379/1130 378/1131 382/1132
vt 0.72265625 0.703125
vt 0.69140625 0.703125
vt 0.69140625 0.71484375
vt 0.72265625 0.71484375
f 380/1133 384/1134 381/1135 377/1136
vt 0.7265625 0.71484375
vt 0.72265625 0.71484375
vt 0.72265625 0.74609375
vt 0.7265625 0.74609375
f 378/1137 377/1138 381/1139 382/1140
vt 0.73046875 0.74609375
vt 0.7265625 0.74609375
vt 0.7265625 0.71484375
vt 0.73046875 0.71484375
f 383/1141 384/1142 380/1143 379/1144
vt 0.7265625 0.703125
vt 0.72265625 0.703125
vt 0.72265625 0.71484375
vt 0.7265625 0.71484375
f 379/1145 380/1146 377/1147 378/1148
vt 0.76171875 0.703125
vt 0.7578125 0.703125
vt 0.7578125 0.71484375
vt 0.76171875 0.71484375
f 384/1149 383/1150 382/1151 381/1152
o baseModel48
v -5.73102 25.45766 2.06994
v -4.765094 25.45766 2.328759
v -2.453085 24.36084 -6.299774
v -3.419011 24.36084 -6.558593
v -5.983357 17.51729 3.011676
v -5.017431 17.51729 3.270496
v -2.705423 16.42047 -5.358038
v -3.671349 16.42047 -5.616857
vt 0.8515625 0.6796875
vt 0.8203125 0.6796875
vt 0.8203125 0.71484375
vt 0.8515625 0.71484375
f 391/1153 387/1154 386/1155 390/1156
vt 0.81640625 0.6796875
vt 0.78515625 0.6796875
vt 0.78515625 0.71484375
vt 0.81640625 0.71484375
f 388/1157 392/1158 389/1159 385/1160
vt 0.8203125 0.71484375
vt 0.81640625 0.71484375
vt 0.81640625 0.74609375
vt 0.8203125 0.74609375
f 386/1161 385/1162 389/1163 390/1164
vt 0.82421875 0.74609375
vt 0.8203125 0.74609375
vt 0.8203125 0.71484375
vt 0.82421875 0.71484375
f 391/1165 392/1166 388/1167 387/1168
vt 0.8203125 0.6796875
vt 0.81640625 0.6796875
vt 0.81640625 0.71484375
vt 0.8203125 0.71484375
f 387/1169 388/1170 385/1171 386/1172
vt 0.85546875 0.6796875
vt 0.8515625 0.6796875
vt 0.8515625 0.71484375
vt 0.85546875 0.71484375
f 392/1173 391/1174 390/1175 389/1176
o baseModel49
v -7.223788 18.38039 5.709173
v -6.257862 18.38039 5.967993
v -5.487192 18.01479 3.091815
v -6.453118 18.01479 2.832996
v -7.25533 17.38785 5.82689
v -6.289404 17.38785 6.08571
v -5.518734 17.02224 3.209532
v -6.48466 17.02224 2.950713
vt 0.515625 0.98046875
vt 0.51171875 0.98046875
vt 0.51171875 0.9921875
vt 0.515625 0.9921875
f 399/1177 395/1178 394/1179 398/1180
vt 0.5078125 0.98046875
vt 0.50390625 0.98046875
vt 0.50390625 0.9921875
vt 0.5078125 0.9921875
f 396/1181 400/1182 397/1183 393/1184
vt 0.51171875 0.9921875
vt 0.5078125 0.9921875
vt 0.5078125 0.99609375
vt 0.51171875 0.99609375
f 394/1185 393/1186 397/1187 398/1188
vt 0.515625 0.99609375
vt 0.51171875 0.99609375
vt 0.51171875 0.9921875
vt 0.515625 0.9921875
f 399/1189 400/1190 396/1191 395/1192
vt 0.51171875 0.98046875
vt 0.5078125 0.98046875
vt 0.5078125 0.9921875
vt 0.51171875 0.9921875
f 395/1193 396/1194 393/1195 394/1196
vt 0.51953125 0.98046875
vt 0.515625 0.98046875
vt 0.515625 0.9921875
vt 0.51953125 0.9921875
f 400/1197 399/1198 398/1199 397/1200
o baseModel50
v 2.435471 18.38039 8.297364
v 3.401397 18.38039 8.556183
v 4.172066 18.01479 5.680005
v 3.20614 18.01479 5.421186
v 2.403929 17.38785 8.415081
v 3.369854 17.38785 8.6739
v 4.140524 17.02224 5.797722
v 3.174598 17.02224 5.538903
vt 0.671875 0.98046875
vt 0.66796875 0.98046875
vt 0.66796875 0.9921875
vt 0.671875 0.9921875
f 407/1201 403/1202 402/1203 406/1204
vt 0.6640625 0.98046875
vt 0.66015625 0.98046875
vt 0.66015625 0.9921875
vt 0.6640625 0.9921875
f 404/1205 408/1206 405/1207 401/1208
vt 0.66796875 0.9921875
vt 0.6640625 0.9921875
vt 0.6640625 0.99609375
vt 0.66796875 0.99609375
f 402/1209 401/1210 405/1211 406/1212
vt 0.671875 0.99609375
vt 0.66796875 0.99609375
vt 0.66796875 0.9921875
vt 0.671875 0.9921875
f 407/1213 408/1214 404/1215 403/1216
vt 0.66796875 0.98046875
vt 0.6640625 0.98046875
vt 0.6640625 0.9921875
vt 0.66796875 0.9921875
f 403/1217 404/1218 401/1219 402/1220
vt 0.67578125 0.98046875
vt 0.671875 0.98046875
vt 0.671875 0.9921875
vt 0.67578125 0.9921875
f 408/1221 407/1222 406/1223 405/1224
o baseModel51
v 1.438003 17.38785 8.156262
v 2.403929 17.38785 8.415081
v 3.174598 17.02224 5.538903
v 2.208672 17.02224 5.280084
v 1.406461 16.3953 8.273979
v 2.372386 16.3953 8.532798
v 3.143056 16.02969 5.65662
v 2.17713 16.02969 5.397801
vt 0.765625 0.98046875
vt 0.76171875 0.98046875
vt 0.76171875 0.9921875
vt 0.765625 0.9921875
f 415/1225 411/1226 410/1227 414/1228
vt 0.7578125 0.98046875
vt 0.75390625 0.98046875
vt 0.75390625 0.9921875
vt 0.7578125 0.9921875
f 412/1229 416/1230 413/1231 409/1232
vt 0.76171875 0.9921875
vt 0.7578125 0.9921875
vt 0.7578125 0.99609375
vt 0.76171875 0.99609375
f 410/1233 409/1234 413/1235 414/1236
vt 0.765625 0.99609375
vt 0.76171875 0.99609375
vt 0.76171875 0.9921875
vt 0.765625 0.9921875
f 415/1237 416/1238 412/1239 411/1240
vt 0.76171875 0.98046875
vt 0.7578125 0.98046875
vt 0.7578125 0.9921875
vt 0.76171875 0.9921875
f 411/1241 412/1242 409/1243 410/1244
vt 0.76953125 0.98046875
vt 0.765625 0.98046875
vt 0.765625 0.9921875
vt 0.76953125 0.9921875
f 416/1245 415/1246 414/1247 413/1248
o baseModel52
v 1.753425 27.31331 6.979092
v 2.71935 27.31331 7.237911
v 3.49002 26.9477 4.361733
v 2.524094 26.9477 4.102914
v 1.721882 26.32076 7.096809
v 2.687808 26.32076 7.355628
v 3.458478 25.95515 4.47945
v 2.492552 25.95515 4.220631
vt 0.859375 0.98046875
vt 0.85546875 0.98046875
vt 0.85546875 0.9921875
vt 0.859375 0.9921875
f 423/1249 419/1250 418/1251 422/1252
vt 0.8515625 0.98046875
vt 0.84765625 0.98046875
vt 0.84765625 0.9921875
vt 0.8515625 0.9921875
f 420/1253 424/1254 421/1255 417/1256
vt 0.85546875 0.9921875
vt 0.8515625 0.9921875
vt 0.8515625 0.99609375
vt 0.85546875 0.99609375
f 418/1257 417/1258 421/1259 422/1260
vt 0.859375 0.99609375
vt 0.85546875 0.99609375
vt 0.85546875 0.9921875
vt 0.859375 0.9921875
f 423/1261 424/1262 420/1263 419/1264
vt 0.85546875 0.98046875
vt 0.8515625 0.98046875
vt 0.8515625 0.9921875
vt 0.85546875 0.9921875
f 419/1265 420/1266 417/1267 418/1268
vt 0.86328125 0.98046875
vt 0.859375 0.98046875
vt 0.859375 0.9921875
vt 0.86328125 0.9921875
f 424/1269 423/1270 422/1271 421/1272
o baseModel53
v 2.687808 26.32076 7.355628
v 3.653734 26.32076 7.614447
v 4.424404 25.95515 4.738269
v 3.458478 25.95515 4.47945
v 2.656266 25.32822 7.473345
v 3.622192 25.32822 7.732164
v 4.392861 24.96261 4.855986
v 3.426936 24.96261 4.597167
vt 0.890625 0.98046875
vt 0.88671875 0.98046875
vt 0.88671875 0.9921875
vt 0.890625 0.9921875
f 431/1273 427/1274 426/1275 430/1276
vt 0.8828125 0.98046875
vt 0.87890625 0.98046875
vt 0.87890625 0.9921875
vt 0.8828125 0.9921875
f 428/1277 432/1278 429/1279 425/1280
vt 0.88671875 0.9921875
vt 0.8828125 0.9921875
vt 0.8828125 0.99609375
vt 0.88671875 0.99609375
f 426/1281 425/1282 429/1283 430/1284
vt 0.890625 0.99609375
vt 0.88671875 0.99609375
vt 0.88671875 0.9921875
vt 0.890625 0.9921875
f 431/1285 432/1286 428/1287 427/1288
vt 0.88671875 0.98046875
vt 0.8828125 0.98046875
vt 0.8828125 0.9921875
vt 0.88671875 0.9921875
f 427/1289 428/1290 425/1291 426/1292
vt 0.89453125 0.98046875
vt 0.890625 0.98046875
vt 0.890625 0.9921875
vt 0.89453125 0.9921875
f 432/1293 431/1294 430/1295 429/1296
o baseModel54
v -6.97145 26.32076 4.767437
v -6.005524 26.32076 5.026256
v -5.234855 25.95515 2.150079
v -6.200781 25.95515 1.89126
v -7.002992 25.32822 4.885154
v -6.037066 25.32822 5.143973
v -5.266397 24.96261 2.267796
v -6.232323 24.96261 2.008977
vt 0.984375 0.98046875
vt 0.98046875 0.98046875
vt 0.98046875 0.9921875
vt 0.984375 0.9921875
f 439/1297 435/1298 434/1299 438/1300
vt 0.9765625 0.98046875
vt 0.97265625 0.98046875
vt 0.97265625 0.9921875
vt 0.9765625 0.9921875
f 436/1301 440/1302 437/1303 433/1304
vt 0.98046875 0.9921875
vt 0.9765625 0.9921875
vt 0.9765625 0.99609375
vt 0.98046875 0.99609375
f 434/1305 433/1306 437/1307 438/1308
vt 0.984375 0.99609375
vt 0.98046875 0.99609375
vt 0.98046875 0.9921875
vt 0.984375 0.9921875
f 439/1309 440/1310 436/1311 435/1312
vt 0.98046875 0.98046875
vt 0.9765625 0.98046875
vt 0.9765625 0.9921875
vt 0.98046875 0.9921875
f 435/1313 436/1314 433/1315 434/1316
vt 0.98828125 0.98046875
vt 0.984375 0.98046875
vt 0.984375 0.9921875
vt 0.98828125 0.9921875
f 440/1317 439/1318 438/1319 437/1320
o baseModel55
v -5.973982 27.31331 4.908539
v -5.008056 27.31331 5.167358
v -4.237387 26.9477 2.291181
v -5.203313 26.9477 2.032362
v -6.005524 26.32076 5.026256
v -5.039598 26.32076 5.285075
v -4.268929 25.95515 2.408898
v -5.234855 25.95515 2.150079
vt 0.015625 0.94921875
vt 0.01171875 0.94921875
vt 0.01171875 0.9609375
vt 0.015625 0.9609375
f 447/1321 443/1322 442/1323 446/1324
vt 0.0078125 0.94921875
vt 0.00390625 0.94921875
vt 0.00390625 0.9609375
vt 0.0078125 0.9609375
f 444/1325 448/1326 445/1327 441/1328
vt 0.01171875 0.9609375
vt 0.0078125 0.9609375
vt 0.0078125 0.96484375
vt 0.01171875 0.96484375
f 442/1329 441/1330 445/1331 446/1332
vt 0.015625 0.96484375
vt 0.01171875 0.96484375
vt 0.01171875 0.9609375
vt 0.015625 0.9609375
f 447/1333 448/1334 444/1335 443/1336
vt 0.01171875 0.94921875
vt 0.0078125 0.94921875
vt 0.0078125 0.9609375
vt 0.01171875 0.9609375
f 443/1337 444/1338 441/1339 442/1340
vt 0.01953125 0.94921875
vt 0.015625 0.94921875
vt 0.015625 0.9609375
vt 0.01953125 0.9609375
f 448/1341 447/1342 446/1343 445/1344
o baseModel56
v 5.518149 16.91796 -3.207347
v 6.484075 16.91796 -2.948528
v 6.740965 16.79609 -3.907254
v 5.775039 16.79609 -4.166073
v 5.486607 15.92541 -3.08963
v 6.452533 15.92541 -2.830811
v 6.709422 15.80354 -3.789537
v 5.743497 15.80354 -4.048356
vt 0.109375 0.98828125
vt 0.10546875 0.98828125
vt 0.10546875 0.9921875
vt 0.109375 0.9921875
f 455/1345 451/1346 450/1347 454/1348
vt 0.1015625 0.98828125
vt 0.09765625 0.98828125
vt 0.09765625 0.9921875
vt 0.1015625 0.9921875
f 452/1349 456/1350 453/1351 449/1352
vt 0.10546875 0.9921875
vt 0.1015625 0.9921875
vt 0.1015625 0.99609375
vt 0.10546875 0.99609375
f 450/1353 449/1354 453/1355 454/1356
vt 0.109375 0.99609375
vt 0.10546875 0.99609375
vt 0.10546875 0.9921875
vt 0.109375 0.9921875
f 455/1357 456/1358 452/1359 451/1360
vt 0.10546875 0.98828125
vt 0.1015625 0.98828125
vt 0.1015625 0.9921875
vt 0.10546875 0.9921875
f 451/1361 452/1362 449/1363 450/1364
vt 0.11328125 0.98828125
vt 0.109375 0.98828125
vt 0.109375 0.9921875
vt 0.11328125 0.9921875
f 456/1365 455/1366 454/1367 453/1368
o baseModel57
v 4.520681 15.92541 -3.348449
v 5.486607 15.92541 -3.08963
v 5.743497 15.80354 -4.048356
v 4.777571 15.80354 -4.307175
v 4.489139 14.93287 -3.230732
v 5.455065 14.93287 -2.971913
v 5.711954 14.811 -3.930639
v 4.746029 14.811 -4.189458
vt 0.171875 0.98828125
vt 0.16796875 0.98828125
vt 0.16796875 0.9921875
vt 0.171875 0.9921875
f 463/1369 459/1370 458/1371 462/1372
vt 0.1640625 0.98828125
vt 0.16015625 0.98828125
vt 0.16015625 0.9921875
vt 0.1640625 0.9921875
f 460/1373 464/1374 461/1375 457/1376
vt 0.16796875 0.9921875
vt 0.1640625 0.9921875
vt 0.1640625 0.99609375
vt 0.16796875 0.99609375
f 458/1377 457/1378 461/1379 462/1380
vt 0.171875 0.99609375
vt 0.16796875 0.99609375
vt 0.16796875 0.9921875
vt 0.171875 0.9921875
f 463/1381 464/1382 460/1383 459/1384
vt 0.16796875 0.98828125
vt 0.1640625 0.98828125
vt 0.1640625 0.9921875
vt 0.16796875 0.9921875
f 459/1385 460/1386 457/1387 458/1388
vt 0.17578125 0.98828125
vt 0.171875 0.98828125
vt 0.171875 0.9921875
vt 0.17578125 0.9921875
f 464/1389 463/1390 462/1391 461/1392
o baseModel58
v -2.736965 15.42792 -5.240321
v 4.990442 15.42792 -3.169768
v 5.247331 15.30605 -4.128494
v -2.480075 15.30605 -6.199047
v -2.768507 14.43538 -5.122604
v 4.958899 14.43538 -3.052051
v 5.215789 14.31351 -4.010777
v -2.511617 14.31351 -6.08133
vt 0.54296875 0.95703125
vt 0.5390625 0.95703125
vt 0.5390625 0.9609375
vt 0.54296875 0.9609375
f 471/1393 467/1394 466/1395 470/1396
vt 0.5078125 0.95703125
vt 0.50390625 0.95703125
vt 0.50390625 0.9609375
vt 0.5078125 0.9609375
f 468/1397 472/1398 469/1399 465/1400
vt 0.5390625 0.9609375
vt 0.5078125 0.9609375
vt 0.5078125 0.96484375
vt 0.5390625 0.96484375
f 466/1401 465/1402 469/1403 470/1404
vt 0.5703125 0.96484375
vt 0.5390625 0.96484375
vt 0.5390625 0.9609375
vt 0.5703125 0.9609375
f 471/1405 472/1406 468/1407 467/1408
vt 0.5390625 0.95703125
vt 0.5078125 0.95703125
vt 0.5078125 0.9609375
vt 0.5390625 0.9609375
f 467/1409 468/1410 465/1411 466/1412
vt 0.57421875 0.95703125
vt 0.54296875 0.95703125
vt 0.54296875 0.9609375
vt 0.57421875 0.9609375
f 472/1413 471/1414 470/1415 469/1416
o baseModel59
v -3.206726 15.92541 -5.419002
v -2.2408 15.92541 -5.160183
v -1.98391 15.80354 -6.118908
v -2.949836 15.80354 -6.377727
v -3.238268 14.93287 -5.301285
v -2.272342 14.93287 -5.042465
v -2.015452 14.811 -6.001191
v -2.981378 14.811 -6.26001
vt 0.421875 0.95703125
vt 0.41796875 0.95703125
vt 0.41796875 0.9609375
vt 0.421875 0.9609375
f 479/1417 475/1418 474/1419 478/1420
vt 0.4140625 0.95703125
vt 0.41015625 0.95703125
vt 0.41015625 0.9609375
vt 0.4140625 0.9609375
f 476/1421 480/1422 477/1423 473/1424
vt 0.41796875 0.9609375
vt 0.4140625 0.9609375
vt 0.4140625 0.96484375
vt 0.41796875 0.96484375
f 474/1425 473/1426 477/1427 478/1428
vt 0.421875 0.96484375
vt 0.41796875 0.96484375
vt 0.41796875 0.9609375
vt 0.421875 0.9609375
f 479/1429 480/1430 476/1431 475/1432
vt 0.41796875 0.95703125
vt 0.4140625 0.95703125
vt 0.4140625 0.9609375
vt 0.41796875 0.9609375
f 475/1433 476/1434 473/1435 474/1436
vt 0.42578125 0.95703125
vt 0.421875 0.95703125
vt 0.421875 0.9609375
vt 0.42578125 0.9609375
f 480/1437 479/1438 478/1439 477/1440
o baseModel60
v -4.141109 16.91796 -5.795538
v -3.175183 16.91796 -5.536719
v -2.918294 16.79609 -6.495445
v -3.884219 16.79609 -6.754264
v -4.172651 15.92541 -5.677821
v -3.206726 15.92541 -5.419002
v -2.949836 15.80354 -6.377727
v -3.915762 15.80354 -6.636547
vt 0.859375 0.95703125
vt 0.85546875 0.95703125
vt 0.85546875 0.9609375
vt 0.859375 0.9609375
f 487/1441 483/1442 482/1443 486/1444
vt 0.8515625 0.95703125
vt 0.84765625 0.95703125
vt 0.84765625 0.9609375
vt 0.8515625 0.9609375
f 484/1445 488/1446 485/1447 481/1448
vt 0.85546875 0.9609375
vt 0.8515625 0.9609375
vt 0.8515625 0.96484375
vt 0.85546875 0.96484375
f 482/1449 481/1450 485/1451 486/1452
vt 0.859375 0.96484375
vt 0.85546875 0.96484375
vt 0.85546875 0.9609375
vt 0.859375 0.9609375
f 487/1453 488/1454 484/1455 483/1456
vt 0.85546875 0.95703125
vt 0.8515625 0.95703125
vt 0.8515625 0.9609375
vt 0.85546875 0.9609375
f 483/1457 484/1458 481/1459 482/1460
vt 0.86328125 0.95703125
vt 0.859375 0.95703125
vt 0.859375 0.9609375
vt 0.86328125 0.9609375
f 488/1461 487/1462 486/1463 485/1464
o baseModel61
v -4.384937 24.36084 -6.817412
v -3.419011 24.36084 -6.558593
v -3.162121 24.23897 -7.517319
v -4.128047 24.23897 -7.776138
v -4.637274 16.42047 -5.875676
v -3.671349 16.42047 -5.616857
v -3.414459 16.2986 -6.575583
v -4.380385 16.2986 -6.834402
vt 0.9453125 0.6796875
vt 0.9140625 0.6796875
vt 0.9140625 0.68359375
vt 0.9453125 0.68359375
f 495/1465 491/1466 490/1467 494/1468
vt 0.91015625 0.6796875
vt 0.87890625 0.6796875
vt 0.87890625 0.68359375
vt 0.91015625 0.68359375
f 492/1469 496/1470 493/1471 489/1472
vt 0.9140625 0.68359375
vt 0.91015625 0.68359375
vt 0.91015625 0.71484375
vt 0.9140625 0.71484375
f 490/1473 489/1474 493/1475 494/1476
vt 0.91796875 0.71484375
vt 0.9140625 0.71484375
vt 0.9140625 0.68359375
vt 0.91796875 0.68359375
f 495/1477 496/1478 492/1479 491/1480
vt 0.9140625 0.6796875
vt 0.91015625 0.6796875
vt 0.91015625 0.68359375
vt 0.9140625 0.68359375
f 491/1481 492/1482 489/1483 490/1484
vt 0.94921875 0.6796875
vt 0.9453125 0.6796875
vt 0.9453125 0.68359375
vt 0.94921875 0.68359375
f 496/1485 495/1486 494/1487 493/1488
o baseModel62
v -3.888772 24.85833 -6.737274
v -2.922846 24.85833 -6.478455
v -2.665956 24.73646 -7.437181
v -3.631882 24.73646 -7.696
v -3.920314 23.86578 -6.619557
v -2.954388 23.86578 -6.360738
v -2.697498 23.74391 -7.319464
v -3.663424 23.74391 -7.578283
vt 0.984375 0.95703125
vt 0.98046875 0.95703125
vt 0.98046875 0.9609375
vt 0.984375 0.9609375
f 503/1489 499/1490 498/1491 502/1492
vt 0.9765625 0.95703125
vt 0.97265625 0.95703125
vt 0.97265625 0.9609375
vt 0.9765625 0.9609375
f 500/1493 504/1494 501/1495 497/1496
vt 0.98046875 0.9609375
vt 0.9765625 0.9609375
vt 0.9765625 0.96484375
vt 0.98046875 0.96484375
f 498/1497 497/1498 501/1499 502/1500
vt 0.984375 0.96484375
vt 0.98046875 0.96484375
vt 0.98046875 0.9609375
vt 0.984375 0.9609375
f 503/1501 504/1502 500/1503 499/1504
vt 0.98046875 0.95703125
vt 0.9765625 0.95703125
vt 0.9765625 0.9609375
vt 0.98046875 0.9609375
f 499/1505 500/1506 497/1507 498/1508
vt 0.98828125 0.95703125
vt 0.984375 0.95703125
vt 0.984375 0.9609375
vt 0.98828125 0.9609375
f 504/1509 503/1510 502/1511 501/1512
o baseModel63
v -2.891304 25.85087 -6.596172
v -1.925378 25.85087 -6.337353
v -1.668488 25.729 -7.296079
v -2.634414 25.729 -7.554898
v -2.922846 24.85833 -6.478455
v -1.95692 24.85833 -6.219636
v -1.70003 24.73646 -7.178362
v -2.665956 24.73646 -7.437181
vt 0.078125 0.92578125
vt 0.07421875 0.92578125
vt 0.07421875 0.9296875
vt 0.078125 0.9296875
f 511/1513 507/1514 506/1515 510/1516
vt 0.0703125 0.92578125
vt 0.06640625 0.92578125
vt 0.06640625 0.9296875
vt 0.0703125 0.9296875
f 508/1517 512/1518 509/1519 505/1520
vt 0.07421875 0.9296875
vt 0.0703125 0.9296875
vt 0.0703125 0.93359375
vt 0.07421875 0.93359375
f 506/1521 505/1522 509/1523 510/1524
vt 0.078125 0.93359375
vt 0.07421875 0.93359375
vt 0.07421875 0.9296875
vt 0.078125 0.9296875
f 511/1525 512/1526 508/1527 507/1528
vt 0.07421875 0.92578125
vt 0.0703125 0.92578125
vt 0.0703125 0.9296875
vt 0.07421875 0.9296875
f 507/1529 508/1530 505/1531 506/1532
vt 0.08203125 0.92578125
vt 0.078125 0.92578125
vt 0.078125 0.9296875
vt 0.08203125 0.9296875
f 512/1533 511/1534 510/1535 509/1536
o baseModel64
v -2.390001 26.34593 -6.535208
v 5.337406 26.34593 -4.464655
v 5.594295 26.22406 -5.423381
v -2.133111 26.22406 -7.493934
v -2.421543 25.35338 -6.417491
v 5.305863 25.35338 -4.346938
v 5.562753 25.23151 -5.305664
v -2.164653 25.23151 -7.376217
vt 0.04296875 0.83203125
vt 0.0390625 0.83203125
vt 0.0390625 0.8359375
vt 0.04296875 0.8359375
f 519/1537 515/1538 514/1539 518/1540
vt 0.0078125 0.83203125
vt 0.00390625 0.83203125
vt 0.00390625 0.8359375
vt 0.0078125 0.8359375
f 516/1541 520/1542 517/1543 513/1544
vt 0.0390625 0.8359375
vt 0.0078125 0.8359375
vt 0.0078125 0.83984375
vt 0.0390625 0.83984375
f 514/1545 513/1546 517/1547 518/1548
vt 0.0703125 0.83984375
vt 0.0390625 0.83984375
vt 0.0390625 0.8359375
vt 0.0703125 0.8359375
f 519/1549 520/1550 516/1551 515/1552
vt 0.0390625 0.83203125
vt 0.0078125 0.83203125
vt 0.0078125 0.8359375
vt 0.0390625 0.8359375
f 515/1553 516/1554 513/1555 514/1556
vt 0.07421875 0.83203125
vt 0.04296875 0.83203125
vt 0.04296875 0.8359375
vt 0.07421875 0.8359375
f 520/1557 519/1558 518/1559 517/1560
o baseModel65
v 4.836103 25.85087 -4.525619
v 5.802029 25.85087 -4.2668
v 6.058918 25.729 -5.225526
v 5.092993 25.729 -5.484345
v 4.804561 24.85833 -4.407902
v 5.770486 24.85833 -4.149083
v 6.027376 24.73646 -5.107809
v 5.06145 24.73646 -5.366628
vt 0.140625 0.92578125
vt 0.13671875 0.92578125
vt 0.13671875 0.9296875
vt 0.140625 0.9296875
f 527/1561 523/1562 522/1563 526/1564
vt 0.1328125 0.92578125
vt 0.12890625 0.92578125
vt 0.12890625 0.9296875
vt 0.1328125 0.9296875
f 524/1565 528/1566 525/1567 521/1568
vt 0.13671875 0.9296875
vt 0.1328125 0.9296875
vt 0.1328125 0.93359375
vt 0.13671875 0.93359375
f 522/1569 521/1570 525/1571 526/1572
vt 0.140625 0.93359375
vt 0.13671875 0.93359375
vt 0.13671875 0.9296875
vt 0.140625 0.9296875
f 527/1573 528/1574 524/1575 523/1576
vt 0.13671875 0.92578125
vt 0.1328125 0.92578125
vt 0.1328125 0.9296875
vt 0.13671875 0.9296875
f 523/1577 524/1578 521/1579 522/1580
vt 0.14453125 0.92578125
vt 0.140625 0.92578125
vt 0.140625 0.9296875
vt 0.14453125 0.9296875
f 528/1581 527/1582 526/1583 525/1584
o baseModel66
v 5.770486 24.85833 -4.149083
v 6.736412 24.85833 -3.890264
v 6.993302 24.73646 -4.84899
v 6.027376 24.73646 -5.107809
v 5.738944 23.86578 -4.031366
v 6.70487 23.86578 -3.772547
v 6.96176 23.74391 -4.731273
v 5.995834 23.74391 -4.990092
vt 0.359375 0.92578125
vt 0.35546875 0.92578125
vt 0.35546875 0.9296875
vt 0.359375 0.9296875
f 535/1585 531/1586 530/1587 534/1588
vt 0.3515625 0.92578125
vt 0.34765625 0.92578125
vt 0.34765625 0.9296875
vt 0.3515625 0.9296875
f 532/1589 536/1590 533/1591 529/1592
vt 0.35546875 0.9296875
vt 0.3515625 0.9296875
vt 0.3515625 0.93359375
vt 0.35546875 0.93359375
f 530/1593 529/1594 533/1595 534/1596
vt 0.359375 0.93359375
vt 0.35546875 0.93359375
vt 0.35546875 0.9296875
vt 0.359375 0.9296875
f 535/1597 536/1598 532/1599 531/1600
vt 0.35546875 0.92578125
vt 0.3515625 0.92578125
vt 0.3515625 0.9296875
vt 0.35546875 0.9296875
f 531/1601 532/1602 529/1603 530/1604
vt 0.36328125 0.92578125
vt 0.359375 0.92578125
vt 0.359375 0.9296875
vt 0.36328125 0.9296875
f 536/1605 535/1606 534/1607 533/1608
o baseModel67
v 6.240247 24.36084 -3.970402
v 7.206173 24.36084 -3.711583
v 7.463063 24.23897 -4.670309
v 6.497137 24.23897 -4.929128
v 5.98791 16.42047 -3.028666
v 6.953835 16.42047 -2.769847
v 7.210725 16.2986 -3.728573
v 6.244799 16.2986 -3.987392
vt 0.1328125 0.6484375
vt 0.1015625 0.6484375
vt 0.1015625 0.65234375
vt 0.1328125 0.65234375
f 543/1609 539/1610 538/1611 542/1612
vt 0.09765625 0.6484375
vt 0.06640625 0.6484375
vt 0.06640625 0.65234375
vt 0.09765625 0.65234375
f 540/1613 544/1614 541/1615 537/1616
vt 0.1015625 0.65234375
vt 0.09765625 0.65234375
vt 0.09765625 0.68359375
vt 0.1015625 0.68359375
f 538/1617 537/1618 541/1619 542/1620
vt 0.10546875 0.68359375
vt 0.1015625 0.68359375
vt 0.1015625 0.65234375
vt 0.10546875 0.65234375
f 543/1621 544/1622 540/1623 539/1624
vt 0.1015625 0.6484375
vt 0.09765625 0.6484375
vt 0.09765625 0.65234375
vt 0.1015625 0.65234375
f 539/1625 540/1626 537/1627 538/1628
vt 0.13671875 0.6484375
vt 0.1328125 0.6484375
vt 0.1328125 0.65234375
vt 0.13671875 0.65234375
f 544/1629 543/1630 542/1631 541/1632
o baseModel68
v 9 14 22
v 10 14 22
v 10 10.46447 18.46447
v 9 10.46447 18.46447
v 9 10.46447 25.53553
v 10 10.46447 25.53553
v 10 6.928932 22
v 9 6.928932 22
vt 0.171875 0.67578125
vt 0.15234375 0.67578125
vt 0.15234375 0.6953125
vt 0.171875 0.6953125
f 551/1633 547/1634 546/1635 550/1636
vt 0.1484375 0.67578125
vt 0.12890625 0.67578125
vt 0.12890625 0.6953125
vt 0.1484375 0.6953125
f 548/1637 552/1638 549/1639 545/1640
vt 0.15234375 0.6953125
vt 0.1484375 0.6953125
vt 0.1484375 0.71484375
vt 0.15234375 0.71484375
f 546/1641 545/1642 549/1643 550/1644
vt 0.15625 0.71484375
vt 0.15234375 0.71484375
vt 0.15234375 0.6953125
vt 0.15625 0.6953125
f 551/1645 552/1646 548/1647 547/1648
vt 0.15234375 0.67578125
vt 0.1484375 0.67578125
vt 0.1484375 0.6953125
vt 0.15234375 0.6953125
f 547/1649 548/1650 545/1651 546/1652
vt 0.17578125 0.67578125
vt 0.171875 0.67578125
vt 0.171875 0.6953125
vt 0.17578125 0.6953125
f 552/1653 551/1654 550/1655 549/1656
o baseModel69
v 6.350675 20.36346 -0.5574577
v 13.11216 20.36346 1.254276
v 12.84249 14.45462 2.260663
v 6.081014 14.45462 0.4489298
v 5.586014 20.88441 2.296296
v 12.34749 20.88441 4.108029
v 12.07783 14.97556 5.114417
v 5.316353 14.97556 3.302683
vt 0.4296875 0.6484375
vt 0.41796875 0.6484375
vt 0.41796875 0.671875
vt 0.4296875 0.671875
f 559/1657 555/1658 554/1659 558/1660
vt 0.390625 0.6484375
vt 0.37890625 0.6484375
vt 0.37890625 0.671875
vt 0.390625 0.671875
f 556/1661 560/1662 557/1663 553/1664
vt 0.41796875 0.671875
vt 0.390625 0.671875
vt 0.390625 0.68359375
vt 0.41796875 0.68359375
f 554/1665 553/1666 557/1667 558/1668
vt 0.4453125 0.68359375
vt 0.41796875 0.68359375
vt 0.41796875 0.671875
vt 0.4453125 0.671875
f 559/1669 560/1670 556/1671 555/1672
vt 0.41796875 0.6484375
vt 0.390625 0.6484375
vt 0.390625 0.671875
vt 0.41796875 0.671875
f 555/1673 556/1674 553/1675 554/1676
vt 0.45703125 0.6484375
vt 0.4296875 0.6484375
vt 0.4296875 0.671875
vt 0.45703125 0.671875
f 560/1677 559/1678 558/1679 557/1680
o baseModel70
v 7.361544 21.34827 -0.4663698
v 12.19117 21.34827 0.8277254
v 12.14623 20.36346 0.9954567
v 7.316601 20.36346 -0.2986386
v 6.596883 21.86921 2.387384
v 11.42651 21.86921 3.681479
v 11.38157 20.88441 3.84921
v 6.551939 20.88441 2.555115
vt 0.640625 0.79296875
vt 0.62890625 0.79296875
vt 0.62890625 0.796875
vt 0.640625 0.796875
f 567/1681 563/1682 562/1683 566/1684
vt 0.609375 0.79296875
vt 0.59765625 0.79296875
vt 0.59765625 0.796875
vt 0.609375 0.796875
f 564/1685 568/1686 565/1687 561/1688
vt 0.62890625 0.796875
vt 0.609375 0.796875
vt 0.609375 0.80859375
vt 0.62890625 0.80859375
f 562/1689 561/1690 565/1691 566/1692
vt 0.6484375 0.80859375
vt 0.62890625 0.80859375
vt 0.62890625 0.796875
vt 0.6484375 0.796875
f 567/1693 568/1694 564/1695 563/1696
vt 0.62890625 0.79296875
vt 0.609375 0.79296875
vt 0.609375 0.796875
vt 0.62890625 0.796875
f 563/1697 564/1698 561/1699 562/1700
vt 0.66015625 0.79296875
vt 0.640625 0.79296875
vt 0.640625 0.796875
vt 0.66015625 0.796875
f 568/1701 567/1702 566/1703 565/1704
o baseModel71
v 6.904033 19.96668 -0.6521294
v 8.835884 19.96668 -0.1344913
v 8.745997 17.99707 0.2009712
v 6.814146 17.99707 -0.3166669
v 6.649146 20.14033 0.2991219
v 8.580997 20.14033 0.81676
v 8.49111 18.17072 1.152222
v 6.559259 18.17072 0.6345843
vt 0.39453125 0.921875
vt 0.390625 0.921875
vt 0.390625 0.9296875
vt 0.39453125 0.9296875
f 575/1705 571/1706 570/1707 574/1708
vt 0.3828125 0.921875
vt 0.37890625 0.921875
vt 0.37890625 0.9296875
vt 0.3828125 0.9296875
f 572/1709 576/1710 573/1711 569/1712
vt 0.390625 0.9296875
vt 0.3828125 0.9296875
vt 0.3828125 0.93359375
vt 0.390625 0.93359375
f 570/1713 569/1714 573/1715 574/1716
vt 0.3984375 0.93359375
vt 0.390625 0.93359375
vt 0.390625 0.9296875
vt 0.3984375 0.9296875
f 575/1717 576/1718 572/1719 571/1720
vt 0.390625 0.921875
vt 0.3828125 0.921875
vt 0.3828125 0.9296875
vt 0.390625 0.9296875
f 571/1721 572/1722 569/1723 570/1724
vt 0.40234375 0.921875
vt 0.39453125 0.921875
vt 0.39453125 0.9296875
vt 0.40234375 0.9296875
f 576/1725 575/1726 574/1727 573/1728
o baseModel72
v 9.80181 19.96668 0.1243278
v 11.73366 19.96668 0.6419659
v 11.64377 17.99707 0.9774284
v 9.711923 17.99707 0.4597903
v 9.546923 20.14033 1.075579
v 11.47877 20.14033 1.593217
v 11.38889 18.17072 1.92868
v 9.457036 18.17072 1.411042
vt 0.05078125 0.890625
vt 0.046875 0.890625
vt 0.046875 0.8984375
vt 0.05078125 0.8984375
f 583/1729 579/1730 578/1731 582/1732
vt 0.0390625 0.890625
vt 0.03515625 0.890625
vt 0.03515625 0.8984375
vt 0.0390625 0.8984375
f 580/1733 584/1734 581/1735 577/1736
vt 0.046875 0.8984375
vt 0.0390625 0.8984375
vt 0.0390625 0.90234375
vt 0.046875 0.90234375
f 578/1737 577/1738 581/1739 582/1740
vt 0.0546875 0.90234375
vt 0.046875 0.90234375
vt 0.046875 0.8984375
vt 0.0546875 0.8984375
f 583/1741 584/1742 580/1743 579/1744
vt 0.046875 0.890625
vt 0.0390625 0.890625
vt 0.0390625 0.8984375
vt 0.046875 0.8984375
f 579/1745 580/1746 577/1747 578/1748
vt 0.05859375 0.890625
vt 0.05078125 0.890625
vt 0.05078125 0.8984375
vt 0.05859375 0.8984375
f 584/1749 583/1750 582/1751 581/1752
o baseModel73
v 7.735128 17.01226 0.1098834
v 11.59883 17.01226 1.14516
v 11.50894 15.04265 1.480622
v 7.645241 15.04265 0.4453459
v 7.480241 17.18591 1.061135
v 11.34394 17.18591 2.096411
v 11.25406 15.21629 2.431873
v 7.390354 15.21629 1.396597
vt 0.15234375 0.890625
vt 0.1484375 0.890625
vt 0.1484375 0.8984375
vt 0.15234375 0.8984375
f 591/1753 587/1754 586/1755 590/1756
vt 0.1328125 0.890625
vt 0.12890625 0.890625
vt 0.12890625 0.8984375
vt 0.1328125 0.8984375
f 588/1757 592/1758 589/1759 585/1760
vt 0.1484375 0.8984375
vt 0.1328125 0.8984375
vt 0.1328125 0.90234375
vt 0.1484375 0.90234375
f 586/1761 585/1762 589/1763 590/1764
vt 0.1640625 0.90234375
vt 0.1484375 0.90234375
vt 0.1484375 0.8984375
vt 0.1640625 0.8984375
f 591/1765 592/1766 588/1767 587/1768
vt 0.1484375 0.890625
vt 0.1328125 0.890625
vt 0.1328125 0.8984375
vt 0.1484375 0.8984375
f 587/1769 588/1770 585/1771 586/1772
vt 0.16796875 0.890625
vt 0.15234375 0.890625
vt 0.15234375 0.8984375
vt 0.16796875 0.8984375
f 592/1773 591/1774 590/1775 589/1776
o baseModel74
v 6.286239 17.01226 -0.2783452
v 7.252165 17.01226 -0.01952614
v 7.162278 15.04265 0.3159363
v 6.196353 15.04265 0.05711727
v 6.031352 17.18591 0.672906
v 6.997278 17.18591 0.9317251
v 6.907391 15.21629 1.267188
v 5.941466 15.21629 1.008369
vt 0.734375 0.921875
vt 0.73046875 0.921875
vt 0.73046875 0.9296875
vt 0.734375 0.9296875
f 599/1777 595/1778 594/1779 598/1780
vt 0.7265625 0.921875
vt 0.72265625 0.921875
vt 0.72265625 0.9296875
vt 0.7265625 0.9296875
f 596/1781 600/1782 597/1783 593/1784
vt 0.73046875 0.9296875
vt 0.7265625 0.9296875
vt 0.7265625 0.93359375
vt 0.73046875 0.93359375
f 594/1785 593/1786 597/1787 598/1788
vt 0.734375 0.93359375
vt 0.73046875 0.93359375
vt 0.73046875 0.9296875
vt 0.734375 0.9296875
f 599/1789 600/1790 596/1791 595/1792
vt 0.73046875 0.921875
vt 0.7265625 0.921875
vt 0.7265625 0.9296875
vt 0.73046875 0.9296875
f 595/1793 596/1794 593/1795 594/1796
vt 0.73828125 0.921875
vt 0.734375 0.921875
vt 0.734375 0.9296875
vt 0.73828125 0.9296875
f 600/1797 599/1798 598/1799 597/1800
o baseModel75
v -6.054374 14 -0.5869885
v -5.088448 14 -0.3281695
v -5.088448 9 -0.3281695
v -6.054374 9 -0.5869885
v -6.313193 14 0.3789373
v -5.347267 14 0.6377564
v -5.347267 9 0.6377564
v -6.313193 9 0.3789373
vt 0.140625 0.84765625
vt 0.13671875 0.84765625
vt 0.13671875 0.8671875
vt 0.140625 0.8671875
f 607/1801 603/1802 602/1803 606/1804
vt 0.1328125 0.84765625
vt 0.12890625 0.84765625
vt 0.12890625 0.8671875
vt 0.1328125 0.8671875
f 604/1805 608/1806 605/1807 601/1808
vt 0.13671875 0.8671875
vt 0.1328125 0.8671875
vt 0.1328125 0.87109375
vt 0.13671875 0.87109375
f 602/1809 601/1810 605/1811 606/1812
vt 0.140625 0.87109375
vt 0.13671875 0.87109375
vt 0.13671875 0.8671875
vt 0.140625 0.8671875
f 607/1813 608/1814 604/1815 603/1816
vt 0.13671875 0.84765625
vt 0.1328125 0.84765625
vt 0.1328125 0.8671875
vt 0.13671875 0.8671875
f 603/1817 604/1818 601/1819 602/1820
vt 0.14453125 0.84765625
vt 0.140625 0.84765625
vt 0.140625 0.8671875
vt 0.14453125 0.8671875
f 608/1821 607/1822 606/1823 605/1824
o baseModel76
v 4.57081 14 2.260021
v 5.536736 14 2.51884
v 5.536736 9 2.51884
v 4.57081 9 2.260021
v 4.311991 14 3.225947
v 5.277917 14 3.484766
v 5.277917 9 3.484766
v 4.311991 9 3.225947
vt 0.359375 0.84765625
vt 0.35546875 0.84765625
vt 0.35546875 0.8671875
vt 0.359375 0.8671875
f 615/1825 611/1826 610/1827 614/1828
vt 0.3515625 0.84765625
vt 0.34765625 0.84765625
vt 0.34765625 0.8671875
vt 0.3515625 0.8671875
f 612/1829 616/1830 613/1831 609/1832
vt 0.35546875 0.8671875
vt 0.3515625 0.8671875
vt 0.3515625 0.87109375
vt 0.35546875 0.87109375
f 610/1833 609/1834 613/1835 614/1836
vt 0.359375 0.87109375
vt 0.35546875 0.87109375
vt 0.35546875 0.8671875
vt 0.359375 0.8671875
f 615/1837 616/1838 612/1839 611/1840
vt 0.35546875 0.84765625
vt 0.3515625 0.84765625
vt 0.3515625 0.8671875
vt 0.35546875 0.8671875
f 611/1841 612/1842 609/1843 610/1844
vt 0.36328125 0.84765625
vt 0.359375 0.84765625
vt 0.359375 0.8671875
vt 0.36328125 0.8671875
f 616/1845 615/1846 614/1847 613/1848
o baseModel77
v 4.829629 12 1.294095
v 5.795555 12 1.552914
v 5.795555 11 1.552914
v 4.829629 11 1.294095
v 4.57081 12 2.260021
v 5.536736 12 2.51884
v 5.536736 11 2.51884
v 4.57081 11 2.260021
vt 0.015625 0.89453125
vt 0.01171875 0.89453125
vt 0.01171875 0.8984375
vt 0.015625 0.8984375
f 623/1849 619/1850 618/1851 622/1852
vt 0.0078125 0.89453125
vt 0.00390625 0.89453125
vt 0.00390625 0.8984375
vt 0.0078125 0.8984375
f 620/1853 624/1854 621/1855 617/1856
vt 0.01171875 0.8984375
vt 0.0078125 0.8984375
vt 0.0078125 0.90234375
vt 0.01171875 0.90234375
f 618/1857 617/1858 621/1859 622/1860
vt 0.015625 0.90234375
vt 0.01171875 0.90234375
vt 0.01171875 0.8984375
vt 0.015625 0.8984375
f 623/1861 624/1862 620/1863 619/1864
vt 0.01171875 0.89453125
vt 0.0078125 0.89453125
vt 0.0078125 0.8984375
vt 0.01171875 0.8984375
f 619/1865 620/1866 617/1867 618/1868
vt 0.01953125 0.89453125
vt 0.015625 0.89453125
vt 0.015625 0.8984375
vt 0.01953125 0.8984375
f 624/1869 623/1870 622/1871 621/1872
o baseModel78
v -5.795555 12 -1.552914
v -4.829629 12 -1.294095
v -4.829629 11 -1.294095
v -5.795555 11 -1.552914
v -6.054374 12 -0.5869885
v -5.088448 12 -0.3281695
v -5.088448 11 -0.3281695
v -6.054374 11 -0.5869885
vt 0.671875 0.89453125
vt 0.66796875 0.89453125
vt 0.66796875 0.8984375
vt 0.671875 0.8984375
f 631/1873 627/1874 626/1875 630/1876
vt 0.6640625 0.89453125
vt 0.66015625 0.89453125
vt 0.66015625 0.8984375
vt 0.6640625 0.8984375
f 628/1877 632/1878 629/1879 625/1880
vt 0.66796875 0.8984375
vt 0.6640625 0.8984375
vt 0.6640625 0.90234375
vt 0.66796875 0.90234375
f 626/1881 625/1882 629/1883 630/1884
vt 0.671875 0.90234375
vt 0.66796875 0.90234375
vt 0.66796875 0.8984375
vt 0.671875 0.8984375
f 631/1885 632/1886 628/1887 627/1888
vt 0.66796875 0.89453125
vt 0.6640625 0.89453125
vt 0.6640625 0.8984375
vt 0.66796875 0.8984375
f 627/1889 628/1890 625/1891 626/1892
vt 0.67578125 0.89453125
vt 0.671875 0.89453125
vt 0.671875 0.8984375
vt 0.67578125 0.8984375
f 632/1893 631/1894 630/1895 629/1896
o baseModel79
v -5.497468 18.01966 3.130164
v -4.531542 18.01966 3.388983
v -2.219533 16.92283 -5.23955
v -3.185459 16.92283 -5.49837
v -5.52901 17.02711 3.247881
v -4.563084 17.02711 3.5067
v -2.251075 15.93029 -5.121833
v -3.217001 15.93029 -5.380653
vt 0.984375 0.83203125
vt 0.98046875 0.83203125
vt 0.98046875 0.8671875
vt 0.984375 0.8671875
f 639/1897 635/1898 634/1899 638/1900
vt 0.9765625 0.83203125
vt 0.97265625 0.83203125
vt 0.97265625 0.8671875
vt 0.9765625 0.8671875
f 636/1901 640/1902 637/1903 633/1904
vt 0.98046875 0.8671875
vt 0.9765625 0.8671875
vt 0.9765625 0.87109375
vt 0.98046875 0.87109375
f 634/1905 633/1906 637/1907 638/1908
vt 0.984375 0.87109375
vt 0.98046875 0.87109375
vt 0.98046875 0.8671875
vt 0.984375 0.8671875
f 639/1909 640/1910 636/1911 635/1912
vt 0.98046875 0.83203125
vt 0.9765625 0.83203125
vt 0.9765625 0.8671875
vt 0.98046875 0.8671875
f 635/1913 636/1914 633/1915 634/1916
vt 0.98828125 0.83203125
vt 0.984375 0.83203125
vt 0.984375 0.8671875
vt 0.98828125 0.8671875
f 640/1917 639/1918 638/1919 637/1920
o baseModel80
v 2.229939 18.01966 5.200716
v 3.195865 18.01966 5.459535
v 5.507873 16.92283 -3.168998
v 4.541948 16.92283 -3.427817
v 2.198397 17.02711 5.318433
v 3.164323 17.02711 5.577252
v 5.476331 15.93029 -3.051281
v 4.510405 15.93029 -3.3101
vt 0.015625 0.76953125
vt 0.01171875 0.76953125
vt 0.01171875 0.8046875
vt 0.015625 0.8046875
f 647/1921 643/1922 642/1923 646/1924
vt 0.0078125 0.76953125
vt 0.00390625 0.76953125
vt 0.00390625 0.8046875
vt 0.0078125 0.8046875
f 644/1925 648/1926 645/1927 641/1928
vt 0.01171875 0.8046875
vt 0.0078125 0.8046875
vt 0.0078125 0.80859375
vt 0.01171875 0.80859375
f 642/1929 641/1930 645/1931 646/1932
vt 0.015625 0.80859375
vt 0.01171875 0.80859375
vt 0.01171875 0.8046875
vt 0.015625 0.8046875
f 647/1933 648/1934 644/1935 643/1936
vt 0.01171875 0.76953125
vt 0.0078125 0.76953125
vt 0.0078125 0.8046875
vt 0.01171875 0.8046875
f 643/1937 644/1938 641/1939 642/1940
vt 0.01953125 0.76953125
vt 0.015625 0.76953125
vt 0.015625 0.8046875
vt 0.01953125 0.8046875
f 648/1941 647/1942 646/1943 645/1944
o baseModel81
v 2.482276 25.96003 4.25898
v 3.448202 25.96003 4.517799
v 5.760211 24.8632 -4.110734
v 4.794285 24.8632 -4.369553
v 2.450734 24.96748 4.376697
v 3.41666 24.96748 4.635516
v 5.728669 23.87066 -3.993017
v 4.762743 23.87066 -4.251836
vt 0.890625 0.70703125
vt 0.88671875 0.70703125
vt 0.88671875 0.7421875
vt 0.890625 0.7421875
f 655/1945 651/1946 650/1947 654/1948
vt 0.8828125 0.70703125
vt 0.87890625 0.70703125
vt 0.87890625 0.7421875
vt 0.8828125 0.7421875
f 652/1949 656/1950 653/1951 649/1952
vt 0.88671875 0.7421875
vt 0.8828125 0.7421875
vt 0.8828125 0.74609375
vt 0.88671875 0.74609375
f 650/1953 649/1954 653/1955 654/1956
vt 0.890625 0.74609375
vt 0.88671875 0.74609375
vt 0.88671875 0.7421875
vt 0.890625 0.7421875
f 655/1957 656/1958 652/1959 651/1960
vt 0.88671875 0.70703125
vt 0.8828125 0.70703125
vt 0.8828125 0.7421875
vt 0.88671875 0.7421875
f 651/1961 652/1962 649/1963 650/1964
vt 0.89453125 0.70703125
vt 0.890625 0.70703125
vt 0.890625 0.7421875
vt 0.89453125 0.7421875
f 656/1965 655/1966 654/1967 653/1968
o baseModel82
v -5.24513 25.96003 2.188428
v -4.279204 25.96003 2.447247
v -1.967196 24.8632 -6.181287
v -2.933122 24.8632 -6.440106
v -5.276672 24.96748 2.306145
v -4.310747 24.96748 2.564964
v -1.998738 23.87066 -6.06357
v -2.964664 23.87066 -6.322389
vt 0.984375 0.67578125
vt 0.98046875 0.67578125
vt 0.98046875 0.7109375
vt 0.984375 0.7109375
f 663/1969 659/1970 658/1971 662/1972
vt 0.9765625 0.67578125
vt 0.97265625 0.67578125
vt 0.97265625 0.7109375
vt 0.9765625 0.7109375
f 660/1973 664/1974 661/1975 657/1976
vt 0.98046875 0.7109375
vt 0.9765625 0.7109375
vt 0.9765625 0.71484375
vt 0.98046875 0.71484375
f 658/1977 657/1978 661/1979 662/1980
vt 0.984375 0.71484375
vt 0.98046875 0.71484375
vt 0.98046875 0.7109375
vt 0.984375 0.7109375
f 663/1981 664/1982 660/1983 659/1984
vt 0.98046875 0.67578125
vt 0.9765625 0.67578125
vt 0.9765625 0.7109375
vt 0.98046875 0.7109375
f 659/1985 660/1986 657/1987 658/1988
vt 0.98828125 0.67578125
vt 0.984375 0.67578125
vt 0.984375 0.7109375
vt 0.98828125 0.7109375
f 664/1989 663/1990 662/1991 661/1992
o baseModel83
v 5.595966 20.87831 2.297789
v 12.35745 20.87831 4.109522
v 12.42966 16.88805 3.840004
v 5.668184 16.88805 2.028271
v 5.337778 20.80855 3.261362
v 12.09926 20.80855 5.073095
v 12.17148 16.8183 4.803577
v 5.409995 16.8183 2.991843
vt 0.6328125 0.6640625
vt 0.62890625 0.6640625
vt 0.62890625 0.6796875
vt 0.6328125 0.6796875
f 671/1993 667/1994 666/1995 670/1996
vt 0.6015625 0.6640625
vt 0.59765625 0.6640625
vt 0.59765625 0.6796875
vt 0.6015625 0.6796875
f 668/1997 672/1998 669/1999 665/2000
vt 0.62890625 0.6796875
vt 0.6015625 0.6796875
vt 0.6015625 0.68359375
vt 0.62890625 0.68359375
f 666/2001 665/2002 669/2003 670/2004
vt 0.65625 0.68359375
vt 0.62890625 0.68359375
vt 0.62890625 0.6796875
vt 0.65625 0.6796875
f 671/2005 672/2006 668/2007 667/2008
vt 0.62890625 0.6640625
vt 0.6015625 0.6640625
vt 0.6015625 0.6796875
vt 0.62890625 0.6796875
f 667/2009 668/2010 665/2011 666/2012
vt 0.66015625 0.6640625
vt 0.6328125 0.6640625
vt 0.6328125 0.6796875
vt 0.66015625 0.6796875
f 672/2013 671/2014 670/2015 669/2016
o baseModel84
v -4.643991 9.750154 -9.714311
v 8.87897 9.750154 -6.090844
v 8.901528 8.753959 -6.17503
v -4.621434 8.753959 -9.798497
v -5.933162 9.314375 -4.90306
v 7.589799 9.314375 -1.279594
v 7.612357 8.318181 -1.363779
v -5.910605 8.318181 -4.987246
vt 0.22265625 0.62890625
vt 0.203125 0.62890625
vt 0.203125 0.6328125
vt 0.22265625 0.6328125
f 679/2017 675/2018 674/2019 678/2020
vt 0.1484375 0.62890625
vt 0.12890625 0.62890625
vt 0.12890625 0.6328125
vt 0.1484375 0.6328125
f 676/2021 680/2022 677/2023 673/2024
vt 0.203125 0.6328125
vt 0.1484375 0.6328125
vt 0.1484375 0.65234375
vt 0.203125 0.65234375
f 674/2025 673/2026 677/2027 678/2028
vt 0.2578125 0.65234375
vt 0.203125 0.65234375
vt 0.203125 0.6328125
vt 0.2578125 0.6328125
f 679/2029 680/2030 676/2031 675/2032
vt 0.203125 0.62890625
vt 0.1484375 0.62890625
vt 0.1484375 0.6328125
vt 0.203125 0.6328125
f 675/2033 676/2034 673/2035 674/2036
vt 0.27734375 0.62890625
vt 0.22265625 0.62890625
vt 0.22265625 0.6328125
vt 0.27734375 0.6328125
f 680/2037 679/2038 678/2039 677/2040
o baseModel85
v 1 10 -25
v 2 10 -25
v 2 9 -25
v 1 9 -25
v 1 10 -21
v 2 10 -21
v 2 9 -21
v 1 9 -21
vt 0.1328125 0.9453125
vt 0.1171875 0.9453125
vt 0.1171875 0.94921875
vt 0.1328125 0.94921875
f 687/2041 683/2042 682/2043 686/2044
vt 0.11328125 0.9453125
vt 0.09765625 0.9453125
vt 0.09765625 0.94921875
vt 0.11328125 0.94921875
f 684/2045 688/2046 685/2047 681/2048
vt 0.1171875 0.94921875
vt 0.11328125 0.94921875
vt 0.11328125 0.96484375
vt 0.1171875 0.96484375
f 682/2049 681/2050 685/2051 686/2052
vt 0.12109375 0.96484375
vt 0.1171875 0.96484375
vt 0.1171875 0.94921875
vt 0.12109375 0.94921875
f 687/2053 688/2054 684/2055 683/2056
vt 0.1171875 0.9453125
vt 0.11328125 0.9453125
vt 0.11328125 0.94921875
vt 0.1171875 0.94921875
f 683/2057 684/2058 681/2059 682/2060
vt 0.13671875 0.9453125
vt 0.1328125 0.9453125
vt 0.1328125 0.94921875
vt 0.13671875 0.94921875
f 688/2061 687/2062 686/2063 685/2064
o baseModel86
v -2 10 -25
v -1 10 -25
v -1 9 -25
v -2 9 -25
v -2 10 -21
v -1 10 -21
v -1 9 -21
v -2 9 -21
vt 0.1953125 0.9453125
vt 0.1796875 0.9453125
vt 0.1796875 0.94921875
vt 0.1953125 0.94921875
f 695/2065 691/2066 690/2067 694/2068
vt 0.17578125 0.9453125
vt 0.16015625 0.9453125
vt 0.16015625 0.94921875
vt 0.17578125 0.94921875
f 692/2069 696/2070 693/2071 689/2072
vt 0.1796875 0.94921875
vt 0.17578125 0.94921875
vt 0.17578125 0.96484375
vt 0.1796875 0.96484375
f 690/2073 689/2074 693/2075 694/2076
vt 0.18359375 0.96484375
vt 0.1796875 0.96484375
vt 0.1796875 0.94921875
vt 0.18359375 0.94921875
f 695/2077 696/2078 692/2079 691/2080
vt 0.1796875 0.9453125
vt 0.17578125 0.9453125
vt 0.17578125 0.94921875
vt 0.1796875 0.94921875
f 691/2081 692/2082 689/2083 690/2084
vt 0.19921875 0.9453125
vt 0.1953125 0.9453125
vt 0.1953125 0.94921875
vt 0.19921875 0.94921875
f 696/2085 695/2086 694/2087 693/2088
o baseModel87
v -1 10 -25
v 1 10 -25
v 1 9 -25
v -1 9 -25
v -1 10 -24
v 1 10 -24
v 1 9 -24
v -1 9 -24
vt 0.55078125 0.86328125
vt 0.546875 0.86328125
vt 0.546875 0.8671875
vt 0.55078125 0.8671875
f 703/2089 699/2090 698/2091 702/2092
vt 0.5390625 0.86328125
vt 0.53515625 0.86328125
vt 0.53515625 0.8671875
vt 0.5390625 0.8671875
f 700/2093 704/2094 701/2095 697/2096
vt 0.546875 0.8671875
vt 0.5390625 0.8671875
vt 0.5390625 0.87109375
vt 0.546875 0.87109375
f 698/2097 697/2098 701/2099 702/2100
vt 0.5546875 0.87109375
vt 0.546875 0.87109375
vt 0.546875 0.8671875
vt 0.5546875 0.8671875
f 703/2101 704/2102 700/2103 699/2104
vt 0.546875 0.86328125
vt 0.5390625 0.86328125
vt 0.5390625 0.8671875
vt 0.546875 0.8671875
f 699/2105 700/2106 697/2107 698/2108
vt 0.55859375 0.86328125
vt 0.55078125 0.86328125
vt 0.55078125 0.8671875
vt 0.55859375 0.8671875
f 704/2109 703/2110 702/2111 701/2112
o baseModel88
v -1 7.4 -24
v 1 7.4 -24
v 1 6.421852 -23.79209
v -1 6.421852 -23.79209
v -1 8.023735 -21.06556
v 1 8.023735 -21.06556
v 1 7.045587 -20.85765
v -1 7.045587 -20.85765
vt 0.62890625 0.85546875
vt 0.6171875 0.85546875
vt 0.6171875 0.859375
vt 0.62890625 0.859375
f 711/2113 707/2114 706/2115 710/2116
vt 0.609375 0.85546875
vt 0.59765625 0.85546875
vt 0.59765625 0.859375
vt 0.609375 0.859375
f 708/2117 712/2118 709/2119 705/2120
vt 0.6171875 0.859375
vt 0.609375 0.859375
vt 0.609375 0.87109375
vt 0.6171875 0.87109375
f 706/2121 705/2122 709/2123 710/2124
vt 0.625 0.87109375
vt 0.6171875 0.87109375
vt 0.6171875 0.859375
vt 0.625 0.859375
f 711/2125 712/2126 708/2127 707/2128
vt 0.6171875 0.85546875
vt 0.609375 0.85546875
vt 0.609375 0.859375
vt 0.6171875 0.859375
f 707/2129 708/2130 705/2131 706/2132
vt 0.63671875 0.85546875
vt 0.62890625 0.85546875
vt 0.62890625 0.859375
vt 0.63671875 0.859375
f 712/2133 711/2134 710/2135 709/2136
o baseModel89
v -9 11 -22
v 9 11 -22
v 9 7 -22
v -9 7 -22
v -9 11 -20
v 9 11 -20
v 9 7 -20
v -9 7 -20
vt 0.55859375 0.62890625
vt 0.55078125 0.62890625
vt 0.55078125 0.64453125
vt 0.55859375 0.64453125
f 719/2137 715/2138 714/2139 718/2140
vt 0.48046875 0.62890625
vt 0.47265625 0.62890625
vt 0.47265625 0.64453125
vt 0.48046875 0.64453125
f 716/2141 720/2142 717/2143 713/2144
vt 0.55078125 0.64453125
vt 0.48046875 0.64453125
vt 0.48046875 0.65234375
vt 0.55078125 0.65234375
f 714/2145 713/2146 717/2147 718/2148
vt 0.62109375 0.65234375
vt 0.55078125 0.65234375
vt 0.55078125 0.64453125
vt 0.62109375 0.64453125
f 719/2149 720/2150 716/2151 715/2152
vt 0.55078125 0.62890625
vt 0.48046875 0.62890625
vt 0.48046875 0.64453125
vt 0.55078125 0.64453125
f 715/2153 716/2154 713/2155 714/2156
vt 0.62890625 0.62890625
vt 0.55859375 0.62890625
vt 0.55859375 0.64453125
vt 0.62890625 0.64453125
f 720/2157 719/2158 718/2159 717/2160
o baseModel90
v -9 11 -20
v 9 11 -20
v 9 10.18085 -20.57358
v -9 10.18085 -20.57358
v -9 6.984965 -14.26594
v 9 6.984965 -14.26594
v 9 6.165813 -14.83951
v -9 6.165813 -14.83951
vt 0.75390625 0.62109375
vt 0.7265625 0.62109375
vt 0.7265625 0.625
vt 0.75390625 0.625
f 727/2161 723/2162 722/2163 726/2164
vt 0.65625 0.62109375
vt 0.62890625 0.62109375
vt 0.62890625 0.625
vt 0.65625 0.625
f 724/2165 728/2166 725/2167 721/2168
vt 0.7265625 0.625
vt 0.65625 0.625
vt 0.65625 0.65234375
vt 0.7265625 0.65234375
f 722/2169 721/2170 725/2171 726/2172
vt 0.796875 0.65234375
vt 0.7265625 0.65234375
vt 0.7265625 0.625
vt 0.796875 0.625
f 727/2173 728/2174 724/2175 723/2176
vt 0.7265625 0.62109375
vt 0.65625 0.62109375
vt 0.65625 0.625
vt 0.7265625 0.625
f 723/2177 724/2178 721/2179 722/2180
vt 0.82421875 0.62109375
vt 0.75390625 0.62109375
vt 0.75390625 0.625
vt 0.82421875 0.625
f 728/2181 727/2182 726/2183 725/2184
o baseModel91
v -9 11 20
v 9 11 20
v 9 7 20
v -9 7 20
v -9 11 22
v 9 11 22
v 9 7 22
v -9 7 22
vt 0.90234375 0.62890625
vt 0.89453125 0.62890625
vt 0.89453125 0.64453125
vt 0.90234375 0.64453125
f 735/2185 731/2186 730/2187 734/2188
vt 0.82421875 0.62890625
vt 0.81640625 0.62890625
vt 0.81640625 0.64453125
vt 0.82421875 0.64453125
f 732/2189 736/2190 733/2191 729/2192
vt 0.89453125 0.64453125
vt 0.82421875 0.64453125
vt 0.82421875 0.65234375
vt 0.89453125 0.65234375
f 730/2193 729/2194 733/2195 734/2196
vt 0.96484375 0.65234375
vt 0.89453125 0.65234375
vt 0.89453125 0.64453125
vt 0.96484375 0.64453125
f 735/2197 736/2198 732/2199 731/2200
vt 0.89453125 0.62890625
vt 0.82421875 0.62890625
vt 0.82421875 0.64453125
vt 0.89453125 0.64453125
f 731/2201 732/2202 729/2203 730/2204
vt 0.97265625 0.62890625
vt 0.90234375 0.62890625
vt 0.90234375 0.64453125
vt 0.97265625 0.64453125
f 736/2205 735/2206 734/2207 733/2208
o baseModel92
v -9 6.984965 14.26594
v 9 6.984965 14.26594
v 9 6.165813 14.83951
v -9 6.165813 14.83951
v -9 11 20
v 9 11 20
v 9 10.18085 20.57358
v -9 10.18085 20.57358
vt 0.12890625 0.58984375
vt 0.1015625 0.58984375
vt 0.1015625 0.59375
vt 0.12890625 0.59375
f 743/2209 739/2210 738/2211 742/2212
vt 0.03125 0.58984375
vt 0.00390625 0.58984375
vt 0.00390625 0.59375
vt 0.03125 0.59375
f 740/2213 744/2214 741/2215 737/2216
vt 0.1015625 0.59375
vt 0.03125 0.59375
vt 0.03125 0.62109375
vt 0.1015625 0.62109375
f 738/2217 737/2218 741/2219 742/2220
vt 0.171875 0.62109375
vt 0.1015625 0.62109375
vt 0.1015625 0.59375
vt 0.171875 0.59375
f 743/2221 744/2222 740/2223 739/2224
vt 0.1015625 0.58984375
vt 0.03125 0.58984375
vt 0.03125 0.59375
vt 0.1015625 0.59375
f 739/2225 740/2226 737/2227 738/2228
vt 0.19921875 0.58984375
vt 0.12890625 0.58984375
vt 0.12890625 0.59375
vt 0.19921875 0.59375
f 744/2229 743/2230 742/2231 741/2232
o baseModel93
v -18 3 -9
v -13 3 -9
v -13 2 -9
v -18 2 -9
v -18 3 9
v -13 3 9
v -13 2 9
v -18 2 9
vt 0.3828125 0.578125
vt 0.3125 0.578125
vt 0.3125 0.58203125
vt 0.3828125 0.58203125
f 751/2233 747/2234 746/2235 750/2236
vt 0.29296875 0.578125
vt 0.22265625 0.578125
vt 0.22265625 0.58203125
vt 0.29296875 0.58203125
f 748/2237 752/2238 749/2239 745/2240
vt 0.3125 0.58203125
vt 0.29296875 0.58203125
vt 0.29296875 0.65234375
vt 0.3125 0.65234375
f 746/2241 745/2242 749/2243 750/2244
vt 0.33203125 0.65234375
vt 0.3125 0.65234375
vt 0.3125 0.58203125
vt 0.33203125 0.58203125
f 751/2245 752/2246 748/2247 747/2248
vt 0.3125 0.578125
vt 0.29296875 0.578125
vt 0.29296875 0.58203125
vt 0.3125 0.58203125
f 747/2249 748/2250 745/2251 746/2252
vt 0.40234375 0.578125
vt 0.3828125 0.578125
vt 0.3828125 0.58203125
vt 0.40234375 0.58203125
f 752/2253 751/2254 750/2255 749/2256
o baseModel94
v -14 5 -8
v -13 5 -8
v -13 3 -8
v -14 3 -8
v -14 5 -6
v -13 5 -6
v -13 3 -6
v -14 3 -6
vt 0.4609375 0.79296875
vt 0.453125 0.79296875
vt 0.453125 0.80078125
vt 0.4609375 0.80078125
f 759/2257 755/2258 754/2259 758/2260
vt 0.44921875 0.79296875
vt 0.44140625 0.79296875
vt 0.44140625 0.80078125
vt 0.44921875 0.80078125
f 756/2261 760/2262 757/2263 753/2264
vt 0.453125 0.80078125
vt 0.44921875 0.80078125
vt 0.44921875 0.80859375
vt 0.453125 0.80859375
f 754/2265 753/2266 757/2267 758/2268
vt 0.45703125 0.80859375
vt 0.453125 0.80859375
vt 0.453125 0.80078125
vt 0.45703125 0.80078125
f 759/2269 760/2270 756/2271 755/2272
vt 0.453125 0.79296875
vt 0.44921875 0.79296875
vt 0.44921875 0.80078125
vt 0.453125 0.80078125
f 755/2273 756/2274 753/2275 754/2276
vt 0.46484375 0.79296875
vt 0.4609375 0.79296875
vt 0.4609375 0.80078125
vt 0.46484375 0.80078125
f 760/2277 759/2278 758/2279 757/2280
o baseModel95
v -14 5 6
v -13 5 6
v -13 3 6
v -14 3 6
v -14 5 8
v -13 5 8
v -13 3 8
v -14 3 8
vt 0.5234375 0.79296875
vt 0.515625 0.79296875
vt 0.515625 0.80078125
vt 0.5234375 0.80078125
f 767/2281 763/2282 762/2283 766/2284
vt 0.51171875 0.79296875
vt 0.50390625 0.79296875
vt 0.50390625 0.80078125
vt 0.51171875 0.80078125
f 764/2285 768/2286 765/2287 761/2288
vt 0.515625 0.80078125
vt 0.51171875 0.80078125
vt 0.51171875 0.80859375
vt 0.515625 0.80859375
f 762/2289 761/2290 765/2291 766/2292
vt 0.51953125 0.80859375
vt 0.515625 0.80859375
vt 0.515625 0.80078125
vt 0.51953125 0.80078125
f 767/2293 768/2294 764/2295 763/2296
vt 0.515625 0.79296875
vt 0.51171875 0.79296875
vt 0.51171875 0.80078125
vt 0.515625 0.80078125
f 763/2297 764/2298 761/2299 762/2300
vt 0.52734375 0.79296875
vt 0.5234375 0.79296875
vt 0.5234375 0.80078125
vt 0.52734375 0.80078125
f 768/2301 767/2302 766/2303 765/2304
o baseModel96
v -15 7 -8
v -10 7 -8
v -10 5 -8
v -15 5 -8
v -15 7 8
v -10 7 8
v -10 5 8
v -15 5 8
vt 0.4921875 0.55078125
vt 0.4296875 0.55078125
vt 0.4296875 0.55859375
vt 0.4921875 0.55859375
f 775/2305 771/2306 770/2307 774/2308
vt 0.41015625 0.55078125
vt 0.34765625 0.55078125
vt 0.34765625 0.55859375
vt 0.41015625 0.55859375
f 772/2309 776/2310 773/2311 769/2312
vt 0.4296875 0.55859375
vt 0.41015625 0.55859375
vt 0.41015625 0.62109375
vt 0.4296875 0.62109375
f 770/2313 769/2314 773/2315 774/2316
vt 0.44921875 0.62109375
vt 0.4296875 0.62109375
vt 0.4296875 0.55859375
vt 0.44921875 0.55859375
f 775/2317 776/2318 772/2319 771/2320
vt 0.4296875 0.55078125
vt 0.41015625 0.55078125
vt 0.41015625 0.55859375
vt 0.4296875 0.55859375
f 771/2321 772/2322 769/2323 770/2324
vt 0.51171875 0.55078125
vt 0.4921875 0.55078125
vt 0.4921875 0.55859375
vt 0.51171875 0.55859375
f 776/2325 775/2326 774/2327 773/2328
o baseModel97
v -20.143 6.99 -11.09023
v -18.59789 6.99 -13.66173
v -18.59789 4.99 -13.66173
v -20.143 4.99 -11.09023
v -15 6.99 -8
v -13.45489 6.99 -10.5715
v -13.45489 4.99 -10.5715
v -15 4.99 -8
vt 0.53125 0.58984375
vt 0.5078125 0.58984375
vt 0.5078125 0.59765625
vt 0.53125 0.59765625
f 783/2329 779/2330 778/2331 782/2332
vt 0.49609375 0.58984375
vt 0.47265625 0.58984375
vt 0.47265625 0.59765625
vt 0.49609375 0.59765625
f 780/2333 784/2334 781/2335 777/2336
vt 0.5078125 0.59765625
vt 0.49609375 0.59765625
vt 0.49609375 0.62109375
vt 0.5078125 0.62109375
f 778/2337 777/2338 781/2339 782/2340
vt 0.51953125 0.62109375
vt 0.5078125 0.62109375
vt 0.5078125 0.59765625
vt 0.51953125 0.59765625
f 783/2341 784/2342 780/2343 779/2344
vt 0.5078125 0.58984375
vt 0.49609375 0.58984375
vt 0.49609375 0.59765625
vt 0.5078125 0.59765625
f 779/2345 780/2346 777/2347 778/2348
vt 0.54296875 0.58984375
vt 0.53125 0.58984375
vt 0.53125 0.59765625
vt 0.54296875 0.59765625
f 784/2349 783/2350 782/2351 781/2352
o baseModel98
v -15 6.99 8
v -13.45489 6.99 10.5715
v -13.45489 4.99 10.5715
v -15 4.99 8
v -20.143 6.99 11.09023
v -18.59789 6.99 13.66173
v -18.59789 4.99 13.66173
v -20.143 4.99 11.09023
vt 0.625 0.58984375
vt 0.6015625 0.58984375
vt 0.6015625 0.59765625
vt 0.625 0.59765625
f 791/2353 787/2354 786/2355 790/2356
vt 0.58984375 0.58984375
vt 0.56640625 0.58984375
vt 0.56640625 0.59765625
vt 0.58984375 0.59765625
f 788/2357 792/2358 789/2359 785/2360
vt 0.6015625 0.59765625
vt 0.58984375 0.59765625
vt 0.58984375 0.62109375
vt 0.6015625 0.62109375
f 786/2361 785/2362 789/2363 790/2364
vt 0.61328125 0.62109375
vt 0.6015625 0.62109375
vt 0.6015625 0.59765625
vt 0.61328125 0.59765625
f 791/2365 792/2366 788/2367 787/2368
vt 0.6015625 0.58984375
vt 0.58984375 0.58984375
vt 0.58984375 0.59765625
vt 0.6015625 0.59765625
f 787/2369 788/2370 785/2371 786/2372
vt 0.63671875 0.58984375
vt 0.625 0.58984375
vt 0.625 0.59765625
vt 0.63671875 0.59765625
f 792/2373 791/2374 790/2375 789/2376
o baseModel99
v 13.45489 6.99 10.5715
v 15 6.99 8
v 15 4.99 8
v 13.45489 4.99 10.5715
v 18.59789 6.99 13.66173
v 20.143 6.99 11.09023
v 20.143 4.99 11.09023
v 18.59789 4.99 13.66173
vt 0.875 0.58984375
vt 0.8515625 0.58984375
vt 0.8515625 0.59765625
vt 0.875 0.59765625
f 799/2377 795/2378 794/2379 798/2380
vt 0.83984375 0.58984375
vt 0.81640625 0.58984375
vt 0.81640625 0.59765625
vt 0.83984375 0.59765625
f 796/2381 800/2382 797/2383 793/2384
vt 0.8515625 0.59765625
vt 0.83984375 0.59765625
vt 0.83984375 0.62109375
vt 0.8515625 0.62109375
f 794/2385 793/2386 797/2387 798/2388
vt 0.86328125 0.62109375
vt 0.8515625 0.62109375
vt 0.8515625 0.59765625
vt 0.86328125 0.59765625
f 799/2389 800/2390 796/2391 795/2392
vt 0.8515625 0.58984375
vt 0.83984375 0.58984375
vt 0.83984375 0.59765625
vt 0.8515625 0.59765625
f 795/2393 796/2394 793/2395 794/2396
vt 0.88671875 0.58984375
vt 0.875 0.58984375
vt 0.875 0.59765625
vt 0.88671875 0.59765625
f 800/2397 799/2398 798/2399 797/2400
o baseModel100
v 18.59789 6.99 -13.66173
v 20.143 6.99 -11.09023
v 20.143 4.99 -11.09023
v 18.59789 4.99 -13.66173
v 13.45489 6.99 -10.5715
v 15 6.99 -8
v 15 4.99 -8
v 13.45489 4.99 -10.5715
vt 0.96875 0.58984375
vt 0.9453125 0.58984375
vt 0.9453125 0.59765625
vt 0.96875 0.59765625
f 807/2401 803/2402 802/2403 806/2404
vt 0.93359375 0.58984375
vt 0.91015625 0.58984375
vt 0.91015625 0.59765625
vt 0.93359375 0.59765625
f 804/2405 808/2406 805/2407 801/2408
vt 0.9453125 0.59765625
vt 0.93359375 0.59765625
vt 0.93359375 0.62109375
vt 0.9453125 0.62109375
f 802/2409 801/2410 805/2411 806/2412
vt 0.95703125 0.62109375
vt 0.9453125 0.62109375
vt 0.9453125 0.59765625
vt 0.95703125 0.59765625
f 807/2413 808/2414 804/2415 803/2416
vt 0.9453125 0.58984375
vt 0.93359375 0.58984375
vt 0.93359375 0.59765625
vt 0.9453125 0.59765625
f 803/2417 804/2418 801/2419 802/2420
vt 0.98046875 0.58984375
vt 0.96875 0.58984375
vt 0.96875 0.59765625
vt 0.98046875 0.59765625
f 808/2421 807/2422 806/2423 805/2424
o baseModel101
v 13 3 -9
v 18 3 -9
v 18 2 -9
v 13 2 -9
v 13 3 9
v 18 3 9
v 18 2 9
v 13 2 9
vt 0.7578125 0.515625
vt 0.6875 0.515625
vt 0.6875 0.51953125
vt 0.7578125 0.51953125
f 815/2425 811/2426 810/2427 814/2428
vt 0.66796875 0.515625
vt 0.59765625 0.515625
vt 0.59765625 0.51953125
vt 0.66796875 0.51953125
f 812/2429 816/2430 813/2431 809/2432
vt 0.6875 0.51953125
vt 0.66796875 0.51953125
vt 0.66796875 0.58984375
vt 0.6875 0.58984375
f 810/2433 809/2434 813/2435 814/2436
vt 0.70703125 0.58984375
vt 0.6875 0.58984375
vt 0.6875 0.51953125
vt 0.70703125 0.51953125
f 815/2437 816/2438 812/2439 811/2440
vt 0.6875 0.515625
vt 0.66796875 0.515625
vt 0.66796875 0.51953125
vt 0.6875 0.51953125
f 811/2441 812/2442 809/2443 810/2444
vt 0.77734375 0.515625
vt 0.7578125 0.515625
vt 0.7578125 0.51953125
vt 0.77734375 0.51953125
f 816/2445 815/2446 814/2447 813/2448
o baseModel102
v 13 5 -8
v 14 5 -8
v 14 3 -8
v 13 3 -8
v 13 5 -6
v 14 5 -6
v 14 3 -6
v 13 3 -6
vt 0.9296875 0.79296875
vt 0.921875 0.79296875
vt 0.921875 0.80078125
vt 0.9296875 0.80078125
f 823/2449 819/2450 818/2451 822/2452
vt 0.91796875 0.79296875
vt 0.91015625 0.79296875
vt 0.91015625 0.80078125
vt 0.91796875 0.80078125
f 820/2453 824/2454 821/2455 817/2456
vt 0.921875 0.80078125
vt 0.91796875 0.80078125
vt 0.91796875 0.80859375
vt 0.921875 0.80859375
f 818/2457 817/2458 821/2459 822/2460
vt 0.92578125 0.80859375
vt 0.921875 0.80859375
vt 0.921875 0.80078125
vt 0.92578125 0.80078125
f 823/2461 824/2462 820/2463 819/2464
vt 0.921875 0.79296875
vt 0.91796875 0.79296875
vt 0.91796875 0.80078125
vt 0.921875 0.80078125
f 819/2465 820/2466 817/2467 818/2468
vt 0.93359375 0.79296875
vt 0.9296875 0.79296875
vt 0.9296875 0.80078125
vt 0.93359375 0.80078125
f 824/2469 823/2470 822/2471 821/2472
o baseModel103
v 10 7 -8
v 15 7 -8
v 15 5 -8
v 10 5 -8
v 10 7 8
v 15 7 8
v 15 5 8
v 10 5 8
vt 0.1484375 0.48828125
vt 0.0859375 0.48828125
vt 0.0859375 0.49609375
vt 0.1484375 0.49609375
f 831/2473 827/2474 826/2475 830/2476
vt 0.06640625 0.48828125
vt 0.00390625 0.48828125
vt 0.00390625 0.49609375
vt 0.06640625 0.49609375
f 828/2477 832/2478 829/2479 825/2480
vt 0.0859375 0.49609375
vt 0.06640625 0.49609375
vt 0.06640625 0.55859375
vt 0.0859375 0.55859375
f 826/2481 825/2482 829/2483 830/2484
vt 0.10546875 0.55859375
vt 0.0859375 0.55859375
vt 0.0859375 0.49609375
vt 0.10546875 0.49609375
f 831/2485 832/2486 828/2487 827/2488
vt 0.0859375 0.48828125
vt 0.06640625 0.48828125
vt 0.06640625 0.49609375
vt 0.0859375 0.49609375
f 827/2489 828/2490 825/2491 826/2492
vt 0.16796875 0.48828125
vt 0.1484375 0.48828125
vt 0.1484375 0.49609375
vt 0.16796875 0.49609375
f 832/2493 831/2494 830/2495 829/2496
o baseModel104
v 13 5 6
v 14 5 6
v 14 3 6
v 13 3 6
v 13 5 8
v 14 5 8
v 14 3 8
v 13 3 8
vt 0.9921875 0.79296875
vt 0.984375 0.79296875
vt 0.984375 0.80078125
vt 0.9921875 0.80078125
f 839/2497 835/2498 834/2499 838/2500
vt 0.98046875 0.79296875
vt 0.97265625 0.79296875
vt 0.97265625 0.80078125
vt 0.98046875 0.80078125
f 836/2501 840/2502 837/2503 833/2504
vt 0.984375 0.80078125
vt 0.98046875 0.80078125
vt 0.98046875 0.80859375
vt 0.984375 0.80859375
f 834/2505 833/2506 837/2507 838/2508
vt 0.98828125 0.80859375
vt 0.984375 0.80859375
vt 0.984375 0.80078125
vt 0.98828125 0.80078125
f 839/2509 840/2510 836/2511 835/2512
vt 0.984375 0.79296875
vt 0.98046875 0.79296875
vt 0.98046875 0.80078125
vt 0.984375 0.80078125
f 835/2513 836/2514 833/2515 834/2516
vt 0.99609375 0.79296875
vt 0.9921875 0.79296875
vt 0.9921875 0.80078125
vt 0.99609375 0.80078125
f 840/2517 839/2518 838/2519 837/2520
o baseModel105
v -3.420231 9.83731 -10.41774
v 8.170879 9.83731 -7.311914
v 8.193436 8.841115 -7.3961
v -3.397674 8.841115 -10.50193
v -3.678065 9.750154 -9.455492
v 7.913044 9.750154 -6.349663
v 7.935602 8.753959 -6.433849
v -3.655508 8.753959 -9.539678
vt 0.08984375 0.76953125
vt 0.0859375 0.76953125
vt 0.0859375 0.7734375
vt 0.08984375 0.7734375
f 847/2521 843/2522 842/2523 846/2524
vt 0.0390625 0.76953125
vt 0.03515625 0.76953125
vt 0.03515625 0.7734375
vt 0.0390625 0.7734375
f 844/2525 848/2526 845/2527 841/2528
vt 0.0859375 0.7734375
vt 0.0390625 0.7734375
vt 0.0390625 0.77734375
vt 0.0859375 0.77734375
f 842/2529 841/2530 845/2531 846/2532
vt 0.1328125 0.77734375
vt 0.0859375 0.77734375
vt 0.0859375 0.7734375
vt 0.1328125 0.7734375
f 847/2533 848/2534 844/2535 843/2536
vt 0.0859375 0.76953125
vt 0.0390625 0.76953125
vt 0.0390625 0.7734375
vt 0.0859375 0.7734375
f 843/2537 844/2538 841/2539 842/2540
vt 0.13671875 0.76953125
vt 0.08984375 0.76953125
vt 0.08984375 0.7734375
vt 0.13671875 0.7734375
f 848/2541 847/2542 846/2543 845/2544
