# Converted from Decimation Beardie model: wreckage_var1.bmodel
# Coordinates retain the original Beardie model units.
mtllib wreckage_var1.mtl
usemtl wreckage_var1_material
o baseModel0
v 47 2.5 -12
v 51 2.5 -12
v 51 0.5 -12
v 47 0.5 -12
v 47 2.5 0
v 51 2.5 0
v 51 0.5 0
v 47 0.5 0
vt 0.056640625 0.970703125
vt 0.033203125 0.970703125
vt 0.033203125 0.974609375
vt 0.056640625 0.974609375
f 7/1 3/2 2/3 6/4
vt 0.025390625 0.970703125
vt 0.001953125 0.970703125
vt 0.001953125 0.974609375
vt 0.025390625 0.974609375
f 4/5 8/6 5/7 1/8
vt 0.033203125 0.974609375
vt 0.025390625 0.974609375
vt 0.025390625 0.998046875
vt 0.033203125 0.998046875
f 2/9 1/10 5/11 6/12
vt 0.041015625 0.998046875
vt 0.033203125 0.998046875
vt 0.033203125 0.974609375
vt 0.041015625 0.974609375
f 7/13 8/14 4/15 3/16
vt 0.033203125 0.970703125
vt 0.025390625 0.970703125
vt 0.025390625 0.974609375
vt 0.033203125 0.974609375
f 3/17 4/18 1/19 2/20
vt 0.064453125 0.970703125
vt 0.056640625 0.970703125
vt 0.056640625 0.974609375
vt 0.064453125 0.974609375
f 8/21 7/22 6/23 5/24
o baseModel1
v 25 16.5 -16
v 47 16.5 -16
v 47 0.5 -16
v 25 0.5 -16
v 25 16.5 0
v 47 16.5 0
v 47 0.5 0
v 25 0.5 0
vt 0.154296875 0.935546875
vt 0.123046875 0.935546875
vt 0.123046875 0.966796875
vt 0.154296875 0.966796875
f 15/25 11/26 10/27 14/28
vt 0.080078125 0.935546875
vt 0.048828125 0.935546875
vt 0.048828125 0.966796875
vt 0.080078125 0.966796875
f 12/29 16/30 13/31 9/32
vt 0.123046875 0.966796875
vt 0.080078125 0.966796875
vt 0.080078125 0.998046875
vt 0.123046875 0.998046875
f 10/33 9/34 13/35 14/36
vt 0.166015625 0.998046875
vt 0.123046875 0.998046875
vt 0.123046875 0.966796875
vt 0.166015625 0.966796875
f 15/37 16/38 12/39 11/40
vt 0.123046875 0.935546875
vt 0.080078125 0.935546875
vt 0.080078125 0.966796875
vt 0.123046875 0.966796875
f 11/41 12/42 9/43 10/44
vt 0.197265625 0.935546875
vt 0.154296875 0.935546875
vt 0.154296875 0.966796875
vt 0.197265625 0.966796875
f 16/45 15/46 14/47 13/48
o baseModel2
v -25 2.5 -22
v 25 2.5 -22
v 25 0.5 -22
v -25 0.5 -22
v -25 2.5 22
v 25 2.5 22
v 25 0.5 22
v -25 0.5 22
vt 0.396484375 0.908203125
vt 0.310546875 0.908203125
vt 0.310546875 0.912109375
vt 0.396484375 0.912109375
f 23/49 19/50 18/51 22/52
vt 0.212890625 0.908203125
vt 0.126953125 0.908203125
vt 0.126953125 0.912109375
vt 0.212890625 0.912109375
f 20/53 24/54 21/55 17/56
vt 0.310546875 0.912109375
vt 0.212890625 0.912109375
vt 0.212890625 0.998046875
vt 0.310546875 0.998046875
f 18/57 17/58 21/59 22/60
vt 0.408203125 0.998046875
vt 0.310546875 0.998046875
vt 0.310546875 0.912109375
vt 0.408203125 0.912109375
f 23/61 24/62 20/63 19/64
vt 0.310546875 0.908203125
vt 0.212890625 0.908203125
vt 0.212890625 0.912109375
vt 0.310546875 0.912109375
f 19/65 20/66 17/67 18/68
vt 0.494140625 0.908203125
vt 0.396484375 0.908203125
vt 0.396484375 0.912109375
vt 0.494140625 0.912109375
f 24/69 23/70 22/71 21/72
o baseModel3
v 48 18.5 -20
v 50 17.5 -18
v 51 16.5 -20
v 48 16.5 -22
v 48 18.5 -11
v 52 17.5 -11
v 53 16.5 -11
v 48 16.5 -11
vt 0.474609375 0.96875
vt 0.453125 0.96875
vt 0.453125 0.9765625
vt 0.474609375 0.9765625
f 31/73 27/74 26/75 30/76
vt 0.4453125 0.96875
vt 0.423828125 0.96875
vt 0.423828125 0.9765625
vt 0.4453125 0.9765625
f 28/77 32/78 29/79 25/80
vt 0.453125 0.9765625
vt 0.4453125 0.9765625
vt 0.4453125 0.998046875
vt 0.453125 0.998046875
f 26/81 25/82 29/83 30/84
vt 0.4609375 0.998046875
vt 0.453125 0.998046875
vt 0.453125 0.9765625
vt 0.4609375 0.9765625
f 31/85 32/86 28/87 27/88
vt 0.453125 0.96875
vt 0.4453125 0.96875
vt 0.4453125 0.9765625
vt 0.453125 0.9765625
f 27/89 28/90 25/91 26/92
vt 0.482421875 0.96875
vt 0.474609375 0.96875
vt 0.474609375 0.9765625
vt 0.482421875 0.9765625
f 32/93 31/94 30/95 29/96
o baseModel4
v 25 20.5 -20
v 48 18.5 -20
v 48 16.5 -22
v 25 16.5 -22
v 25 20.5 0
v 48 18.5 0
v 48 16.5 0
v 25 16.5 0
vt 0.5859375 0.947265625
vt 0.54296875 0.947265625
vt 0.54296875 0.955078125
vt 0.5859375 0.955078125
f 39/97 35/98 34/99 38/100
vt 0.498046875 0.947265625
vt 0.455078125 0.947265625
vt 0.455078125 0.955078125
vt 0.498046875 0.955078125
f 36/101 40/102 37/103 33/104
vt 0.54296875 0.955078125
vt 0.498046875 0.955078125
vt 0.498046875 0.998046875
vt 0.54296875 0.998046875
f 34/105 33/106 37/107 38/108
vt 0.587890625 0.998046875
vt 0.54296875 0.998046875
vt 0.54296875 0.955078125
vt 0.587890625 0.955078125
f 39/109 40/110 36/111 35/112
vt 0.54296875 0.947265625
vt 0.498046875 0.947265625
vt 0.498046875 0.955078125
vt 0.54296875 0.955078125
f 35/113 36/114 33/115 34/116
vt 0.630859375 0.947265625
vt 0.5859375 0.947265625
vt 0.5859375 0.955078125
vt 0.630859375 0.955078125
f 40/117 39/118 38/119 37/120
o baseModel5
v -25 6.5 -22
v 25 6.5 -22
v 25 2.5 -21.5
v -25 2.5 -21.5
v -25 6.5 -19
v 25 6.5 -19
v 25 2.5 -19
v -25 2.5 -19
vt 0.705078125 0.984375
vt 0.69921875 0.984375
vt 0.69921875 0.9921875
vt 0.705078125 0.9921875
f 47/121 43/122 42/123 46/124
vt 0.6015625 0.984375
vt 0.595703125 0.984375
vt 0.595703125 0.9921875
vt 0.6015625 0.9921875
f 44/125 48/126 45/127 41/128
vt 0.69921875 0.9921875
vt 0.6015625 0.9921875
vt 0.6015625 0.998046875
vt 0.69921875 0.998046875
f 42/129 41/130 45/131 46/132
vt 0.796875 0.998046875
vt 0.69921875 0.998046875
vt 0.69921875 0.9921875
vt 0.796875 0.9921875
f 47/133 48/134 44/135 43/136
vt 0.69921875 0.984375
vt 0.6015625 0.984375
vt 0.6015625 0.9921875
vt 0.69921875 0.9921875
f 43/137 44/138 41/139 42/140
vt 0.802734375 0.984375
vt 0.705078125 0.984375
vt 0.705078125 0.9921875
vt 0.802734375 0.9921875
f 48/141 47/142 46/143 45/144
o baseModel6
v 49 16.5 -21
v 50 16.5 -20
v 51 11.5 -20
v 49 11.5 -21
v 49 16.5 -12
v 51.77778 16.5 -12
v 52.77778 11.5 -12
v 49 11.5 -12
vt 0.8359375 0.97265625
vt 0.8203125 0.97265625
vt 0.8203125 0.982421875
vt 0.8359375 0.982421875
f 55/145 51/146 50/147 54/148
vt 0.814453125 0.97265625
vt 0.798828125 0.97265625
vt 0.798828125 0.982421875
vt 0.814453125 0.982421875
f 52/149 56/150 53/151 49/152
vt 0.8203125 0.982421875
vt 0.814453125 0.982421875
vt 0.814453125 0.998046875
vt 0.8203125 0.998046875
f 50/153 49/154 53/155 54/156
vt 0.826171875 0.998046875
vt 0.8203125 0.998046875
vt 0.8203125 0.982421875
vt 0.826171875 0.982421875
f 55/157 56/158 52/159 51/160
vt 0.8203125 0.97265625
vt 0.814453125 0.97265625
vt 0.814453125 0.982421875
vt 0.8203125 0.982421875
f 51/161 52/162 49/163 50/164
vt 0.841796875 0.97265625
vt 0.8359375 0.97265625
vt 0.8359375 0.982421875
vt 0.841796875 0.982421875
f 56/165 55/166 54/167 53/168
o baseModel7
v 46.5 6 -17.5
v 49.5 6 -17.5
v 49.5 4 -17.5
v 46.5 4 -17.5
v 46.5 6 -15.5
v 49.5 6 -15.5
v 49.5 4 -15.5
v 46.5 4 -15.5
vt 0.015625 0.990234375
vt 0.01171875 0.990234375
vt 0.01171875 0.994140625
vt 0.015625 0.994140625
f 63/169 59/170 58/171 62/172
vt 0.005859375 0.990234375
vt 0.001953125 0.990234375
vt 0.001953125 0.994140625
vt 0.005859375 0.994140625
f 60/173 64/174 61/175 57/176
vt 0.01171875 0.994140625
vt 0.005859375 0.994140625
vt 0.005859375 0.998046875
vt 0.01171875 0.998046875
f 58/177 57/178 61/179 62/180
vt 0.017578125 0.998046875
vt 0.01171875 0.998046875
vt 0.01171875 0.994140625
vt 0.017578125 0.994140625
f 63/181 64/182 60/183 59/184
vt 0.01171875 0.990234375
vt 0.005859375 0.990234375
vt 0.005859375 0.994140625
vt 0.01171875 0.994140625
f 59/185 60/186 57/187 58/188
vt 0.021484375 0.990234375
vt 0.015625 0.990234375
vt 0.015625 0.994140625
vt 0.021484375 0.994140625
f 64/189 63/190 62/191 61/192
o baseModel8
v 47 7.5 -21
v 53 7.5 -21
v 50 2.5 -21
v 47 2.5 -21
v 47 7.5 -18
v 53.66667 7.5 -18
v 50.66667 2.5 -18
v 47 2.5 -18
vt 0.873046875 0.982421875
vt 0.8671875 0.982421875
vt 0.8671875 0.9921875
vt 0.873046875 0.9921875
f 71/193 67/194 66/195 70/196
vt 0.8515625 0.982421875
vt 0.845703125 0.982421875
vt 0.845703125 0.9921875
vt 0.8515625 0.9921875
f 68/197 72/198 69/199 65/200
vt 0.8671875 0.9921875
vt 0.8515625 0.9921875
vt 0.8515625 0.998046875
vt 0.8671875 0.998046875
f 66/201 65/202 69/203 70/204
vt 0.8828125 0.998046875
vt 0.8671875 0.998046875
vt 0.8671875 0.9921875
vt 0.8828125 0.9921875
f 71/205 72/206 68/207 67/208
vt 0.8671875 0.982421875
vt 0.8515625 0.982421875
vt 0.8515625 0.9921875
vt 0.8671875 0.9921875
f 67/209 68/210 65/211 66/212
vt 0.888671875 0.982421875
vt 0.873046875 0.982421875
vt 0.873046875 0.9921875
vt 0.888671875 0.9921875
f 72/213 71/214 70/215 69/216
o baseModel9
v 47 3.5 -18
v 51.26667 3.5 -18
v 50.66667 2.5 -18
v 47 2.5 -18
v 47 3.5 -15
v 51.93334 3.5 -15
v 51.33334 2.5 -15
v 47 2.5 -15
vt 0.919921875 0.990234375
vt 0.9140625 0.990234375
vt 0.9140625 0.9921875
vt 0.919921875 0.9921875
f 79/217 75/218 74/219 78/220
vt 0.8984375 0.990234375
vt 0.892578125 0.990234375
vt 0.892578125 0.9921875
vt 0.8984375 0.9921875
f 76/221 80/222 77/223 73/224
vt 0.9140625 0.9921875
vt 0.8984375 0.9921875
vt 0.8984375 0.998046875
vt 0.9140625 0.998046875
f 74/225 73/226 77/227 78/228
vt 0.9296875 0.998046875
vt 0.9140625 0.998046875
vt 0.9140625 0.9921875
vt 0.9296875 0.9921875
f 79/229 80/230 76/231 75/232
vt 0.9140625 0.990234375
vt 0.8984375 0.990234375
vt 0.8984375 0.9921875
vt 0.9140625 0.9921875
f 75/233 76/234 73/235 74/236
vt 0.935546875 0.990234375
vt 0.919921875 0.990234375
vt 0.919921875 0.9921875
vt 0.935546875 0.9921875
f 80/237 79/238 78/239 77/240
o baseModel10
v 51 7.5 -18
v 53.66667 7.5 -18
v 53.06667 6.5 -18
v 51 6.5 -18
v 51 7.5 -15
v 54.33333 7.5 -15
v 53.73333 6.5 -15
v 51 6.5 -15
vt 0.068359375 0.990234375
vt 0.0625 0.990234375
vt 0.0625 0.9921875
vt 0.068359375 0.9921875
f 87/241 83/242 82/243 86/244
vt 0.0546875 0.990234375
vt 0.048828125 0.990234375
vt 0.048828125 0.9921875
vt 0.0546875 0.9921875
f 84/245 88/246 85/247 81/248
vt 0.0625 0.9921875
vt 0.0546875 0.9921875
vt 0.0546875 0.998046875
vt 0.0625 0.998046875
f 82/249 81/250 85/251 86/252
vt 0.0703125 0.998046875
vt 0.0625 0.998046875
vt 0.0625 0.9921875
vt 0.0703125 0.9921875
f 87/253 88/254 84/255 83/256
vt 0.0625 0.990234375
vt 0.0546875 0.990234375
vt 0.0546875 0.9921875
vt 0.0625 0.9921875
f 83/257 84/258 81/259 82/260
vt 0.076171875 0.990234375
vt 0.068359375 0.990234375
vt 0.068359375 0.9921875
vt 0.076171875 0.9921875
f 88/261 87/262 86/263 85/264
o baseModel11
v 47 7.5 -15
v 54.33333 7.5 -15
v 51.33333 2.5 -15
v 47 2.5 -15
v 47 7.5 -12
v 55 7.5 -12
v 52 2.5 -12
v 47 2.5 -12
vt 0.966796875 0.982421875
vt 0.9609375 0.982421875
vt 0.9609375 0.9921875
vt 0.966796875 0.9921875
f 95/265 91/266 90/267 94/268
vt 0.9453125 0.982421875
vt 0.939453125 0.982421875
vt 0.939453125 0.9921875
vt 0.9453125 0.9921875
f 92/269 96/270 93/271 89/272
vt 0.9609375 0.9921875
vt 0.9453125 0.9921875
vt 0.9453125 0.998046875
vt 0.9609375 0.998046875
f 90/273 89/274 93/275 94/276
vt 0.9765625 0.998046875
vt 0.9609375 0.998046875
vt 0.9609375 0.9921875
vt 0.9765625 0.9921875
f 95/277 96/278 92/279 91/280
vt 0.9609375 0.982421875
vt 0.9453125 0.982421875
vt 0.9453125 0.9921875
vt 0.9609375 0.9921875
f 91/281 92/282 89/283 90/284
vt 0.982421875 0.982421875
vt 0.966796875 0.982421875
vt 0.966796875 0.9921875
vt 0.982421875 0.9921875
f 96/285 95/286 94/287 93/288
o baseModel12
v 47 7.5 -12
v 55 7.5 -12
v 52 2.5 -12
v 47 2.5 -12
v 47 7.5 12
v 55 7.5 12
v 52 2.5 12
v 47 2.5 12
vt 0.705078125 0.92578125
vt 0.658203125 0.92578125
vt 0.658203125 0.935546875
vt 0.705078125 0.935546875
f 103/289 99/290 98/291 102/292
vt 0.642578125 0.92578125
vt 0.595703125 0.92578125
vt 0.595703125 0.935546875
vt 0.642578125 0.935546875
f 100/293 104/294 101/295 97/296
vt 0.658203125 0.935546875
vt 0.642578125 0.935546875
vt 0.642578125 0.982421875
vt 0.658203125 0.982421875
f 98/297 97/298 101/299 102/300
vt 0.673828125 0.982421875
vt 0.658203125 0.982421875
vt 0.658203125 0.935546875
vt 0.673828125 0.935546875
f 103/301 104/302 100/303 99/304
vt 0.658203125 0.92578125
vt 0.642578125 0.92578125
vt 0.642578125 0.935546875
vt 0.658203125 0.935546875
f 99/305 100/306 97/307 98/308
vt 0.720703125 0.92578125
vt 0.705078125 0.92578125
vt 0.705078125 0.935546875
vt 0.720703125 0.935546875
f 104/309 103/310 102/311 101/312
o baseModel13
v 47 10.5 -21
v 53 10.5 -21
v 53 7.5 -21
v 47 7.5 -21
v 47 10.5 -12
v 55 10.5 -12
v 55 7.5 -12
v 47 7.5 -12
vt 0.740234375 0.958984375
vt 0.72265625 0.958984375
vt 0.72265625 0.96484375
vt 0.740234375 0.96484375
f 111/313 107/314 106/315 110/316
vt 0.70703125 0.958984375
vt 0.689453125 0.958984375
vt 0.689453125 0.96484375
vt 0.70703125 0.96484375
f 108/317 112/318 109/319 105/320
vt 0.72265625 0.96484375
vt 0.70703125 0.96484375
vt 0.70703125 0.982421875
vt 0.72265625 0.982421875
f 106/321 105/322 109/323 110/324
vt 0.73828125 0.982421875
vt 0.72265625 0.982421875
vt 0.72265625 0.96484375
vt 0.73828125 0.96484375
f 111/325 112/326 108/327 107/328
vt 0.72265625 0.958984375
vt 0.70703125 0.958984375
vt 0.70703125 0.96484375
vt 0.72265625 0.96484375
f 107/329 108/330 105/331 106/332
vt 0.755859375 0.958984375
vt 0.740234375 0.958984375
vt 0.740234375 0.96484375
vt 0.755859375 0.96484375
f 112/333 111/334 110/335 109/336
o baseModel14
v 48 10.5 -12
v 55 10.5 -12
v 55 7.5 -12
v 48 7.5 -12
v 48 10.5 0
v 55 10.5 0
v 55 7.5 0
v 48 7.5 0
vt 0.9375 0.953125
vt 0.9140625 0.953125
vt 0.9140625 0.958984375
vt 0.9375 0.958984375
f 119/337 115/338 114/339 118/340
vt 0.900390625 0.953125
vt 0.876953125 0.953125
vt 0.876953125 0.958984375
vt 0.900390625 0.958984375
f 116/341 120/342 117/343 113/344
vt 0.9140625 0.958984375
vt 0.900390625 0.958984375
vt 0.900390625 0.982421875
vt 0.9140625 0.982421875
f 114/345 113/346 117/347 118/348
vt 0.927734375 0.982421875
vt 0.9140625 0.982421875
vt 0.9140625 0.958984375
vt 0.927734375 0.958984375
f 119/349 120/350 116/351 115/352
vt 0.9140625 0.953125
vt 0.900390625 0.953125
vt 0.900390625 0.958984375
vt 0.9140625 0.958984375
f 115/353 116/354 113/355 114/356
vt 0.951171875 0.953125
vt 0.9375 0.953125
vt 0.9375 0.958984375
vt 0.951171875 0.958984375
f 120/357 119/358 118/359 117/360
o baseModel15
v 46 7.5 -18
v 48 7.5 -18
v 48 3.5 -18
v 46 3.5 -18
v 46 7.5 -15
v 48 7.5 -15
v 48 3.5 -15
v 46 3.5 -15
vt 0.193359375 0.984375
vt 0.1875 0.984375
vt 0.1875 0.9921875
vt 0.193359375 0.9921875
f 127/361 123/362 122/363 126/364
vt 0.1796875 0.984375
vt 0.173828125 0.984375
vt 0.173828125 0.9921875
vt 0.1796875 0.9921875
f 124/365 128/366 125/367 121/368
vt 0.1875 0.9921875
vt 0.1796875 0.9921875
vt 0.1796875 0.998046875
vt 0.1875 0.998046875
f 122/369 121/370 125/371 126/372
vt 0.1953125 0.998046875
vt 0.1875 0.998046875
vt 0.1875 0.9921875
vt 0.1953125 0.9921875
f 127/373 128/374 124/375 123/376
vt 0.1875 0.984375
vt 0.1796875 0.984375
vt 0.1796875 0.9921875
vt 0.1875 0.9921875
f 123/377 124/378 121/379 122/380
vt 0.201171875 0.984375
vt 0.193359375 0.984375
vt 0.193359375 0.9921875
vt 0.201171875 0.9921875
f 128/381 127/382 126/383 125/384
o baseModel16
v 47 2.5 -20
v 49 2.5 -20
v 49 0.5 -20
v 47 0.5 -20
v 47 2.5 -12
v 51 2.5 -12
v 51 0.5 -12
v 47 0.5 -12
vt 0.791015625 0.947265625
vt 0.775390625 0.947265625
vt 0.775390625 0.951171875
vt 0.791015625 0.951171875
f 135/385 131/386 130/387 134/388
vt 0.767578125 0.947265625
vt 0.751953125 0.947265625
vt 0.751953125 0.951171875
vt 0.767578125 0.951171875
f 132/389 136/390 133/391 129/392
vt 0.775390625 0.951171875
vt 0.767578125 0.951171875
vt 0.767578125 0.966796875
vt 0.775390625 0.966796875
f 130/393 129/394 133/395 134/396
vt 0.783203125 0.966796875
vt 0.775390625 0.966796875
vt 0.775390625 0.951171875
vt 0.783203125 0.951171875
f 135/397 136/398 132/399 131/400
vt 0.775390625 0.947265625
vt 0.767578125 0.947265625
vt 0.767578125 0.951171875
vt 0.775390625 0.951171875
f 131/401 132/402 129/403 130/404
vt 0.798828125 0.947265625
vt 0.791015625 0.947265625
vt 0.791015625 0.951171875
vt 0.798828125 0.951171875
f 136/405 135/406 134/407 133/408
o baseModel17
v 45 16.5 -22
v 48 16.5 -22
v 48 2.5 -22
v 45 2.5 -22
v 45 16.5 -13
v 49.77778 16.5 -13
v 49.77778 2.5 -13
v 45 2.5 -13
vt 0.859375 0.921875
vt 0.841796875 0.921875
vt 0.841796875 0.94921875
vt 0.859375 0.94921875
f 143/409 139/410 138/411 142/412
vt 0.83203125 0.921875
vt 0.814453125 0.921875
vt 0.814453125 0.94921875
vt 0.83203125 0.94921875
f 140/413 144/414 141/415 137/416
vt 0.841796875 0.94921875
vt 0.83203125 0.94921875
vt 0.83203125 0.966796875
vt 0.841796875 0.966796875
f 138/417 137/418 141/419 142/420
vt 0.8515625 0.966796875
vt 0.841796875 0.966796875
vt 0.841796875 0.94921875
vt 0.8515625 0.94921875
f 143/421 144/422 140/423 139/424
vt 0.841796875 0.921875
vt 0.83203125 0.921875
vt 0.83203125 0.94921875
vt 0.841796875 0.94921875
f 139/425 140/426 137/427 138/428
vt 0.869140625 0.921875
vt 0.859375 0.921875
vt 0.859375 0.94921875
vt 0.869140625 0.94921875
f 144/429 143/430 142/431 141/432
o baseModel18
v 47 16.5 -21
v 49 16.5 -21
v 49 10.5 -21
v 47 10.5 -21
v 47 16.5 0
v 49 16.5 0
v 49 10.5 0
v 47 10.5 0
vt 0.775390625 0.8984375
vt 0.734375 0.8984375
vt 0.734375 0.91015625
vt 0.775390625 0.91015625
f 151/433 147/434 146/435 150/436
vt 0.73046875 0.8984375
vt 0.689453125 0.8984375
vt 0.689453125 0.91015625
vt 0.73046875 0.91015625
f 148/437 152/438 149/439 145/440
vt 0.734375 0.91015625
vt 0.73046875 0.91015625
vt 0.73046875 0.951171875
vt 0.734375 0.951171875
f 146/441 145/442 149/443 150/444
vt 0.73828125 0.951171875
vt 0.734375 0.951171875
vt 0.734375 0.91015625
vt 0.73828125 0.91015625
f 151/445 152/446 148/447 147/448
vt 0.734375 0.8984375
vt 0.73046875 0.8984375
vt 0.73046875 0.91015625
vt 0.734375 0.91015625
f 147/449 148/450 145/451 146/452
vt 0.779296875 0.8984375
vt 0.775390625 0.8984375
vt 0.775390625 0.91015625
vt 0.779296875 0.91015625
f 152/453 151/454 150/455 149/456
o baseModel19
v 48 18.5 -11
v 52 17.5 -11
v 53 16.5 -11
v 48 16.5 -11
v 48 18.5 0
v 52 17.5 0
v 53 16.5 0
v 48 16.5 0
vt 0.990234375 0.94140625
vt 0.96875 0.94140625
vt 0.96875 0.9453125
vt 0.990234375 0.9453125
f 159/457 155/458 154/459 158/460
vt 0.9609375 0.94140625
vt 0.939453125 0.94140625
vt 0.939453125 0.9453125
vt 0.9609375 0.9453125
f 156/461 160/462 157/463 153/464
vt 0.96875 0.9453125
vt 0.9609375 0.9453125
vt 0.9609375 0.966796875
vt 0.96875 0.966796875
f 154/465 153/466 157/467 158/468
vt 0.9765625 0.966796875
vt 0.96875 0.966796875
vt 0.96875 0.9453125
vt 0.9765625 0.9453125
f 159/469 160/470 156/471 155/472
vt 0.96875 0.94140625
vt 0.9609375 0.94140625
vt 0.9609375 0.9453125
vt 0.96875 0.9453125
f 155/473 156/474 153/475 154/476
vt 0.998046875 0.94140625
vt 0.990234375 0.94140625
vt 0.990234375 0.9453125
vt 0.998046875 0.9453125
f 160/477 159/478 158/479 157/480
o baseModel20
v 49 16.5 -12
v 52.77778 16.5 -12
v 53.77778 11.5 -12
v 49 11.5 -12
v 49 16.5 0
v 53 16.5 0
v 54 11.5 0
v 49 11.5 0
vt 0.056640625 0.91796875
vt 0.033203125 0.91796875
vt 0.033203125 0.927734375
vt 0.056640625 0.927734375
f 167/481 163/482 162/483 166/484
vt 0.025390625 0.91796875
vt 0.001953125 0.91796875
vt 0.001953125 0.927734375
vt 0.025390625 0.927734375
f 164/485 168/486 165/487 161/488
vt 0.033203125 0.927734375
vt 0.025390625 0.927734375
vt 0.025390625 0.951171875
vt 0.033203125 0.951171875
f 162/489 161/490 165/491 166/492
vt 0.041015625 0.951171875
vt 0.033203125 0.951171875
vt 0.033203125 0.927734375
vt 0.041015625 0.927734375
f 167/493 168/494 164/495 163/496
vt 0.033203125 0.91796875
vt 0.025390625 0.91796875
vt 0.025390625 0.927734375
vt 0.033203125 0.927734375
f 163/497 164/498 161/499 162/500
vt 0.064453125 0.91796875
vt 0.056640625 0.91796875
vt 0.056640625 0.927734375
vt 0.064453125 0.927734375
f 168/501 167/502 166/503 165/504
o baseModel21
v 47 11.5 -12
v 54 11.5 -12
v 55 10.5 -12
v 47 10.5 -12
v 47 11.5 0
v 54 11.5 0
v 55 10.5 0
v 47 10.5 0
vt 0.9375 0.92578125
vt 0.9140625 0.92578125
vt 0.9140625 0.927734375
vt 0.9375 0.927734375
f 175/505 171/506 170/507 174/508
vt 0.900390625 0.92578125
vt 0.876953125 0.92578125
vt 0.876953125 0.927734375
vt 0.900390625 0.927734375
f 172/509 176/510 173/511 169/512
vt 0.9140625 0.927734375
vt 0.900390625 0.927734375
vt 0.900390625 0.951171875
vt 0.9140625 0.951171875
f 170/513 169/514 173/515 174/516
vt 0.927734375 0.951171875
vt 0.9140625 0.951171875
vt 0.9140625 0.927734375
vt 0.927734375 0.927734375
f 175/517 176/518 172/519 171/520
vt 0.9140625 0.92578125
vt 0.900390625 0.92578125
vt 0.900390625 0.927734375
vt 0.9140625 0.927734375
f 171/521 172/522 169/523 170/524
vt 0.951171875 0.92578125
vt 0.9375 0.92578125
vt 0.9375 0.927734375
vt 0.951171875 0.927734375
f 176/525 175/526 174/527 173/528
o baseModel22
v 47 2.5 0
v 51 2.5 0
v 51 0.5 0
v 47 0.5 0
v 47 2.5 12
v 51 2.5 12
v 51 0.5 12
v 47 0.5 12
vt 0.556640625 0.908203125
vt 0.533203125 0.908203125
vt 0.533203125 0.912109375
vt 0.556640625 0.912109375
f 183/529 179/530 178/531 182/532
vt 0.525390625 0.908203125
vt 0.501953125 0.908203125
vt 0.501953125 0.912109375
vt 0.525390625 0.912109375
f 180/533 184/534 181/535 177/536
vt 0.533203125 0.912109375
vt 0.525390625 0.912109375
vt 0.525390625 0.935546875
vt 0.533203125 0.935546875
f 178/537 177/538 181/539 182/540
vt 0.541015625 0.935546875
vt 0.533203125 0.935546875
vt 0.533203125 0.912109375
vt 0.541015625 0.912109375
f 183/541 184/542 180/543 179/544
vt 0.533203125 0.908203125
vt 0.525390625 0.908203125
vt 0.525390625 0.912109375
vt 0.533203125 0.912109375
f 179/545 180/546 177/547 178/548
vt 0.564453125 0.908203125
vt 0.556640625 0.908203125
vt 0.556640625 0.912109375
vt 0.564453125 0.912109375
f 184/549 183/550 182/551 181/552
o baseModel23
v 48 18.5 11
v 52 17.5 11
v 53 16.5 11
v 48 16.5 11
v 48 18.5 20
v 50 17.5 18
v 51 16.5 20
v 48 16.5 22
vt 0.990234375 0.90625
vt 0.96875 0.90625
vt 0.96875 0.9140625
vt 0.990234375 0.9140625
f 191/553 187/554 186/555 190/556
vt 0.9609375 0.90625
vt 0.939453125 0.90625
vt 0.939453125 0.9140625
vt 0.9609375 0.9140625
f 188/557 192/558 189/559 185/560
vt 0.96875 0.9140625
vt 0.9609375 0.9140625
vt 0.9609375 0.935546875
vt 0.96875 0.935546875
f 186/561 185/562 189/563 190/564
vt 0.9765625 0.935546875
vt 0.96875 0.935546875
vt 0.96875 0.9140625
vt 0.9765625 0.9140625
f 191/565 192/566 188/567 187/568
vt 0.96875 0.90625
vt 0.9609375 0.90625
vt 0.9609375 0.9140625
vt 0.96875 0.9140625
f 187/569 188/570 185/571 186/572
vt 0.998046875 0.90625
vt 0.990234375 0.90625
vt 0.990234375 0.9140625
vt 0.998046875 0.9140625
f 192/573 191/574 190/575 189/576
o baseModel24
v 25 20.5 0
v 48 18.5 0
v 48 16.5 0
v 25 16.5 0
v 25 20.5 20
v 48 18.5 20
v 48 16.5 22
v 25 16.5 22
vt 0.6640625 0.869140625
vt 0.62109375 0.869140625
vt 0.62109375 0.876953125
vt 0.6640625 0.876953125
f 199/577 195/578 194/579 198/580
vt 0.576171875 0.869140625
vt 0.533203125 0.869140625
vt 0.533203125 0.876953125
vt 0.576171875 0.876953125
f 196/581 200/582 197/583 193/584
vt 0.62109375 0.876953125
vt 0.576171875 0.876953125
vt 0.576171875 0.919921875
vt 0.62109375 0.919921875
f 194/585 193/586 197/587 198/588
vt 0.666015625 0.919921875
vt 0.62109375 0.919921875
vt 0.62109375 0.876953125
vt 0.666015625 0.876953125
f 199/589 200/590 196/591 195/592
vt 0.62109375 0.869140625
vt 0.576171875 0.869140625
vt 0.576171875 0.876953125
vt 0.62109375 0.876953125
f 195/593 196/594 193/595 194/596
vt 0.708984375 0.869140625
vt 0.6640625 0.869140625
vt 0.6640625 0.876953125
vt 0.708984375 0.876953125
f 200/597 199/598 198/599 197/600
o baseModel25
v 46.5 6 15.5
v 49.5 6 15.5
v 49.5 4 15.5
v 46.5 4 15.5
v 46.5 6 17.5
v 49.5 6 17.5
v 49.5 4 17.5
v 46.5 4 17.5
vt 0.4375 0.990234375
vt 0.43359375 0.990234375
vt 0.43359375 0.994140625
vt 0.4375 0.994140625
f 207/601 203/602 202/603 206/604
vt 0.427734375 0.990234375
vt 0.423828125 0.990234375
vt 0.423828125 0.994140625
vt 0.427734375 0.994140625
f 204/605 208/606 205/607 201/608
vt 0.43359375 0.994140625
vt 0.427734375 0.994140625
vt 0.427734375 0.998046875
vt 0.43359375 0.998046875
f 202/609 201/610 205/611 206/612
vt 0.439453125 0.998046875
vt 0.43359375 0.998046875
vt 0.43359375 0.994140625
vt 0.439453125 0.994140625
f 207/613 208/614 204/615 203/616
vt 0.43359375 0.990234375
vt 0.427734375 0.990234375
vt 0.427734375 0.994140625
vt 0.43359375 0.994140625
f 203/617 204/618 201/619 202/620
vt 0.443359375 0.990234375
vt 0.4375 0.990234375
vt 0.4375 0.994140625
vt 0.443359375 0.994140625
f 208/621 207/622 206/623 205/624
o baseModel26
v 47 3.5 15
v 51.93334 3.5 15
v 51.33334 2.5 15
v 47 2.5 15
v 47 3.5 18
v 51.26667 3.5 18
v 50.66667 2.5 18
v 47 2.5 18
vt 0.623046875 0.974609375
vt 0.6171875 0.974609375
vt 0.6171875 0.9765625
vt 0.623046875 0.9765625
f 215/625 211/626 210/627 214/628
vt 0.6015625 0.974609375
vt 0.595703125 0.974609375
vt 0.595703125 0.9765625
vt 0.6015625 0.9765625
f 212/629 216/630 213/631 209/632
vt 0.6171875 0.9765625
vt 0.6015625 0.9765625
vt 0.6015625 0.982421875
vt 0.6171875 0.982421875
f 210/633 209/634 213/635 214/636
vt 0.6328125 0.982421875
vt 0.6171875 0.982421875
vt 0.6171875 0.9765625
vt 0.6328125 0.9765625
f 215/637 216/638 212/639 211/640
vt 0.6171875 0.974609375
vt 0.6015625 0.974609375
vt 0.6015625 0.9765625
vt 0.6171875 0.9765625
f 211/641 212/642 209/643 210/644
vt 0.638671875 0.974609375
vt 0.623046875 0.974609375
vt 0.623046875 0.9765625
vt 0.638671875 0.9765625
f 216/645 215/646 214/647 213/648
o baseModel27
v 51 7.5 15
v 54.33333 7.5 15
v 53.73333 6.5 15
v 51 6.5 15
v 51 7.5 18
v 53.66667 7.5 18
v 53.06667 6.5 18
v 51 6.5 18
vt 0.193359375 0.974609375
vt 0.1875 0.974609375
vt 0.1875 0.9765625
vt 0.193359375 0.9765625
f 223/649 219/650 218/651 222/652
vt 0.1796875 0.974609375
vt 0.173828125 0.974609375
vt 0.173828125 0.9765625
vt 0.1796875 0.9765625
f 220/653 224/654 221/655 217/656
vt 0.1875 0.9765625
vt 0.1796875 0.9765625
vt 0.1796875 0.982421875
vt 0.1875 0.982421875
f 218/657 217/658 221/659 222/660
vt 0.1953125 0.982421875
vt 0.1875 0.982421875
vt 0.1875 0.9765625
vt 0.1953125 0.9765625
f 223/661 224/662 220/663 219/664
vt 0.1875 0.974609375
vt 0.1796875 0.974609375
vt 0.1796875 0.9765625
vt 0.1875 0.9765625
f 219/665 220/666 217/667 218/668
vt 0.201171875 0.974609375
vt 0.193359375 0.974609375
vt 0.193359375 0.9765625
vt 0.201171875 0.9765625
f 224/669 223/670 222/671 221/672
o baseModel28
v 47 7.5 12
v 55 7.5 12
v 52 2.5 12
v 47 2.5 12
v 47 7.5 15
v 54.33333 7.5 15
v 51.33333 2.5 15
v 47 2.5 15
vt 0.451171875 0.919921875
vt 0.4453125 0.919921875
vt 0.4453125 0.9296875
vt 0.451171875 0.9296875
f 231/673 227/674 226/675 230/676
vt 0.4296875 0.919921875
vt 0.423828125 0.919921875
vt 0.423828125 0.9296875
vt 0.4296875 0.9296875
f 228/677 232/678 229/679 225/680
vt 0.4453125 0.9296875
vt 0.4296875 0.9296875
vt 0.4296875 0.935546875
vt 0.4453125 0.935546875
f 226/681 225/682 229/683 230/684
vt 0.4609375 0.935546875
vt 0.4453125 0.935546875
vt 0.4453125 0.9296875
vt 0.4609375 0.9296875
f 231/685 232/686 228/687 227/688
vt 0.4453125 0.919921875
vt 0.4296875 0.919921875
vt 0.4296875 0.9296875
vt 0.4453125 0.9296875
f 227/689 228/690 225/691 226/692
vt 0.466796875 0.919921875
vt 0.451171875 0.919921875
vt 0.451171875 0.9296875
vt 0.466796875 0.9296875
f 232/693 231/694 230/695 229/696
o baseModel29
v 48 10.5 0
v 55 10.5 0
v 55 7.5 0
v 48 7.5 0
v 48 10.5 12
v 55 10.5 12
v 55 7.5 12
v 48 7.5 12
vt 0.109375 0.890625
vt 0.0859375 0.890625
vt 0.0859375 0.896484375
vt 0.109375 0.896484375
f 239/697 235/698 234/699 238/700
vt 0.072265625 0.890625
vt 0.048828125 0.890625
vt 0.048828125 0.896484375
vt 0.072265625 0.896484375
f 236/701 240/702 237/703 233/704
vt 0.0859375 0.896484375
vt 0.072265625 0.896484375
vt 0.072265625 0.919921875
vt 0.0859375 0.919921875
f 234/705 233/706 237/707 238/708
vt 0.099609375 0.919921875
vt 0.0859375 0.919921875
vt 0.0859375 0.896484375
vt 0.099609375 0.896484375
f 239/709 240/710 236/711 235/712
vt 0.0859375 0.890625
vt 0.072265625 0.890625
vt 0.072265625 0.896484375
vt 0.0859375 0.896484375
f 235/713 236/714 233/715 234/716
vt 0.123046875 0.890625
vt 0.109375 0.890625
vt 0.109375 0.896484375
vt 0.123046875 0.896484375
f 240/717 239/718 238/719 237/720
o baseModel30
v 47 2.5 12
v 51 2.5 12
v 51 0.5 12
v 47 0.5 12
v 47 2.5 20
v 49 2.5 20
v 49 0.5 20
v 47 0.5 20
vt 0.509765625 0.916015625
vt 0.494140625 0.916015625
vt 0.494140625 0.919921875
vt 0.509765625 0.919921875
f 247/721 243/722 242/723 246/724
vt 0.486328125 0.916015625
vt 0.470703125 0.916015625
vt 0.470703125 0.919921875
vt 0.486328125 0.919921875
f 244/725 248/726 245/727 241/728
vt 0.494140625 0.919921875
vt 0.486328125 0.919921875
vt 0.486328125 0.935546875
vt 0.494140625 0.935546875
f 242/729 241/730 245/731 246/732
vt 0.501953125 0.935546875
vt 0.494140625 0.935546875
vt 0.494140625 0.919921875
vt 0.501953125 0.919921875
f 247/733 248/734 244/735 243/736
vt 0.494140625 0.916015625
vt 0.486328125 0.916015625
vt 0.486328125 0.919921875
vt 0.494140625 0.919921875
f 243/737 244/738 241/739 242/740
vt 0.517578125 0.916015625
vt 0.509765625 0.916015625
vt 0.509765625 0.919921875
vt 0.517578125 0.919921875
f 248/741 247/742 246/743 245/744
o baseModel31
v 48 18.5 0
v 52 17.5 0
v 53 16.5 0
v 48 16.5 0
v 48 18.5 11
v 52 17.5 11
v 53 16.5 11
v 48 16.5 11
vt 0.833984375 0.89453125
vt 0.8125 0.89453125
vt 0.8125 0.8984375
vt 0.833984375 0.8984375
f 255/745 251/746 250/747 254/748
vt 0.8046875 0.89453125
vt 0.783203125 0.89453125
vt 0.783203125 0.8984375
vt 0.8046875 0.8984375
f 252/749 256/750 253/751 249/752
vt 0.8125 0.8984375
vt 0.8046875 0.8984375
vt 0.8046875 0.919921875
vt 0.8125 0.919921875
f 250/753 249/754 253/755 254/756
vt 0.8203125 0.919921875
vt 0.8125 0.919921875
vt 0.8125 0.8984375
vt 0.8203125 0.8984375
f 255/757 256/758 252/759 251/760
vt 0.8125 0.89453125
vt 0.8046875 0.89453125
vt 0.8046875 0.8984375
vt 0.8125 0.8984375
f 251/761 252/762 249/763 250/764
vt 0.841796875 0.89453125
vt 0.833984375 0.89453125
vt 0.833984375 0.8984375
vt 0.841796875 0.8984375
f 256/765 255/766 254/767 253/768
o baseModel32
v 49 16.5 0
v 53 16.5 0
v 54 11.5 0
v 49 11.5 0
v 49 16.5 12
v 52.77778 16.5 12
v 53.77778 11.5 12
v 49 11.5 12
vt 0.900390625 0.88671875
vt 0.876953125 0.88671875
vt 0.876953125 0.896484375
vt 0.900390625 0.896484375
f 263/769 259/770 258/771 262/772
vt 0.869140625 0.88671875
vt 0.845703125 0.88671875
vt 0.845703125 0.896484375
vt 0.869140625 0.896484375
f 260/773 264/774 261/775 257/776
vt 0.876953125 0.896484375
vt 0.869140625 0.896484375
vt 0.869140625 0.919921875
vt 0.876953125 0.919921875
f 258/777 257/778 261/779 262/780
vt 0.884765625 0.919921875
vt 0.876953125 0.919921875
vt 0.876953125 0.896484375
vt 0.884765625 0.896484375
f 263/781 264/782 260/783 259/784
vt 0.876953125 0.88671875
vt 0.869140625 0.88671875
vt 0.869140625 0.896484375
vt 0.876953125 0.896484375
f 259/785 260/786 257/787 258/788
vt 0.908203125 0.88671875
vt 0.900390625 0.88671875
vt 0.900390625 0.896484375
vt 0.908203125 0.896484375
f 264/789 263/790 262/791 261/792
o baseModel33
v 47 11.5 0
v 54 11.5 0
v 55 10.5 0
v 47 10.5 0
v 47 11.5 12
v 54 11.5 12
v 55 10.5 12
v 47 10.5 12
vt 0.171875 0.87890625
vt 0.1484375 0.87890625
vt 0.1484375 0.880859375
vt 0.171875 0.880859375
f 271/793 267/794 266/795 270/796
vt 0.134765625 0.87890625
vt 0.111328125 0.87890625
vt 0.111328125 0.880859375
vt 0.134765625 0.880859375
f 268/797 272/798 269/799 265/800
vt 0.1484375 0.880859375
vt 0.134765625 0.880859375
vt 0.134765625 0.904296875
vt 0.1484375 0.904296875
f 266/801 265/802 269/803 270/804
vt 0.162109375 0.904296875
vt 0.1484375 0.904296875
vt 0.1484375 0.880859375
vt 0.162109375 0.880859375
f 271/805 272/806 268/807 267/808
vt 0.1484375 0.87890625
vt 0.134765625 0.87890625
vt 0.134765625 0.880859375
vt 0.1484375 0.880859375
f 267/809 268/810 265/811 266/812
vt 0.185546875 0.87890625
vt 0.171875 0.87890625
vt 0.171875 0.880859375
vt 0.185546875 0.880859375
f 272/813 271/814 270/815 269/816
o baseModel34
v 48 11.5 -22
v 52.25 11.5 -20.25
v 53 10.5 -21
v 48 10.5 -22
v 48 11.5 -12
v 54 11.5 -12
v 55 10.5 -12
v 48 10.5 -12
vt 0.939453125 0.900390625
vt 0.921875 0.900390625
vt 0.921875 0.90234375
vt 0.939453125 0.90234375
f 279/817 275/818 274/819 278/820
vt 0.91015625 0.900390625
vt 0.892578125 0.900390625
vt 0.892578125 0.90234375
vt 0.91015625 0.90234375
f 276/821 280/822 277/823 273/824
vt 0.921875 0.90234375
vt 0.91015625 0.90234375
vt 0.91015625 0.919921875
vt 0.921875 0.919921875
f 274/825 273/826 277/827 278/828
vt 0.93359375 0.919921875
vt 0.921875 0.919921875
vt 0.921875 0.90234375
vt 0.93359375 0.90234375
f 279/829 280/830 276/831 275/832
vt 0.921875 0.900390625
vt 0.91015625 0.900390625
vt 0.91015625 0.90234375
vt 0.921875 0.90234375
f 275/833 276/834 273/835 274/836
vt 0.951171875 0.900390625
vt 0.939453125 0.900390625
vt 0.939453125 0.90234375
vt 0.951171875 0.90234375
f 280/837 279/838 278/839 277/840
o baseModel35
v 48 10.5 -22
v 53 10.5 -21
v 52.25 7.5 -20.25
v 48 2.5 -22
v 48 10.5 -12
v 55 10.5 -12
v 54 9.5 -12
v 48 8.5 -12
vt 0.048828125 0.880859375
vt 0.03125 0.880859375
vt 0.03125 0.88671875
vt 0.048828125 0.88671875
f 287/841 283/842 282/843 286/844
vt 0.01953125 0.880859375
vt 0.001953125 0.880859375
vt 0.001953125 0.88671875
vt 0.01953125 0.88671875
f 284/845 288/846 285/847 281/848
vt 0.03125 0.88671875
vt 0.01953125 0.88671875
vt 0.01953125 0.904296875
vt 0.03125 0.904296875
f 282/849 281/850 285/851 286/852
vt 0.04296875 0.904296875
vt 0.03125 0.904296875
vt 0.03125 0.88671875
vt 0.04296875 0.88671875
f 287/853 288/854 284/855 283/856
vt 0.03125 0.880859375
vt 0.01953125 0.880859375
vt 0.01953125 0.88671875
vt 0.03125 0.88671875
f 283/857 284/858 281/859 282/860
vt 0.060546875 0.880859375
vt 0.048828125 0.880859375
vt 0.048828125 0.88671875
vt 0.060546875 0.88671875
f 288/861 287/862 286/863 285/864
o baseModel36
v 49 16.5 12
v 51.77778 16.5 12
v 52.77778 11.5 12
v 49 11.5 12
v 49 16.5 21
v 50 16.5 20
v 51 11.5 20
v 49 11.5 21
vt 0.2265625 0.87890625
vt 0.2109375 0.87890625
vt 0.2109375 0.888671875
vt 0.2265625 0.888671875
f 295/865 291/866 290/867 294/868
vt 0.205078125 0.87890625
vt 0.189453125 0.87890625
vt 0.189453125 0.888671875
vt 0.205078125 0.888671875
f 292/869 296/870 293/871 289/872
vt 0.2109375 0.888671875
vt 0.205078125 0.888671875
vt 0.205078125 0.904296875
vt 0.2109375 0.904296875
f 290/873 289/874 293/875 294/876
vt 0.216796875 0.904296875
vt 0.2109375 0.904296875
vt 0.2109375 0.888671875
vt 0.216796875 0.888671875
f 295/877 296/878 292/879 291/880
vt 0.2109375 0.87890625
vt 0.205078125 0.87890625
vt 0.205078125 0.888671875
vt 0.2109375 0.888671875
f 291/881 292/882 289/883 290/884
vt 0.232421875 0.87890625
vt 0.2265625 0.87890625
vt 0.2265625 0.888671875
vt 0.232421875 0.888671875
f 296/885 295/886 294/887 293/888
o baseModel37
v 45 16.5 13
v 49.77778 16.5 13
v 49.77778 2.5 13
v 45 2.5 13
v 45 16.5 22
v 48 16.5 22
v 48 2.5 22
v 45 2.5 22
vt 0.28125 0.859375
vt 0.263671875 0.859375
vt 0.263671875 0.88671875
vt 0.28125 0.88671875
f 303/889 299/890 298/891 302/892
vt 0.25390625 0.859375
vt 0.236328125 0.859375
vt 0.236328125 0.88671875
vt 0.25390625 0.88671875
f 300/893 304/894 301/895 297/896
vt 0.263671875 0.88671875
vt 0.25390625 0.88671875
vt 0.25390625 0.904296875
vt 0.263671875 0.904296875
f 298/897 297/898 301/899 302/900
vt 0.2734375 0.904296875
vt 0.263671875 0.904296875
vt 0.263671875 0.88671875
vt 0.2734375 0.88671875
f 303/901 304/902 300/903 299/904
vt 0.263671875 0.859375
vt 0.25390625 0.859375
vt 0.25390625 0.88671875
vt 0.263671875 0.88671875
f 299/905 300/906 297/907 298/908
vt 0.291015625 0.859375
vt 0.28125 0.859375
vt 0.28125 0.88671875
vt 0.291015625 0.88671875
f 304/909 303/910 302/911 301/912
o baseModel38
v 47 16.5 0
v 49 16.5 0
v 49 10.5 0
v 47 10.5 0
v 47 16.5 21
v 49 16.5 21
v 49 10.5 21
v 47 10.5 21
vt 0.384765625 0.8515625
vt 0.34375 0.8515625
vt 0.34375 0.86328125
vt 0.384765625 0.86328125
f 311/913 307/914 306/915 310/916
vt 0.33984375 0.8515625
vt 0.298828125 0.8515625
vt 0.298828125 0.86328125
vt 0.33984375 0.86328125
f 308/917 312/918 309/919 305/920
vt 0.34375 0.86328125
vt 0.33984375 0.86328125
vt 0.33984375 0.904296875
vt 0.34375 0.904296875
f 306/921 305/922 309/923 310/924
vt 0.34765625 0.904296875
vt 0.34375 0.904296875
vt 0.34375 0.86328125
vt 0.34765625 0.86328125
f 311/925 312/926 308/927 307/928
vt 0.34375 0.8515625
vt 0.33984375 0.8515625
vt 0.33984375 0.86328125
vt 0.34375 0.86328125
f 307/929 308/930 305/931 306/932
vt 0.388671875 0.8515625
vt 0.384765625 0.8515625
vt 0.384765625 0.86328125
vt 0.388671875 0.86328125
f 312/933 311/934 310/935 309/936
o baseModel39
v 48 11.5 12
v 54 11.5 12
v 55 10.5 12
v 48 10.5 12
v 48 11.5 22
v 52.25 11.5 20.25
v 53 10.5 21
v 48 10.5 22
vt 0.408203125 0.884765625
vt 0.390625 0.884765625
vt 0.390625 0.88671875
vt 0.408203125 0.88671875
f 319/937 315/938 314/939 318/940
vt 0.37890625 0.884765625
vt 0.361328125 0.884765625
vt 0.361328125 0.88671875
vt 0.37890625 0.88671875
f 316/941 320/942 317/943 313/944
vt 0.390625 0.88671875
vt 0.37890625 0.88671875
vt 0.37890625 0.904296875
vt 0.390625 0.904296875
f 314/945 313/946 317/947 318/948
vt 0.40234375 0.904296875
vt 0.390625 0.904296875
vt 0.390625 0.88671875
vt 0.40234375 0.88671875
f 319/949 320/950 316/951 315/952
vt 0.390625 0.884765625
vt 0.37890625 0.884765625
vt 0.37890625 0.88671875
vt 0.390625 0.88671875
f 315/953 316/954 313/955 314/956
vt 0.419921875 0.884765625
vt 0.408203125 0.884765625
vt 0.408203125 0.88671875
vt 0.419921875 0.88671875
f 320/957 319/958 318/959 317/960
o baseModel40
v 48 10.5 12
v 55 10.5 12
v 54 9.5 12
v 48 8.5 12
v 48 10.5 22
v 53 10.5 21
v 52.25 7.5 20.25
v 48 2.5 22
vt 0.470703125 0.880859375
vt 0.453125 0.880859375
vt 0.453125 0.88671875
vt 0.470703125 0.88671875
f 327/961 323/962 322/963 326/964
vt 0.44140625 0.880859375
vt 0.423828125 0.880859375
vt 0.423828125 0.88671875
vt 0.44140625 0.88671875
f 324/965 328/966 325/967 321/968
vt 0.453125 0.88671875
vt 0.44140625 0.88671875
vt 0.44140625 0.904296875
vt 0.453125 0.904296875
f 322/969 321/970 325/971 326/972
vt 0.46484375 0.904296875
vt 0.453125 0.904296875
vt 0.453125 0.88671875
vt 0.46484375 0.88671875
f 327/973 328/974 324/975 323/976
vt 0.453125 0.880859375
vt 0.44140625 0.880859375
vt 0.44140625 0.88671875
vt 0.453125 0.88671875
f 323/977 324/978 321/979 322/980
vt 0.482421875 0.880859375
vt 0.470703125 0.880859375
vt 0.470703125 0.88671875
vt 0.482421875 0.88671875
f 328/981 327/982 326/983 325/984
o baseModel41
v 47 10.5 12
v 55 10.5 12
v 55 7.5 12
v 47 7.5 12
v 47 10.5 21
v 53 10.5 21
v 53 7.5 21
v 47 7.5 21
vt 0.537109375 0.880859375
vt 0.51953125 0.880859375
vt 0.51953125 0.88671875
vt 0.537109375 0.88671875
f 335/985 331/986 330/987 334/988
vt 0.50390625 0.880859375
vt 0.486328125 0.880859375
vt 0.486328125 0.88671875
vt 0.50390625 0.88671875
f 332/989 336/990 333/991 329/992
vt 0.51953125 0.88671875
vt 0.50390625 0.88671875
vt 0.50390625 0.904296875
vt 0.51953125 0.904296875
f 330/993 329/994 333/995 334/996
vt 0.53515625 0.904296875
vt 0.51953125 0.904296875
vt 0.51953125 0.88671875
vt 0.53515625 0.88671875
f 335/997 336/998 332/999 331/1000
vt 0.51953125 0.880859375
vt 0.50390625 0.880859375
vt 0.50390625 0.88671875
vt 0.51953125 0.88671875
f 331/1001 332/1002 329/1003 330/1004
vt 0.552734375 0.880859375
vt 0.537109375 0.880859375
vt 0.537109375 0.88671875
vt 0.552734375 0.88671875
f 336/1005 335/1006 334/1007 333/1008
o baseModel42
v 47 7.5 18
v 53.66667 7.5 18
v 50.66667 2.5 18
v 47 2.5 18
v 47 7.5 21
v 53 7.5 21
v 50 2.5 21
v 47 2.5 21
vt 0.779296875 0.919921875
vt 0.7734375 0.919921875
vt 0.7734375 0.9296875
vt 0.779296875 0.9296875
f 343/1009 339/1010 338/1011 342/1012
vt 0.7578125 0.919921875
vt 0.751953125 0.919921875
vt 0.751953125 0.9296875
vt 0.7578125 0.9296875
f 340/1013 344/1014 341/1015 337/1016
vt 0.7734375 0.9296875
vt 0.7578125 0.9296875
vt 0.7578125 0.935546875
vt 0.7734375 0.935546875
f 338/1017 337/1018 341/1019 342/1020
vt 0.7890625 0.935546875
vt 0.7734375 0.935546875
vt 0.7734375 0.9296875
vt 0.7890625 0.9296875
f 343/1021 344/1022 340/1023 339/1024
vt 0.7734375 0.919921875
vt 0.7578125 0.919921875
vt 0.7578125 0.9296875
vt 0.7734375 0.9296875
f 339/1025 340/1026 337/1027 338/1028
vt 0.794921875 0.919921875
vt 0.779296875 0.919921875
vt 0.779296875 0.9296875
vt 0.794921875 0.9296875
f 344/1029 343/1030 342/1031 341/1032
o baseModel43
v 25 16.5 14
v 45 16.5 14
v 45 12.5 14
v 25 12.5 14
v 25 16.5 22
v 45 16.5 22
v 45 12.5 22
v 25 12.5 22
vt 0.791015625 0.865234375
vt 0.775390625 0.865234375
vt 0.775390625 0.873046875
vt 0.791015625 0.873046875
f 351/1033 347/1034 346/1035 350/1036
vt 0.736328125 0.865234375
vt 0.720703125 0.865234375
vt 0.720703125 0.873046875
vt 0.736328125 0.873046875
f 348/1037 352/1038 349/1039 345/1040
vt 0.775390625 0.873046875
vt 0.736328125 0.873046875
vt 0.736328125 0.888671875
vt 0.775390625 0.888671875
f 346/1041 345/1042 349/1043 350/1044
vt 0.814453125 0.888671875
vt 0.775390625 0.888671875
vt 0.775390625 0.873046875
vt 0.814453125 0.873046875
f 351/1045 352/1046 348/1047 347/1048
vt 0.775390625 0.865234375
vt 0.736328125 0.865234375
vt 0.736328125 0.873046875
vt 0.775390625 0.873046875
f 347/1049 348/1050 345/1051 346/1052
vt 0.830078125 0.865234375
vt 0.791015625 0.865234375
vt 0.791015625 0.873046875
vt 0.830078125 0.873046875
f 352/1053 351/1054 350/1055 349/1056
o baseModel44
v -29 21.5 -15
v -28 21.5 -15
v -26 2.5 -15
v -29 2.5 -15
v -29 21.5 15
v -28 21.5 15
v -26 2.5 15
v -29 2.5 15
vt 0.140625 0.79296875
vt 0.08203125 0.79296875
vt 0.08203125 0.830078125
vt 0.140625 0.830078125
f 359/1057 355/1058 354/1059 358/1060
vt 0.076171875 0.79296875
vt 0.017578125 0.79296875
vt 0.017578125 0.830078125
vt 0.076171875 0.830078125
f 356/1061 360/1062 357/1063 353/1064
vt 0.08203125 0.830078125
vt 0.076171875 0.830078125
vt 0.076171875 0.888671875
vt 0.08203125 0.888671875
f 354/1065 353/1066 357/1067 358/1068
vt 0.087890625 0.888671875
vt 0.08203125 0.888671875
vt 0.08203125 0.830078125
vt 0.087890625 0.830078125
f 359/1069 360/1070 356/1071 355/1072
vt 0.08203125 0.79296875
vt 0.076171875 0.79296875
vt 0.076171875 0.830078125
vt 0.08203125 0.830078125
f 355/1073 356/1074 353/1075 354/1076
vt 0.146484375 0.79296875
vt 0.140625 0.79296875
vt 0.140625 0.830078125
vt 0.146484375 0.830078125
f 360/1077 359/1078 358/1079 357/1080
o baseModel45
v -25 12.5 13
v -25 12.5 13
v -24 2.5 13
v -25 2.5 13
v -25 14.5 14
v -25 14.5 14
v -23 2.5 14
v -25 2.5 14
vt 0.994140625 0.97265625
vt 0.9921875 0.97265625
vt 0.9921875 0.99609375
vt 0.994140625 0.99609375
f 367/1081 363/1082 362/1083 366/1084
vt 0.98828125 0.97265625
vt 0.986328125 0.97265625
vt 0.986328125 0.99609375
vt 0.98828125 0.99609375
f 364/1085 368/1086 365/1087 361/1088
vt 0.9921875 0.99609375
vt 0.98828125 0.99609375
vt 0.98828125 0.998046875
vt 0.9921875 0.998046875
f 362/1089 361/1090 365/1091 366/1092
vt 0.99609375 0.998046875
vt 0.9921875 0.998046875
vt 0.9921875 0.99609375
vt 0.99609375 0.99609375
f 367/1093 368/1094 364/1095 363/1096
vt 0.9921875 0.97265625
vt 0.98828125 0.97265625
vt 0.98828125 0.99609375
vt 0.9921875 0.99609375
f 363/1097 364/1098 361/1099 362/1100
vt 0.998046875 0.97265625
vt 0.994140625 0.97265625
vt 0.994140625 0.99609375
vt 0.998046875 0.99609375
f 368/1101 367/1102 366/1103 365/1104
o baseModel46
v -25 14.5 -14
v -25 14.5 -14
v -23 2.5 -14
v -25 2.5 -14
v -25 12.5 -13
v -25 12.5 -13
v -24 2.5 -13
v -25 2.5 -13
vt 0.009765625 0.94140625
vt 0.0078125 0.94140625
vt 0.0078125 0.96484375
vt 0.009765625 0.96484375
f 375/1105 371/1106 370/1107 374/1108
vt 0.00390625 0.94140625
vt 0.001953125 0.94140625
vt 0.001953125 0.96484375
vt 0.00390625 0.96484375
f 372/1109 376/1110 373/1111 369/1112
vt 0.0078125 0.96484375
vt 0.00390625 0.96484375
vt 0.00390625 0.966796875
vt 0.0078125 0.966796875
f 370/1113 369/1114 373/1115 374/1116
vt 0.01171875 0.966796875
vt 0.0078125 0.966796875
vt 0.0078125 0.96484375
vt 0.01171875 0.96484375
f 375/1117 376/1118 372/1119 371/1120
vt 0.0078125 0.94140625
vt 0.00390625 0.94140625
vt 0.00390625 0.96484375
vt 0.0078125 0.96484375
f 371/1121 372/1122 369/1123 370/1124
vt 0.013671875 0.94140625
vt 0.009765625 0.94140625
vt 0.009765625 0.96484375
vt 0.013671875 0.96484375
f 376/1125 375/1126 374/1127 373/1128
o baseModel47
v 1 8.5 5
v 16 8.5 5
v 16 6.5 5
v 1 6.5 5
v 1 8.5 15
v 16 8.5 15
v 16 6.5 15
v 1 6.5 15
vt 0.9609375 0.865234375
vt 0.94140625 0.865234375
vt 0.94140625 0.869140625
vt 0.9609375 0.869140625
f 383/1129 379/1130 378/1131 382/1132
vt 0.912109375 0.865234375
vt 0.892578125 0.865234375
vt 0.892578125 0.869140625
vt 0.912109375 0.869140625
f 380/1133 384/1134 381/1135 377/1136
vt 0.94140625 0.869140625
vt 0.912109375 0.869140625
vt 0.912109375 0.888671875
vt 0.94140625 0.888671875
f 378/1137 377/1138 381/1139 382/1140
vt 0.970703125 0.888671875
vt 0.94140625 0.888671875
vt 0.94140625 0.869140625
vt 0.970703125 0.869140625
f 383/1141 384/1142 380/1143 379/1144
vt 0.94140625 0.865234375
vt 0.912109375 0.865234375
vt 0.912109375 0.869140625
vt 0.94140625 0.869140625
f 379/1145 380/1146 377/1147 378/1148
vt 0.990234375 0.865234375
vt 0.9609375 0.865234375
vt 0.9609375 0.869140625
vt 0.990234375 0.869140625
f 384/1149 383/1150 382/1151 381/1152
o baseModel48
v 1 6.5 14.5
v 3 6.5 14.5
v 3 2.5 14.5
v 1 2.5 14.5
v 1 6.5 15.5
v 3 6.5 15.5
v 3 2.5 15.5
v 1 2.5 15.5
vt 0.478515625 0.98828125
vt 0.4765625 0.98828125
vt 0.4765625 0.99609375
vt 0.478515625 0.99609375
f 391/1153 387/1154 386/1155 390/1156
vt 0.47265625 0.98828125
vt 0.470703125 0.98828125
vt 0.470703125 0.99609375
vt 0.47265625 0.99609375
f 388/1157 392/1158 389/1159 385/1160
vt 0.4765625 0.99609375
vt 0.47265625 0.99609375
vt 0.47265625 0.998046875
vt 0.4765625 0.998046875
f 386/1161 385/1162 389/1163 390/1164
vt 0.48046875 0.998046875
vt 0.4765625 0.998046875
vt 0.4765625 0.99609375
vt 0.48046875 0.99609375
f 391/1165 392/1166 388/1167 387/1168
vt 0.4765625 0.98828125
vt 0.47265625 0.98828125
vt 0.47265625 0.99609375
vt 0.4765625 0.99609375
f 387/1169 388/1170 385/1171 386/1172
vt 0.482421875 0.98828125
vt 0.478515625 0.98828125
vt 0.478515625 0.99609375
vt 0.482421875 0.99609375
f 392/1173 391/1174 390/1175 389/1176
o baseModel49
v 12 6.5 14.5
v 14 6.5 14.5
v 14 2.5 14.5
v 12 2.5 14.5
v 12 6.5 15.5
v 14 6.5 15.5
v 14 2.5 15.5
v 12 2.5 15.5
vt 0.837890625 0.98828125
vt 0.8359375 0.98828125
vt 0.8359375 0.99609375
vt 0.837890625 0.99609375
f 399/1177 395/1178 394/1179 398/1180
vt 0.83203125 0.98828125
vt 0.830078125 0.98828125
vt 0.830078125 0.99609375
vt 0.83203125 0.99609375
f 396/1181 400/1182 397/1183 393/1184
vt 0.8359375 0.99609375
vt 0.83203125 0.99609375
vt 0.83203125 0.998046875
vt 0.8359375 0.998046875
f 394/1185 393/1186 397/1187 398/1188
vt 0.83984375 0.998046875
vt 0.8359375 0.998046875
vt 0.8359375 0.99609375
vt 0.83984375 0.99609375
f 399/1189 400/1190 396/1191 395/1192
vt 0.8359375 0.98828125
vt 0.83203125 0.98828125
vt 0.83203125 0.99609375
vt 0.8359375 0.99609375
f 395/1193 396/1194 393/1195 394/1196
vt 0.841796875 0.98828125
vt 0.837890625 0.98828125
vt 0.837890625 0.99609375
vt 0.841796875 0.99609375
f 400/1197 399/1198 398/1199 397/1200
o baseModel50
v 12 6.5 4.5
v 14 6.5 4.5
v 14 2.5 4.5
v 12 2.5 4.5
v 12 6.5 5.5
v 14 6.5 5.5
v 14 2.5 5.5
v 12 2.5 5.5
vt 0.697265625 0.97265625
vt 0.6953125 0.97265625
vt 0.6953125 0.98046875
vt 0.697265625 0.98046875
f 407/1201 403/1202 402/1203 406/1204
vt 0.69140625 0.97265625
vt 0.689453125 0.97265625
vt 0.689453125 0.98046875
vt 0.69140625 0.98046875
f 404/1205 408/1206 405/1207 401/1208
vt 0.6953125 0.98046875
vt 0.69140625 0.98046875
vt 0.69140625 0.982421875
vt 0.6953125 0.982421875
f 402/1209 401/1210 405/1211 406/1212
vt 0.69921875 0.982421875
vt 0.6953125 0.982421875
vt 0.6953125 0.98046875
vt 0.69921875 0.98046875
f 407/1213 408/1214 404/1215 403/1216
vt 0.6953125 0.97265625
vt 0.69140625 0.97265625
vt 0.69140625 0.98046875
vt 0.6953125 0.98046875
f 403/1217 404/1218 401/1219 402/1220
vt 0.701171875 0.97265625
vt 0.697265625 0.97265625
vt 0.697265625 0.98046875
vt 0.701171875 0.98046875
f 408/1221 407/1222 406/1223 405/1224
o baseModel51
v 1 6.5 4.5
v 3 6.5 4.5
v 3 2.5 4.5
v 1 2.5 4.5
v 1 6.5 5.5
v 3 6.5 5.5
v 3 2.5 5.5
v 1 2.5 5.5
vt 0.759765625 0.97265625
vt 0.7578125 0.97265625
vt 0.7578125 0.98046875
vt 0.759765625 0.98046875
f 415/1225 411/1226 410/1227 414/1228
vt 0.75390625 0.97265625
vt 0.751953125 0.97265625
vt 0.751953125 0.98046875
vt 0.75390625 0.98046875
f 412/1229 416/1230 413/1231 409/1232
vt 0.7578125 0.98046875
vt 0.75390625 0.98046875
vt 0.75390625 0.982421875
vt 0.7578125 0.982421875
f 410/1233 409/1234 413/1235 414/1236
vt 0.76171875 0.982421875
vt 0.7578125 0.982421875
vt 0.7578125 0.98046875
vt 0.76171875 0.98046875
f 415/1237 416/1238 412/1239 411/1240
vt 0.7578125 0.97265625
vt 0.75390625 0.97265625
vt 0.75390625 0.98046875
vt 0.7578125 0.98046875
f 411/1241 412/1242 409/1243 410/1244
vt 0.763671875 0.97265625
vt 0.759765625 0.97265625
vt 0.759765625 0.98046875
vt 0.763671875 0.98046875
f 416/1245 415/1246 414/1247 413/1248
o baseModel52
v 1 7.5 3
v 15 7.5 3
v 15 6.5 3
v 1 6.5 3
v 1 8.5 5
v 16 8.5 5
v 16 6.5 5
v 1 6.5 5
vt 0.4609375 0.958984375
vt 0.45703125 0.958984375
vt 0.45703125 0.962890625
vt 0.4609375 0.962890625
f 423/1249 419/1250 418/1251 422/1252
vt 0.427734375 0.958984375
vt 0.423828125 0.958984375
vt 0.423828125 0.962890625
vt 0.427734375 0.962890625
f 420/1253 424/1254 421/1255 417/1256
vt 0.45703125 0.962890625
vt 0.427734375 0.962890625
vt 0.427734375 0.966796875
vt 0.45703125 0.966796875
f 418/1257 417/1258 421/1259 422/1260
vt 0.486328125 0.966796875
vt 0.45703125 0.966796875
vt 0.45703125 0.962890625
vt 0.486328125 0.962890625
f 423/1261 424/1262 420/1263 419/1264
vt 0.45703125 0.958984375
vt 0.427734375 0.958984375
vt 0.427734375 0.962890625
vt 0.45703125 0.962890625
f 419/1265 420/1266 417/1267 418/1268
vt 0.490234375 0.958984375
vt 0.4609375 0.958984375
vt 0.4609375 0.962890625
vt 0.490234375 0.962890625
f 424/1269 423/1270 422/1271 421/1272
o baseModel53
v 1 8.5 15
v 16 8.5 15
v 16 6.5 15
v 1 6.5 15
v 1 7.5 17
v 15 7.5 17
v 15 6.5 17
v 1 6.5 17
vt 0.0390625 0.865234375
vt 0.03515625 0.865234375
vt 0.03515625 0.869140625
vt 0.0390625 0.869140625
f 431/1273 427/1274 426/1275 430/1276
vt 0.005859375 0.865234375
vt 0.001953125 0.865234375
vt 0.001953125 0.869140625
vt 0.005859375 0.869140625
f 428/1277 432/1278 429/1279 425/1280
vt 0.03515625 0.869140625
vt 0.005859375 0.869140625
vt 0.005859375 0.873046875
vt 0.03515625 0.873046875
f 426/1281 425/1282 429/1283 430/1284
vt 0.064453125 0.873046875
vt 0.03515625 0.873046875
vt 0.03515625 0.869140625
vt 0.064453125 0.869140625
f 431/1285 432/1286 428/1287 427/1288
vt 0.03515625 0.865234375
vt 0.005859375 0.865234375
vt 0.005859375 0.869140625
vt 0.03515625 0.869140625
f 427/1289 428/1290 425/1291 426/1292
vt 0.068359375 0.865234375
vt 0.0390625 0.865234375
vt 0.0390625 0.869140625
vt 0.068359375 0.869140625
f 432/1293 431/1294 430/1295 429/1296
o baseModel54
v 1 8.5 -15
v 16 8.5 -15
v 16 6.5 -15
v 1 6.5 -15
v 1 8.5 -5
v 16 8.5 -5
v 16 6.5 -5
v 1 6.5 -5
vt 0.1640625 0.849609375
vt 0.14453125 0.849609375
vt 0.14453125 0.853515625
vt 0.1640625 0.853515625
f 439/1297 435/1298 434/1299 438/1300
vt 0.115234375 0.849609375
vt 0.095703125 0.849609375
vt 0.095703125 0.853515625
vt 0.115234375 0.853515625
f 436/1301 440/1302 437/1303 433/1304
vt 0.14453125 0.853515625
vt 0.115234375 0.853515625
vt 0.115234375 0.873046875
vt 0.14453125 0.873046875
f 434/1305 433/1306 437/1307 438/1308
vt 0.173828125 0.873046875
vt 0.14453125 0.873046875
vt 0.14453125 0.853515625
vt 0.173828125 0.853515625
f 439/1309 440/1310 436/1311 435/1312
vt 0.14453125 0.849609375
vt 0.115234375 0.849609375
vt 0.115234375 0.853515625
vt 0.14453125 0.853515625
f 435/1313 436/1314 433/1315 434/1316
vt 0.193359375 0.849609375
vt 0.1640625 0.849609375
vt 0.1640625 0.853515625
vt 0.193359375 0.853515625
f 440/1317 439/1318 438/1319 437/1320
o baseModel55
v 1 6.5 -15.5
v 3 6.5 -15.5
v 3 2.5 -15.5
v 1 2.5 -15.5
v 1 6.5 -14.5
v 3 6.5 -14.5
v 3 2.5 -14.5
v 1 2.5 -14.5
vt 0.775390625 0.97265625
vt 0.7734375 0.97265625
vt 0.7734375 0.98046875
vt 0.775390625 0.98046875
f 447/1321 443/1322 442/1323 446/1324
vt 0.76953125 0.97265625
vt 0.767578125 0.97265625
vt 0.767578125 0.98046875
vt 0.76953125 0.98046875
f 444/1325 448/1326 445/1327 441/1328
vt 0.7734375 0.98046875
vt 0.76953125 0.98046875
vt 0.76953125 0.982421875
vt 0.7734375 0.982421875
f 442/1329 441/1330 445/1331 446/1332
vt 0.77734375 0.982421875
vt 0.7734375 0.982421875
vt 0.7734375 0.98046875
vt 0.77734375 0.98046875
f 447/1333 448/1334 444/1335 443/1336
vt 0.7734375 0.97265625
vt 0.76953125 0.97265625
vt 0.76953125 0.98046875
vt 0.7734375 0.98046875
f 443/1337 444/1338 441/1339 442/1340
vt 0.779296875 0.97265625
vt 0.775390625 0.97265625
vt 0.775390625 0.98046875
vt 0.779296875 0.98046875
f 448/1341 447/1342 446/1343 445/1344
o baseModel56
v 12 6.5 -15.5
v 14 6.5 -15.5
v 14 2.5 -15.5
v 12 2.5 -15.5
v 12 6.5 -14.5
v 14 6.5 -14.5
v 14 2.5 -14.5
v 12 2.5 -14.5
vt 0.791015625 0.97265625
vt 0.7890625 0.97265625
vt 0.7890625 0.98046875
vt 0.791015625 0.98046875
f 455/1345 451/1346 450/1347 454/1348
vt 0.78515625 0.97265625
vt 0.783203125 0.97265625
vt 0.783203125 0.98046875
vt 0.78515625 0.98046875
f 452/1349 456/1350 453/1351 449/1352
vt 0.7890625 0.98046875
vt 0.78515625 0.98046875
vt 0.78515625 0.982421875
vt 0.7890625 0.982421875
f 450/1353 449/1354 453/1355 454/1356
vt 0.79296875 0.982421875
vt 0.7890625 0.982421875
vt 0.7890625 0.98046875
vt 0.79296875 0.98046875
f 455/1357 456/1358 452/1359 451/1360
vt 0.7890625 0.97265625
vt 0.78515625 0.97265625
vt 0.78515625 0.98046875
vt 0.7890625 0.98046875
f 451/1361 452/1362 449/1363 450/1364
vt 0.794921875 0.97265625
vt 0.791015625 0.97265625
vt 0.791015625 0.98046875
vt 0.794921875 0.98046875
f 456/1365 455/1366 454/1367 453/1368
o baseModel57
v 12 6.5 -5.5
v 14 6.5 -5.5
v 14 2.5 -5.5
v 12 2.5 -5.5
v 12 6.5 -4.5
v 14 6.5 -4.5
v 14 2.5 -4.5
v 12 2.5 -4.5
vt 0.025390625 0.95703125
vt 0.0234375 0.95703125
vt 0.0234375 0.96484375
vt 0.025390625 0.96484375
f 463/1369 459/1370 458/1371 462/1372
vt 0.01953125 0.95703125
vt 0.017578125 0.95703125
vt 0.017578125 0.96484375
vt 0.01953125 0.96484375
f 460/1373 464/1374 461/1375 457/1376
vt 0.0234375 0.96484375
vt 0.01953125 0.96484375
vt 0.01953125 0.966796875
vt 0.0234375 0.966796875
f 458/1377 457/1378 461/1379 462/1380
vt 0.02734375 0.966796875
vt 0.0234375 0.966796875
vt 0.0234375 0.96484375
vt 0.02734375 0.96484375
f 463/1381 464/1382 460/1383 459/1384
vt 0.0234375 0.95703125
vt 0.01953125 0.95703125
vt 0.01953125 0.96484375
vt 0.0234375 0.96484375
f 459/1385 460/1386 457/1387 458/1388
vt 0.029296875 0.95703125
vt 0.025390625 0.95703125
vt 0.025390625 0.96484375
vt 0.029296875 0.96484375
f 464/1389 463/1390 462/1391 461/1392
o baseModel58
v -5.82704 21.68079 -15
v -3.914431 22.26553 -15
v 3.340059 8.798077 -15
v 0.471145 7.920962 -15
v -5.82704 21.68079 -5
v -3.914431 22.26553 -5
v 3.340059 8.798077 -5
v 0.471145 7.920962 -5
vt 0.44140625 0.82421875
vt 0.421875 0.82421875
vt 0.421875 0.853515625
vt 0.44140625 0.853515625
f 471/1393 467/1394 466/1395 470/1396
vt 0.412109375 0.82421875
vt 0.392578125 0.82421875
vt 0.392578125 0.853515625
vt 0.412109375 0.853515625
f 468/1397 472/1398 469/1399 465/1400
vt 0.421875 0.853515625
vt 0.412109375 0.853515625
vt 0.412109375 0.873046875
vt 0.421875 0.873046875
f 466/1401 465/1402 469/1403 470/1404
vt 0.431640625 0.873046875
vt 0.421875 0.873046875
vt 0.421875 0.853515625
vt 0.431640625 0.853515625
f 471/1405 472/1406 468/1407 467/1408
vt 0.421875 0.82421875
vt 0.412109375 0.82421875
vt 0.412109375 0.853515625
vt 0.421875 0.853515625
f 467/1409 468/1410 465/1411 466/1412
vt 0.451171875 0.82421875
vt 0.44140625 0.82421875
vt 0.44140625 0.853515625
vt 0.451171875 0.853515625
f 472/1413 471/1414 470/1415 469/1416
o baseModel59
v 1 6.5 -5.5
v 3 6.5 -5.5
v 3 2.5 -5.5
v 1 2.5 -5.5
v 1 6.5 -4.5
v 3 6.5 -4.5
v 3 2.5 -4.5
v 1 2.5 -4.5
vt 0.041015625 0.95703125
vt 0.0390625 0.95703125
vt 0.0390625 0.96484375
vt 0.041015625 0.96484375
f 479/1417 475/1418 474/1419 478/1420
vt 0.03515625 0.95703125
vt 0.033203125 0.95703125
vt 0.033203125 0.96484375
vt 0.03515625 0.96484375
f 476/1421 480/1422 477/1423 473/1424
vt 0.0390625 0.96484375
vt 0.03515625 0.96484375
vt 0.03515625 0.966796875
vt 0.0390625 0.966796875
f 474/1425 473/1426 477/1427 478/1428
vt 0.04296875 0.966796875
vt 0.0390625 0.966796875
vt 0.0390625 0.96484375
vt 0.04296875 0.96484375
f 479/1429 480/1430 476/1431 475/1432
vt 0.0390625 0.95703125
vt 0.03515625 0.95703125
vt 0.03515625 0.96484375
vt 0.0390625 0.96484375
f 475/1433 476/1434 473/1435 474/1436
vt 0.044921875 0.95703125
vt 0.041015625 0.95703125
vt 0.041015625 0.96484375
vt 0.044921875 0.96484375
f 480/1437 479/1438 478/1439 477/1440
o baseModel60
v -5.82704 21.68079 -5
v -3.914431 22.26553 -5
v 3.340059 8.798077 -5
v 0.471145 7.920962 -5
v -5.82704 21.68079 -3
v -4.870736 21.97316 -3
v 2.676126 7.549401 -3
v 0.7635168 6.964657 -3
vt 0.31640625 0.87109375
vt 0.3125 0.87109375
vt 0.3125 0.900390625
vt 0.31640625 0.900390625
f 487/1441 483/1442 482/1443 486/1444
vt 0.302734375 0.87109375
vt 0.298828125 0.87109375
vt 0.298828125 0.900390625
vt 0.302734375 0.900390625
f 484/1445 488/1446 485/1447 481/1448
vt 0.3125 0.900390625
vt 0.302734375 0.900390625
vt 0.302734375 0.904296875
vt 0.3125 0.904296875
f 482/1449 481/1450 485/1451 486/1452
vt 0.322265625 0.904296875
vt 0.3125 0.904296875
vt 0.3125 0.900390625
vt 0.322265625 0.900390625
f 487/1453 488/1454 484/1455 483/1456
vt 0.3125 0.87109375
vt 0.302734375 0.87109375
vt 0.302734375 0.900390625
vt 0.3125 0.900390625
f 483/1457 484/1458 481/1459 482/1460
vt 0.326171875 0.87109375
vt 0.31640625 0.87109375
vt 0.31640625 0.900390625
vt 0.326171875 0.900390625
f 488/1461 487/1462 486/1463 485/1464
o baseModel61
v 1 8.5 -5
v 16 8.5 -5
v 16 6.5 -5
v 1 6.5 -5
v 1 7.5 -3
v 15 7.5 -3
v 15 6.5 -3
v 1 6.5 -3
vt 0.4765625 0.865234375
vt 0.47265625 0.865234375
vt 0.47265625 0.869140625
vt 0.4765625 0.869140625
f 495/1465 491/1466 490/1467 494/1468
vt 0.443359375 0.865234375
vt 0.439453125 0.865234375
vt 0.439453125 0.869140625
vt 0.443359375 0.869140625
f 492/1469 496/1470 493/1471 489/1472
vt 0.47265625 0.869140625
vt 0.443359375 0.869140625
vt 0.443359375 0.873046875
vt 0.47265625 0.873046875
f 490/1473 489/1474 493/1475 494/1476
vt 0.501953125 0.873046875
vt 0.47265625 0.873046875
vt 0.47265625 0.869140625
vt 0.501953125 0.869140625
f 495/1477 496/1478 492/1479 491/1480
vt 0.47265625 0.865234375
vt 0.443359375 0.865234375
vt 0.443359375 0.869140625
vt 0.47265625 0.869140625
f 491/1481 492/1482 489/1483 490/1484
vt 0.505859375 0.865234375
vt 0.4765625 0.865234375
vt 0.4765625 0.869140625
vt 0.505859375 0.869140625
f 496/1485 495/1486 494/1487 493/1488
o baseModel62
v 1 7.5 -17
v 15 7.5 -17
v 15 6.5 -17
v 1 6.5 -17
v 1 8.5 -15
v 16 8.5 -15
v 16 6.5 -15
v 1 6.5 -15
vt 0.0390625 0.849609375
vt 0.03515625 0.849609375
vt 0.03515625 0.853515625
vt 0.0390625 0.853515625
f 503/1489 499/1490 498/1491 502/1492
vt 0.005859375 0.849609375
vt 0.001953125 0.849609375
vt 0.001953125 0.853515625
vt 0.005859375 0.853515625
f 500/1493 504/1494 501/1495 497/1496
vt 0.03515625 0.853515625
vt 0.005859375 0.853515625
vt 0.005859375 0.857421875
vt 0.03515625 0.857421875
f 498/1497 497/1498 501/1499 502/1500
vt 0.064453125 0.857421875
vt 0.03515625 0.857421875
vt 0.03515625 0.853515625
vt 0.064453125 0.853515625
f 503/1501 504/1502 500/1503 499/1504
vt 0.03515625 0.849609375
vt 0.005859375 0.849609375
vt 0.005859375 0.853515625
vt 0.03515625 0.853515625
f 499/1505 500/1506 497/1507 498/1508
vt 0.068359375 0.849609375
vt 0.0390625 0.849609375
vt 0.0390625 0.853515625
vt 0.068359375 0.853515625
f 504/1509 503/1510 502/1511 501/1512
o baseModel63
v -5.82704 21.68079 -17
v -4.870736 21.97316 -17
v 2.676126 7.549401 -17
v 0.7635168 6.964657 -17
v -5.82704 21.68079 -15
v -3.914431 22.26553 -15
v 3.340059 8.798077 -15
v 0.471145 7.920962 -15
vt 0.22265625 0.83984375
vt 0.21875 0.83984375
vt 0.21875 0.869140625
vt 0.22265625 0.869140625
f 511/1513 507/1514 506/1515 510/1516
vt 0.208984375 0.83984375
vt 0.205078125 0.83984375
vt 0.205078125 0.869140625
vt 0.208984375 0.869140625
f 508/1517 512/1518 509/1519 505/1520
vt 0.21875 0.869140625
vt 0.208984375 0.869140625
vt 0.208984375 0.873046875
vt 0.21875 0.873046875
f 506/1521 505/1522 509/1523 510/1524
vt 0.228515625 0.873046875
vt 0.21875 0.873046875
vt 0.21875 0.869140625
vt 0.228515625 0.869140625
f 511/1525 512/1526 508/1527 507/1528
vt 0.21875 0.83984375
vt 0.208984375 0.83984375
vt 0.208984375 0.869140625
vt 0.21875 0.869140625
f 507/1529 508/1530 505/1531 506/1532
vt 0.232421875 0.83984375
vt 0.22265625 0.83984375
vt 0.22265625 0.869140625
vt 0.232421875 0.869140625
f 512/1533 511/1534 510/1535 509/1536
o baseModel64
v -5.787446 23.26143 -15
v -4.831141 23.5538 -15
v -3.914431 22.26553 -15
v -5.82704 21.68079 -15
v -5.787446 23.26143 -5
v -4.831141 23.5538 -5
v -3.914431 22.26553 -5
v -5.82704 21.68079 -5
vt 0.544921875 0.849609375
vt 0.525390625 0.849609375
vt 0.525390625 0.853515625
vt 0.544921875 0.853515625
f 519/1537 515/1538 514/1539 518/1540
vt 0.521484375 0.849609375
vt 0.501953125 0.849609375
vt 0.501953125 0.853515625
vt 0.521484375 0.853515625
f 516/1541 520/1542 517/1543 513/1544
vt 0.525390625 0.853515625
vt 0.521484375 0.853515625
vt 0.521484375 0.873046875
vt 0.525390625 0.873046875
f 514/1545 513/1546 517/1547 518/1548
vt 0.529296875 0.873046875
vt 0.525390625 0.873046875
vt 0.525390625 0.853515625
vt 0.529296875 0.853515625
f 519/1549 520/1550 516/1551 515/1552
vt 0.525390625 0.849609375
vt 0.521484375 0.849609375
vt 0.521484375 0.853515625
vt 0.525390625 0.853515625
f 515/1553 516/1554 513/1555 514/1556
vt 0.548828125 0.849609375
vt 0.544921875 0.849609375
vt 0.544921875 0.853515625
vt 0.548828125 0.853515625
f 520/1557 519/1558 518/1559 517/1560
o baseModel65
v -5.787446 23.26143 -5
v -4.831141 23.5538 -5
v -3.914431 22.26553 -5
v -5.82704 21.68079 -5
v -6.026522 23.18834 -3.5
v -5.548369 23.33453 -3.5
v -4.870736 21.97316 -3
v -5.82704 21.68079 -3
vt 0.607421875 0.958984375
vt 0.603515625 0.958984375
vt 0.603515625 0.962890625
vt 0.607421875 0.962890625
f 527/1561 523/1562 522/1563 526/1564
vt 0.599609375 0.958984375
vt 0.595703125 0.958984375
vt 0.595703125 0.962890625
vt 0.599609375 0.962890625
f 524/1565 528/1566 525/1567 521/1568
vt 0.603515625 0.962890625
vt 0.599609375 0.962890625
vt 0.599609375 0.966796875
vt 0.603515625 0.966796875
f 522/1569 521/1570 525/1571 526/1572
vt 0.607421875 0.966796875
vt 0.603515625 0.966796875
vt 0.603515625 0.962890625
vt 0.607421875 0.962890625
f 527/1573 528/1574 524/1575 523/1576
vt 0.603515625 0.958984375
vt 0.599609375 0.958984375
vt 0.599609375 0.962890625
vt 0.603515625 0.962890625
f 523/1577 524/1578 521/1579 522/1580
vt 0.611328125 0.958984375
vt 0.607421875 0.958984375
vt 0.607421875 0.962890625
vt 0.611328125 0.962890625
f 528/1581 527/1582 526/1583 525/1584
o baseModel66
v -6.026522 23.18834 -16.5
v -5.548369 23.33453 -16.5
v -4.870736 21.97316 -17
v -5.82704 21.68079 -17
v -5.787446 23.26143 -15
v -4.831141 23.5538 -15
v -3.914431 22.26553 -15
v -5.82704 21.68079 -15
vt 0.810546875 0.958984375
vt 0.806640625 0.958984375
vt 0.806640625 0.962890625
vt 0.810546875 0.962890625
f 535/1585 531/1586 530/1587 534/1588
vt 0.802734375 0.958984375
vt 0.798828125 0.958984375
vt 0.798828125 0.962890625
vt 0.802734375 0.962890625
f 532/1589 536/1590 533/1591 529/1592
vt 0.806640625 0.962890625
vt 0.802734375 0.962890625
vt 0.802734375 0.966796875
vt 0.806640625 0.966796875
f 530/1593 529/1594 533/1595 534/1596
vt 0.810546875 0.966796875
vt 0.806640625 0.966796875
vt 0.806640625 0.962890625
vt 0.810546875 0.962890625
f 535/1597 536/1598 532/1599 531/1600
vt 0.806640625 0.958984375
vt 0.802734375 0.958984375
vt 0.802734375 0.962890625
vt 0.806640625 0.962890625
f 531/1601 532/1602 529/1603 530/1604
vt 0.814453125 0.958984375
vt 0.810546875 0.958984375
vt 0.810546875 0.962890625
vt 0.814453125 0.962890625
f 536/1605 535/1606 534/1607 533/1608
o baseModel67
v -25 7.5 -17
v -11 7.5 -17
v -11 6.5 -17
v -25 6.5 -17
v -25 8.5 -15
v -10 8.5 -15
v -10 6.5 -15
v -25 6.5 -15
vt 0.6015625 0.849609375
vt 0.59765625 0.849609375
vt 0.59765625 0.853515625
vt 0.6015625 0.853515625
f 543/1609 539/1610 538/1611 542/1612
vt 0.568359375 0.849609375
vt 0.564453125 0.849609375
vt 0.564453125 0.853515625
vt 0.568359375 0.853515625
f 540/1613 544/1614 541/1615 537/1616
vt 0.59765625 0.853515625
vt 0.568359375 0.853515625
vt 0.568359375 0.857421875
vt 0.59765625 0.857421875
f 538/1617 537/1618 541/1619 542/1620
vt 0.626953125 0.857421875
vt 0.59765625 0.857421875
vt 0.59765625 0.853515625
vt 0.626953125 0.853515625
f 543/1621 544/1622 540/1623 539/1624
vt 0.59765625 0.849609375
vt 0.568359375 0.849609375
vt 0.568359375 0.853515625
vt 0.59765625 0.853515625
f 539/1625 540/1626 537/1627 538/1628
vt 0.630859375 0.849609375
vt 0.6015625 0.849609375
vt 0.6015625 0.853515625
vt 0.630859375 0.853515625
f 544/1629 543/1630 542/1631 541/1632
o baseModel68
v -25 8.5 -15
v -10 8.5 -15
v -10 6.5 -15
v -25 6.5 -15
v -25 8.5 15
v -10 8.5 15
v -10 6.5 15
v -25 6.5 15
vt 0.7265625 0.794921875
vt 0.66796875 0.794921875
vt 0.66796875 0.798828125
vt 0.7265625 0.798828125
f 551/1633 547/1634 546/1635 550/1636
vt 0.638671875 0.794921875
vt 0.580078125 0.794921875
vt 0.580078125 0.798828125
vt 0.638671875 0.798828125
f 548/1637 552/1638 549/1639 545/1640
vt 0.66796875 0.798828125
vt 0.638671875 0.798828125
vt 0.638671875 0.857421875
vt 0.66796875 0.857421875
f 546/1641 545/1642 549/1643 550/1644
vt 0.697265625 0.857421875
vt 0.66796875 0.857421875
vt 0.66796875 0.798828125
vt 0.697265625 0.798828125
f 551/1645 552/1646 548/1647 547/1648
vt 0.66796875 0.794921875
vt 0.638671875 0.794921875
vt 0.638671875 0.798828125
vt 0.66796875 0.798828125
f 547/1649 548/1650 545/1651 546/1652
vt 0.755859375 0.794921875
vt 0.7265625 0.794921875
vt 0.7265625 0.798828125
vt 0.755859375 0.798828125
f 552/1653 551/1654 550/1655 549/1656
o baseModel69
v -27 23 -17
v -26.00381 23.08716 -17
v -21.62073 7.409508 -17
v -23.61312 7.235196 -17
v -27 23 -15
v -25.00761 23.17431 -15
v -20.71169 8.492858 -15
v -23.70027 8.231391 -15
vt 0.86328125 0.83984375
vt 0.859375 0.83984375
vt 0.859375 0.869140625
vt 0.86328125 0.869140625
f 559/1657 555/1658 554/1659 558/1660
vt 0.849609375 0.83984375
vt 0.845703125 0.83984375
vt 0.845703125 0.869140625
vt 0.849609375 0.869140625
f 556/1661 560/1662 557/1663 553/1664
vt 0.859375 0.869140625
vt 0.849609375 0.869140625
vt 0.849609375 0.873046875
vt 0.859375 0.873046875
f 554/1665 553/1666 557/1667 558/1668
vt 0.869140625 0.873046875
vt 0.859375 0.873046875
vt 0.859375 0.869140625
vt 0.869140625 0.869140625
f 559/1669 560/1670 556/1671 555/1672
vt 0.859375 0.83984375
vt 0.849609375 0.83984375
vt 0.849609375 0.869140625
vt 0.859375 0.869140625
f 555/1673 556/1674 553/1675 554/1676
vt 0.873046875 0.83984375
vt 0.86328125 0.83984375
vt 0.86328125 0.869140625
vt 0.873046875 0.869140625
f 560/1677 559/1678 558/1679 557/1680
o baseModel70
v -27 23 -15
v -25.00761 23.17431 -15
v -20.71169 8.492858 -15
v -23.70027 8.231391 -15
v -27 23 15
v -25.00761 23.17431 15
v -20.71169 8.492858 15
v -23.70027 8.231391 15
vt 0.31640625 0.76953125
vt 0.2578125 0.76953125
vt 0.2578125 0.798828125
vt 0.31640625 0.798828125
f 567/1681 563/1682 562/1683 566/1684
vt 0.248046875 0.76953125
vt 0.189453125 0.76953125
vt 0.189453125 0.798828125
vt 0.248046875 0.798828125
f 564/1685 568/1686 565/1687 561/1688
vt 0.2578125 0.798828125
vt 0.248046875 0.798828125
vt 0.248046875 0.857421875
vt 0.2578125 0.857421875
f 562/1689 561/1690 565/1691 566/1692
vt 0.267578125 0.857421875
vt 0.2578125 0.857421875
vt 0.2578125 0.798828125
vt 0.267578125 0.798828125
f 567/1693 568/1694 564/1695 563/1696
vt 0.2578125 0.76953125
vt 0.248046875 0.76953125
vt 0.248046875 0.798828125
vt 0.2578125 0.798828125
f 563/1697 564/1698 561/1699 562/1700
vt 0.326171875 0.76953125
vt 0.31640625 0.76953125
vt 0.31640625 0.798828125
vt 0.326171875 0.798828125
f 568/1701 567/1702 566/1703 565/1704
o baseModel71
v -27 23 15
v -25.00761 23.17431 15
v -20.71169 8.492858 15
v -23.70027 8.231391 15
v -27 23 17
v -26.00381 23.08716 17
v -21.62073 7.409508 17
v -23.61312 7.235196 17
vt 0.47265625 0.82421875
vt 0.46875 0.82421875
vt 0.46875 0.853515625
vt 0.47265625 0.853515625
f 575/1705 571/1706 570/1707 574/1708
vt 0.458984375 0.82421875
vt 0.455078125 0.82421875
vt 0.455078125 0.853515625
vt 0.458984375 0.853515625
f 572/1709 576/1710 573/1711 569/1712
vt 0.46875 0.853515625
vt 0.458984375 0.853515625
vt 0.458984375 0.857421875
vt 0.46875 0.857421875
f 570/1713 569/1714 573/1715 574/1716
vt 0.478515625 0.857421875
vt 0.46875 0.857421875
vt 0.46875 0.853515625
vt 0.478515625 0.853515625
f 575/1717 576/1718 572/1719 571/1720
vt 0.46875 0.82421875
vt 0.458984375 0.82421875
vt 0.458984375 0.853515625
vt 0.46875 0.853515625
f 571/1721 572/1722 569/1723 570/1724
vt 0.482421875 0.82421875
vt 0.47265625 0.82421875
vt 0.47265625 0.853515625
vt 0.482421875 0.853515625
f 576/1725 575/1726 574/1727 573/1728
o baseModel72
v -25 8.5 15
v -10 8.5 15
v -10 6.5 15
v -25 6.5 15
v -25 7.5 17
v -11 7.5 17
v -11 6.5 17
v -25 6.5 17
vt 0.7421875 0.849609375
vt 0.73828125 0.849609375
vt 0.73828125 0.853515625
vt 0.7421875 0.853515625
f 583/1729 579/1730 578/1731 582/1732
vt 0.708984375 0.849609375
vt 0.705078125 0.849609375
vt 0.705078125 0.853515625
vt 0.708984375 0.853515625
f 580/1733 584/1734 581/1735 577/1736
vt 0.73828125 0.853515625
vt 0.708984375 0.853515625
vt 0.708984375 0.857421875
vt 0.73828125 0.857421875
f 578/1737 577/1738 581/1739 582/1740
vt 0.767578125 0.857421875
vt 0.73828125 0.857421875
vt 0.73828125 0.853515625
vt 0.767578125 0.853515625
f 583/1741 584/1742 580/1743 579/1744
vt 0.73828125 0.849609375
vt 0.708984375 0.849609375
vt 0.708984375 0.853515625
vt 0.73828125 0.853515625
f 579/1745 580/1746 577/1747 578/1748
vt 0.771484375 0.849609375
vt 0.7421875 0.849609375
vt 0.7421875 0.853515625
vt 0.771484375 0.853515625
f 584/1749 583/1750 582/1751 581/1752
o baseModel73
v 20 16.5 19
v 25 16.5 19
v 25 6.5 19
v 20 6.5 19
v 20 16.5 22
v 25 16.5 22
v 25 6.5 22
v 20 6.5 22
vt 0.8046875 0.83203125
vt 0.798828125 0.83203125
vt 0.798828125 0.8515625
vt 0.8046875 0.8515625
f 591/1753 587/1754 586/1755 590/1756
vt 0.7890625 0.83203125
vt 0.783203125 0.83203125
vt 0.783203125 0.8515625
vt 0.7890625 0.8515625
f 588/1757 592/1758 589/1759 585/1760
vt 0.798828125 0.8515625
vt 0.7890625 0.8515625
vt 0.7890625 0.857421875
vt 0.798828125 0.857421875
f 586/1761 585/1762 589/1763 590/1764
vt 0.80859375 0.857421875
vt 0.798828125 0.857421875
vt 0.798828125 0.8515625
vt 0.80859375 0.8515625
f 591/1765 592/1766 588/1767 587/1768
vt 0.798828125 0.83203125
vt 0.7890625 0.83203125
vt 0.7890625 0.8515625
vt 0.798828125 0.8515625
f 587/1769 588/1770 585/1771 586/1772
vt 0.814453125 0.83203125
vt 0.8046875 0.83203125
vt 0.8046875 0.8515625
vt 0.814453125 0.8515625
f 592/1773 591/1774 590/1775 589/1776
o baseModel74
v -7 21.5 19
v -1 21.5 19
v -1 16.5 19
v -7 16.5 19
v -7 21.5 20
v -1 21.5 20
v -1 16.5 22
v -7 16.5 22
vt 0.853515625 0.904296875
vt 0.84765625 0.904296875
vt 0.84765625 0.9140625
vt 0.853515625 0.9140625
f 599/1777 595/1778 594/1779 598/1780
vt 0.8359375 0.904296875
vt 0.830078125 0.904296875
vt 0.830078125 0.9140625
vt 0.8359375 0.9140625
f 596/1781 600/1782 597/1783 593/1784
vt 0.84765625 0.9140625
vt 0.8359375 0.9140625
vt 0.8359375 0.919921875
vt 0.84765625 0.919921875
f 594/1785 593/1786 597/1787 598/1788
vt 0.859375 0.919921875
vt 0.84765625 0.919921875
vt 0.84765625 0.9140625
vt 0.859375 0.9140625
f 599/1789 600/1790 596/1791 595/1792
vt 0.84765625 0.904296875
vt 0.8359375 0.904296875
vt 0.8359375 0.9140625
vt 0.84765625 0.9140625
f 595/1793 596/1794 593/1795 594/1796
vt 0.865234375 0.904296875
vt 0.853515625 0.904296875
vt 0.853515625 0.9140625
vt 0.865234375 0.9140625
f 600/1797 599/1798 598/1799 597/1800
o baseModel75
v -7 21.5 -20
v -1 21.5 -20
v -1 16.5 -22
v -7 16.5 -22
v -7 21.5 -19
v -1 21.5 -19
v -1 16.5 -19
v -7 16.5 -19
vt 0.900390625 0.841796875
vt 0.89453125 0.841796875
vt 0.89453125 0.8515625
vt 0.900390625 0.8515625
f 607/1801 603/1802 602/1803 606/1804
vt 0.8828125 0.841796875
vt 0.876953125 0.841796875
vt 0.876953125 0.8515625
vt 0.8828125 0.8515625
f 604/1805 608/1806 605/1807 601/1808
vt 0.89453125 0.8515625
vt 0.8828125 0.8515625
vt 0.8828125 0.857421875
vt 0.89453125 0.857421875
f 602/1809 601/1810 605/1811 606/1812
vt 0.90625 0.857421875
vt 0.89453125 0.857421875
vt 0.89453125 0.8515625
vt 0.90625 0.8515625
f 607/1813 608/1814 604/1815 603/1816
vt 0.89453125 0.841796875
vt 0.8828125 0.841796875
vt 0.8828125 0.8515625
vt 0.89453125 0.8515625
f 603/1817 604/1818 601/1819 602/1820
vt 0.912109375 0.841796875
vt 0.900390625 0.841796875
vt 0.900390625 0.8515625
vt 0.912109375 0.8515625
f 608/1821 607/1822 606/1823 605/1824
o baseModel76
v 20 21.5 -20
v 25 20.5 -20
v 25 16.5 -22
v 20 16.5 -22
v 20 21.5 -19
v 25 20.5 -19
v 25 16.5 -19
v 20 16.5 -19
vt 0.4296875 0.888671875
vt 0.423828125 0.888671875
vt 0.423828125 0.8984375
vt 0.4296875 0.8984375
f 615/1825 611/1826 610/1827 614/1828
vt 0.4140625 0.888671875
vt 0.408203125 0.888671875
vt 0.408203125 0.8984375
vt 0.4140625 0.8984375
f 612/1829 616/1830 613/1831 609/1832
vt 0.423828125 0.8984375
vt 0.4140625 0.8984375
vt 0.4140625 0.904296875
vt 0.423828125 0.904296875
f 610/1833 609/1834 613/1835 614/1836
vt 0.43359375 0.904296875
vt 0.423828125 0.904296875
vt 0.423828125 0.8984375
vt 0.43359375 0.8984375
f 615/1837 616/1838 612/1839 611/1840
vt 0.423828125 0.888671875
vt 0.4140625 0.888671875
vt 0.4140625 0.8984375
vt 0.423828125 0.8984375
f 611/1841 612/1842 609/1843 610/1844
vt 0.439453125 0.888671875
vt 0.4296875 0.888671875
vt 0.4296875 0.8984375
vt 0.439453125 0.8984375
f 616/1845 615/1846 614/1847 613/1848
o baseModel77
v 20 21.5 19
v 25 20.5 19
v 25 16.5 19
v 20 16.5 19
v 20 21.5 20
v 25 20.5 20
v 25 16.5 22
v 20 16.5 22
vt 0.4921875 0.888671875
vt 0.486328125 0.888671875
vt 0.486328125 0.8984375
vt 0.4921875 0.8984375
f 623/1849 619/1850 618/1851 622/1852
vt 0.4765625 0.888671875
vt 0.470703125 0.888671875
vt 0.470703125 0.8984375
vt 0.4765625 0.8984375
f 620/1853 624/1854 621/1855 617/1856
vt 0.486328125 0.8984375
vt 0.4765625 0.8984375
vt 0.4765625 0.904296875
vt 0.486328125 0.904296875
f 618/1857 617/1858 621/1859 622/1860
vt 0.49609375 0.904296875
vt 0.486328125 0.904296875
vt 0.486328125 0.8984375
vt 0.49609375 0.8984375
f 623/1861 624/1862 620/1863 619/1864
vt 0.486328125 0.888671875
vt 0.4765625 0.888671875
vt 0.4765625 0.8984375
vt 0.486328125 0.8984375
f 619/1865 620/1866 617/1867 618/1868
vt 0.501953125 0.888671875
vt 0.4921875 0.888671875
vt 0.4921875 0.8984375
vt 0.501953125 0.8984375
f 624/1869 623/1870 622/1871 621/1872
o baseModel78
v -7 16.5 19
v -1 16.5 19
v -1 6.5 19
v -7 6.5 19
v -7 16.5 22
v -1 16.5 22
v -1 6.5 22
v -7 6.5 22
vt 0.947265625 0.83203125
vt 0.94140625 0.83203125
vt 0.94140625 0.8515625
vt 0.947265625 0.8515625
f 631/1873 627/1874 626/1875 630/1876
vt 0.9296875 0.83203125
vt 0.923828125 0.83203125
vt 0.923828125 0.8515625
vt 0.9296875 0.8515625
f 628/1877 632/1878 629/1879 625/1880
vt 0.94140625 0.8515625
vt 0.9296875 0.8515625
vt 0.9296875 0.857421875
vt 0.94140625 0.857421875
f 626/1881 625/1882 629/1883 630/1884
vt 0.953125 0.857421875
vt 0.94140625 0.857421875
vt 0.94140625 0.8515625
vt 0.953125 0.8515625
f 631/1885 632/1886 628/1887 627/1888
vt 0.94140625 0.83203125
vt 0.9296875 0.83203125
vt 0.9296875 0.8515625
vt 0.94140625 0.8515625
f 627/1889 628/1890 625/1891 626/1892
vt 0.958984375 0.83203125
vt 0.947265625 0.83203125
vt 0.947265625 0.8515625
vt 0.958984375 0.8515625
f 632/1893 631/1894 630/1895 629/1896
o baseModel79
v -7 16.5 -22
v -1 16.5 -22
v -1 6.5 -22
v -7 6.5 -22
v -7 16.5 -19
v -1 16.5 -19
v -1 6.5 -19
v -7 6.5 -19
vt 0.181640625 0.81640625
vt 0.17578125 0.81640625
vt 0.17578125 0.8359375
vt 0.181640625 0.8359375
f 639/1897 635/1898 634/1899 638/1900
vt 0.1640625 0.81640625
vt 0.158203125 0.81640625
vt 0.158203125 0.8359375
vt 0.1640625 0.8359375
f 636/1901 640/1902 637/1903 633/1904
vt 0.17578125 0.8359375
vt 0.1640625 0.8359375
vt 0.1640625 0.841796875
vt 0.17578125 0.841796875
f 634/1905 633/1906 637/1907 638/1908
vt 0.1875 0.841796875
vt 0.17578125 0.841796875
vt 0.17578125 0.8359375
vt 0.1875 0.8359375
f 639/1909 640/1910 636/1911 635/1912
vt 0.17578125 0.81640625
vt 0.1640625 0.81640625
vt 0.1640625 0.8359375
vt 0.17578125 0.8359375
f 635/1913 636/1914 633/1915 634/1916
vt 0.193359375 0.81640625
vt 0.181640625 0.81640625
vt 0.181640625 0.8359375
vt 0.193359375 0.8359375
f 640/1917 639/1918 638/1919 637/1920
o baseModel80
v -25 16.5 -22
v -25 16.5 -22
v -20 6.5 -22
v -25 6.5 -22
v -25 16.5 -19
v -25 16.5 -19
v -20 6.5 -19
v -25 6.5 -19
vt 0.984375 0.83203125
vt 0.978515625 0.83203125
vt 0.978515625 0.8515625
vt 0.984375 0.8515625
f 647/1921 643/1922 642/1923 646/1924
vt 0.9765625 0.83203125
vt 0.970703125 0.83203125
vt 0.970703125 0.8515625
vt 0.9765625 0.8515625
f 644/1925 648/1926 645/1927 641/1928
vt 0.978515625 0.8515625
vt 0.9765625 0.8515625
vt 0.9765625 0.857421875
vt 0.978515625 0.857421875
f 642/1929 641/1930 645/1931 646/1932
vt 0.98046875 0.857421875
vt 0.978515625 0.857421875
vt 0.978515625 0.8515625
vt 0.98046875 0.8515625
f 647/1933 648/1934 644/1935 643/1936
vt 0.978515625 0.83203125
vt 0.9765625 0.83203125
vt 0.9765625 0.8515625
vt 0.978515625 0.8515625
f 643/1937 644/1938 641/1939 642/1940
vt 0.986328125 0.83203125
vt 0.984375 0.83203125
vt 0.984375 0.8515625
vt 0.986328125 0.8515625
f 648/1941 647/1942 646/1943 645/1944
o baseModel81
v 20 16.5 -22
v 25 16.5 -22
v 25 6.5 -22
v 20 6.5 -22
v 20 16.5 -19
v 25 16.5 -19
v 25 6.5 -19
v 20 6.5 -19
vt 0.3046875 0.81640625
vt 0.298828125 0.81640625
vt 0.298828125 0.8359375
vt 0.3046875 0.8359375
f 655/1945 651/1946 650/1947 654/1948
vt 0.2890625 0.81640625
vt 0.283203125 0.81640625
vt 0.283203125 0.8359375
vt 0.2890625 0.8359375
f 652/1949 656/1950 653/1951 649/1952
vt 0.298828125 0.8359375
vt 0.2890625 0.8359375
vt 0.2890625 0.841796875
vt 0.298828125 0.841796875
f 650/1953 649/1954 653/1955 654/1956
vt 0.30859375 0.841796875
vt 0.298828125 0.841796875
vt 0.298828125 0.8359375
vt 0.30859375 0.8359375
f 655/1957 656/1958 652/1959 651/1960
vt 0.298828125 0.81640625
vt 0.2890625 0.81640625
vt 0.2890625 0.8359375
vt 0.298828125 0.8359375
f 651/1961 652/1962 649/1963 650/1964
vt 0.314453125 0.81640625
vt 0.3046875 0.81640625
vt 0.3046875 0.8359375
vt 0.314453125 0.8359375
f 656/1965 655/1966 654/1967 653/1968
o baseModel82
v 22.2171 17.05432 -4.565862
v 24.60973 16.92892 -6.371307
v 24.45272 13.93304 -6.371307
v 22.0601 14.05843 -4.565862
v 25.22206 16.89683 -0.572684
v 27.61468 16.77144 -2.378129
v 27.45767 13.77555 -2.378129
v 25.06505 13.90095 -0.572684
vt 0.35546875 0.826171875
vt 0.345703125 0.826171875
vt 0.345703125 0.83203125
vt 0.35546875 0.83203125
f 663/1969 659/1970 658/1971 662/1972
vt 0.33984375 0.826171875
vt 0.330078125 0.826171875
vt 0.330078125 0.83203125
vt 0.33984375 0.83203125
f 660/1973 664/1974 661/1975 657/1976
vt 0.345703125 0.83203125
vt 0.33984375 0.83203125
vt 0.33984375 0.841796875
vt 0.345703125 0.841796875
f 658/1977 657/1978 661/1979 662/1980
vt 0.3515625 0.841796875
vt 0.345703125 0.841796875
vt 0.345703125 0.83203125
vt 0.3515625 0.83203125
f 663/1981 664/1982 660/1983 659/1984
vt 0.345703125 0.826171875
vt 0.33984375 0.826171875
vt 0.33984375 0.83203125
vt 0.345703125 0.83203125
f 659/1985 660/1986 657/1987 658/1988
vt 0.361328125 0.826171875
vt 0.35546875 0.826171875
vt 0.35546875 0.83203125
vt 0.361328125 0.83203125
f 664/1989 663/1990 662/1991 661/1992
o baseModel83
v 30.61365 18.74402 -5.966312
v 31.4112 18.70222 -6.568127
v 31.25419 15.70633 -6.568127
v 30.45665 15.74813 -5.966312
v 30.4171 18.75432 -4.565862
v 32.80973 18.62892 -6.371307
v 32.65272 15.63304 -6.371307
v 30.2601 15.75843 -4.565862
vt 0.43359375 0.943359375
vt 0.431640625 0.943359375
vt 0.431640625 0.94921875
vt 0.43359375 0.94921875
f 671/1993 667/1994 666/1995 670/1996
vt 0.42578125 0.943359375
vt 0.423828125 0.943359375
vt 0.423828125 0.94921875
vt 0.42578125 0.94921875
f 668/1997 672/1998 669/1999 665/2000
vt 0.431640625 0.94921875
vt 0.42578125 0.94921875
vt 0.42578125 0.951171875
vt 0.431640625 0.951171875
f 666/2001 665/2002 669/2003 670/2004
vt 0.4375 0.951171875
vt 0.431640625 0.951171875
vt 0.431640625 0.94921875
vt 0.4375 0.94921875
f 671/2005 672/2006 668/2007 667/2008
vt 0.431640625 0.943359375
vt 0.42578125 0.943359375
vt 0.42578125 0.94921875
vt 0.431640625 0.94921875
f 667/2009 668/2010 665/2011 666/2012
vt 0.439453125 0.943359375
vt 0.43359375 0.943359375
vt 0.43359375 0.94921875
vt 0.439453125 0.94921875
f 672/2013 671/2014 670/2015 669/2016
o baseModel84
v 33.32206 19.69684 -0.572684
v 35.71468 19.57144 -2.378129
v 35.55767 16.57555 -2.378129
v 33.16505 16.70095 -0.572684
v 34.72059 19.62354 -0.3758634
v 35.51813 19.58174 -0.9776785
v 35.36112 16.58586 -0.9776785
v 34.56358 16.62765 -0.3758634
vt 0.69921875 0.943359375
vt 0.697265625 0.943359375
vt 0.697265625 0.94921875
vt 0.69921875 0.94921875
f 679/2017 675/2018 674/2019 678/2020
vt 0.69140625 0.943359375
vt 0.689453125 0.943359375
vt 0.689453125 0.94921875
vt 0.69140625 0.94921875
f 676/2021 680/2022 677/2023 673/2024
vt 0.697265625 0.94921875
vt 0.69140625 0.94921875
vt 0.69140625 0.951171875
vt 0.697265625 0.951171875
f 674/2025 673/2026 677/2027 678/2028
vt 0.703125 0.951171875
vt 0.697265625 0.951171875
vt 0.697265625 0.94921875
vt 0.703125 0.94921875
f 679/2029 680/2030 676/2031 675/2032
vt 0.697265625 0.943359375
vt 0.69140625 0.943359375
vt 0.69140625 0.94921875
vt 0.697265625 0.94921875
f 675/2033 676/2034 673/2035 674/2036
vt 0.705078125 0.943359375
vt 0.69921875 0.943359375
vt 0.69921875 0.94921875
vt 0.705078125 0.94921875
f 680/2037 679/2038 678/2039 677/2040
o baseModel85
v 23.26945 14.25295 -4.565862
v 24.86453 14.16935 -5.769492
v 25.60973 13.12893 -6.371307
v 23.21711 13.25432 -4.565862
v 26.2744 14.09546 -0.572684
v 27.86948 14.01187 -1.776314
v 28.61468 12.97144 -2.378129
v 26.22206 13.09684 -0.572684
vt 0.57421875 0.923828125
vt 0.564453125 0.923828125
vt 0.564453125 0.92578125
vt 0.57421875 0.92578125
f 687/2041 683/2042 682/2043 686/2044
vt 0.55859375 0.923828125
vt 0.548828125 0.923828125
vt 0.548828125 0.92578125
vt 0.55859375 0.92578125
f 684/2045 688/2046 685/2047 681/2048
vt 0.564453125 0.92578125
vt 0.55859375 0.92578125
vt 0.55859375 0.935546875
vt 0.564453125 0.935546875
f 682/2049 681/2050 685/2051 686/2052
vt 0.5703125 0.935546875
vt 0.564453125 0.935546875
vt 0.564453125 0.92578125
vt 0.5703125 0.92578125
f 687/2053 688/2054 684/2055 683/2056
vt 0.564453125 0.923828125
vt 0.55859375 0.923828125
vt 0.55859375 0.92578125
vt 0.564453125 0.92578125
f 683/2057 684/2058 681/2059 682/2060
vt 0.580078125 0.923828125
vt 0.57421875 0.923828125
vt 0.57421875 0.92578125
vt 0.580078125 0.92578125
f 688/2061 687/2062 686/2063 685/2064
o baseModel86
v 31.26599 18.94265 -5.966312
v 31.26599 18.94265 -5.966312
v 32.0112 17.90222 -6.568127
v 31.21366 17.94402 -5.966312
v 31.06944 18.95295 -4.565862
v 32.66453 18.86935 -5.769492
v 33.40973 17.82892 -6.371307
v 31.01711 17.95432 -4.565862
vt 0.01171875 0.978515625
vt 0.009765625 0.978515625
vt 0.009765625 0.98046875
vt 0.01171875 0.98046875
f 695/2065 691/2066 690/2067 694/2068
vt 0.00390625 0.978515625
vt 0.001953125 0.978515625
vt 0.001953125 0.98046875
vt 0.00390625 0.98046875
f 692/2069 696/2070 693/2071 689/2072
vt 0.009765625 0.98046875
vt 0.00390625 0.98046875
vt 0.00390625 0.982421875
vt 0.009765625 0.982421875
f 690/2073 689/2074 693/2075 694/2076
vt 0.015625 0.982421875
vt 0.009765625 0.982421875
vt 0.009765625 0.98046875
vt 0.015625 0.98046875
f 695/2077 696/2078 692/2079 691/2080
vt 0.009765625 0.978515625
vt 0.00390625 0.978515625
vt 0.00390625 0.98046875
vt 0.009765625 0.98046875
f 691/2081 692/2082 689/2083 690/2084
vt 0.017578125 0.978515625
vt 0.01171875 0.978515625
vt 0.01171875 0.98046875
vt 0.017578125 0.98046875
f 696/2085 695/2086 694/2087 693/2088
o baseModel87
v 32.17439 15.59547 -0.572684
v 33.76948 15.51187 -1.776314
v 34.51468 14.47145 -2.378129
v 32.12206 14.59684 -0.572684
v 33.57292 15.52217 -0.3758634
v 33.57292 15.52217 -0.3758634
v 34.31813 14.48175 -0.9776785
v 33.52059 14.52354 -0.3758634
vt 0.05859375 0.978515625
vt 0.056640625 0.978515625
vt 0.056640625 0.98046875
vt 0.05859375 0.98046875
f 703/2089 699/2090 698/2091 702/2092
vt 0.05078125 0.978515625
vt 0.048828125 0.978515625
vt 0.048828125 0.98046875
vt 0.05078125 0.98046875
f 700/2093 704/2094 701/2095 697/2096
vt 0.056640625 0.98046875
vt 0.05078125 0.98046875
vt 0.05078125 0.982421875
vt 0.056640625 0.982421875
f 698/2097 697/2098 701/2099 702/2100
vt 0.0625 0.982421875
vt 0.056640625 0.982421875
vt 0.056640625 0.98046875
vt 0.0625 0.98046875
f 703/2101 704/2102 700/2103 699/2104
vt 0.056640625 0.978515625
vt 0.05078125 0.978515625
vt 0.05078125 0.98046875
vt 0.056640625 0.98046875
f 699/2105 700/2106 697/2107 698/2108
vt 0.064453125 0.978515625
vt 0.05859375 0.978515625
vt 0.05859375 0.98046875
vt 0.064453125 0.98046875
f 704/2109 703/2110 702/2111 701/2112
o baseModel88
v 30.55796 13.39467 -7.555993
v 32.45544 13.26198 -6.937959
v 33.29738 12.20814 -6.513037
v 30.45116 12.40717 -7.440088
v 31.20923 13.47129 -6.303008
v 31.20923 13.47129 -6.303008
v 32.05117 12.41745 -5.878087
v 31.10243 12.48379 -6.187104
vt 0.43359375 0.978515625
vt 0.431640625 0.978515625
vt 0.431640625 0.98046875
vt 0.43359375 0.98046875
f 711/2113 707/2114 706/2115 710/2116
vt 0.42578125 0.978515625
vt 0.423828125 0.978515625
vt 0.423828125 0.98046875
vt 0.42578125 0.98046875
f 708/2117 712/2118 709/2119 705/2120
vt 0.431640625 0.98046875
vt 0.42578125 0.98046875
vt 0.42578125 0.982421875
vt 0.431640625 0.982421875
f 706/2121 705/2122 709/2123 710/2124
vt 0.4375 0.982421875
vt 0.431640625 0.982421875
vt 0.431640625 0.98046875
vt 0.4375 0.98046875
f 711/2125 712/2126 708/2127 707/2128
vt 0.431640625 0.978515625
vt 0.42578125 0.978515625
vt 0.42578125 0.98046875
vt 0.431640625 0.98046875
f 707/2129 708/2130 705/2131 706/2132
vt 0.439453125 0.978515625
vt 0.43359375 0.978515625
vt 0.43359375 0.98046875
vt 0.439453125 0.98046875
f 712/2133 711/2134 710/2135 709/2136
o baseModel89
v 34.69149 16.67052 -12.91078
v 34.69149 16.67052 -12.91078
v 35.53343 15.61668 -12.48586
v 34.58469 15.68302 -12.79488
v 33.44529 16.87983 -12.27583
v 35.34277 16.74715 -11.6578
v 36.1847 15.6933 -11.23287
v 33.33848 15.89233 -12.15993
vt 0.48046875 0.978515625
vt 0.478515625 0.978515625
vt 0.478515625 0.98046875
vt 0.48046875 0.98046875
f 719/2137 715/2138 714/2139 718/2140
vt 0.47265625 0.978515625
vt 0.470703125 0.978515625
vt 0.470703125 0.98046875
vt 0.47265625 0.98046875
f 716/2141 720/2142 717/2143 713/2144
vt 0.478515625 0.98046875
vt 0.47265625 0.98046875
vt 0.47265625 0.982421875
vt 0.478515625 0.982421875
f 714/2145 713/2146 717/2147 718/2148
vt 0.484375 0.982421875
vt 0.478515625 0.982421875
vt 0.478515625 0.98046875
vt 0.484375 0.98046875
f 719/2149 720/2150 716/2151 715/2152
vt 0.478515625 0.978515625
vt 0.47265625 0.978515625
vt 0.47265625 0.98046875
vt 0.478515625 0.98046875
f 715/2153 716/2154 713/2155 714/2156
vt 0.486328125 0.978515625
vt 0.48046875 0.978515625
vt 0.48046875 0.98046875
vt 0.486328125 0.98046875
f 720/2157 719/2158 718/2159 717/2160
o baseModel90
v -44.35471 16.57983 1.62417
v -42.45723 16.44715 2.242204
v -41.6153 15.39331 2.667125
v -44.46152 15.59233 1.740074
v -45.84204 17.29467 6.344007
v -43.94456 17.16199 6.962041
v -43.10262 16.10814 7.386963
v -45.94884 16.30717 6.459912
vt 0.24609375 0.892578125
vt 0.236328125 0.892578125
vt 0.236328125 0.89453125
vt 0.24609375 0.89453125
f 727/2161 723/2162 722/2163 726/2164
vt 0.23046875 0.892578125
vt 0.220703125 0.892578125
vt 0.220703125 0.89453125
vt 0.23046875 0.89453125
f 724/2165 728/2166 725/2167 721/2168
vt 0.236328125 0.89453125
vt 0.23046875 0.89453125
vt 0.23046875 0.904296875
vt 0.236328125 0.904296875
f 722/2169 721/2170 725/2171 726/2172
vt 0.2421875 0.904296875
vt 0.236328125 0.904296875
vt 0.236328125 0.89453125
vt 0.2421875 0.89453125
f 727/2173 728/2174 724/2175 723/2176
vt 0.236328125 0.892578125
vt 0.23046875 0.892578125
vt 0.23046875 0.89453125
vt 0.236328125 0.89453125
f 723/2177 724/2178 721/2179 722/2180
vt 0.251953125 0.892578125
vt 0.24609375 0.892578125
vt 0.24609375 0.89453125
vt 0.251953125 0.89453125
f 728/2181 727/2182 726/2183 725/2184
o baseModel91
v 27.23849 8.192341 -12.15993
v 30.08471 7.993314 -11.23287
v 29.7643 5.030809 -10.88516
v 26.91808 5.229836 -11.81221
v 25.75117 8.907179 -7.440088
v 28.59739 8.708152 -6.513037
v 28.27697 5.745648 -6.165323
v 25.43075 5.944675 -7.092374
vt 0.51171875 0.826171875
vt 0.501953125 0.826171875
vt 0.501953125 0.83203125
vt 0.51171875 0.83203125
f 735/2185 731/2186 730/2187 734/2188
vt 0.49609375 0.826171875
vt 0.486328125 0.826171875
vt 0.486328125 0.83203125
vt 0.49609375 0.83203125
f 732/2189 736/2190 733/2191 729/2192
vt 0.501953125 0.83203125
vt 0.49609375 0.83203125
vt 0.49609375 0.841796875
vt 0.501953125 0.841796875
f 730/2193 729/2194 733/2195 734/2196
vt 0.5078125 0.841796875
vt 0.501953125 0.841796875
vt 0.501953125 0.83203125
vt 0.5078125 0.83203125
f 735/2197 736/2198 732/2199 731/2200
vt 0.501953125 0.826171875
vt 0.49609375 0.826171875
vt 0.49609375 0.83203125
vt 0.501953125 0.83203125
f 731/2201 732/2202 729/2203 730/2204
vt 0.517578125 0.826171875
vt 0.51171875 0.826171875
vt 0.51171875 0.83203125
vt 0.517578125 0.83203125
f 736/2205 735/2206 734/2207 733/2208
o baseModel92
v 34.15117 17.30717 -7.440088
v 36.99739 17.10814 -6.513037
v 36.67697 14.14564 -6.165323
v 33.83075 14.34466 -7.092374
v 34.80244 17.38379 -6.187104
v 35.75118 17.31745 -5.878087
v 35.43077 14.35495 -5.530373
v 34.48203 14.42129 -5.83939
vt 0.88671875 0.943359375
vt 0.884765625 0.943359375
vt 0.884765625 0.94921875
vt 0.88671875 0.94921875
f 743/2209 739/2210 738/2211 742/2212
vt 0.87890625 0.943359375
vt 0.876953125 0.943359375
vt 0.876953125 0.94921875
vt 0.87890625 0.94921875
f 740/2213 744/2214 741/2215 737/2216
vt 0.884765625 0.94921875
vt 0.87890625 0.94921875
vt 0.87890625 0.951171875
vt 0.884765625 0.951171875
f 738/2217 737/2218 741/2219 742/2220
vt 0.890625 0.951171875
vt 0.884765625 0.951171875
vt 0.884765625 0.94921875
vt 0.890625 0.94921875
f 743/2221 744/2222 740/2223 739/2224
vt 0.884765625 0.943359375
vt 0.87890625 0.943359375
vt 0.87890625 0.94921875
vt 0.884765625 0.94921875
f 739/2225 740/2226 737/2227 738/2228
vt 0.892578125 0.943359375
vt 0.88671875 0.943359375
vt 0.88671875 0.94921875
vt 0.892578125 0.94921875
f 744/2229 743/2230 742/2231 741/2232
o baseModel93
v 37.28469 11.28302 -12.79488
v 38.23343 11.21668 -12.48586
v 37.91301 8.254174 -12.13815
v 36.96427 8.320516 -12.44716
v 36.03848 11.49233 -12.15993
v 38.8847 11.2933 -11.23287
v 38.56429 8.330799 -10.88516
v 35.71807 8.529826 -11.81221
vt 0.68359375 0.912109375
vt 0.681640625 0.912109375
vt 0.681640625 0.91796875
vt 0.68359375 0.91796875
f 751/2233 747/2234 746/2235 750/2236
vt 0.67578125 0.912109375
vt 0.673828125 0.912109375
vt 0.673828125 0.91796875
vt 0.67578125 0.91796875
f 748/2237 752/2238 749/2239 745/2240
vt 0.681640625 0.91796875
vt 0.67578125 0.91796875
vt 0.67578125 0.919921875
vt 0.681640625 0.919921875
f 746/2241 745/2242 749/2243 750/2244
vt 0.6875 0.919921875
vt 0.681640625 0.919921875
vt 0.681640625 0.91796875
vt 0.6875 0.91796875
f 751/2245 752/2246 748/2247 747/2248
vt 0.681640625 0.912109375
vt 0.67578125 0.912109375
vt 0.67578125 0.91796875
vt 0.681640625 0.91796875
f 747/2249 748/2250 745/2251 746/2252
vt 0.689453125 0.912109375
vt 0.68359375 0.912109375
vt 0.68359375 0.91796875
vt 0.689453125 0.91796875
f 752/2253 751/2254 750/2255 749/2256
o baseModel94
v 35.99563 9.596293 -6.071199
v 36.94437 9.529951 -5.762182
v 36.83756 8.542449 -5.646277
v 35.88882 8.608792 -5.955295
v 35.4007 9.882228 -4.183264
v 36.34943 9.815886 -3.874247
v 36.24263 8.828385 -3.758343
v 35.29389 8.894727 -4.06736
vt 0.63671875 0.9609375
vt 0.6328125 0.9609375
vt 0.6328125 0.962890625
vt 0.63671875 0.962890625
f 759/2257 755/2258 754/2259 758/2260
vt 0.630859375 0.9609375
vt 0.626953125 0.9609375
vt 0.626953125 0.962890625
vt 0.630859375 0.962890625
f 756/2261 760/2262 757/2263 753/2264
vt 0.6328125 0.962890625
vt 0.630859375 0.962890625
vt 0.630859375 0.966796875
vt 0.6328125 0.966796875
f 754/2265 753/2266 757/2267 758/2268
vt 0.634765625 0.966796875
vt 0.6328125 0.966796875
vt 0.6328125 0.962890625
vt 0.634765625 0.962890625
f 759/2269 760/2270 756/2271 755/2272
vt 0.6328125 0.9609375
vt 0.630859375 0.9609375
vt 0.630859375 0.962890625
vt 0.6328125 0.962890625
f 755/2273 756/2274 753/2275 754/2276
vt 0.638671875 0.9609375
vt 0.63671875 0.9609375
vt 0.63671875 0.962890625
vt 0.638671875 0.962890625
f 760/2277 759/2278 758/2279 757/2280
o baseModel95
v 32.95934 17.60838 -7.563583
v 33.75688 17.56658 -8.165398
v 33.70454 16.56795 -8.165398
v 32.907 16.60975 -7.563583
v 34.16132 17.54539 -5.966312
v 34.95886 17.50359 -6.568127
v 34.90653 16.50496 -6.568127
v 34.10898 16.54676 -5.966312
vt 0.87109375 0.9609375
vt 0.8671875 0.9609375
vt 0.8671875 0.962890625
vt 0.87109375 0.962890625
f 767/2281 763/2282 762/2283 766/2284
vt 0.865234375 0.9609375
vt 0.861328125 0.9609375
vt 0.861328125 0.962890625
vt 0.865234375 0.962890625
f 764/2285 768/2286 765/2287 761/2288
vt 0.8671875 0.962890625
vt 0.865234375 0.962890625
vt 0.865234375 0.966796875
vt 0.8671875 0.966796875
f 762/2289 761/2290 765/2291 766/2292
vt 0.869140625 0.966796875
vt 0.8671875 0.966796875
vt 0.8671875 0.962890625
vt 0.869140625 0.962890625
f 767/2293 768/2294 764/2295 763/2296
vt 0.8671875 0.9609375
vt 0.865234375 0.9609375
vt 0.865234375 0.962890625
vt 0.8671875 0.962890625
f 763/2297 764/2298 761/2299 762/2300
vt 0.873046875 0.9609375
vt 0.87109375 0.9609375
vt 0.87109375 0.962890625
vt 0.873046875 0.962890625
f 768/2301 767/2302 766/2303 765/2304
o baseModel96
v 21 23.5 -18.5
v 25 20.5 -19
v 25 13.5 -19
v 21 13.5 -19
v 21 23.5 18.5
v 25 20.5 19
v 25 13.5 19
v 21 13.5 19
vt 0.908203125 0.765625
vt 0.833984375 0.765625
vt 0.833984375 0.783203125
vt 0.908203125 0.783203125
f 775/2305 771/2306 770/2307 774/2308
vt 0.826171875 0.765625
vt 0.751953125 0.765625
vt 0.751953125 0.783203125
vt 0.826171875 0.783203125
f 772/2309 776/2310 773/2311 769/2312
vt 0.833984375 0.783203125
vt 0.826171875 0.783203125
vt 0.826171875 0.857421875
vt 0.833984375 0.857421875
f 770/2313 769/2314 773/2315 774/2316
vt 0.841796875 0.857421875
vt 0.833984375 0.857421875
vt 0.833984375 0.783203125
vt 0.841796875 0.783203125
f 775/2317 776/2318 772/2319 771/2320
vt 0.833984375 0.765625
vt 0.826171875 0.765625
vt 0.826171875 0.783203125
vt 0.833984375 0.783203125
f 771/2321 772/2322 769/2323 770/2324
vt 0.916015625 0.765625
vt 0.908203125 0.765625
vt 0.908203125 0.783203125
vt 0.916015625 0.783203125
f 776/2325 775/2326 774/2327 773/2328
o baseModel97
v 24.17267 22.45298 -11.10939
v 24.47756 22.30428 -11.32135
v 24.30958 21.74782 -11.17259
v 24.0047 21.89652 -10.96062
v 31.1764 22.94056 -1.377478
v 31.48129 22.79185 -1.589446
v 31.31331 22.23539 -1.440678
v 31.00842 22.38409 -1.228711
vt 0.58203125 0.83203125
vt 0.55859375 0.83203125
vt 0.55859375 0.833984375
vt 0.58203125 0.833984375
f 783/2329 779/2330 778/2331 782/2332
vt 0.556640625 0.83203125
vt 0.533203125 0.83203125
vt 0.533203125 0.833984375
vt 0.556640625 0.833984375
f 780/2333 784/2334 781/2335 777/2336
vt 0.55859375 0.833984375
vt 0.556640625 0.833984375
vt 0.556640625 0.857421875
vt 0.55859375 0.857421875
f 778/2337 777/2338 781/2339 782/2340
vt 0.560546875 0.857421875
vt 0.55859375 0.857421875
vt 0.55859375 0.833984375
vt 0.560546875 0.833984375
f 783/2341 784/2342 780/2343 779/2344
vt 0.55859375 0.83203125
vt 0.556640625 0.83203125
vt 0.556640625 0.833984375
vt 0.55859375 0.833984375
f 779/2345 780/2346 777/2347 778/2348
vt 0.583984375 0.83203125
vt 0.58203125 0.83203125
vt 0.58203125 0.833984375
vt 0.583984375 0.833984375
f 784/2349 783/2350 782/2351 781/2352
o baseModel98
v 24.13499 22.44576 1.86138
v 24.40517 22.28342 1.615115
v 24.20223 21.73596 1.753351
v 23.93204 21.89831 1.999615
v 31.34272 21.86691 10.15074
v 31.6129 21.70457 9.904478
v 31.40996 21.15712 10.04271
v 31.13978 21.31946 10.28898
vt 0.390625 0.818359375
vt 0.369140625 0.818359375
vt 0.369140625 0.8203125
vt 0.390625 0.8203125
f 791/2353 787/2354 786/2355 790/2356
vt 0.3671875 0.818359375
vt 0.345703125 0.818359375
vt 0.345703125 0.8203125
vt 0.3671875 0.8203125
f 788/2357 792/2358 789/2359 785/2360
vt 0.369140625 0.8203125
vt 0.3671875 0.8203125
vt 0.3671875 0.841796875
vt 0.369140625 0.841796875
f 786/2361 785/2362 789/2363 790/2364
vt 0.37109375 0.841796875
vt 0.369140625 0.841796875
vt 0.369140625 0.8203125
vt 0.37109375 0.8203125
f 791/2365 792/2366 788/2367 787/2368
vt 0.369140625 0.818359375
vt 0.3671875 0.818359375
vt 0.3671875 0.8203125
vt 0.369140625 0.8203125
f 787/2369 788/2370 785/2371 786/2372
vt 0.392578125 0.818359375
vt 0.390625 0.818359375
vt 0.390625 0.8203125
vt 0.392578125 0.8203125
f 792/2373 791/2374 790/2375 789/2376
o baseModel99
v 22.3634 22.57234 -13.51247
v 22.89696 22.31211 -13.88341
v 22.56335 20.77244 -13.56618
v 21.80113 21.1442 -13.03626
v 24.11433 22.69424 -11.07949
v 24.64789 22.434 -11.45043
v 24.31428 20.89434 -11.13321
v 23.55206 21.2661 -10.60329
vt 0.90625 0.91015625
vt 0.900390625 0.91015625
vt 0.900390625 0.9140625
vt 0.90625 0.9140625
f 799/2377 795/2378 794/2379 798/2380
vt 0.8984375 0.91015625
vt 0.892578125 0.91015625
vt 0.892578125 0.9140625
vt 0.8984375 0.9140625
f 796/2381 800/2382 797/2383 793/2384
vt 0.900390625 0.9140625
vt 0.8984375 0.9140625
vt 0.8984375 0.919921875
vt 0.900390625 0.919921875
f 794/2385 793/2386 797/2387 798/2388
vt 0.90234375 0.919921875
vt 0.900390625 0.919921875
vt 0.900390625 0.9140625
vt 0.90234375 0.9140625
f 799/2389 800/2390 796/2391 795/2392
vt 0.900390625 0.91015625
vt 0.8984375 0.91015625
vt 0.8984375 0.9140625
vt 0.900390625 0.9140625
f 795/2393 796/2394 793/2395 794/2396
vt 0.908203125 0.91015625
vt 0.90625 0.91015625
vt 0.90625 0.9140625
vt 0.908203125 0.9140625
f 800/2397 799/2398 798/2399 797/2400
o baseModel100
v 22.13557 22.84699 -0.3530845
v 22.60839 22.56289 -0.7840475
v 22.16853 21.04214 -0.5077695
v 21.49307 21.44799 0.107892
v 24.10132 22.68912 1.907651
v 24.57414 22.40502 1.476688
v 24.13427 20.88427 1.752966
v 23.45881 21.29013 2.368627
vt 0.015625 0.89453125
vt 0.009765625 0.89453125
vt 0.009765625 0.8984375
vt 0.015625 0.8984375
f 807/2401 803/2402 802/2403 806/2404
vt 0.0078125 0.89453125
vt 0.001953125 0.89453125
vt 0.001953125 0.8984375
vt 0.0078125 0.8984375
f 804/2405 808/2406 805/2407 801/2408
vt 0.009765625 0.8984375
vt 0.0078125 0.8984375
vt 0.0078125 0.904296875
vt 0.009765625 0.904296875
f 802/2409 801/2410 805/2411 806/2412
vt 0.01171875 0.904296875
vt 0.009765625 0.904296875
vt 0.009765625 0.8984375
vt 0.01171875 0.8984375
f 807/2413 808/2414 804/2415 803/2416
vt 0.009765625 0.89453125
vt 0.0078125 0.89453125
vt 0.0078125 0.8984375
vt 0.009765625 0.8984375
f 803/2417 804/2418 801/2419 802/2420
vt 0.017578125 0.89453125
vt 0.015625 0.89453125
vt 0.015625 0.8984375
vt 0.017578125 0.8984375
f 808/2421 807/2422 806/2423 805/2424
o baseModel101
v 25 10.5 14
v 28 10.5 14
v 25 7.5 14
v 25 7.5 14
v 25 10.5 22
v 28 10.5 22
v 25 7.5 22
v 25 7.5 22
vt 0.6171875 0.8203125
vt 0.6015625 0.8203125
vt 0.6015625 0.826171875
vt 0.6171875 0.826171875
f 815/2425 811/2426 810/2427 814/2428
vt 0.595703125 0.8203125
vt 0.580078125 0.8203125
vt 0.580078125 0.826171875
vt 0.595703125 0.826171875
f 812/2429 816/2430 813/2431 809/2432
vt 0.6015625 0.826171875
vt 0.595703125 0.826171875
vt 0.595703125 0.841796875
vt 0.6015625 0.841796875
f 810/2433 809/2434 813/2435 814/2436
vt 0.607421875 0.841796875
vt 0.6015625 0.841796875
vt 0.6015625 0.826171875
vt 0.607421875 0.826171875
f 815/2437 816/2438 812/2439 811/2440
vt 0.6015625 0.8203125
vt 0.595703125 0.8203125
vt 0.595703125 0.826171875
vt 0.6015625 0.826171875
f 811/2441 812/2442 809/2443 810/2444
vt 0.623046875 0.8203125
vt 0.6171875 0.8203125
vt 0.6171875 0.826171875
vt 0.623046875 0.826171875
f 816/2445 815/2446 814/2447 813/2448
o baseModel102
v 25 12.5 14
v 32 12.5 14
v 28 10.5 14
v 25 10.5 14
v 25 12.5 22
v 32 12.5 22
v 28 10.5 22
v 25 10.5 22
vt 0.748046875 0.822265625
vt 0.732421875 0.822265625
vt 0.732421875 0.826171875
vt 0.748046875 0.826171875
f 823/2449 819/2450 818/2451 822/2452
vt 0.720703125 0.822265625
vt 0.705078125 0.822265625
vt 0.705078125 0.826171875
vt 0.720703125 0.826171875
f 820/2453 824/2454 821/2455 817/2456
vt 0.732421875 0.826171875
vt 0.720703125 0.826171875
vt 0.720703125 0.841796875
vt 0.732421875 0.841796875
f 818/2457 817/2458 821/2459 822/2460
vt 0.744140625 0.841796875
vt 0.732421875 0.841796875
vt 0.732421875 0.826171875
vt 0.744140625 0.826171875
f 823/2461 824/2462 820/2463 819/2464
vt 0.732421875 0.822265625
vt 0.720703125 0.822265625
vt 0.720703125 0.826171875
vt 0.732421875 0.826171875
f 819/2465 820/2466 817/2467 818/2468
vt 0.759765625 0.822265625
vt 0.748046875 0.822265625
vt 0.748046875 0.826171875
vt 0.759765625 0.826171875
f 824/2469 823/2470 822/2471 821/2472
o baseModel103
v 37 12.5 14
v 45 12.5 14
v 45 10.5 14
v 41 10.5 14
v 37 12.5 22
v 45 12.5 22
v 45 10.5 22
v 41 10.5 22
vt 0.5625 0.806640625
vt 0.546875 0.806640625
vt 0.546875 0.810546875
vt 0.5625 0.810546875
f 831/2473 827/2474 826/2475 830/2476
vt 0.533203125 0.806640625
vt 0.517578125 0.806640625
vt 0.517578125 0.810546875
vt 0.533203125 0.810546875
f 828/2477 832/2478 829/2479 825/2480
vt 0.546875 0.810546875
vt 0.533203125 0.810546875
vt 0.533203125 0.826171875
vt 0.546875 0.826171875
f 826/2481 825/2482 829/2483 830/2484
vt 0.560546875 0.826171875
vt 0.546875 0.826171875
vt 0.546875 0.810546875
vt 0.560546875 0.810546875
f 831/2485 832/2486 828/2487 827/2488
vt 0.546875 0.806640625
vt 0.533203125 0.806640625
vt 0.533203125 0.810546875
vt 0.546875 0.810546875
f 827/2489 828/2490 825/2491 826/2492
vt 0.576171875 0.806640625
vt 0.5625 0.806640625
vt 0.5625 0.810546875
vt 0.576171875 0.810546875
f 832/2493 831/2494 830/2495 829/2496
o baseModel104
v 41 10.5 14
v 45 10.5 14
v 45 5.5 14
v 44 5.5 14
v 41 10.5 22
v 45 10.5 22
v 45 5.5 22
v 44 5.5 22
vt 0.228515625 0.80078125
vt 0.212890625 0.80078125
vt 0.212890625 0.810546875
vt 0.228515625 0.810546875
f 839/2497 835/2498 834/2499 838/2500
vt 0.205078125 0.80078125
vt 0.189453125 0.80078125
vt 0.189453125 0.810546875
vt 0.205078125 0.810546875
f 836/2501 840/2502 837/2503 833/2504
vt 0.212890625 0.810546875
vt 0.205078125 0.810546875
vt 0.205078125 0.826171875
vt 0.212890625 0.826171875
f 834/2505 833/2506 837/2507 838/2508
vt 0.220703125 0.826171875
vt 0.212890625 0.826171875
vt 0.212890625 0.810546875
vt 0.220703125 0.810546875
f 839/2509 840/2510 836/2511 835/2512
vt 0.212890625 0.80078125
vt 0.205078125 0.80078125
vt 0.205078125 0.810546875
vt 0.212890625 0.810546875
f 835/2513 836/2514 833/2515 834/2516
vt 0.236328125 0.80078125
vt 0.228515625 0.80078125
vt 0.228515625 0.810546875
vt 0.236328125 0.810546875
f 840/2517 839/2518 838/2519 837/2520
o baseModel105
v 44 5.5 14
v 45 5.5 14
v 45 2.5 14
v 45 2.5 14
v 44 5.5 22
v 45 5.5 22
v 45 2.5 22
v 45 2.5 22
vt 0.78515625 0.8046875
vt 0.76953125 0.8046875
vt 0.76953125 0.810546875
vt 0.78515625 0.810546875
f 847/2521 843/2522 842/2523 846/2524
vt 0.767578125 0.8046875
vt 0.751953125 0.8046875
vt 0.751953125 0.810546875
vt 0.767578125 0.810546875
f 844/2525 848/2526 845/2527 841/2528
vt 0.76953125 0.810546875
vt 0.767578125 0.810546875
vt 0.767578125 0.826171875
vt 0.76953125 0.826171875
f 842/2529 841/2530 845/2531 846/2532
vt 0.771484375 0.826171875
vt 0.76953125 0.826171875
vt 0.76953125 0.810546875
vt 0.771484375 0.810546875
f 847/2533 848/2534 844/2535 843/2536
vt 0.76953125 0.8046875
vt 0.767578125 0.8046875
vt 0.767578125 0.810546875
vt 0.76953125 0.810546875
f 843/2537 844/2538 841/2539 842/2540
vt 0.787109375 0.8046875
vt 0.78515625 0.8046875
vt 0.78515625 0.810546875
vt 0.787109375 0.810546875
f 848/2541 847/2542 846/2543 845/2544
o baseModel106
v 25 16.5 -22
v 45 16.5 -22
v 45 12.5 -22
v 25 12.5 -22
v 25 16.5 -14
v 45 16.5 -14
v 45 12.5 -14
v 25 12.5 -14
vt 0.916015625 0.802734375
vt 0.900390625 0.802734375
vt 0.900390625 0.810546875
vt 0.916015625 0.810546875
f 855/2545 851/2546 850/2547 854/2548
vt 0.861328125 0.802734375
vt 0.845703125 0.802734375
vt 0.845703125 0.810546875
vt 0.861328125 0.810546875
f 852/2549 856/2550 853/2551 849/2552
vt 0.900390625 0.810546875
vt 0.861328125 0.810546875
vt 0.861328125 0.826171875
vt 0.900390625 0.826171875
f 850/2553 849/2554 853/2555 854/2556
vt 0.939453125 0.826171875
vt 0.900390625 0.826171875
vt 0.900390625 0.810546875
vt 0.939453125 0.810546875
f 855/2557 856/2558 852/2559 851/2560
vt 0.900390625 0.802734375
vt 0.861328125 0.802734375
vt 0.861328125 0.810546875
vt 0.900390625 0.810546875
f 851/2561 852/2562 849/2563 850/2564
vt 0.955078125 0.802734375
vt 0.916015625 0.802734375
vt 0.916015625 0.810546875
vt 0.955078125 0.810546875
f 856/2565 855/2566 854/2567 853/2568
o baseModel107
v 25 10.5 -22
v 28 10.5 -22
v 25 7.5 -22
v 25 7.5 -22
v 25 10.5 -14
v 28 10.5 -14
v 25 7.5 -14
v 25 7.5 -14
vt 0.3671875 0.7890625
vt 0.3515625 0.7890625
vt 0.3515625 0.794921875
vt 0.3671875 0.794921875
f 863/2569 859/2570 858/2571 862/2572
vt 0.345703125 0.7890625
vt 0.330078125 0.7890625
vt 0.330078125 0.794921875
vt 0.345703125 0.794921875
f 860/2573 864/2574 861/2575 857/2576
vt 0.3515625 0.794921875
vt 0.345703125 0.794921875
vt 0.345703125 0.810546875
vt 0.3515625 0.810546875
f 858/2577 857/2578 861/2579 862/2580
vt 0.357421875 0.810546875
vt 0.3515625 0.810546875
vt 0.3515625 0.794921875
vt 0.357421875 0.794921875
f 863/2581 864/2582 860/2583 859/2584
vt 0.3515625 0.7890625
vt 0.345703125 0.7890625
vt 0.345703125 0.794921875
vt 0.3515625 0.794921875
f 859/2585 860/2586 857/2587 858/2588
vt 0.373046875 0.7890625
vt 0.3671875 0.7890625
vt 0.3671875 0.794921875
vt 0.373046875 0.794921875
f 864/2589 863/2590 862/2591 861/2592
o baseModel108
v 25 12.5 -22
v 32 12.5 -22
v 28 10.5 -22
v 25 10.5 -22
v 25 12.5 -14
v 32 12.5 -14
v 28 10.5 -14
v 25 10.5 -14
vt 0.419921875 0.791015625
vt 0.404296875 0.791015625
vt 0.404296875 0.794921875
vt 0.419921875 0.794921875
f 871/2593 867/2594 866/2595 870/2596
vt 0.392578125 0.791015625
vt 0.376953125 0.791015625
vt 0.376953125 0.794921875
vt 0.392578125 0.794921875
f 868/2597 872/2598 869/2599 865/2600
vt 0.404296875 0.794921875
vt 0.392578125 0.794921875
vt 0.392578125 0.810546875
vt 0.404296875 0.810546875
f 866/2601 865/2602 869/2603 870/2604
vt 0.416015625 0.810546875
vt 0.404296875 0.810546875
vt 0.404296875 0.794921875
vt 0.416015625 0.794921875
f 871/2605 872/2606 868/2607 867/2608
vt 0.404296875 0.791015625
vt 0.392578125 0.791015625
vt 0.392578125 0.794921875
vt 0.404296875 0.794921875
f 867/2609 868/2610 865/2611 866/2612
vt 0.431640625 0.791015625
vt 0.419921875 0.791015625
vt 0.419921875 0.794921875
vt 0.431640625 0.794921875
f 872/2613 871/2614 870/2615 869/2616
o baseModel109
v 37 12.5 -22
v 45 12.5 -22
v 45 10.5 -22
v 41 10.5 -22
v 37 12.5 -14
v 45 12.5 -14
v 45 10.5 -14
v 41 10.5 -14
vt 0.484375 0.791015625
vt 0.46875 0.791015625
vt 0.46875 0.794921875
vt 0.484375 0.794921875
f 879/2617 875/2618 874/2619 878/2620
vt 0.455078125 0.791015625
vt 0.439453125 0.791015625
vt 0.439453125 0.794921875
vt 0.455078125 0.794921875
f 876/2621 880/2622 877/2623 873/2624
vt 0.46875 0.794921875
vt 0.455078125 0.794921875
vt 0.455078125 0.810546875
vt 0.46875 0.810546875
f 874/2625 873/2626 877/2627 878/2628
vt 0.482421875 0.810546875
vt 0.46875 0.810546875
vt 0.46875 0.794921875
vt 0.482421875 0.794921875
f 879/2629 880/2630 876/2631 875/2632
vt 0.46875 0.791015625
vt 0.455078125 0.791015625
vt 0.455078125 0.794921875
vt 0.46875 0.794921875
f 875/2633 876/2634 873/2635 874/2636
vt 0.498046875 0.791015625
vt 0.484375 0.791015625
vt 0.484375 0.794921875
vt 0.498046875 0.794921875
f 880/2637 879/2638 878/2639 877/2640
o baseModel110
v 41 10.5 -22
v 45 10.5 -22
v 45 5.5 -22
v 44 5.5 -22
v 41 10.5 -14
v 45 10.5 -14
v 45 5.5 -14
v 44 5.5 -14
vt 0.525390625 0.76953125
vt 0.509765625 0.76953125
vt 0.509765625 0.779296875
vt 0.525390625 0.779296875
f 887/2641 883/2642 882/2643 886/2644
vt 0.501953125 0.76953125
vt 0.486328125 0.76953125
vt 0.486328125 0.779296875
vt 0.501953125 0.779296875
f 884/2645 888/2646 885/2647 881/2648
vt 0.509765625 0.779296875
vt 0.501953125 0.779296875
vt 0.501953125 0.794921875
vt 0.509765625 0.794921875
f 882/2649 881/2650 885/2651 886/2652
vt 0.517578125 0.794921875
vt 0.509765625 0.794921875
vt 0.509765625 0.779296875
vt 0.517578125 0.779296875
f 887/2653 888/2654 884/2655 883/2656
vt 0.509765625 0.76953125
vt 0.501953125 0.76953125
vt 0.501953125 0.779296875
vt 0.509765625 0.779296875
f 883/2657 884/2658 881/2659 882/2660
vt 0.533203125 0.76953125
vt 0.525390625 0.76953125
vt 0.525390625 0.779296875
vt 0.533203125 0.779296875
f 888/2661 887/2662 886/2663 885/2664
o baseModel111
v 44 5.5 -22
v 45 5.5 -22
v 45 2.5 -22
v 45 2.5 -22
v 44 5.5 -14
v 45 5.5 -14
v 45 2.5 -14
v 45 2.5 -14
vt 0.81640625 0.7890625
vt 0.80078125 0.7890625
vt 0.80078125 0.794921875
vt 0.81640625 0.794921875
f 895/2665 891/2666 890/2667 894/2668
vt 0.798828125 0.7890625
vt 0.783203125 0.7890625
vt 0.783203125 0.794921875
vt 0.798828125 0.794921875
f 892/2669 896/2670 893/2671 889/2672
vt 0.80078125 0.794921875
vt 0.798828125 0.794921875
vt 0.798828125 0.810546875
vt 0.80078125 0.810546875
f 890/2673 889/2674 893/2675 894/2676
vt 0.802734375 0.810546875
vt 0.80078125 0.810546875
vt 0.80078125 0.794921875
vt 0.802734375 0.794921875
f 895/2677 896/2678 892/2679 891/2680
vt 0.80078125 0.7890625
vt 0.798828125 0.7890625
vt 0.798828125 0.794921875
vt 0.80078125 0.794921875
f 891/2681 892/2682 889/2683 890/2684
vt 0.818359375 0.7890625
vt 0.81640625 0.7890625
vt 0.81640625 0.794921875
vt 0.818359375 0.794921875
f 896/2685 895/2686 894/2687 893/2688
o baseModel112
v -47 2.5 -15
v -25 2.5 -15
v -25 0.5 -15
v -47 0.5 -15
v -47 2.5 15
v -25 2.5 15
v -25 0.5 15
v -47 0.5 15
vt 0.162109375 0.716796875
vt 0.103515625 0.716796875
vt 0.103515625 0.720703125
vt 0.162109375 0.720703125
f 903/2689 899/2690 898/2691 902/2692
vt 0.060546875 0.716796875
vt 0.001953125 0.716796875
vt 0.001953125 0.720703125
vt 0.060546875 0.720703125
f 900/2693 904/2694 901/2695 897/2696
vt 0.103515625 0.720703125
vt 0.060546875 0.720703125
vt 0.060546875 0.779296875
vt 0.103515625 0.779296875
f 898/2697 897/2698 901/2699 902/2700
vt 0.146484375 0.779296875
vt 0.103515625 0.779296875
vt 0.103515625 0.720703125
vt 0.146484375 0.720703125
f 903/2701 904/2702 900/2703 899/2704
vt 0.103515625 0.716796875
vt 0.060546875 0.716796875
vt 0.060546875 0.720703125
vt 0.103515625 0.720703125
f 899/2705 900/2706 897/2707 898/2708
vt 0.205078125 0.716796875
vt 0.162109375 0.716796875
vt 0.162109375 0.720703125
vt 0.205078125 0.720703125
f 904/2709 903/2710 902/2711 901/2712
o baseModel113
v 25 16.5 0
v 47 16.5 0
v 47 0.5 0
v 25 0.5 0
v 25 16.5 16
v 47 16.5 16
v 47 0.5 16
v 25 0.5 16
vt 0.404296875 0.716796875
vt 0.373046875 0.716796875
vt 0.373046875 0.748046875
vt 0.404296875 0.748046875
f 911/2713 907/2714 906/2715 910/2716
vt 0.330078125 0.716796875
vt 0.298828125 0.716796875
vt 0.298828125 0.748046875
vt 0.330078125 0.748046875
f 908/2717 912/2718 909/2719 905/2720
vt 0.373046875 0.748046875
vt 0.330078125 0.748046875
vt 0.330078125 0.779296875
vt 0.373046875 0.779296875
f 906/2721 905/2722 909/2723 910/2724
vt 0.416015625 0.779296875
vt 0.373046875 0.779296875
vt 0.373046875 0.748046875
vt 0.416015625 0.748046875
f 911/2725 912/2726 908/2727 907/2728
vt 0.373046875 0.716796875
vt 0.330078125 0.716796875
vt 0.330078125 0.748046875
vt 0.373046875 0.748046875
f 907/2729 908/2730 905/2731 906/2732
vt 0.447265625 0.716796875
vt 0.404296875 0.716796875
vt 0.404296875 0.748046875
vt 0.447265625 0.748046875
f 912/2733 911/2734 910/2735 909/2736
o baseModel114
v 24 16.5 -19
v 25 16.5 -19
v 25 2.5 -19
v 24 2.5 -19
v 24 16.5 -3
v 25 16.5 -3
v 25 2.5 -3
v 24 2.5 -3
vt 0.58203125 0.736328125
vt 0.55078125 0.736328125
vt 0.55078125 0.763671875
vt 0.58203125 0.763671875
f 919/2737 915/2738 914/2739 918/2740
vt 0.548828125 0.736328125
vt 0.517578125 0.736328125
vt 0.517578125 0.763671875
vt 0.548828125 0.763671875
f 916/2741 920/2742 917/2743 913/2744
vt 0.55078125 0.763671875
vt 0.548828125 0.763671875
vt 0.548828125 0.794921875
vt 0.55078125 0.794921875
f 914/2745 913/2746 917/2747 918/2748
vt 0.552734375 0.794921875
vt 0.55078125 0.794921875
vt 0.55078125 0.763671875
vt 0.552734375 0.763671875
f 919/2749 920/2750 916/2751 915/2752
vt 0.55078125 0.736328125
vt 0.548828125 0.736328125
vt 0.548828125 0.763671875
vt 0.55078125 0.763671875
f 915/2753 916/2754 913/2755 914/2756
vt 0.583984375 0.736328125
vt 0.58203125 0.736328125
vt 0.58203125 0.763671875
vt 0.583984375 0.763671875
f 920/2757 919/2758 918/2759 917/2760
o baseModel115
v -25 6.5 19
v 25 6.5 19
v 25 2.5 19
v -25 2.5 19
v -25 6.5 22
v 25 6.5 22
v 25 2.5 21.5
v -25 2.5 21.5
vt 0.705078125 0.75
vt 0.69921875 0.75
vt 0.69921875 0.7578125
vt 0.705078125 0.7578125
f 927/2761 923/2762 922/2763 926/2764
vt 0.6015625 0.75
vt 0.595703125 0.75
vt 0.595703125 0.7578125
vt 0.6015625 0.7578125
f 924/2765 928/2766 925/2767 921/2768
vt 0.69921875 0.7578125
vt 0.6015625 0.7578125
vt 0.6015625 0.763671875
vt 0.69921875 0.763671875
f 922/2769 921/2770 925/2771 926/2772
vt 0.796875 0.763671875
vt 0.69921875 0.763671875
vt 0.69921875 0.7578125
vt 0.796875 0.7578125
f 927/2773 928/2774 924/2775 923/2776
vt 0.69921875 0.75
vt 0.6015625 0.75
vt 0.6015625 0.7578125
vt 0.69921875 0.7578125
f 923/2777 924/2778 921/2779 922/2780
vt 0.802734375 0.75
vt 0.705078125 0.75
vt 0.705078125 0.7578125
vt 0.802734375 0.7578125
f 928/2781 927/2782 926/2783 925/2784
o baseModel116
v -25 16.5 19
v -25 16.5 19
v -20 6.5 19
v -25 6.5 19
v -25 16.5 22
v -25 16.5 22
v -20 6.5 22
v -25 6.5 22
vt 0.984375 0.80078125
vt 0.978515625 0.80078125
vt 0.978515625 0.8203125
vt 0.984375 0.8203125
f 935/2785 931/2786 930/2787 934/2788
vt 0.9765625 0.80078125
vt 0.970703125 0.80078125
vt 0.970703125 0.8203125
vt 0.9765625 0.8203125
f 932/2789 936/2790 933/2791 929/2792
vt 0.978515625 0.8203125
vt 0.9765625 0.8203125
vt 0.9765625 0.826171875
vt 0.978515625 0.826171875
f 930/2793 929/2794 933/2795 934/2796
vt 0.98046875 0.826171875
vt 0.978515625 0.826171875
vt 0.978515625 0.8203125
vt 0.98046875 0.8203125
f 935/2797 936/2798 932/2799 931/2800
vt 0.978515625 0.80078125
vt 0.9765625 0.80078125
vt 0.9765625 0.8203125
vt 0.978515625 0.8203125
f 931/2801 932/2802 929/2803 930/2804
vt 0.986328125 0.80078125
vt 0.984375 0.80078125
vt 0.984375 0.8203125
vt 0.986328125 0.8203125
f 936/2805 935/2806 934/2807 933/2808
o baseModel117
v -41 21.5 19
v -25 21.5 19
v -25 16.5 19
v -41 16.5 19
v -41 21.5 20
v -25 21.5 20
v -25 16.5 22
v -41 16.5 22
vt 0.966796875 0.779296875
vt 0.9609375 0.779296875
vt 0.9609375 0.7890625
vt 0.966796875 0.7890625
f 943/2809 939/2810 938/2811 942/2812
vt 0.9296875 0.779296875
vt 0.923828125 0.779296875
vt 0.923828125 0.7890625
vt 0.9296875 0.7890625
f 940/2813 944/2814 941/2815 937/2816
vt 0.9609375 0.7890625
vt 0.9296875 0.7890625
vt 0.9296875 0.794921875
vt 0.9609375 0.794921875
f 938/2817 937/2818 941/2819 942/2820
vt 0.9921875 0.794921875
vt 0.9609375 0.794921875
vt 0.9609375 0.7890625
vt 0.9921875 0.7890625
f 943/2821 944/2822 940/2823 939/2824
vt 0.9609375 0.779296875
vt 0.9296875 0.779296875
vt 0.9296875 0.7890625
vt 0.9609375 0.7890625
f 939/2825 940/2826 937/2827 938/2828
vt 0.998046875 0.779296875
vt 0.966796875 0.779296875
vt 0.966796875 0.7890625
vt 0.998046875 0.7890625
f 944/2829 943/2830 942/2831 941/2832
o baseModel118
v -28.5 16.5 -22
v -26.5 16.5 -22
v -26.5 5.5 -22
v -28.5 9.5 -22
v -28.5 16.5 -15
v -26.5 16.5 -15
v -26.5 5.5 -15
v -28.5 9.5 -15
vt 0.033203125 0.748046875
vt 0.01953125 0.748046875
vt 0.01953125 0.765625
vt 0.033203125 0.765625
f 951/2833 947/2834 946/2835 950/2836
vt 0.015625 0.748046875
vt 0.001953125 0.748046875
vt 0.001953125 0.765625
vt 0.015625 0.765625
f 948/2837 952/2838 949/2839 945/2840
vt 0.01953125 0.765625
vt 0.015625 0.765625
vt 0.015625 0.779296875
vt 0.01953125 0.779296875
f 946/2841 945/2842 949/2843 950/2844
vt 0.0234375 0.779296875
vt 0.01953125 0.779296875
vt 0.01953125 0.765625
vt 0.0234375 0.765625
f 951/2845 952/2846 948/2847 947/2848
vt 0.01953125 0.748046875
vt 0.015625 0.748046875
vt 0.015625 0.765625
vt 0.01953125 0.765625
f 947/2849 948/2850 945/2851 946/2852
vt 0.037109375 0.748046875
vt 0.033203125 0.748046875
vt 0.033203125 0.765625
vt 0.037109375 0.765625
f 952/2853 951/2854 950/2855 949/2856
o baseModel119
v -32.5 16.5 -22
v -28.5 16.5 -22
v -28.5 9.5 -22
v -32.5 12.5 -22
v -32.5 16.5 -15
v -28.5 16.5 -15
v -28.5 9.5 -15
v -32.5 12.5 -15
vt 0.193359375 0.7578125
vt 0.1796875 0.7578125
vt 0.1796875 0.765625
vt 0.193359375 0.765625
f 959/2857 955/2858 954/2859 958/2860
vt 0.171875 0.7578125
vt 0.158203125 0.7578125
vt 0.158203125 0.765625
vt 0.171875 0.765625
f 956/2861 960/2862 957/2863 953/2864
vt 0.1796875 0.765625
vt 0.171875 0.765625
vt 0.171875 0.779296875
vt 0.1796875 0.779296875
f 954/2865 953/2866 957/2867 958/2868
vt 0.1875 0.779296875
vt 0.1796875 0.779296875
vt 0.1796875 0.765625
vt 0.1875 0.765625
f 959/2869 960/2870 956/2871 955/2872
vt 0.1796875 0.7578125
vt 0.171875 0.7578125
vt 0.171875 0.765625
vt 0.1796875 0.765625
f 955/2873 956/2874 953/2875 954/2876
vt 0.201171875 0.7578125
vt 0.193359375 0.7578125
vt 0.193359375 0.765625
vt 0.201171875 0.765625
f 960/2877 959/2878 958/2879 957/2880
o baseModel120
v -26.5 16.5 -22
v -25 16.5 -22
v -25 0.5 -22
v -26.5 5.5 -22
v -26.5 16.5 -15
v -25 16.5 -15
v -25 0.5 -15
v -26.5 5.5 -15
vt 0.484375 0.740234375
vt 0.470703125 0.740234375
vt 0.470703125 0.765625
vt 0.484375 0.765625
f 967/2881 963/2882 962/2883 966/2884
vt 0.46875 0.740234375
vt 0.455078125 0.740234375
vt 0.455078125 0.765625
vt 0.46875 0.765625
f 964/2885 968/2886 965/2887 961/2888
vt 0.470703125 0.765625
vt 0.46875 0.765625
vt 0.46875 0.779296875
vt 0.470703125 0.779296875
f 962/2889 961/2890 965/2891 966/2892
vt 0.47265625 0.779296875
vt 0.470703125 0.779296875
vt 0.470703125 0.765625
vt 0.47265625 0.765625
f 967/2893 968/2894 964/2895 963/2896
vt 0.470703125 0.740234375
vt 0.46875 0.740234375
vt 0.46875 0.765625
vt 0.470703125 0.765625
f 963/2897 964/2898 961/2899 962/2900
vt 0.486328125 0.740234375
vt 0.484375 0.740234375
vt 0.484375 0.765625
vt 0.486328125 0.765625
f 968/2901 967/2902 966/2903 965/2904
o baseModel121
v -28.5 16.5 15
v -26.5 16.5 15
v -26.5 5.5 15
v -28.5 9.5 15
v -28.5 16.5 22
v -26.5 16.5 22
v -26.5 5.5 22
v -28.5 9.5 22
vt 0.220703125 0.732421875
vt 0.20703125 0.732421875
vt 0.20703125 0.75
vt 0.220703125 0.75
f 975/2905 971/2906 970/2907 974/2908
vt 0.203125 0.732421875
vt 0.189453125 0.732421875
vt 0.189453125 0.75
vt 0.203125 0.75
f 972/2909 976/2910 973/2911 969/2912
vt 0.20703125 0.75
vt 0.203125 0.75
vt 0.203125 0.763671875
vt 0.20703125 0.763671875
f 970/2913 969/2914 973/2915 974/2916
vt 0.2109375 0.763671875
vt 0.20703125 0.763671875
vt 0.20703125 0.75
vt 0.2109375 0.75
f 975/2917 976/2918 972/2919 971/2920
vt 0.20703125 0.732421875
vt 0.203125 0.732421875
vt 0.203125 0.75
vt 0.20703125 0.75
f 971/2921 972/2922 969/2923 970/2924
vt 0.224609375 0.732421875
vt 0.220703125 0.732421875
vt 0.220703125 0.75
vt 0.224609375 0.75
f 976/2925 975/2926 974/2927 973/2928
o baseModel122
v -32.5 16.5 15
v -28.5 16.5 15
v -28.5 9.5 15
v -32.5 12.5 15
v -32.5 16.5 22
v -28.5 16.5 22
v -28.5 9.5 22
v -32.5 12.5 22
vt 0.271484375 0.7421875
vt 0.2578125 0.7421875
vt 0.2578125 0.75
vt 0.271484375 0.75
f 983/2929 979/2930 978/2931 982/2932
vt 0.25 0.7421875
vt 0.236328125 0.7421875
vt 0.236328125 0.75
vt 0.25 0.75
f 980/2933 984/2934 981/2935 977/2936
vt 0.2578125 0.75
vt 0.25 0.75
vt 0.25 0.763671875
vt 0.2578125 0.763671875
f 978/2937 977/2938 981/2939 982/2940
vt 0.265625 0.763671875
vt 0.2578125 0.763671875
vt 0.2578125 0.75
vt 0.265625 0.75
f 983/2941 984/2942 980/2943 979/2944
vt 0.2578125 0.7421875
vt 0.25 0.7421875
vt 0.25 0.75
vt 0.2578125 0.75
f 979/2945 980/2946 977/2947 978/2948
vt 0.279296875 0.7421875
vt 0.271484375 0.7421875
vt 0.271484375 0.75
vt 0.279296875 0.75
f 984/2949 983/2950 982/2951 981/2952
o baseModel123
v -26.5 16.5 15
v -25 16.5 15
v -25 0.5 15
v -26.5 5.5 15
v -26.5 16.5 22
v -25 16.5 22
v -25 0.5 22
v -26.5 5.5 22
vt 0.84375 0.724609375
vt 0.830078125 0.724609375
vt 0.830078125 0.75
vt 0.84375 0.75
f 991/2953 987/2954 986/2955 990/2956
vt 0.828125 0.724609375
vt 0.814453125 0.724609375
vt 0.814453125 0.75
vt 0.828125 0.75
f 988/2957 992/2958 989/2959 985/2960
vt 0.830078125 0.75
vt 0.828125 0.75
vt 0.828125 0.763671875
vt 0.830078125 0.763671875
f 986/2961 985/2962 989/2963 990/2964
vt 0.83203125 0.763671875
vt 0.830078125 0.763671875
vt 0.830078125 0.75
vt 0.83203125 0.75
f 991/2965 992/2966 988/2967 987/2968
vt 0.830078125 0.724609375
vt 0.828125 0.724609375
vt 0.828125 0.75
vt 0.830078125 0.75
f 987/2969 988/2970 985/2971 986/2972
vt 0.845703125 0.724609375
vt 0.84375 0.724609375
vt 0.84375 0.75
vt 0.845703125 0.75
f 992/2973 991/2974 990/2975 989/2976
o baseModel124
v -47 16.5 15
v -45.5 16.5 15
v -45.5 5.5 15
v -47 0.5 15
v -47 16.5 22
v -45.5 16.5 22
v -45.5 5.5 22
v -47 0.5 22
vt 0.890625 0.724609375
vt 0.876953125 0.724609375
vt 0.876953125 0.75
vt 0.890625 0.75
f 999/2977 995/2978 994/2979 998/2980
vt 0.875 0.724609375
vt 0.861328125 0.724609375
vt 0.861328125 0.75
vt 0.875 0.75
f 996/2981 1000/2982 997/2983 993/2984
vt 0.876953125 0.75
vt 0.875 0.75
vt 0.875 0.763671875
vt 0.876953125 0.763671875
f 994/2985 993/2986 997/2987 998/2988
vt 0.87890625 0.763671875
vt 0.876953125 0.763671875
vt 0.876953125 0.75
vt 0.87890625 0.75
f 999/2989 1000/2990 996/2991 995/2992
vt 0.876953125 0.724609375
vt 0.875 0.724609375
vt 0.875 0.75
vt 0.876953125 0.75
f 995/2993 996/2994 993/2995 994/2996
vt 0.892578125 0.724609375
vt 0.890625 0.724609375
vt 0.890625 0.75
vt 0.892578125 0.75
f 1000/2997 999/2998 998/2999 997/3000
o baseModel125
v -45.5 16.5 15
v -43.5 16.5 15
v -43.5 9.5 15
v -45.5 5.5 15
v -45.5 16.5 22
v -43.5 16.5 22
v -43.5 9.5 22
v -45.5 5.5 22
vt 0.939453125 0.732421875
vt 0.92578125 0.732421875
vt 0.92578125 0.75
vt 0.939453125 0.75
f 1007/3001 1003/3002 1002/3003 1006/3004
vt 0.921875 0.732421875
vt 0.908203125 0.732421875
vt 0.908203125 0.75
vt 0.921875 0.75
f 1004/3005 1008/3006 1005/3007 1001/3008
vt 0.92578125 0.75
vt 0.921875 0.75
vt 0.921875 0.763671875
vt 0.92578125 0.763671875
f 1002/3009 1001/3010 1005/3011 1006/3012
vt 0.9296875 0.763671875
vt 0.92578125 0.763671875
vt 0.92578125 0.75
vt 0.9296875 0.75
f 1007/3013 1008/3014 1004/3015 1003/3016
vt 0.92578125 0.732421875
vt 0.921875 0.732421875
vt 0.921875 0.75
vt 0.92578125 0.75
f 1003/3017 1004/3018 1001/3019 1002/3020
vt 0.943359375 0.732421875
vt 0.939453125 0.732421875
vt 0.939453125 0.75
vt 0.943359375 0.75
f 1008/3021 1007/3022 1006/3023 1005/3024
o baseModel126
v -43.5 16.5 15
v -39.5 16.5 15
v -39.5 12.5 15
v -43.5 9.5 15
v -43.5 16.5 22
v -39.5 16.5 22
v -39.5 12.5 22
v -43.5 9.5 22
vt 0.990234375 0.7421875
vt 0.9765625 0.7421875
vt 0.9765625 0.75
vt 0.990234375 0.75
f 1015/3025 1011/3026 1010/3027 1014/3028
vt 0.96875 0.7421875
vt 0.955078125 0.7421875
vt 0.955078125 0.75
vt 0.96875 0.75
f 1012/3029 1016/3030 1013/3031 1009/3032
vt 0.9765625 0.75
vt 0.96875 0.75
vt 0.96875 0.763671875
vt 0.9765625 0.763671875
f 1010/3033 1009/3034 1013/3035 1014/3036
vt 0.984375 0.763671875
vt 0.9765625 0.763671875
vt 0.9765625 0.75
vt 0.984375 0.75
f 1015/3037 1016/3038 1012/3039 1011/3040
vt 0.9765625 0.7421875
vt 0.96875 0.7421875
vt 0.96875 0.75
vt 0.9765625 0.75
f 1011/3041 1012/3042 1009/3043 1010/3044
vt 0.998046875 0.7421875
vt 0.990234375 0.7421875
vt 0.990234375 0.75
vt 0.998046875 0.75
f 1016/3045 1015/3046 1014/3047 1013/3048
o baseModel127
v -47 16.5 -22
v -45.5 16.5 -22
v -45.5 5.5 -22
v -47 0.5 -22
v -47 16.5 -15
v -45.5 16.5 -15
v -45.5 5.5 -15
v -47 0.5 -15
vt 0.515625 0.708984375
vt 0.501953125 0.708984375
vt 0.501953125 0.734375
vt 0.515625 0.734375
f 1023/3049 1019/3050 1018/3051 1022/3052
vt 0.5 0.708984375
vt 0.486328125 0.708984375
vt 0.486328125 0.734375
vt 0.5 0.734375
f 1020/3053 1024/3054 1021/3055 1017/3056
vt 0.501953125 0.734375
vt 0.5 0.734375
vt 0.5 0.748046875
vt 0.501953125 0.748046875
f 1018/3057 1017/3058 1021/3059 1022/3060
vt 0.50390625 0.748046875
vt 0.501953125 0.748046875
vt 0.501953125 0.734375
vt 0.50390625 0.734375
f 1023/3061 1024/3062 1020/3063 1019/3064
vt 0.501953125 0.708984375
vt 0.5 0.708984375
vt 0.5 0.734375
vt 0.501953125 0.734375
f 1019/3065 1020/3066 1017/3067 1018/3068
vt 0.517578125 0.708984375
vt 0.515625 0.708984375
vt 0.515625 0.734375
vt 0.517578125 0.734375
f 1024/3069 1023/3070 1022/3071 1021/3072
o baseModel128
v -45.5 16.5 -22
v -43.5 16.5 -22
v -43.5 9.5 -22
v -45.5 5.5 -22
v -45.5 16.5 -15
v -43.5 16.5 -15
v -43.5 9.5 -15
v -45.5 5.5 -15
vt 0.611328125 0.716796875
vt 0.59765625 0.716796875
vt 0.59765625 0.734375
vt 0.611328125 0.734375
f 1031/3073 1027/3074 1026/3075 1030/3076
vt 0.59375 0.716796875
vt 0.580078125 0.716796875
vt 0.580078125 0.734375
vt 0.59375 0.734375
f 1028/3077 1032/3078 1029/3079 1025/3080
vt 0.59765625 0.734375
vt 0.59375 0.734375
vt 0.59375 0.748046875
vt 0.59765625 0.748046875
f 1026/3081 1025/3082 1029/3083 1030/3084
vt 0.6015625 0.748046875
vt 0.59765625 0.748046875
vt 0.59765625 0.734375
vt 0.6015625 0.734375
f 1031/3085 1032/3086 1028/3087 1027/3088
vt 0.59765625 0.716796875
vt 0.59375 0.716796875
vt 0.59375 0.734375
vt 0.59765625 0.734375
f 1027/3089 1028/3090 1025/3091 1026/3092
vt 0.615234375 0.716796875
vt 0.611328125 0.716796875
vt 0.611328125 0.734375
vt 0.615234375 0.734375
f 1032/3093 1031/3094 1030/3095 1029/3096
o baseModel129
v -43.5 16.5 -22
v -39.5 16.5 -22
v -39.5 12.5 -22
v -43.5 9.5 -22
v -43.5 16.5 -15
v -39.5 16.5 -15
v -39.5 12.5 -15
v -43.5 9.5 -15
vt 0.662109375 0.7265625
vt 0.6484375 0.7265625
vt 0.6484375 0.734375
vt 0.662109375 0.734375
f 1039/3097 1035/3098 1034/3099 1038/3100
vt 0.640625 0.7265625
vt 0.626953125 0.7265625
vt 0.626953125 0.734375
vt 0.640625 0.734375
f 1036/3101 1040/3102 1037/3103 1033/3104
vt 0.6484375 0.734375
vt 0.640625 0.734375
vt 0.640625 0.748046875
vt 0.6484375 0.748046875
f 1034/3105 1033/3106 1037/3107 1038/3108
vt 0.65625 0.748046875
vt 0.6484375 0.748046875
vt 0.6484375 0.734375
vt 0.65625 0.734375
f 1039/3109 1040/3110 1036/3111 1035/3112
vt 0.6484375 0.7265625
vt 0.640625 0.7265625
vt 0.640625 0.734375
vt 0.6484375 0.734375
f 1035/3113 1036/3114 1033/3115 1034/3116
vt 0.669921875 0.7265625
vt 0.662109375 0.7265625
vt 0.662109375 0.734375
vt 0.669921875 0.734375
f 1040/3117 1039/3118 1038/3119 1037/3120
o baseModel130
v -39.5 16.5 15
v -32.5 16.5 15
v -32.5 12.5 15
v -39.5 12.5 15
v -39.5 16.5 22
v -32.5 16.5 22
v -32.5 12.5 22
v -39.5 12.5 22
vt 0.71484375 0.7265625
vt 0.701171875 0.7265625
vt 0.701171875 0.734375
vt 0.71484375 0.734375
f 1047/3121 1043/3122 1042/3123 1046/3124
vt 0.6875 0.7265625
vt 0.673828125 0.7265625
vt 0.673828125 0.734375
vt 0.6875 0.734375
f 1044/3125 1048/3126 1045/3127 1041/3128
vt 0.701171875 0.734375
vt 0.6875 0.734375
vt 0.6875 0.748046875
vt 0.701171875 0.748046875
f 1042/3129 1041/3130 1045/3131 1046/3132
vt 0.71484375 0.748046875
vt 0.701171875 0.748046875
vt 0.701171875 0.734375
vt 0.71484375 0.734375
f 1047/3133 1048/3134 1044/3135 1043/3136
vt 0.701171875 0.7265625
vt 0.6875 0.7265625
vt 0.6875 0.734375
vt 0.701171875 0.734375
f 1043/3137 1044/3138 1041/3139 1042/3140
vt 0.728515625 0.7265625
vt 0.71484375 0.7265625
vt 0.71484375 0.734375
vt 0.728515625 0.734375
f 1048/3141 1047/3142 1046/3143 1045/3144
o baseModel131
v -39.5 16.5 -22
v -32.5 16.5 -22
v -32.5 12.5 -22
v -39.5 12.5 -22
v -39.5 16.5 -15
v -32.5 16.5 -15
v -32.5 12.5 -15
v -39.5 12.5 -15
vt 0.77734375 0.7265625
vt 0.763671875 0.7265625
vt 0.763671875 0.734375
vt 0.77734375 0.734375
f 1055/3145 1051/3146 1050/3147 1054/3148
vt 0.75 0.7265625
vt 0.736328125 0.7265625
vt 0.736328125 0.734375
vt 0.75 0.734375
f 1052/3149 1056/3150 1053/3151 1049/3152
vt 0.763671875 0.734375
vt 0.75 0.734375
vt 0.75 0.748046875
vt 0.763671875 0.748046875
f 1050/3153 1049/3154 1053/3155 1054/3156
vt 0.77734375 0.748046875
vt 0.763671875 0.748046875
vt 0.763671875 0.734375
vt 0.77734375 0.734375
f 1055/3157 1056/3158 1052/3159 1051/3160
vt 0.763671875 0.7265625
vt 0.75 0.7265625
vt 0.75 0.734375
vt 0.763671875 0.734375
f 1051/3161 1052/3162 1049/3163 1050/3164
vt 0.791015625 0.7265625
vt 0.77734375 0.7265625
vt 0.77734375 0.734375
vt 0.791015625 0.734375
f 1056/3165 1055/3166 1054/3167 1053/3168
o baseModel132
v -41 21.5 -20
v -25 21.5 -20
v -25 16.5 -22
v -41 16.5 -22
v -41 21.5 -19
v -25 21.5 -19
v -25 16.5 -19
v -41 16.5 -19
vt 0.263671875 0.716796875
vt 0.2578125 0.716796875
vt 0.2578125 0.7265625
vt 0.263671875 0.7265625
f 1063/3169 1059/3170 1058/3171 1062/3172
vt 0.2265625 0.716796875
vt 0.220703125 0.716796875
vt 0.220703125 0.7265625
vt 0.2265625 0.7265625
f 1060/3173 1064/3174 1061/3175 1057/3176
vt 0.2578125 0.7265625
vt 0.2265625 0.7265625
vt 0.2265625 0.732421875
vt 0.2578125 0.732421875
f 1058/3177 1057/3178 1061/3179 1062/3180
vt 0.2890625 0.732421875
vt 0.2578125 0.732421875
vt 0.2578125 0.7265625
vt 0.2890625 0.7265625
f 1063/3181 1064/3182 1060/3183 1059/3184
vt 0.2578125 0.716796875
vt 0.2265625 0.716796875
vt 0.2265625 0.7265625
vt 0.2578125 0.7265625
f 1059/3185 1060/3186 1057/3187 1058/3188
vt 0.294921875 0.716796875
vt 0.263671875 0.716796875
vt 0.263671875 0.7265625
vt 0.294921875 0.7265625
f 1064/3189 1063/3190 1062/3191 1061/3192
o baseModel133
v -47 15.5 14
v -29 15.5 14
v -29 2.5 14
v -47 2.5 14
v -47 16.5 15
v -29 16.5 15
v -29 2.5 15
v -47 2.5 15
vt 0.666015625 0.6875
vt 0.6640625 0.6875
vt 0.6640625 0.71484375
vt 0.666015625 0.71484375
f 1071/3193 1067/3194 1066/3195 1070/3196
vt 0.62890625 0.6875
vt 0.626953125 0.6875
vt 0.626953125 0.71484375
vt 0.62890625 0.71484375
f 1068/3197 1072/3198 1069/3199 1065/3200
vt 0.6640625 0.71484375
vt 0.62890625 0.71484375
vt 0.62890625 0.716796875
vt 0.6640625 0.716796875
f 1066/3201 1065/3202 1069/3203 1070/3204
vt 0.69921875 0.716796875
vt 0.6640625 0.716796875
vt 0.6640625 0.71484375
vt 0.69921875 0.71484375
f 1071/3205 1072/3206 1068/3207 1067/3208
vt 0.6640625 0.6875
vt 0.62890625 0.6875
vt 0.62890625 0.71484375
vt 0.6640625 0.71484375
f 1067/3209 1068/3210 1065/3211 1066/3212
vt 0.701171875 0.6875
vt 0.666015625 0.6875
vt 0.666015625 0.71484375
vt 0.701171875 0.71484375
f 1072/3213 1071/3214 1070/3215 1069/3216
o baseModel134
v -47 16.5 -15
v -29 16.5 -15
v -29 2.5 -15
v -47 2.5 -15
v -47 15.5 -14
v -29 15.5 -14
v -29 2.5 -14
v -47 2.5 -14
vt 0.744140625 0.6875
vt 0.7421875 0.6875
vt 0.7421875 0.71484375
vt 0.744140625 0.71484375
f 1079/3217 1075/3218 1074/3219 1078/3220
vt 0.70703125 0.6875
vt 0.705078125 0.6875
vt 0.705078125 0.71484375
vt 0.70703125 0.71484375
f 1076/3221 1080/3222 1077/3223 1073/3224
vt 0.7421875 0.71484375
vt 0.70703125 0.71484375
vt 0.70703125 0.716796875
vt 0.7421875 0.716796875
f 1074/3225 1073/3226 1077/3227 1078/3228
vt 0.77734375 0.716796875
vt 0.7421875 0.716796875
vt 0.7421875 0.71484375
vt 0.77734375 0.71484375
f 1079/3229 1080/3230 1076/3231 1075/3232
vt 0.7421875 0.6875
vt 0.70703125 0.6875
vt 0.70703125 0.71484375
vt 0.7421875 0.71484375
f 1075/3233 1076/3234 1073/3235 1074/3236
vt 0.779296875 0.6875
vt 0.744140625 0.6875
vt 0.744140625 0.71484375
vt 0.779296875 0.71484375
f 1080/3237 1079/3238 1078/3239 1077/3240
o baseModel135
v -6 31.5 -15.90909
v -4 31.5 -15.90909
v -5 21.5 -20
v -7 21.5 -20
v -6 31.5 -14.90909
v -4 31.5 -14.90909
v -5 21.5 -19
v -7 21.5 -19
vt 0.119140625 0.8984375
vt 0.1171875 0.8984375
vt 0.1171875 0.91796875
vt 0.119140625 0.91796875
f 1087/3241 1083/3242 1082/3243 1086/3244
vt 0.11328125 0.8984375
vt 0.111328125 0.8984375
vt 0.111328125 0.91796875
vt 0.11328125 0.91796875
f 1084/3245 1088/3246 1085/3247 1081/3248
vt 0.1171875 0.91796875
vt 0.11328125 0.91796875
vt 0.11328125 0.919921875
vt 0.1171875 0.919921875
f 1082/3249 1081/3250 1085/3251 1086/3252
vt 0.12109375 0.919921875
vt 0.1171875 0.919921875
vt 0.1171875 0.91796875
vt 0.12109375 0.91796875
f 1087/3253 1088/3254 1084/3255 1083/3256
vt 0.1171875 0.8984375
vt 0.11328125 0.8984375
vt 0.11328125 0.91796875
vt 0.1171875 0.91796875
f 1083/3257 1084/3258 1081/3259 1082/3260
vt 0.123046875 0.8984375
vt 0.119140625 0.8984375
vt 0.119140625 0.91796875
vt 0.123046875 0.91796875
f 1088/3261 1087/3262 1086/3263 1085/3264
o baseModel136
v 11 29.85 14.90909
v 14 29.5 14.90909
v 25 20.5 19
v 21 21.3 19
v 11 29.85 15.90909
v 14 29.5 15.90909
v 25 20.5 20
v 21 21.3 20
vt 0.169921875 0.79296875
vt 0.16796875 0.79296875
vt 0.16796875 0.80859375
vt 0.169921875 0.80859375
f 1095/3265 1091/3266 1090/3267 1094/3268
vt 0.16015625 0.79296875
vt 0.158203125 0.79296875
vt 0.158203125 0.80859375
vt 0.16015625 0.80859375
f 1092/3269 1096/3270 1093/3271 1089/3272
vt 0.16796875 0.80859375
vt 0.16015625 0.80859375
vt 0.16015625 0.810546875
vt 0.16796875 0.810546875
f 1090/3273 1089/3274 1093/3275 1094/3276
vt 0.17578125 0.810546875
vt 0.16796875 0.810546875
vt 0.16796875 0.80859375
vt 0.17578125 0.80859375
f 1095/3277 1096/3278 1092/3279 1091/3280
vt 0.16796875 0.79296875
vt 0.16015625 0.79296875
vt 0.16015625 0.80859375
vt 0.16796875 0.80859375
f 1091/3281 1092/3282 1089/3283 1090/3284
vt 0.177734375 0.79296875
vt 0.169921875 0.79296875
vt 0.169921875 0.80859375
vt 0.177734375 0.80859375
f 1096/3285 1095/3286 1094/3287 1093/3288
o baseModel137
v -29 21.5 -19
v -28 21.5 -19
v -27.3 16.5 -19
v -29 16.5 -19
v -29 21.5 -15
v -28 21.5 -15
v -27.3 16.5 -15
v -29 16.5 -15
vt 0.69140625 0.88671875
vt 0.68359375 0.88671875
vt 0.68359375 0.896484375
vt 0.69140625 0.896484375
f 1103/3289 1099/3290 1098/3291 1102/3292
vt 0.681640625 0.88671875
vt 0.673828125 0.88671875
vt 0.673828125 0.896484375
vt 0.681640625 0.896484375
f 1100/3293 1104/3294 1101/3295 1097/3296
vt 0.68359375 0.896484375
vt 0.681640625 0.896484375
vt 0.681640625 0.904296875
vt 0.68359375 0.904296875
f 1098/3297 1097/3298 1101/3299 1102/3300
vt 0.685546875 0.904296875
vt 0.68359375 0.904296875
vt 0.68359375 0.896484375
vt 0.685546875 0.896484375
f 1103/3301 1104/3302 1100/3303 1099/3304
vt 0.68359375 0.88671875
vt 0.681640625 0.88671875
vt 0.681640625 0.896484375
vt 0.68359375 0.896484375
f 1099/3305 1100/3306 1097/3307 1098/3308
vt 0.693359375 0.88671875
vt 0.69140625 0.88671875
vt 0.69140625 0.896484375
vt 0.693359375 0.896484375
f 1104/3309 1103/3310 1102/3311 1101/3312
o baseModel138
v -29 21.5 15
v -28 21.5 15
v -27.3 16.5 15
v -29 16.5 15
v -29 21.5 19
v -28 21.5 19
v -27.3 16.5 19
v -29 16.5 19
vt 0.58203125 0.77734375
vt 0.57421875 0.77734375
vt 0.57421875 0.787109375
vt 0.58203125 0.787109375
f 1111/3313 1107/3314 1106/3315 1110/3316
vt 0.572265625 0.77734375
vt 0.564453125 0.77734375
vt 0.564453125 0.787109375
vt 0.572265625 0.787109375
f 1108/3317 1112/3318 1109/3319 1105/3320
vt 0.57421875 0.787109375
vt 0.572265625 0.787109375
vt 0.572265625 0.794921875
vt 0.57421875 0.794921875
f 1106/3321 1105/3322 1109/3323 1110/3324
vt 0.576171875 0.794921875
vt 0.57421875 0.794921875
vt 0.57421875 0.787109375
vt 0.576171875 0.787109375
f 1111/3325 1112/3326 1108/3327 1107/3328
vt 0.57421875 0.77734375
vt 0.572265625 0.77734375
vt 0.572265625 0.787109375
vt 0.57421875 0.787109375
f 1107/3329 1108/3330 1105/3331 1106/3332
vt 0.583984375 0.77734375
vt 0.58203125 0.77734375
vt 0.58203125 0.787109375
vt 0.583984375 0.787109375
f 1112/3333 1111/3334 1110/3335 1109/3336
o baseModel139
v -4 29.5 13
v 10 32.5 13
v 14 29.5 15
v -4 27.5 15
v -4 29.5 14
v 10 32.5 14
v 14 29.5 16
v -4 27.5 16
vt 0.626953125 0.771484375
vt 0.62109375 0.771484375
vt 0.62109375 0.7734375
vt 0.626953125 0.7734375
f 1119/3337 1115/3338 1114/3339 1118/3340
vt 0.5859375 0.771484375
vt 0.580078125 0.771484375
vt 0.580078125 0.7734375
vt 0.5859375 0.7734375
f 1116/3341 1120/3342 1117/3343 1113/3344
vt 0.62109375 0.7734375
vt 0.5859375 0.7734375
vt 0.5859375 0.779296875
vt 0.62109375 0.779296875
f 1114/3345 1113/3346 1117/3347 1118/3348
vt 0.65625 0.779296875
vt 0.62109375 0.779296875
vt 0.62109375 0.7734375
vt 0.65625 0.7734375
f 1119/3349 1120/3350 1116/3351 1115/3352
vt 0.62109375 0.771484375
vt 0.5859375 0.771484375
vt 0.5859375 0.7734375
vt 0.62109375 0.7734375
f 1115/3353 1116/3354 1113/3355 1114/3356
vt 0.662109375 0.771484375
vt 0.626953125 0.771484375
vt 0.626953125 0.7734375
vt 0.662109375 0.7734375
f 1120/3357 1119/3358 1118/3359 1117/3360
o baseModel140
v 9 32.5 -13
v 10 32.5 -13
v 14 29.5 -15
v 12 29.5 -15
v 9 32.5 13
v 10 32.5 13
v 14 29.5 15
v 12 29.5 15
vt 0.591796875 0.671875
vt 0.537109375 0.671875
vt 0.537109375 0.677734375
vt 0.591796875 0.677734375
f 1127/3361 1123/3362 1122/3363 1126/3364
vt 0.525390625 0.671875
vt 0.470703125 0.671875
vt 0.470703125 0.677734375
vt 0.525390625 0.677734375
f 1124/3365 1128/3366 1125/3367 1121/3368
vt 0.537109375 0.677734375
vt 0.525390625 0.677734375
vt 0.525390625 0.732421875
vt 0.537109375 0.732421875
f 1122/3369 1121/3370 1125/3371 1126/3372
vt 0.548828125 0.732421875
vt 0.537109375 0.732421875
vt 0.537109375 0.677734375
vt 0.548828125 0.677734375
f 1127/3373 1128/3374 1124/3375 1123/3376
vt 0.537109375 0.671875
vt 0.525390625 0.671875
vt 0.525390625 0.677734375
vt 0.537109375 0.677734375
f 1123/3377 1124/3378 1121/3379 1122/3380
vt 0.603515625 0.671875
vt 0.591796875 0.671875
vt 0.591796875 0.677734375
vt 0.603515625 0.677734375
f 1128/3381 1127/3382 1126/3383 1125/3384
o baseModel141
v -22 30.5 -13
v -21 30.5 -13
v -23 29.5 -15
v -24 29.5 -15
v -22 30.5 14
v -21 30.5 14
v -23 29.5 16
v -24 29.5 16
vt 0.861328125 0.658203125
vt 0.8046875 0.658203125
vt 0.8046875 0.66015625
vt 0.861328125 0.66015625
f 1135/3385 1131/3386 1130/3387 1134/3388
vt 0.79296875 0.658203125
vt 0.736328125 0.658203125
vt 0.736328125 0.66015625
vt 0.79296875 0.66015625
f 1132/3389 1136/3390 1133/3391 1129/3392
vt 0.8046875 0.66015625
vt 0.79296875 0.66015625
vt 0.79296875 0.716796875
vt 0.8046875 0.716796875
f 1130/3393 1129/3394 1133/3395 1134/3396
vt 0.81640625 0.716796875
vt 0.8046875 0.716796875
vt 0.8046875 0.66015625
vt 0.81640625 0.66015625
f 1135/3397 1136/3398 1132/3399 1131/3400
vt 0.8046875 0.658203125
vt 0.79296875 0.658203125
vt 0.79296875 0.66015625
vt 0.8046875 0.66015625
f 1131/3401 1132/3402 1129/3403 1130/3404
vt 0.873046875 0.658203125
vt 0.861328125 0.658203125
vt 0.861328125 0.66015625
vt 0.873046875 0.66015625
f 1136/3405 1135/3406 1134/3407 1133/3408
o baseModel142
v -41 21.5 -19
v -29 21.5 -19
v -29 20.5 -19
v -41 20.5 -19
v -41 21.5 19
v -29 21.5 19
v -29 20.5 19
v -41 20.5 19
vt 0.173828125 0.625
vt 0.099609375 0.625
vt 0.099609375 0.626953125
vt 0.173828125 0.626953125
f 1143/3409 1139/3410 1138/3411 1142/3412
vt 0.076171875 0.625
vt 0.001953125 0.625
vt 0.001953125 0.626953125
vt 0.076171875 0.626953125
f 1140/3413 1144/3414 1141/3415 1137/3416
vt 0.099609375 0.626953125
vt 0.076171875 0.626953125
vt 0.076171875 0.701171875
vt 0.099609375 0.701171875
f 1138/3417 1137/3418 1141/3419 1142/3420
vt 0.123046875 0.701171875
vt 0.099609375 0.701171875
vt 0.099609375 0.626953125
vt 0.123046875 0.626953125
f 1143/3421 1144/3422 1140/3423 1139/3424
vt 0.099609375 0.625
vt 0.076171875 0.625
vt 0.076171875 0.626953125
vt 0.099609375 0.626953125
f 1139/3425 1140/3426 1137/3427 1138/3428
vt 0.197265625 0.625
vt 0.173828125 0.625
vt 0.173828125 0.626953125
vt 0.197265625 0.626953125
f 1144/3429 1143/3430 1142/3431 1141/3432
o baseModel143
v -53 10.5 -22
v -47 10.5 -22
v -47 0.5 -22
v -53 0.5 -22
v -53 10.5 22
v -47 10.5 22
v -47 0.5 22
v -53 0.5 22
vt 0.982421875 0.611328125
vt 0.896484375 0.611328125
vt 0.896484375 0.630859375
vt 0.982421875 0.630859375
f 1151/3433 1147/3434 1146/3435 1150/3436
vt 0.884765625 0.611328125
vt 0.798828125 0.611328125
vt 0.798828125 0.630859375
vt 0.884765625 0.630859375
f 1148/3437 1152/3438 1149/3439 1145/3440
vt 0.896484375 0.630859375
vt 0.884765625 0.630859375
vt 0.884765625 0.716796875
vt 0.896484375 0.716796875
f 1146/3441 1145/3442 1149/3443 1150/3444
vt 0.908203125 0.716796875
vt 0.896484375 0.716796875
vt 0.896484375 0.630859375
vt 0.908203125 0.630859375
f 1151/3445 1152/3446 1148/3447 1147/3448
vt 0.896484375 0.611328125
vt 0.884765625 0.611328125
vt 0.884765625 0.630859375
vt 0.896484375 0.630859375
f 1147/3449 1148/3450 1145/3451 1146/3452
vt 0.994140625 0.611328125
vt 0.982421875 0.611328125
vt 0.982421875 0.630859375
vt 0.994140625 0.630859375
f 1152/3453 1151/3454 1150/3455 1149/3456
o baseModel144
v -53 16.5 -21
v -47 16.5 -22
v -47 10.5 -22
v -53 10.5 -22
v -53 16.5 21
v -47 16.5 22
v -47 10.5 22
v -53 10.5 22
vt 0.310546875 0.603515625
vt 0.224609375 0.603515625
vt 0.224609375 0.615234375
vt 0.310546875 0.615234375
f 1159/3457 1155/3458 1154/3459 1158/3460
vt 0.212890625 0.603515625
vt 0.126953125 0.603515625
vt 0.126953125 0.615234375
vt 0.212890625 0.615234375
f 1156/3461 1160/3462 1157/3463 1153/3464
vt 0.224609375 0.615234375
vt 0.212890625 0.615234375
vt 0.212890625 0.701171875
vt 0.224609375 0.701171875
f 1154/3465 1153/3466 1157/3467 1158/3468
vt 0.236328125 0.701171875
vt 0.224609375 0.701171875
vt 0.224609375 0.615234375
vt 0.236328125 0.615234375
f 1159/3469 1160/3470 1156/3471 1155/3472
vt 0.224609375 0.603515625
vt 0.212890625 0.603515625
vt 0.212890625 0.615234375
vt 0.224609375 0.615234375
f 1155/3473 1156/3474 1153/3475 1154/3476
vt 0.322265625 0.603515625
vt 0.310546875 0.603515625
vt 0.310546875 0.615234375
vt 0.322265625 0.615234375
f 1160/3477 1159/3478 1158/3479 1157/3480
o baseModel145
v 11 29.85 -15.90909
v 14 29.5 -15.90909
v 25 20.5 -20
v 21 21.3 -20
v 11 29.85 -14.90909
v 14 29.5 -14.90909
v 25 20.5 -19
v 21 21.3 -19
vt 0.435546875 0.76171875
vt 0.43359375 0.76171875
vt 0.43359375 0.77734375
vt 0.435546875 0.77734375
f 1167/3481 1163/3482 1162/3483 1166/3484
vt 0.42578125 0.76171875
vt 0.423828125 0.76171875
vt 0.423828125 0.77734375
vt 0.42578125 0.77734375
f 1164/3485 1168/3486 1165/3487 1161/3488
vt 0.43359375 0.77734375
vt 0.42578125 0.77734375
vt 0.42578125 0.779296875
vt 0.43359375 0.779296875
f 1162/3489 1161/3490 1165/3491 1166/3492
vt 0.44140625 0.779296875
vt 0.43359375 0.779296875
vt 0.43359375 0.77734375
vt 0.44140625 0.77734375
f 1167/3493 1168/3494 1164/3495 1163/3496
vt 0.43359375 0.76171875
vt 0.42578125 0.76171875
vt 0.42578125 0.77734375
vt 0.43359375 0.77734375
f 1163/3497 1164/3498 1161/3499 1162/3500
vt 0.443359375 0.76171875
vt 0.435546875 0.76171875
vt 0.435546875 0.77734375
vt 0.443359375 0.77734375
f 1168/3501 1167/3502 1166/3503 1165/3504
o baseModel146
v -24 29.5 14.90909
v -21 29.7 14.90909
v -25 21.5 19
v -35 21.5 19
v -24 29.5 15.90909
v -21 29.7 15.90909
v -25 21.5 20
v -35 21.5 20
vt 0.169921875 0.73046875
vt 0.16796875 0.73046875
vt 0.16796875 0.74609375
vt 0.169921875 0.74609375
f 1175/3505 1171/3506 1170/3507 1174/3508
vt 0.16015625 0.73046875
vt 0.158203125 0.73046875
vt 0.158203125 0.74609375
vt 0.16015625 0.74609375
f 1172/3509 1176/3510 1173/3511 1169/3512
vt 0.16796875 0.74609375
vt 0.16015625 0.74609375
vt 0.16015625 0.748046875
vt 0.16796875 0.748046875
f 1170/3513 1169/3514 1173/3515 1174/3516
vt 0.17578125 0.748046875
vt 0.16796875 0.748046875
vt 0.16796875 0.74609375
vt 0.17578125 0.74609375
f 1175/3517 1176/3518 1172/3519 1171/3520
vt 0.16796875 0.73046875
vt 0.16015625 0.73046875
vt 0.16015625 0.74609375
vt 0.16796875 0.74609375
f 1171/3521 1172/3522 1169/3523 1170/3524
vt 0.177734375 0.73046875
vt 0.169921875 0.73046875
vt 0.169921875 0.74609375
vt 0.177734375 0.74609375
f 1176/3525 1175/3526 1174/3527 1173/3528
o baseModel147
v -54.64879 22.72647 -16
v -52.46627 23.21292 -19.4
v -53.43396 19.33174 -21
v -55.37455 19.81558 -19
v -54.64879 22.72647 16
v -52.46627 23.21292 19.4
v -53.43396 19.33174 21
v -55.37455 19.81558 19
vt 0.544921875 0.642578125
vt 0.462890625 0.642578125
vt 0.462890625 0.650390625
vt 0.544921875 0.650390625
f 1183/3529 1179/3530 1178/3531 1182/3532
vt 0.458984375 0.642578125
vt 0.376953125 0.642578125
vt 0.376953125 0.650390625
vt 0.458984375 0.650390625
f 1180/3533 1184/3534 1181/3535 1177/3536
vt 0.462890625 0.650390625
vt 0.458984375 0.650390625
vt 0.458984375 0.732421875
vt 0.462890625 0.732421875
f 1178/3537 1177/3538 1181/3539 1182/3540
vt 0.466796875 0.732421875
vt 0.462890625 0.732421875
vt 0.462890625 0.650390625
vt 0.466796875 0.650390625
f 1183/3541 1184/3542 1180/3543 1179/3544
vt 0.462890625 0.642578125
vt 0.458984375 0.642578125
vt 0.458984375 0.650390625
vt 0.462890625 0.650390625
f 1179/3545 1180/3546 1177/3547 1178/3548
vt 0.548828125 0.642578125
vt 0.544921875 0.642578125
vt 0.544921875 0.650390625
vt 0.548828125 0.650390625
f 1184/3549 1183/3550 1182/3551 1181/3552
o baseModel148
v -6 32.5 -14
v -4 32.5 -14
v -4 31.5 -16
v -6 31.5 -16
v -6 32.5 -13
v -4 32.5 -13
v -4 31.5 -15
v -6 31.5 -15
vt 0.720703125 0.912109375
vt 0.71484375 0.912109375
vt 0.71484375 0.9140625
vt 0.720703125 0.9140625
f 1191/3553 1187/3554 1186/3555 1190/3556
vt 0.7109375 0.912109375
vt 0.705078125 0.912109375
vt 0.705078125 0.9140625
vt 0.7109375 0.9140625
f 1188/3557 1192/3558 1189/3559 1185/3560
vt 0.71484375 0.9140625
vt 0.7109375 0.9140625
vt 0.7109375 0.919921875
vt 0.71484375 0.919921875
f 1186/3561 1185/3562 1189/3563 1190/3564
vt 0.71875 0.919921875
vt 0.71484375 0.919921875
vt 0.71484375 0.9140625
vt 0.71875 0.9140625
f 1191/3565 1192/3566 1188/3567 1187/3568
vt 0.71484375 0.912109375
vt 0.7109375 0.912109375
vt 0.7109375 0.9140625
vt 0.71484375 0.9140625
f 1187/3569 1188/3570 1185/3571 1186/3572
vt 0.724609375 0.912109375
vt 0.720703125 0.912109375
vt 0.720703125 0.9140625
vt 0.724609375 0.9140625
f 1192/3573 1191/3574 1190/3575 1189/3576
o baseModel149
v -33.6 22.5 -18.5
v -30 22.5 -18.5
v -31 21.5 -19
v -35 21.5 -19
v -33.6 22.5 18.5
v -30 22.5 18.5
v -31 21.5 19
v -35 21.5 19
vt 0.40625 0.625
vt 0.33203125 0.625
vt 0.33203125 0.626953125
vt 0.40625 0.626953125
f 1199/3577 1195/3578 1194/3579 1198/3580
vt 0.326171875 0.625
vt 0.251953125 0.625
vt 0.251953125 0.626953125
vt 0.326171875 0.626953125
f 1196/3581 1200/3582 1197/3583 1193/3584
vt 0.33203125 0.626953125
vt 0.326171875 0.626953125
vt 0.326171875 0.701171875
vt 0.33203125 0.701171875
f 1194/3585 1193/3586 1197/3587 1198/3588
vt 0.337890625 0.701171875
vt 0.33203125 0.701171875
vt 0.33203125 0.626953125
vt 0.337890625 0.626953125
f 1199/3589 1200/3590 1196/3591 1195/3592
vt 0.33203125 0.625
vt 0.326171875 0.625
vt 0.326171875 0.626953125
vt 0.33203125 0.626953125
f 1195/3593 1196/3594 1193/3595 1194/3596
vt 0.412109375 0.625
vt 0.40625 0.625
vt 0.40625 0.626953125
vt 0.412109375 0.626953125
f 1200/3597 1199/3598 1198/3599 1197/3600
o baseModel150
v -24 29.5 -15.90909
v -21 29.7 -15.90909
v -25 21.5 -20
v -35 21.5 -20
v -24 29.5 -14.90909
v -21 29.7 -14.90909
v -25 21.5 -19
v -35 21.5 -19
vt 0.966796875 0.71484375
vt 0.96484375 0.71484375
vt 0.96484375 0.73046875
vt 0.966796875 0.73046875
f 1207/3601 1203/3602 1202/3603 1206/3604
vt 0.95703125 0.71484375
vt 0.955078125 0.71484375
vt 0.955078125 0.73046875
vt 0.95703125 0.73046875
f 1204/3605 1208/3606 1205/3607 1201/3608
vt 0.96484375 0.73046875
vt 0.95703125 0.73046875
vt 0.95703125 0.732421875
vt 0.96484375 0.732421875
f 1202/3609 1201/3610 1205/3611 1206/3612
vt 0.97265625 0.732421875
vt 0.96484375 0.732421875
vt 0.96484375 0.73046875
vt 0.97265625 0.73046875
f 1207/3613 1208/3614 1204/3615 1203/3616
vt 0.96484375 0.71484375
vt 0.95703125 0.71484375
vt 0.95703125 0.73046875
vt 0.96484375 0.73046875
f 1203/3617 1204/3618 1201/3619 1202/3620
vt 0.974609375 0.71484375
vt 0.966796875 0.71484375
vt 0.966796875 0.73046875
vt 0.974609375 0.73046875
f 1208/3621 1207/3622 1206/3623 1205/3624
o baseModel151
v -54.75 15.5 -17
v -52.75 15.5 -21
v -52.75 11.5 -21
v -54.75 11.5 -17
v -54.75 15.5 -11
v -52.75 15.5 -11
v -52.75 11.5 -11
v -54.75 11.5 -11
vt 0.857421875 0.697265625
vt 0.845703125 0.697265625
vt 0.845703125 0.705078125
vt 0.857421875 0.705078125
f 1215/3625 1211/3626 1210/3627 1214/3628
vt 0.841796875 0.697265625
vt 0.830078125 0.697265625
vt 0.830078125 0.705078125
vt 0.841796875 0.705078125
f 1212/3629 1216/3630 1213/3631 1209/3632
vt 0.845703125 0.705078125
vt 0.841796875 0.705078125
vt 0.841796875 0.716796875
vt 0.845703125 0.716796875
f 1210/3633 1209/3634 1213/3635 1214/3636
vt 0.849609375 0.716796875
vt 0.845703125 0.716796875
vt 0.845703125 0.705078125
vt 0.849609375 0.705078125
f 1215/3637 1216/3638 1212/3639 1211/3640
vt 0.845703125 0.697265625
vt 0.841796875 0.697265625
vt 0.841796875 0.705078125
vt 0.845703125 0.705078125
f 1211/3641 1212/3642 1209/3643 1210/3644
vt 0.861328125 0.697265625
vt 0.857421875 0.697265625
vt 0.857421875 0.705078125
vt 0.861328125 0.705078125
f 1216/3645 1215/3646 1214/3647 1213/3648
o baseModel152
v -55 16.5 -19
v -53 16.5 -21
v -53 15.5 -19
v -55 16 -16
v -55 16.5 19
v -53 16.5 21
v -53 15.5 19
v -55 16 16
vt 0.701171875 0.6171875
vt 0.619140625 0.6171875
vt 0.619140625 0.619140625
vt 0.701171875 0.619140625
f 1223/3649 1219/3650 1218/3651 1222/3652
vt 0.615234375 0.6171875
vt 0.533203125 0.6171875
vt 0.533203125 0.619140625
vt 0.615234375 0.619140625
f 1220/3653 1224/3654 1221/3655 1217/3656
vt 0.619140625 0.619140625
vt 0.615234375 0.619140625
vt 0.615234375 0.701171875
vt 0.619140625 0.701171875
f 1218/3657 1217/3658 1221/3659 1222/3660
vt 0.623046875 0.701171875
vt 0.619140625 0.701171875
vt 0.619140625 0.619140625
vt 0.623046875 0.619140625
f 1223/3661 1224/3662 1220/3663 1219/3664
vt 0.619140625 0.6171875
vt 0.615234375 0.6171875
vt 0.615234375 0.619140625
vt 0.619140625 0.619140625
f 1219/3665 1220/3666 1217/3667 1218/3668
vt 0.705078125 0.6171875
vt 0.701171875 0.6171875
vt 0.701171875 0.619140625
vt 0.705078125 0.619140625
f 1224/3669 1223/3670 1222/3671 1221/3672
o baseModel153
v -55 11.5 -17
v -53 11.5 -21
v -53 10.5 -22
v -56 10.5 -18
v -55 11.5 17
v -53 11.5 21
v -53 10.5 22
v -56 10.5 18
vt 0.8046875 0.59765625
vt 0.71875 0.59765625
vt 0.71875 0.599609375
vt 0.8046875 0.599609375
f 1231/3673 1227/3674 1226/3675 1230/3676
vt 0.712890625 0.59765625
vt 0.626953125 0.59765625
vt 0.626953125 0.599609375
vt 0.712890625 0.599609375
f 1228/3677 1232/3678 1229/3679 1225/3680
vt 0.71875 0.599609375
vt 0.712890625 0.599609375
vt 0.712890625 0.685546875
vt 0.71875 0.685546875
f 1226/3681 1225/3682 1229/3683 1230/3684
vt 0.724609375 0.685546875
vt 0.71875 0.685546875
vt 0.71875 0.599609375
vt 0.724609375 0.599609375
f 1231/3685 1232/3686 1228/3687 1227/3688
vt 0.71875 0.59765625
vt 0.712890625 0.59765625
vt 0.712890625 0.599609375
vt 0.71875 0.599609375
f 1227/3689 1228/3690 1225/3691 1226/3692
vt 0.810546875 0.59765625
vt 0.8046875 0.59765625
vt 0.8046875 0.599609375
vt 0.810546875 0.599609375
f 1232/3693 1231/3694 1230/3695 1229/3696
o baseModel154
v -54.75 15.5 -11
v -52.75 15.5 -11
v -52.75 13.5 -11
v -54.75 13.5 -11
v -54.75 15.5 11
v -52.75 15.5 11
v -52.75 13.5 11
v -54.75 13.5 11
vt 0.435546875 0.654296875
vt 0.392578125 0.654296875
vt 0.392578125 0.658203125
vt 0.435546875 0.658203125
f 1239/3697 1235/3698 1234/3699 1238/3700
vt 0.388671875 0.654296875
vt 0.345703125 0.654296875
vt 0.345703125 0.658203125
vt 0.388671875 0.658203125
f 1236/3701 1240/3702 1237/3703 1233/3704
vt 0.392578125 0.658203125
vt 0.388671875 0.658203125
vt 0.388671875 0.701171875
vt 0.392578125 0.701171875
f 1234/3705 1233/3706 1237/3707 1238/3708
vt 0.396484375 0.701171875
vt 0.392578125 0.701171875
vt 0.392578125 0.658203125
vt 0.396484375 0.658203125
f 1239/3709 1240/3710 1236/3711 1235/3712
vt 0.392578125 0.654296875
vt 0.388671875 0.654296875
vt 0.388671875 0.658203125
vt 0.392578125 0.658203125
f 1235/3713 1236/3714 1233/3715 1234/3716
vt 0.439453125 0.654296875
vt 0.435546875 0.654296875
vt 0.435546875 0.658203125
vt 0.439453125 0.658203125
f 1240/3717 1239/3718 1238/3719 1237/3720
o baseModel155
v -54.75 15.5 11
v -52.75 15.5 11
v -52.75 11.5 11
v -54.75 11.5 11
v -54.75 15.5 17
v -52.75 15.5 21
v -52.75 11.5 21
v -54.75 11.5 17
vt 0.951171875 0.697265625
vt 0.939453125 0.697265625
vt 0.939453125 0.705078125
vt 0.951171875 0.705078125
f 1247/3721 1243/3722 1242/3723 1246/3724
vt 0.935546875 0.697265625
vt 0.923828125 0.697265625
vt 0.923828125 0.705078125
vt 0.935546875 0.705078125
f 1244/3725 1248/3726 1245/3727 1241/3728
vt 0.939453125 0.705078125
vt 0.935546875 0.705078125
vt 0.935546875 0.716796875
vt 0.939453125 0.716796875
f 1242/3729 1241/3730 1245/3731 1246/3732
vt 0.943359375 0.716796875
vt 0.939453125 0.716796875
vt 0.939453125 0.705078125
vt 0.943359375 0.705078125
f 1247/3733 1248/3734 1244/3735 1243/3736
vt 0.939453125 0.697265625
vt 0.935546875 0.697265625
vt 0.935546875 0.705078125
vt 0.939453125 0.705078125
f 1243/3737 1244/3738 1241/3739 1242/3740
vt 0.955078125 0.697265625
vt 0.951171875 0.697265625
vt 0.951171875 0.705078125
vt 0.955078125 0.705078125
f 1248/3741 1247/3742 1246/3743 1245/3744
o baseModel156
v -54.75 13.5 -11
v -52.75 13.5 -11
v -52.75 12.5 -11
v -54.75 12.5 -11
v -54.75 13.5 -8
v -52.75 13.5 -8
v -52.75 13.5 -8
v -54.75 13.5 -8
vt 0.189453125 0.896484375
vt 0.18359375 0.896484375
vt 0.18359375 0.8984375
vt 0.189453125 0.8984375
f 1255/3745 1251/3746 1250/3747 1254/3748
vt 0.1796875 0.896484375
vt 0.173828125 0.896484375
vt 0.173828125 0.8984375
vt 0.1796875 0.8984375
f 1252/3749 1256/3750 1253/3751 1249/3752
vt 0.18359375 0.8984375
vt 0.1796875 0.8984375
vt 0.1796875 0.904296875
vt 0.18359375 0.904296875
f 1250/3753 1249/3754 1253/3755 1254/3756
vt 0.1875 0.904296875
vt 0.18359375 0.904296875
vt 0.18359375 0.8984375
vt 0.1875 0.8984375
f 1255/3757 1256/3758 1252/3759 1251/3760
vt 0.18359375 0.896484375
vt 0.1796875 0.896484375
vt 0.1796875 0.8984375
vt 0.18359375 0.8984375
f 1251/3761 1252/3762 1249/3763 1250/3764
vt 0.193359375 0.896484375
vt 0.189453125 0.896484375
vt 0.189453125 0.8984375
vt 0.193359375 0.8984375
f 1256/3765 1255/3766 1254/3767 1253/3768
o baseModel157
v -54.75 13.5 8
v -52.75 13.5 8
v -52.75 13.5 8
v -54.75 13.5 8
v -54.75 13.5 11
v -52.75 13.5 11
v -52.75 12.5 11
v -54.75 12.5 11
vt 0.564453125 0.896484375
vt 0.55859375 0.896484375
vt 0.55859375 0.8984375
vt 0.564453125 0.8984375
f 1263/3769 1259/3770 1258/3771 1262/3772
vt 0.5546875 0.896484375
vt 0.548828125 0.896484375
vt 0.548828125 0.8984375
vt 0.5546875 0.8984375
f 1260/3773 1264/3774 1261/3775 1257/3776
vt 0.55859375 0.8984375
vt 0.5546875 0.8984375
vt 0.5546875 0.904296875
vt 0.55859375 0.904296875
f 1258/3777 1257/3778 1261/3779 1262/3780
vt 0.5625 0.904296875
vt 0.55859375 0.904296875
vt 0.55859375 0.8984375
vt 0.5625 0.8984375
f 1263/3781 1264/3782 1260/3783 1259/3784
vt 0.55859375 0.896484375
vt 0.5546875 0.896484375
vt 0.5546875 0.8984375
vt 0.55859375 0.8984375
f 1259/3785 1260/3786 1257/3787 1258/3788
vt 0.568359375 0.896484375
vt 0.564453125 0.896484375
vt 0.564453125 0.8984375
vt 0.568359375 0.8984375
f 1264/3789 1263/3790 1262/3791 1261/3792
o baseModel158
v -54.5 16.5 -17
v -52.5 16.5 -21
v -52.5 11.5 -21
v -54.5 11.5 -17
v -54.5 16.5 17
v -52.5 16.5 21
v -52.5 11.5 21
v -54.5 11.5 17
vt 0.498046875 0.5625
vt 0.431640625 0.5625
vt 0.431640625 0.572265625
vt 0.498046875 0.572265625
f 1271/3793 1267/3794 1266/3795 1270/3796
vt 0.427734375 0.5625
vt 0.361328125 0.5625
vt 0.361328125 0.572265625
vt 0.427734375 0.572265625
f 1268/3797 1272/3798 1269/3799 1265/3800
vt 0.431640625 0.572265625
vt 0.427734375 0.572265625
vt 0.427734375 0.638671875
vt 0.431640625 0.638671875
f 1266/3801 1265/3802 1269/3803 1270/3804
vt 0.435546875 0.638671875
vt 0.431640625 0.638671875
vt 0.431640625 0.572265625
vt 0.435546875 0.572265625
f 1271/3805 1272/3806 1268/3807 1267/3808
vt 0.431640625 0.5625
vt 0.427734375 0.5625
vt 0.427734375 0.572265625
vt 0.431640625 0.572265625
f 1267/3809 1268/3810 1265/3811 1266/3812
vt 0.501953125 0.5625
vt 0.498046875 0.5625
vt 0.498046875 0.572265625
vt 0.501953125 0.572265625
f 1272/3813 1271/3814 1270/3815 1269/3816
o baseModel159
v -47 20.5 -20.4
v -41 20.5 -20.4
v -41 16.5 -22
v -47 16.5 -22
v -47 20.5 -17.6
v -41 20.5 -17.6
v -41 16.5 -16
v -47 16.5 -16
vt 0.037109375 0.681640625
vt 0.025390625 0.681640625
vt 0.025390625 0.689453125
vt 0.037109375 0.689453125
f 1279/3817 1275/3818 1274/3819 1278/3820
vt 0.013671875 0.681640625
vt 0.001953125 0.681640625
vt 0.001953125 0.689453125
vt 0.013671875 0.689453125
f 1276/3821 1280/3822 1277/3823 1273/3824
vt 0.025390625 0.689453125
vt 0.013671875 0.689453125
vt 0.013671875 0.701171875
vt 0.025390625 0.701171875
f 1274/3825 1273/3826 1277/3827 1278/3828
vt 0.037109375 0.701171875
vt 0.025390625 0.701171875
vt 0.025390625 0.689453125
vt 0.037109375 0.689453125
f 1279/3829 1280/3830 1276/3831 1275/3832
vt 0.025390625 0.681640625
vt 0.013671875 0.681640625
vt 0.013671875 0.689453125
vt 0.025390625 0.689453125
f 1275/3833 1276/3834 1273/3835 1274/3836
vt 0.048828125 0.681640625
vt 0.037109375 0.681640625
vt 0.037109375 0.689453125
vt 0.048828125 0.689453125
f 1280/3837 1279/3838 1278/3839 1277/3840
o baseModel160
v -46.3421 22.97426 -18.9
v -40.5808 21.28016 -20
v -40.82273 20.30986 -20.4
v -46.6445 21.76139 -20.4
v -46.3421 22.97426 18.9
v -40.5808 21.28016 20
v -40.82273 20.30986 20.4
v -46.6445 21.76139 20.4
vt 0.595703125 0.556640625
vt 0.515625 0.556640625
vt 0.515625 0.55859375
vt 0.595703125 0.55859375
f 1287/3841 1283/3842 1282/3843 1286/3844
vt 0.50390625 0.556640625
vt 0.423828125 0.556640625
vt 0.423828125 0.55859375
vt 0.50390625 0.55859375
f 1284/3845 1288/3846 1285/3847 1281/3848
vt 0.515625 0.55859375
vt 0.50390625 0.55859375
vt 0.50390625 0.638671875
vt 0.515625 0.638671875
f 1282/3849 1281/3850 1285/3851 1286/3852
vt 0.52734375 0.638671875
vt 0.515625 0.638671875
vt 0.515625 0.55859375
vt 0.52734375 0.55859375
f 1287/3853 1288/3854 1284/3855 1283/3856
vt 0.515625 0.556640625
vt 0.50390625 0.556640625
vt 0.50390625 0.55859375
vt 0.515625 0.55859375
f 1283/3857 1284/3858 1281/3859 1282/3860
vt 0.607421875 0.556640625
vt 0.595703125 0.556640625
vt 0.595703125 0.55859375
vt 0.607421875 0.55859375
f 1288/3861 1287/3862 1286/3863 1285/3864
o baseModel161
v -53 20.5 -19.4
v -47 20.5 -20.4
v -47 16.5 -22
v -53 16.5 -21
v -53 20.5 -18.6
v -47 20.5 -17.6
v -47 16.5 -16
v -53 16.5 -17
vt 0.162109375 0.681640625
vt 0.150390625 0.681640625
vt 0.150390625 0.689453125
vt 0.162109375 0.689453125
f 1295/3865 1291/3866 1290/3867 1294/3868
vt 0.138671875 0.681640625
vt 0.126953125 0.681640625
vt 0.126953125 0.689453125
vt 0.138671875 0.689453125
f 1292/3869 1296/3870 1293/3871 1289/3872
vt 0.150390625 0.689453125
vt 0.138671875 0.689453125
vt 0.138671875 0.701171875
vt 0.150390625 0.701171875
f 1290/3873 1289/3874 1293/3875 1294/3876
vt 0.162109375 0.701171875
vt 0.150390625 0.701171875
vt 0.150390625 0.689453125
vt 0.162109375 0.689453125
f 1295/3877 1296/3878 1292/3879 1291/3880
vt 0.150390625 0.681640625
vt 0.138671875 0.681640625
vt 0.138671875 0.689453125
vt 0.150390625 0.689453125
f 1291/3881 1292/3882 1289/3883 1290/3884
vt 0.173828125 0.681640625
vt 0.162109375 0.681640625
vt 0.162109375 0.689453125
vt 0.173828125 0.689453125
f 1296/3885 1295/3886 1294/3887 1293/3888
o baseModel162
v -50.1628 24.18452 -17.9
v -46.3421 22.97426 -18.9
v -46.6445 21.76139 -20.4
v -52.46627 23.21292 -19.4
v -50.1628 24.18452 17.9
v -46.3421 22.97426 18.9
v -46.6445 21.76139 20.4
v -52.46627 23.21292 19.4
vt 0.173828125 0.541015625
vt 0.09375 0.541015625
vt 0.09375 0.54296875
vt 0.173828125 0.54296875
f 1303/3889 1299/3890 1298/3891 1302/3892
vt 0.08203125 0.541015625
vt 0.001953125 0.541015625
vt 0.001953125 0.54296875
vt 0.08203125 0.54296875
f 1300/3893 1304/3894 1301/3895 1297/3896
vt 0.09375 0.54296875
vt 0.08203125 0.54296875
vt 0.08203125 0.623046875
vt 0.09375 0.623046875
f 1298/3897 1297/3898 1301/3899 1302/3900
vt 0.10546875 0.623046875
vt 0.09375 0.623046875
vt 0.09375 0.54296875
vt 0.10546875 0.54296875
f 1303/3901 1304/3902 1300/3903 1299/3904
vt 0.09375 0.541015625
vt 0.08203125 0.541015625
vt 0.08203125 0.54296875
vt 0.09375 0.54296875
f 1299/3905 1300/3906 1297/3907 1298/3908
vt 0.185546875 0.541015625
vt 0.173828125 0.541015625
vt 0.173828125 0.54296875
vt 0.185546875 0.54296875
f 1304/3909 1303/3910 1302/3911 1301/3912
o baseModel163
v -53.43657 23.45484 -14
v -50.1628 24.18452 -18
v -52.46627 23.21292 -19.4
v -54.64879 22.72647 -16
v -53.43657 23.45484 14
v -50.1628 24.18452 18
v -52.46627 23.21292 19.4
v -54.64879 22.72647 16
vt 0.419921875 0.5390625
vt 0.337890625 0.5390625
vt 0.337890625 0.541015625
vt 0.419921875 0.541015625
f 1311/3913 1307/3914 1306/3915 1310/3916
vt 0.333984375 0.5390625
vt 0.251953125 0.5390625
vt 0.251953125 0.541015625
vt 0.333984375 0.541015625
f 1308/3917 1312/3918 1309/3919 1305/3920
vt 0.337890625 0.541015625
vt 0.333984375 0.541015625
vt 0.333984375 0.623046875
vt 0.337890625 0.623046875
f 1306/3921 1305/3922 1309/3923 1310/3924
vt 0.341796875 0.623046875
vt 0.337890625 0.623046875
vt 0.337890625 0.541015625
vt 0.341796875 0.541015625
f 1311/3925 1312/3926 1308/3927 1307/3928
vt 0.337890625 0.5390625
vt 0.333984375 0.5390625
vt 0.333984375 0.541015625
vt 0.337890625 0.541015625
f 1307/3929 1308/3930 1305/3931 1306/3932
vt 0.423828125 0.5390625
vt 0.419921875 0.5390625
vt 0.419921875 0.541015625
vt 0.423828125 0.541015625
f 1312/3933 1311/3934 1310/3935 1309/3936
o baseModel164
v -56 4.5 -18
v -53 4.5 -22
v -53 0.5 -22
v -56 2.5 -16
v -56 4.5 18
v -53 4.5 22
v -53 0.5 22
v -56 2.5 16
vt 0.9140625 0.513671875
vt 0.828125 0.513671875
vt 0.828125 0.521484375
vt 0.9140625 0.521484375
f 1319/3937 1315/3938 1314/3939 1318/3940
vt 0.822265625 0.513671875
vt 0.736328125 0.513671875
vt 0.736328125 0.521484375
vt 0.822265625 0.521484375
f 1316/3941 1320/3942 1317/3943 1313/3944
vt 0.828125 0.521484375
vt 0.822265625 0.521484375
vt 0.822265625 0.607421875
vt 0.828125 0.607421875
f 1314/3945 1313/3946 1317/3947 1318/3948
vt 0.833984375 0.607421875
vt 0.828125 0.607421875
vt 0.828125 0.521484375
vt 0.833984375 0.521484375
f 1319/3949 1320/3950 1316/3951 1315/3952
vt 0.828125 0.513671875
vt 0.822265625 0.513671875
vt 0.822265625 0.521484375
vt 0.828125 0.521484375
f 1315/3953 1316/3954 1313/3955 1314/3956
vt 0.919921875 0.513671875
vt 0.9140625 0.513671875
vt 0.9140625 0.521484375
vt 0.919921875 0.521484375
f 1320/3957 1319/3958 1318/3959 1317/3960
o baseModel165
v -56 10.5 -18
v -53 10.5 -22
v -53 4.5 -22
v -56 4.5 -18
v -56 10.5 -7
v -53 10.5 -7
v -53 4.5 -7
v -56 4.5 -7
vt 0.31640625 0.66015625
vt 0.287109375 0.66015625
vt 0.287109375 0.671875
vt 0.31640625 0.671875
f 1327/3961 1323/3962 1322/3963 1326/3964
vt 0.28125 0.66015625
vt 0.251953125 0.66015625
vt 0.251953125 0.671875
vt 0.28125 0.671875
f 1324/3965 1328/3966 1325/3967 1321/3968
vt 0.287109375 0.671875
vt 0.28125 0.671875
vt 0.28125 0.701171875
vt 0.287109375 0.701171875
f 1322/3969 1321/3970 1325/3971 1326/3972
vt 0.29296875 0.701171875
vt 0.287109375 0.701171875
vt 0.287109375 0.671875
vt 0.29296875 0.671875
f 1327/3973 1328/3974 1324/3975 1323/3976
vt 0.287109375 0.66015625
vt 0.28125 0.66015625
vt 0.28125 0.671875
vt 0.287109375 0.671875
f 1323/3977 1324/3978 1321/3979 1322/3980
vt 0.322265625 0.66015625
vt 0.31640625 0.66015625
vt 0.31640625 0.671875
vt 0.322265625 0.671875
f 1328/3981 1327/3982 1326/3983 1325/3984
o baseModel166
v -56 10.5 7
v -53 10.5 7
v -53 4.5 7
v -56 4.5 7
v -56 10.5 18
v -53 10.5 22
v -53 4.5 22
v -56 4.5 18
vt 0.69140625 0.64453125
vt 0.662109375 0.64453125
vt 0.662109375 0.65625
vt 0.69140625 0.65625
f 1335/3985 1331/3986 1330/3987 1334/3988
vt 0.65625 0.64453125
vt 0.626953125 0.64453125
vt 0.626953125 0.65625
vt 0.65625 0.65625
f 1332/3989 1336/3990 1333/3991 1329/3992
vt 0.662109375 0.65625
vt 0.65625 0.65625
vt 0.65625 0.685546875
vt 0.662109375 0.685546875
f 1330/3993 1329/3994 1333/3995 1334/3996
vt 0.66796875 0.685546875
vt 0.662109375 0.685546875
vt 0.662109375 0.65625
vt 0.66796875 0.65625
f 1335/3997 1336/3998 1332/3999 1331/4000
vt 0.662109375 0.64453125
vt 0.65625 0.64453125
vt 0.65625 0.65625
vt 0.662109375 0.65625
f 1331/4001 1332/4002 1329/4003 1330/4004
vt 0.697265625 0.64453125
vt 0.69140625 0.64453125
vt 0.69140625 0.65625
vt 0.697265625 0.65625
f 1336/4005 1335/4006 1334/4007 1333/4008
o baseModel167
v -55.75 10.5 -7
v -52.75 10.5 -7
v -52.75 4.5 -7
v -55.75 4.5 -7
v -55.75 10.5 7
v -52.75 10.5 7
v -52.75 4.5 7
v -55.75 4.5 7
vt 0.984375 0.646484375
vt 0.95703125 0.646484375
vt 0.95703125 0.658203125
vt 0.984375 0.658203125
f 1343/4009 1339/4010 1338/4011 1342/4012
vt 0.951171875 0.646484375
vt 0.923828125 0.646484375
vt 0.923828125 0.658203125
vt 0.951171875 0.658203125
f 1340/4013 1344/4014 1341/4015 1337/4016
vt 0.95703125 0.658203125
vt 0.951171875 0.658203125
vt 0.951171875 0.685546875
vt 0.95703125 0.685546875
f 1338/4017 1337/4018 1341/4019 1342/4020
vt 0.962890625 0.685546875
vt 0.95703125 0.685546875
vt 0.95703125 0.658203125
vt 0.962890625 0.658203125
f 1343/4021 1344/4022 1340/4023 1339/4024
vt 0.95703125 0.646484375
vt 0.951171875 0.646484375
vt 0.951171875 0.658203125
vt 0.95703125 0.658203125
f 1339/4025 1340/4026 1337/4027 1338/4028
vt 0.990234375 0.646484375
vt 0.984375 0.646484375
vt 0.984375 0.658203125
vt 0.990234375 0.658203125
f 1344/4029 1343/4030 1342/4031 1341/4032
o baseModel168
v -56 9.5 -5
v -55 9.5 -5
v -55 7.5 -5
v -56 9.5 -5
v -56 9.5 5
v -55 9.5 5
v -55 7.5 5
v -56 9.5 5
vt 0.33984375 0.802734375
vt 0.3203125 0.802734375
vt 0.3203125 0.806640625
vt 0.33984375 0.806640625
f 1351/4033 1347/4034 1346/4035 1350/4036
vt 0.318359375 0.802734375
vt 0.298828125 0.802734375
vt 0.298828125 0.806640625
vt 0.318359375 0.806640625
f 1348/4037 1352/4038 1349/4039 1345/4040
vt 0.3203125 0.806640625
vt 0.318359375 0.806640625
vt 0.318359375 0.826171875
vt 0.3203125 0.826171875
f 1346/4041 1345/4042 1349/4043 1350/4044
vt 0.322265625 0.826171875
vt 0.3203125 0.826171875
vt 0.3203125 0.806640625
vt 0.322265625 0.806640625
f 1351/4045 1352/4046 1348/4047 1347/4048
vt 0.3203125 0.802734375
vt 0.318359375 0.802734375
vt 0.318359375 0.806640625
vt 0.3203125 0.806640625
f 1347/4049 1348/4050 1345/4051 1346/4052
vt 0.341796875 0.802734375
vt 0.33984375 0.802734375
vt 0.33984375 0.806640625
vt 0.341796875 0.806640625
f 1352/4053 1351/4054 1350/4055 1349/4056
o baseModel169
v -56 10.5 -7
v -53 10.5 -7
v -53 9.5 -7
v -56 9.5 -7
v -56 10.5 7
v -53 10.5 7
v -53 9.5 7
v -56 9.5 7
vt 0.828125 0.71875
vt 0.80078125 0.71875
vt 0.80078125 0.720703125
vt 0.828125 0.720703125
f 1359/4057 1355/4058 1354/4059 1358/4060
vt 0.794921875 0.71875
vt 0.767578125 0.71875
vt 0.767578125 0.720703125
vt 0.794921875 0.720703125
f 1356/4061 1360/4062 1357/4063 1353/4064
vt 0.80078125 0.720703125
vt 0.794921875 0.720703125
vt 0.794921875 0.748046875
vt 0.80078125 0.748046875
f 1354/4065 1353/4066 1357/4067 1358/4068
vt 0.806640625 0.748046875
vt 0.80078125 0.748046875
vt 0.80078125 0.720703125
vt 0.806640625 0.720703125
f 1359/4069 1360/4070 1356/4071 1355/4072
vt 0.80078125 0.71875
vt 0.794921875 0.71875
vt 0.794921875 0.720703125
vt 0.80078125 0.720703125
f 1355/4073 1356/4074 1353/4075 1354/4076
vt 0.833984375 0.71875
vt 0.828125 0.71875
vt 0.828125 0.720703125
vt 0.833984375 0.720703125
f 1360/4077 1359/4078 1358/4079 1357/4080
o baseModel170
v -56 9.5 -7
v -55 9.5 -7
v -55 4.5 -7
v -56 4.5 -7
v -56 9.5 -5
v -55 9.5 -3
v -55 4.5 -4
v -56 4.5 -6
vt 0.05078125 0.73046875
vt 0.04296875 0.73046875
vt 0.04296875 0.740234375
vt 0.05078125 0.740234375
f 1367/4081 1363/4082 1362/4083 1366/4084
vt 0.041015625 0.73046875
vt 0.033203125 0.73046875
vt 0.033203125 0.740234375
vt 0.041015625 0.740234375
f 1364/4085 1368/4086 1365/4087 1361/4088
vt 0.04296875 0.740234375
vt 0.041015625 0.740234375
vt 0.041015625 0.748046875
vt 0.04296875 0.748046875
f 1362/4089 1361/4090 1365/4091 1366/4092
vt 0.044921875 0.748046875
vt 0.04296875 0.748046875
vt 0.04296875 0.740234375
vt 0.044921875 0.740234375
f 1367/4093 1368/4094 1364/4095 1363/4096
vt 0.04296875 0.73046875
vt 0.041015625 0.73046875
vt 0.041015625 0.740234375
vt 0.04296875 0.740234375
f 1363/4097 1364/4098 1361/4099 1362/4100
vt 0.052734375 0.73046875
vt 0.05078125 0.73046875
vt 0.05078125 0.740234375
vt 0.052734375 0.740234375
f 1368/4101 1367/4102 1366/4103 1365/4104
o baseModel171
v -56 9.5 5
v -55 9.5 3
v -55 4.5 4
v -56 4.5 6
v -56 9.5 7
v -55 9.5 7
v -55 4.5 7
v -56 4.5 7
vt 0.58203125 0.69921875
vt 0.57421875 0.69921875
vt 0.57421875 0.708984375
vt 0.58203125 0.708984375
f 1375/4105 1371/4106 1370/4107 1374/4108
vt 0.572265625 0.69921875
vt 0.564453125 0.69921875
vt 0.564453125 0.708984375
vt 0.572265625 0.708984375
f 1372/4109 1376/4110 1373/4111 1369/4112
vt 0.57421875 0.708984375
vt 0.572265625 0.708984375
vt 0.572265625 0.716796875
vt 0.57421875 0.716796875
f 1370/4113 1369/4114 1373/4115 1374/4116
vt 0.576171875 0.716796875
vt 0.57421875 0.716796875
vt 0.57421875 0.708984375
vt 0.576171875 0.708984375
f 1375/4117 1376/4118 1372/4119 1371/4120
vt 0.57421875 0.69921875
vt 0.572265625 0.69921875
vt 0.572265625 0.708984375
vt 0.57421875 0.708984375
f 1371/4121 1372/4122 1369/4123 1370/4124
vt 0.583984375 0.69921875
vt 0.58203125 0.69921875
vt 0.58203125 0.708984375
vt 0.583984375 0.708984375
f 1376/4125 1375/4126 1374/4127 1373/4128
o baseModel172
v -55.9 8.75 -4
v -54.9 8.75 -4
v -54.9 4.75 -4
v -55.9 4.75 -4
v -55.9 8.75 4
v -54.9 8.75 4
v -54.9 4.75 4
v -55.9 4.75 4
vt 0.37890625 0.677734375
vt 0.36328125 0.677734375
vt 0.36328125 0.685546875
vt 0.37890625 0.685546875
f 1383/4129 1379/4130 1378/4131 1382/4132
vt 0.361328125 0.677734375
vt 0.345703125 0.677734375
vt 0.345703125 0.685546875
vt 0.361328125 0.685546875
f 1380/4133 1384/4134 1381/4135 1377/4136
vt 0.36328125 0.685546875
vt 0.361328125 0.685546875
vt 0.361328125 0.701171875
vt 0.36328125 0.701171875
f 1378/4137 1377/4138 1381/4139 1382/4140
vt 0.365234375 0.701171875
vt 0.36328125 0.701171875
vt 0.36328125 0.685546875
vt 0.365234375 0.685546875
f 1383/4141 1384/4142 1380/4143 1379/4144
vt 0.36328125 0.677734375
vt 0.361328125 0.677734375
vt 0.361328125 0.685546875
vt 0.36328125 0.685546875
f 1379/4145 1380/4146 1377/4147 1378/4148
vt 0.380859375 0.677734375
vt 0.37890625 0.677734375
vt 0.37890625 0.685546875
vt 0.380859375 0.685546875
f 1384/4149 1383/4150 1382/4151 1381/4152
o baseModel173
v 24 16.5 3
v 25 16.5 3
v 25 2.5 3
v 24 2.5 3
v 24 16.5 19
v 25 16.5 19
v 25 2.5 19
v 24 2.5 19
vt 0.06640625 0.564453125
vt 0.03515625 0.564453125
vt 0.03515625 0.591796875
vt 0.06640625 0.591796875
f 1391/4153 1387/4154 1386/4155 1390/4156
vt 0.033203125 0.564453125
vt 0.001953125 0.564453125
vt 0.001953125 0.591796875
vt 0.033203125 0.591796875
f 1388/4157 1392/4158 1389/4159 1385/4160
vt 0.03515625 0.591796875
vt 0.033203125 0.591796875
vt 0.033203125 0.623046875
vt 0.03515625 0.623046875
f 1386/4161 1385/4162 1389/4163 1390/4164
vt 0.037109375 0.623046875
vt 0.03515625 0.623046875
vt 0.03515625 0.591796875
vt 0.037109375 0.591796875
f 1391/4165 1392/4166 1388/4167 1387/4168
vt 0.03515625 0.564453125
vt 0.033203125 0.564453125
vt 0.033203125 0.591796875
vt 0.03515625 0.591796875
f 1387/4169 1388/4170 1385/4171 1386/4172
vt 0.068359375 0.564453125
vt 0.06640625 0.564453125
vt 0.06640625 0.591796875
vt 0.068359375 0.591796875
f 1392/4173 1391/4174 1390/4175 1389/4176
o baseModel174
v 27.11667 8.593442 14.9788
v 40.59956 10.24893 18.36571
v 41.88333 -3.593442 20.0212
v 28.40044 -5.248931 16.63429
v 25.85077 9.051931 19.79412
v 39.33365 10.70742 23.18102
v 40.61742 -3.134953 24.83651
v 27.13454 -4.790442 21.44961
vt 0.173828125 0.6328125
vt 0.1640625 0.6328125
vt 0.1640625 0.66015625
vt 0.173828125 0.66015625
f 1399/4177 1395/4178 1394/4179 1398/4180
vt 0.13671875 0.6328125
vt 0.126953125 0.6328125
vt 0.126953125 0.66015625
vt 0.13671875 0.66015625
f 1396/4181 1400/4182 1397/4183 1393/4184
vt 0.1640625 0.66015625
vt 0.13671875 0.66015625
vt 0.13671875 0.669921875
vt 0.1640625 0.669921875
f 1394/4185 1393/4186 1397/4187 1398/4188
vt 0.19140625 0.669921875
vt 0.1640625 0.669921875
vt 0.1640625 0.66015625
vt 0.19140625 0.66015625
f 1399/4189 1400/4190 1396/4191 1395/4192
vt 0.1640625 0.6328125
vt 0.13671875 0.6328125
vt 0.13671875 0.66015625
vt 0.1640625 0.66015625
f 1395/4193 1396/4194 1393/4195 1394/4196
vt 0.201171875 0.6328125
vt 0.173828125 0.6328125
vt 0.173828125 0.66015625
vt 0.201171875 0.66015625
f 1400/4197 1399/4198 1398/4199 1397/4200
o baseModel175
v 28.24288 11.23152 -20.82098
v 42.11949 10.50427 -22.52715
v 40.75712 -2.231516 -28.17902
v 26.88051 -1.504274 -26.47285
v 28.69235 9.171486 -16.2873
v 42.56895 8.444244 -17.99347
v 41.20659 -4.291545 -23.64534
v 27.32998 -3.564303 -21.93917
vt 0.392578125 0.5859375
vt 0.3828125 0.5859375
vt 0.3828125 0.61328125
vt 0.392578125 0.61328125
f 1407/4201 1403/4202 1402/4203 1406/4204
vt 0.35546875 0.5859375
vt 0.345703125 0.5859375
vt 0.345703125 0.61328125
vt 0.35546875 0.61328125
f 1404/4205 1408/4206 1405/4207 1401/4208
vt 0.3828125 0.61328125
vt 0.35546875 0.61328125
vt 0.35546875 0.623046875
vt 0.3828125 0.623046875
f 1402/4209 1401/4210 1405/4211 1406/4212
vt 0.41015625 0.623046875
vt 0.3828125 0.623046875
vt 0.3828125 0.61328125
vt 0.41015625 0.61328125
f 1407/4213 1408/4214 1404/4215 1403/4216
vt 0.3828125 0.5859375
vt 0.35546875 0.5859375
vt 0.35546875 0.61328125
vt 0.3828125 0.61328125
f 1403/4217 1404/4218 1401/4219 1402/4220
vt 0.419921875 0.5859375
vt 0.392578125 0.5859375
vt 0.392578125 0.61328125
vt 0.419921875 0.61328125
f 1408/4221 1407/4222 1406/4223 1405/4224
o baseModel176
v -44.30384 7.384886 14.92897
v -30.41031 9.090796 14.68464
v -28.69616 -4.384886 18.07103
v -42.58969 -6.090796 18.31536
v -44.36722 8.595798 19.77971
v -30.47369 10.30171 19.53538
v -28.75953 -3.173974 22.92177
v -42.65306 -4.879884 23.1661
vt 0.580078125 0.5703125
vt 0.5703125 0.5703125
vt 0.5703125 0.59765625
vt 0.580078125 0.59765625
f 1415/4225 1411/4226 1410/4227 1414/4228
vt 0.54296875 0.5703125
vt 0.533203125 0.5703125
vt 0.533203125 0.59765625
vt 0.54296875 0.59765625
f 1412/4229 1416/4230 1413/4231 1409/4232
vt 0.5703125 0.59765625
vt 0.54296875 0.59765625
vt 0.54296875 0.607421875
vt 0.5703125 0.607421875
f 1410/4233 1409/4234 1413/4235 1414/4236
vt 0.59765625 0.607421875
vt 0.5703125 0.607421875
vt 0.5703125 0.59765625
vt 0.59765625 0.59765625
f 1415/4237 1416/4238 1412/4239 1411/4240
vt 0.5703125 0.5703125
vt 0.54296875 0.5703125
vt 0.54296875 0.59765625
vt 0.5703125 0.59765625
f 1411/4241 1412/4242 1409/4243 1410/4244
vt 0.607421875 0.5703125
vt 0.580078125 0.5703125
vt 0.580078125 0.59765625
vt 0.607421875 0.59765625
f 1416/4245 1415/4246 1414/4247 1413/4248
o baseModel177
v -43.51755 9.051152 -21.91588
v -29.60272 9.537068 -20.45248
v -29.48245 -4.051152 -17.08412
v -43.39728 -4.537068 -18.54752
v -44.06657 10.24233 -17.09097
v -30.15174 10.72824 -15.62758
v -30.03148 -2.859978 -12.25922
v -43.9463 -3.345894 -13.72262
vt 0.892578125 0.5703125
vt 0.8828125 0.5703125
vt 0.8828125 0.59765625
vt 0.892578125 0.59765625
f 1423/4249 1419/4250 1418/4251 1422/4252
vt 0.85546875 0.5703125
vt 0.845703125 0.5703125
vt 0.845703125 0.59765625
vt 0.85546875 0.59765625
f 1420/4253 1424/4254 1421/4255 1417/4256
vt 0.8828125 0.59765625
vt 0.85546875 0.59765625
vt 0.85546875 0.607421875
vt 0.8828125 0.607421875
f 1418/4257 1417/4258 1421/4259 1422/4260
vt 0.91015625 0.607421875
vt 0.8828125 0.607421875
vt 0.8828125 0.59765625
vt 0.91015625 0.59765625
f 1423/4261 1424/4262 1420/4263 1419/4264
vt 0.8828125 0.5703125
vt 0.85546875 0.5703125
vt 0.85546875 0.59765625
vt 0.8828125 0.59765625
f 1419/4265 1420/4266 1417/4267 1418/4268
vt 0.919921875 0.5703125
vt 0.892578125 0.5703125
vt 0.892578125 0.59765625
vt 0.919921875 0.59765625
f 1424/4269 1423/4270 1422/4271 1421/4272
o baseModel178
v 29.01505 6.440456 20.87463
v 36.71956 7.38645 22.81001
v 37.45314 -0.5234776 23.756
v 29.74863 -1.469472 21.82063
v 28.76187 6.532154 21.8377
v 36.46638 7.478148 23.77307
v 37.19996 -0.4317798 24.71906
v 29.49545 -1.377774 22.78369
vt 0.427734375 0.68359375
vt 0.42578125 0.68359375
vt 0.42578125 0.69921875
vt 0.427734375 0.69921875
f 1431/4273 1427/4274 1426/4275 1430/4276
vt 0.41015625 0.68359375
vt 0.408203125 0.68359375
vt 0.408203125 0.69921875
vt 0.41015625 0.69921875
f 1428/4277 1432/4278 1429/4279 1425/4280
vt 0.42578125 0.69921875
vt 0.41015625 0.69921875
vt 0.41015625 0.701171875
vt 0.42578125 0.701171875
f 1426/4281 1425/4282 1429/4283 1430/4284
vt 0.44140625 0.701171875
vt 0.42578125 0.701171875
vt 0.42578125 0.69921875
vt 0.44140625 0.69921875
f 1431/4285 1432/4286 1428/4287 1427/4288
vt 0.42578125 0.68359375
vt 0.41015625 0.68359375
vt 0.41015625 0.69921875
vt 0.42578125 0.69921875
f 1427/4289 1428/4290 1425/4291 1426/4292
vt 0.443359375 0.68359375
vt 0.427734375 0.68359375
vt 0.427734375 0.69921875
vt 0.443359375 0.69921875
f 1432/4293 1431/4294 1430/4295 1429/4296
o baseModel179
v -41.02271 6.073704 20.45301
v -33.08356 7.04851 20.31339
v -32.10404 -0.6518801 22.24847
v -40.0432 -1.626686 22.38809
v -41.03539 6.315886 21.42316
v -33.09623 7.290692 21.28354
v -32.11671 -0.4096977 23.21862
v -40.05587 -1.384504 23.35824
vt 0.490234375 0.68359375
vt 0.48828125 0.68359375
vt 0.48828125 0.69921875
vt 0.490234375 0.69921875
f 1439/4297 1435/4298 1434/4299 1438/4300
vt 0.47265625 0.68359375
vt 0.470703125 0.68359375
vt 0.470703125 0.69921875
vt 0.47265625 0.69921875
f 1436/4301 1440/4302 1437/4303 1433/4304
vt 0.48828125 0.69921875
vt 0.47265625 0.69921875
vt 0.47265625 0.701171875
vt 0.48828125 0.701171875
f 1434/4305 1433/4306 1437/4307 1438/4308
vt 0.50390625 0.701171875
vt 0.48828125 0.701171875
vt 0.48828125 0.69921875
vt 0.50390625 0.69921875
f 1439/4309 1440/4310 1436/4311 1435/4312
vt 0.48828125 0.68359375
vt 0.47265625 0.68359375
vt 0.47265625 0.69921875
vt 0.48828125 0.69921875
f 1435/4313 1436/4314 1433/4315 1434/4316
vt 0.505859375 0.68359375
vt 0.490234375 0.68359375
vt 0.490234375 0.69921875
vt 0.505859375 0.69921875
f 1440/4317 1439/4318 1438/4319 1437/4320
o baseModel180
v 30.83461 8.758586 -23.30444
v 38.7641 8.34302 -24.27939
v 37.9856 1.065425 -27.50903
v 30.05611 1.480992 -26.53408
v 30.9245 8.34658 -22.3977
v 38.85399 7.931014 -23.37266
v 38.0755 0.6534196 -26.6023
v 30.14601 1.068986 -25.62734
vt 0.693359375 0.66796875
vt 0.69140625 0.66796875
vt 0.69140625 0.68359375
vt 0.693359375 0.68359375
f 1447/4321 1443/4322 1442/4323 1446/4324
vt 0.67578125 0.66796875
vt 0.673828125 0.66796875
vt 0.673828125 0.68359375
vt 0.67578125 0.68359375
f 1444/4325 1448/4326 1445/4327 1441/4328
vt 0.69140625 0.68359375
vt 0.67578125 0.68359375
vt 0.67578125 0.685546875
vt 0.69140625 0.685546875
f 1442/4329 1441/4330 1445/4331 1446/4332
vt 0.70703125 0.685546875
vt 0.69140625 0.685546875
vt 0.69140625 0.68359375
vt 0.70703125 0.68359375
f 1447/4333 1448/4334 1444/4335 1443/4336
vt 0.69140625 0.66796875
vt 0.67578125 0.66796875
vt 0.67578125 0.68359375
vt 0.69140625 0.68359375
f 1443/4337 1444/4338 1441/4339 1442/4340
vt 0.708984375 0.66796875
vt 0.693359375 0.66796875
vt 0.693359375 0.68359375
vt 0.708984375 0.68359375
f 1448/4341 1447/4342 1446/4343 1445/4344
o baseModel181
v -40.40022 6.005281 -21.84548
v -32.44889 6.282947 -21.00925
v -32.38017 -1.48175 -19.08448
v -40.3315 -1.759417 -19.92071
v -40.51003 6.243515 -20.8805
v -32.5587 6.521182 -20.04427
v -32.48997 -1.243515 -18.1195
v -40.4413 -1.521182 -18.95573
vt 0.755859375 0.66796875
vt 0.75390625 0.66796875
vt 0.75390625 0.68359375
vt 0.755859375 0.68359375
f 1455/4345 1451/4346 1450/4347 1454/4348
vt 0.73828125 0.66796875
vt 0.736328125 0.66796875
vt 0.736328125 0.68359375
vt 0.73828125 0.68359375
f 1452/4349 1456/4350 1453/4351 1449/4352
vt 0.75390625 0.68359375
vt 0.73828125 0.68359375
vt 0.73828125 0.685546875
vt 0.75390625 0.685546875
f 1450/4353 1449/4354 1453/4355 1454/4356
vt 0.76953125 0.685546875
vt 0.75390625 0.685546875
vt 0.75390625 0.68359375
vt 0.76953125 0.68359375
f 1455/4357 1456/4358 1452/4359 1451/4360
vt 0.75390625 0.66796875
vt 0.73828125 0.66796875
vt 0.73828125 0.68359375
vt 0.75390625 0.68359375
f 1451/4361 1452/4362 1449/4363 1450/4364
vt 0.771484375 0.66796875
vt 0.755859375 0.66796875
vt 0.755859375 0.68359375
vt 0.771484375 0.68359375
f 1456/4365 1455/4366 1454/4367 1453/4368
o baseModel182
v 0.9675364 16.5 29.87498
v 20 16.5 21
v 20 6.5 21
v 0.9675364 6.5 29.87498
v 1.390155 16.5 30.78129
v 20.42262 16.5 21.90631
v 20.42262 6.5 21.90631
v 1.390155 6.5 30.78129
vt 0.78125 0.6328125
vt 0.779296875 0.6328125
vt 0.779296875 0.65234375
vt 0.78125 0.65234375
f 1463/4369 1459/4370 1458/4371 1462/4372
vt 0.73828125 0.6328125
vt 0.736328125 0.6328125
vt 0.736328125 0.65234375
vt 0.73828125 0.65234375
f 1460/4373 1464/4374 1461/4375 1457/4376
vt 0.779296875 0.65234375
vt 0.73828125 0.65234375
vt 0.73828125 0.654296875
vt 0.779296875 0.654296875
f 1458/4377 1457/4378 1461/4379 1462/4380
vt 0.8203125 0.654296875
vt 0.779296875 0.654296875
vt 0.779296875 0.65234375
vt 0.8203125 0.65234375
f 1463/4381 1464/4382 1460/4383 1459/4384
vt 0.779296875 0.6328125
vt 0.73828125 0.6328125
vt 0.73828125 0.65234375
vt 0.779296875 0.65234375
f 1459/4385 1460/4386 1457/4387 1458/4388
vt 0.822265625 0.6328125
vt 0.78125 0.6328125
vt 0.78125 0.65234375
vt 0.822265625 0.65234375
f 1464/4389 1463/4390 1462/4391 1461/4392
o baseModel183
v 0.1222999 21.5 28.06237
v 19.15476 21.5 19.18738
v 20 16.5 21
v 0.9675364 16.5 29.87498
v 0.5449181 21.5 28.96868
v 19.57738 21.5 20.09369
v 20.42262 16.5 21.90631
v 1.390155 16.5 30.78129
vt 0.515625 0.658203125
vt 0.513671875 0.658203125
vt 0.513671875 0.66796875
vt 0.515625 0.66796875
f 1471/4393 1467/4394 1466/4395 1470/4396
vt 0.47265625 0.658203125
vt 0.470703125 0.658203125
vt 0.470703125 0.66796875
vt 0.47265625 0.66796875
f 1468/4397 1472/4398 1469/4399 1465/4400
vt 0.513671875 0.66796875
vt 0.47265625 0.66796875
vt 0.47265625 0.669921875
vt 0.513671875 0.669921875
f 1466/4401 1465/4402 1469/4403 1470/4404
vt 0.5546875 0.669921875
vt 0.513671875 0.669921875
vt 0.513671875 0.66796875
vt 0.5546875 0.66796875
f 1471/4405 1472/4406 1468/4407 1467/4408
vt 0.513671875 0.658203125
vt 0.47265625 0.658203125
vt 0.47265625 0.66796875
vt 0.513671875 0.66796875
f 1467/4409 1468/4410 1465/4411 1466/4412
vt 0.556640625 0.658203125
vt 0.515625 0.658203125
vt 0.515625 0.66796875
vt 0.556640625 0.66796875
f 1472/4413 1471/4414 1470/4415 1469/4416
o baseModel184
v -5.4021 21.5 4.886573
v -4.007611 21.5 20.82569
v -6 16.5 21
v -7.39449 16.5 5.060885
v -6.398295 21.5 4.973729
v -5.003805 21.5 20.91284
v -6.996195 16.5 21.08716
v -8.390684 16.5 5.14804
vt 0.708984375 0.767578125
vt 0.70703125 0.767578125
vt 0.70703125 0.77734375
vt 0.708984375 0.77734375
f 1479/4417 1475/4418 1474/4419 1478/4420
vt 0.67578125 0.767578125
vt 0.673828125 0.767578125
vt 0.673828125 0.77734375
vt 0.67578125 0.77734375
f 1476/4421 1480/4422 1477/4423 1473/4424
vt 0.70703125 0.77734375
vt 0.67578125 0.77734375
vt 0.67578125 0.779296875
vt 0.70703125 0.779296875
f 1474/4425 1473/4426 1477/4427 1478/4428
vt 0.73828125 0.779296875
vt 0.70703125 0.779296875
vt 0.70703125 0.77734375
vt 0.73828125 0.77734375
f 1479/4429 1480/4430 1476/4431 1475/4432
vt 0.70703125 0.767578125
vt 0.67578125 0.767578125
vt 0.67578125 0.77734375
vt 0.70703125 0.77734375
f 1475/4433 1476/4434 1473/4435 1474/4436
vt 0.740234375 0.767578125
vt 0.708984375 0.767578125
vt 0.708984375 0.77734375
vt 0.740234375 0.77734375
f 1480/4437 1479/4438 1478/4439 1477/4440
o baseModel185
v -7.39449 16.5 5.060885
v -6 16.5 21
v -6 6.5 21
v -7.045867 6.5 9.045663
v -8.390684 16.5 5.14804
v -6.996195 16.5 21.08716
v -6.996195 6.5 21.08716
v -8.042062 6.5 9.132819
vt 0.037109375 0.6484375
vt 0.03515625 0.6484375
vt 0.03515625 0.66796875
vt 0.037109375 0.66796875
f 1487/4441 1483/4442 1482/4443 1486/4444
vt 0.00390625 0.6484375
vt 0.001953125 0.6484375
vt 0.001953125 0.66796875
vt 0.00390625 0.66796875
f 1484/4445 1488/4446 1485/4447 1481/4448
vt 0.03515625 0.66796875
vt 0.00390625 0.66796875
vt 0.00390625 0.669921875
vt 0.03515625 0.669921875
f 1482/4449 1481/4450 1485/4451 1486/4452
vt 0.06640625 0.669921875
vt 0.03515625 0.669921875
vt 0.03515625 0.66796875
vt 0.06640625 0.66796875
f 1487/4453 1488/4454 1484/4455 1483/4456
vt 0.03515625 0.6484375
vt 0.00390625 0.6484375
vt 0.00390625 0.66796875
vt 0.03515625 0.66796875
f 1483/4457 1484/4458 1481/4459 1482/4460
vt 0.068359375 0.6484375
vt 0.037109375 0.6484375
vt 0.037109375 0.66796875
vt 0.068359375 0.66796875
f 1488/4461 1487/4462 1486/4463 1485/4464
o baseModel186
v 1.967536 16.5 -30.87498
v 21 16.5 -22
v 21 6.5 -22
v 1.967536 6.5 -30.87498
v 1.544918 16.5 -29.96868
v 20.57738 16.5 -21.09369
v 20.57738 6.5 -21.09369
v 1.544918 6.5 -29.96868
vt 0.15625 0.5703125
vt 0.154296875 0.5703125
vt 0.154296875 0.58984375
vt 0.15625 0.58984375
f 1495/4465 1491/4466 1490/4467 1494/4468
vt 0.11328125 0.5703125
vt 0.111328125 0.5703125
vt 0.111328125 0.58984375
vt 0.11328125 0.58984375
f 1492/4469 1496/4470 1493/4471 1489/4472
vt 0.154296875 0.58984375
vt 0.11328125 0.58984375
vt 0.11328125 0.591796875
vt 0.154296875 0.591796875
f 1490/4473 1489/4474 1493/4475 1494/4476
vt 0.1953125 0.591796875
vt 0.154296875 0.591796875
vt 0.154296875 0.58984375
vt 0.1953125 0.58984375
f 1495/4477 1496/4478 1492/4479 1491/4480
vt 0.154296875 0.5703125
vt 0.11328125 0.5703125
vt 0.11328125 0.58984375
vt 0.154296875 0.58984375
f 1491/4481 1492/4482 1489/4483 1490/4484
vt 0.197265625 0.5703125
vt 0.15625 0.5703125
vt 0.15625 0.58984375
vt 0.197265625 0.58984375
f 1496/4485 1495/4486 1494/4487 1493/4488
o baseModel187
v 1.1223 21.5 -29.06237
v 20.15476 21.5 -20.18738
v 21 16.5 -22
v 1.967536 16.5 -30.87498
v 0.6996816 21.5 -28.15606
v 19.73215 21.5 -19.28108
v 20.57738 16.5 -21.09369
v 1.544918 16.5 -29.96868
vt 0.25 0.580078125
vt 0.248046875 0.580078125
vt 0.248046875 0.58984375
vt 0.25 0.58984375
f 1503/4489 1499/4490 1498/4491 1502/4492
vt 0.20703125 0.580078125
vt 0.205078125 0.580078125
vt 0.205078125 0.58984375
vt 0.20703125 0.58984375
f 1500/4493 1504/4494 1501/4495 1497/4496
vt 0.248046875 0.58984375
vt 0.20703125 0.58984375
vt 0.20703125 0.591796875
vt 0.248046875 0.591796875
f 1498/4497 1497/4498 1501/4499 1502/4500
vt 0.2890625 0.591796875
vt 0.248046875 0.591796875
vt 0.248046875 0.58984375
vt 0.2890625 0.58984375
f 1503/4501 1504/4502 1500/4503 1499/4504
vt 0.248046875 0.580078125
vt 0.20703125 0.580078125
vt 0.20703125 0.58984375
vt 0.248046875 0.58984375
f 1499/4505 1500/4506 1497/4507 1498/4508
vt 0.291015625 0.580078125
vt 0.25 0.580078125
vt 0.25 0.58984375
vt 0.291015625 0.58984375
f 1504/4509 1503/4510 1502/4511 1501/4512
o baseModel188
v -19.0243 21.5 -12.49381
v -5.030381 21.5 -20.25076
v -6 16.5 -22
v -19.99392 16.5 -14.24305
v -18.53949 21.5 -11.61919
v -4.545571 21.5 -19.37614
v -5.51519 16.5 -21.12538
v -19.50911 16.5 -13.36843
vt 0.287109375 0.642578125
vt 0.28515625 0.642578125
vt 0.28515625 0.65234375
vt 0.287109375 0.65234375
f 1511/4513 1507/4514 1506/4515 1510/4516
vt 0.25390625 0.642578125
vt 0.251953125 0.642578125
vt 0.251953125 0.65234375
vt 0.25390625 0.65234375
f 1508/4517 1512/4518 1509/4519 1505/4520
vt 0.28515625 0.65234375
vt 0.25390625 0.65234375
vt 0.25390625 0.654296875
vt 0.28515625 0.654296875
f 1506/4521 1505/4522 1509/4523 1510/4524
vt 0.31640625 0.654296875
vt 0.28515625 0.654296875
vt 0.28515625 0.65234375
vt 0.31640625 0.65234375
f 1511/4525 1512/4526 1508/4527 1507/4528
vt 0.28515625 0.642578125
vt 0.25390625 0.642578125
vt 0.25390625 0.65234375
vt 0.28515625 0.65234375
f 1507/4529 1508/4530 1505/4531 1506/4532
vt 0.318359375 0.642578125
vt 0.287109375 0.642578125
vt 0.287109375 0.65234375
vt 0.318359375 0.65234375
f 1512/4533 1511/4534 1510/4535 1509/4536
o baseModel189
v -19.99392 16.5 -14.24305
v -6 16.5 -22
v -6 6.5 -22
v -16.49544 6.5 -16.18228
v -19.50911 16.5 -13.36843
v -5.51519 16.5 -21.12538
v -5.51519 6.5 -21.12538
v -16.01063 6.5 -15.30766
vt 0.958984375 0.5859375
vt 0.95703125 0.5859375
vt 0.95703125 0.60546875
vt 0.958984375 0.60546875
f 1519/4537 1515/4538 1514/4539 1518/4540
vt 0.92578125 0.5859375
vt 0.923828125 0.5859375
vt 0.923828125 0.60546875
vt 0.92578125 0.60546875
f 1516/4541 1520/4542 1517/4543 1513/4544
vt 0.95703125 0.60546875
vt 0.92578125 0.60546875
vt 0.92578125 0.607421875
vt 0.95703125 0.607421875
f 1514/4545 1513/4546 1517/4547 1518/4548
vt 0.98828125 0.607421875
vt 0.95703125 0.607421875
vt 0.95703125 0.60546875
vt 0.98828125 0.60546875
f 1519/4549 1520/4550 1516/4551 1515/4552
vt 0.95703125 0.5859375
vt 0.92578125 0.5859375
vt 0.92578125 0.60546875
vt 0.95703125 0.60546875
f 1515/4553 1516/4554 1513/4555 1514/4556
vt 0.990234375 0.5859375
vt 0.958984375 0.5859375
vt 0.958984375 0.60546875
vt 0.990234375 0.60546875
f 1520/4557 1519/4558 1518/4559 1517/4560
o baseModel190
v -22 30.5 -14
v -6 32.5 -14
v -6 31.5 -16
v -24 29.5 -16
v -22 30.5 -13
v -6 32.5 -13
v -6 31.5 -15
v -24 29.5 -15
vt 0.673828125 0.630859375
vt 0.66796875 0.630859375
vt 0.66796875 0.6328125
vt 0.673828125 0.6328125
f 1527/4561 1523/4562 1522/4563 1526/4564
vt 0.6328125 0.630859375
vt 0.626953125 0.630859375
vt 0.626953125 0.6328125
vt 0.6328125 0.6328125
f 1524/4565 1528/4566 1525/4567 1521/4568
vt 0.66796875 0.6328125
vt 0.6328125 0.6328125
vt 0.6328125 0.638671875
vt 0.66796875 0.638671875
f 1522/4569 1521/4570 1525/4571 1526/4572
vt 0.703125 0.638671875
vt 0.66796875 0.638671875
vt 0.66796875 0.6328125
vt 0.703125 0.6328125
f 1527/4573 1528/4574 1524/4575 1523/4576
vt 0.66796875 0.630859375
vt 0.6328125 0.630859375
vt 0.6328125 0.6328125
vt 0.66796875 0.6328125
f 1523/4577 1524/4578 1521/4579 1522/4580
vt 0.708984375 0.630859375
vt 0.673828125 0.630859375
vt 0.673828125 0.6328125
vt 0.708984375 0.6328125
f 1528/4581 1527/4582 1526/4583 1525/4584
o baseModel191
v -4 32.5 -14
v 10 32.5 -14
v 14 29.5 -16
v -4 31.5 -16
v -4 32.5 -13
v 10 32.5 -13
v 14 29.5 -15
v -4 31.5 -15
vt 0.658203125 0.583984375
vt 0.65234375 0.583984375
vt 0.65234375 0.5859375
vt 0.658203125 0.5859375
f 1535/4585 1531/4586 1530/4587 1534/4588
vt 0.6171875 0.583984375
vt 0.611328125 0.583984375
vt 0.611328125 0.5859375
vt 0.6171875 0.5859375
f 1532/4589 1536/4590 1533/4591 1529/4592
vt 0.65234375 0.5859375
vt 0.6171875 0.5859375
vt 0.6171875 0.591796875
vt 0.65234375 0.591796875
f 1530/4593 1529/4594 1533/4595 1534/4596
vt 0.6875 0.591796875
vt 0.65234375 0.591796875
vt 0.65234375 0.5859375
vt 0.6875 0.5859375
f 1535/4597 1536/4598 1532/4599 1531/4600
vt 0.65234375 0.583984375
vt 0.6171875 0.583984375
vt 0.6171875 0.5859375
vt 0.65234375 0.5859375
f 1531/4601 1532/4602 1529/4603 1530/4604
vt 0.693359375 0.583984375
vt 0.658203125 0.583984375
vt 0.658203125 0.5859375
vt 0.693359375 0.5859375
f 1536/4605 1535/4606 1534/4607 1533/4608
o baseModel192
v -21.8 30.51 -13
v -9.186156 27.36502 -13
v -9.428077 26.39472 -13
v -22.04192 29.5397 -13
v -21.8 30.51 14
v -6.275268 26.63925 14
v -6.51719 25.66895 14
v -22.04192 29.5397 14
vt 0.779296875 0.537109375
vt 0.7265625 0.537109375
vt 0.7265625 0.5390625
vt 0.779296875 0.5390625
f 1543/4609 1539/4610 1538/4611 1542/4612
vt 0.6953125 0.537109375
vt 0.642578125 0.537109375
vt 0.642578125 0.5390625
vt 0.6953125 0.5390625
f 1540/4613 1544/4614 1541/4615 1537/4616
vt 0.7265625 0.5390625
vt 0.6953125 0.5390625
vt 0.6953125 0.591796875
vt 0.7265625 0.591796875
f 1538/4617 1537/4618 1541/4619 1542/4620
vt 0.7578125 0.591796875
vt 0.7265625 0.591796875
vt 0.7265625 0.5390625
vt 0.7578125 0.5390625
f 1543/4621 1544/4622 1540/4623 1539/4624
vt 0.7265625 0.537109375
vt 0.6953125 0.537109375
vt 0.6953125 0.5390625
vt 0.7265625 0.5390625
f 1539/4625 1540/4626 1537/4627 1538/4628
vt 0.810546875 0.537109375
vt 0.779296875 0.537109375
vt 0.779296875 0.5390625
vt 0.810546875 0.5390625
f 1544/4629 1543/4630 1542/4631 1541/4632
o baseModel193
v -5.300876 27.84205 -13
v 10 32.52 -13
v 10.29237 31.5637 -13
v -5.008504 26.88575 -13
v -5.300876 27.84205 14
v 10 32.52 14
v 10.29237 31.5637 14
v -5.008504 26.88575 14
vt 0.513671875 0.490234375
vt 0.4609375 0.490234375
vt 0.4609375 0.4921875
vt 0.513671875 0.4921875
f 1551/4633 1547/4634 1546/4635 1550/4636
vt 0.4296875 0.490234375
vt 0.376953125 0.490234375
vt 0.376953125 0.4921875
vt 0.4296875 0.4921875
f 1548/4637 1552/4638 1549/4639 1545/4640
vt 0.4609375 0.4921875
vt 0.4296875 0.4921875
vt 0.4296875 0.544921875
vt 0.4609375 0.544921875
f 1546/4641 1545/4642 1549/4643 1550/4644
vt 0.4921875 0.544921875
vt 0.4609375 0.544921875
vt 0.4609375 0.4921875
vt 0.4921875 0.4921875
f 1551/4645 1552/4646 1548/4647 1547/4648
vt 0.4609375 0.490234375
vt 0.4296875 0.490234375
vt 0.4296875 0.4921875
vt 0.4609375 0.4921875
f 1547/4649 1548/4650 1545/4651 1546/4652
vt 0.544921875 0.490234375
vt 0.513671875 0.490234375
vt 0.513671875 0.4921875
vt 0.544921875 0.4921875
f 1552/4653 1551/4654 1550/4655 1549/4656
o baseModel194
v -47 20.5 17.6
v -41 20.5 17.6
v -41 16.5 16
v -47 16.5 16
v -47 20.5 20.4
v -41 20.5 20.4
v -41 16.5 22
v -47 16.5 22
vt 0.865234375 0.666015625
vt 0.853515625 0.666015625
vt 0.853515625 0.673828125
vt 0.865234375 0.673828125
f 1559/4657 1555/4658 1554/4659 1558/4660
vt 0.841796875 0.666015625
vt 0.830078125 0.666015625
vt 0.830078125 0.673828125
vt 0.841796875 0.673828125
f 1556/4661 1560/4662 1557/4663 1553/4664
vt 0.853515625 0.673828125
vt 0.841796875 0.673828125
vt 0.841796875 0.685546875
vt 0.853515625 0.685546875
f 1554/4665 1553/4666 1557/4667 1558/4668
vt 0.865234375 0.685546875
vt 0.853515625 0.685546875
vt 0.853515625 0.673828125
vt 0.865234375 0.673828125
f 1559/4669 1560/4670 1556/4671 1555/4672
vt 0.853515625 0.666015625
vt 0.841796875 0.666015625
vt 0.841796875 0.673828125
vt 0.853515625 0.673828125
f 1555/4673 1556/4674 1553/4675 1554/4676
vt 0.876953125 0.666015625
vt 0.865234375 0.666015625
vt 0.865234375 0.673828125
vt 0.876953125 0.673828125
f 1560/4677 1559/4678 1558/4679 1557/4680
o baseModel195
v -53 20.5 18.6
v -47 20.5 17.6
v -47 16.5 16
v -53 16.5 17
v -53 20.5 19.4
v -47 20.5 20.4
v -47 16.5 22
v -53 16.5 21
vt 0.599609375 0.650390625
vt 0.587890625 0.650390625
vt 0.587890625 0.658203125
vt 0.599609375 0.658203125
f 1567/4681 1563/4682 1562/4683 1566/4684
vt 0.576171875 0.650390625
vt 0.564453125 0.650390625
vt 0.564453125 0.658203125
vt 0.576171875 0.658203125
f 1564/4685 1568/4686 1565/4687 1561/4688
vt 0.587890625 0.658203125
vt 0.576171875 0.658203125
vt 0.576171875 0.669921875
vt 0.587890625 0.669921875
f 1562/4689 1561/4690 1565/4691 1566/4692
vt 0.599609375 0.669921875
vt 0.587890625 0.669921875
vt 0.587890625 0.658203125
vt 0.599609375 0.658203125
f 1567/4693 1568/4694 1564/4695 1563/4696
vt 0.587890625 0.650390625
vt 0.576171875 0.650390625
vt 0.576171875 0.658203125
vt 0.587890625 0.658203125
f 1563/4697 1564/4698 1561/4699 1562/4700
vt 0.611328125 0.650390625
vt 0.599609375 0.650390625
vt 0.599609375 0.658203125
vt 0.611328125 0.658203125
f 1568/4701 1567/4702 1566/4703 1565/4704
