# Blockbench FAMAS; coordinates converted to the existing weapon OBJ axes.
mtllib famas.mtl
usemtl famas_material
o gun
v 2.2692725 -0.3618475 -0.4278875
v 2.2692725 -0.3618475 0.5296400
v 2.2692725 1.3049600 0.5296400
v 2.2692725 1.3049600 -0.4278875
v -1.4544400 -0.3618475 -0.4278875
v -1.4544400 -0.3618475 0.5296400
v -1.4544400 1.3049600 0.5296400
v -1.4544400 1.3049600 -0.4278875
vt 0.31640625 0.13867188
vt 0.31640625 0.16992188
vt 0.33203125 0.16992188
vt 0.33203125 0.13867188
f 1/1 4/2 3/3 2/4
vt 0.23828125 0.13867188
vt 0.23828125 0.16992188
vt 0.31640625 0.16992188
vt 0.31640625 0.13867188
f 2/5 3/6 7/7 6/8
vt 0.12695312 0.09375000
vt 0.12695312 0.12500000
vt 0.14257812 0.12500000
vt 0.14257812 0.09375000
f 6/9 7/10 8/11 5/12
vt 0.04882812 0.09375000
vt 0.04882812 0.12500000
vt 0.12695312 0.12500000
vt 0.12695312 0.09375000
f 5/13 8/14 4/15 1/16
vt 0.31054688 0.14648438
vt 0.31054688 0.06835938
vt 0.29492188 0.06835938
vt 0.29492188 0.14648438
f 4/17 8/18 7/19 3/20
vt 0.06445312 0.12500000
vt 0.06445312 0.20312500
vt 0.04882812 0.20312500
vt 0.04882812 0.12500000
f 5/21 1/22 2/23 6/24
v 6.5249525 -0.3618475 -0.4278875
v 6.5249525 -0.3618475 0.5296400
v 6.5249525 1.3049600 0.5296400
v 6.5249525 1.3049600 -0.4278875
v 5.9929925 -0.3618475 -0.4278875
v 5.9929925 -0.3618475 0.5296400
v 5.9929925 1.3049600 0.5296400
v 5.9929925 1.3049600 -0.4278875
vt 0.17187500 0.03515625
vt 0.17187500 0.06640625
vt 0.18750000 0.06640625
vt 0.18750000 0.03515625
f 9/25 12/26 11/27 10/28
vt 0.17187500 0.03515625
vt 0.17187500 0.06640625
vt 0.17187500 0.06640625
vt 0.17187500 0.03515625
f 10/29 11/30 15/31 14/32
vt 0.18750000 0.03515625
vt 0.18750000 0.06640625
vt 0.20312500 0.06640625
vt 0.20312500 0.03515625
f 14/33 15/34 16/35 13/36
vt 0.18750000 0.03515625
vt 0.18750000 0.06640625
vt 0.18750000 0.06640625
vt 0.18750000 0.03515625
f 13/37 16/38 12/39 9/40
vt 0.18750000 0.06640625
vt 0.18750000 0.06640625
vt 0.17187500 0.06640625
vt 0.17187500 0.06640625
f 12/41 16/42 15/43 11/44
vt 0.20312500 0.06640625
vt 0.20312500 0.06640625
vt 0.18750000 0.06640625
vt 0.18750000 0.06640625
f 13/45 9/46 10/47 14/48
v 5.9929925 -0.0072075 -0.4278875
v 5.9929925 -0.0072075 0.5296400
v 5.9929925 1.3049600 0.5296400
v 5.9929925 1.3049600 -0.4278875
v 2.2692725 -0.0072075 -0.4278875
v 2.2692725 -0.0072075 0.5296400
v 2.2692725 1.3049600 0.5296400
v 2.2692725 1.3049600 -0.4278875
vt 0.22656250 0.03710938
vt 0.22656250 0.06835938
vt 0.24218750 0.06835938
vt 0.24218750 0.03710938
f 17/49 20/50 19/51 18/52
vt 0.14843750 0.03710938
vt 0.14843750 0.06835938
vt 0.22656250 0.06835938
vt 0.22656250 0.03710938
f 18/53 19/54 23/55 22/56
vt 0.32031250 0.03710938
vt 0.32031250 0.06835938
vt 0.33593750 0.06835938
vt 0.33593750 0.03710938
f 22/57 23/58 24/59 21/60
vt 0.24218750 0.03710938
vt 0.24218750 0.06835938
vt 0.32031250 0.06835938
vt 0.32031250 0.03710938
f 21/61 24/62 20/63 17/64
vt 0.24218750 0.14648438
vt 0.24218750 0.06835938
vt 0.22656250 0.06835938
vt 0.22656250 0.14648438
f 20/65 24/66 23/67 19/68
vt 0.25781250 0.06835938
vt 0.25781250 0.14648438
vt 0.24218750 0.14648438
vt 0.24218750 0.06835938
f 21/69 17/70 18/71 22/72
v 2.6454241 0.0143080 -0.4278875
v 2.6454241 0.0143080 0.5296400
v 2.4698848 0.1898473 0.5296400
v 2.4698848 0.1898473 -0.4278875
v 2.2692716 -0.3618445 -0.4278875
v 2.2692716 -0.3618445 0.5296400
v 2.0937323 -0.1863053 0.5296400
v 2.0937323 -0.1863053 -0.4278875
vt 0.04101562 0.06640625
vt 0.04101562 0.06640625
vt 0.05664062 0.06640625
vt 0.05664062 0.06640625
f 25/73 28/74 27/75 26/76
vt 0.04101562 0.06640625
vt 0.04101562 0.06640625
vt 0.04101562 0.06640625
vt 0.04101562 0.06640625
f 26/77 27/78 31/79 30/80
vt 0.05664062 0.06640625
vt 0.05664062 0.06640625
vt 0.07226562 0.06640625
vt 0.07226562 0.06640625
f 30/81 31/82 32/83 29/84
vt 0.05664062 0.06640625
vt 0.05664062 0.06640625
vt 0.05664062 0.06640625
vt 0.05664062 0.06640625
f 29/85 32/86 28/87 25/88
vt 0.05664062 0.06640625
vt 0.05664062 0.06640625
vt 0.04101562 0.06640625
vt 0.04101562 0.06640625
f 28/89 32/90 31/91 27/92
vt 0.07226562 0.06640625
vt 0.07226562 0.06640625
vt 0.05664062 0.06640625
vt 0.05664062 0.06640625
f 29/93 25/94 26/95 30/96
v 3.7093441 0.0143080 -0.4278875
v 3.7093441 0.0143080 0.5296400
v 3.5338048 0.1898473 0.5296400
v 3.5338048 0.1898473 -0.4278875
v 3.3331916 -0.3618445 -0.4278875
v 3.3331916 -0.3618445 0.5296400
v 3.1576523 -0.1863053 0.5296400
v 3.1576523 -0.1863053 -0.4278875
vt 0.04101562 0.06640625
vt 0.04101562 0.06640625
vt 0.05664062 0.06640625
vt 0.05664062 0.06640625
f 33/97 36/98 35/99 34/100
vt 0.04101562 0.06640625
vt 0.04101562 0.06640625
vt 0.04101562 0.06640625
vt 0.04101562 0.06640625
f 34/101 35/102 39/103 38/104
vt 0.05664062 0.06640625
vt 0.05664062 0.06640625
vt 0.07226562 0.06640625
vt 0.07226562 0.06640625
f 38/105 39/106 40/107 37/108
vt 0.05664062 0.06640625
vt 0.05664062 0.06640625
vt 0.05664062 0.06640625
vt 0.05664062 0.06640625
f 37/109 40/110 36/111 33/112
vt 0.05664062 0.06640625
vt 0.05664062 0.06640625
vt 0.04101562 0.06640625
vt 0.04101562 0.06640625
f 36/113 40/114 39/115 35/116
vt 0.07226562 0.06640625
vt 0.07226562 0.06640625
vt 0.05664062 0.06640625
vt 0.05664062 0.06640625
f 37/117 33/118 34/119 38/120
v 3.3331925 -0.3618475 -0.4278875
v 3.3331925 -0.3618475 0.5296400
v 3.3331925 -0.0072075 0.5296400
v 3.3331925 -0.0072075 -0.4278875
v 2.9785525 -0.3618475 -0.4278875
v 2.9785525 -0.3618475 0.5296400
v 2.9785525 -0.0072075 0.5296400
v 2.9785525 -0.0072075 -0.4278875
vt 0.04101562 0.06640625
vt 0.04101562 0.06640625
vt 0.05664062 0.06640625
vt 0.05664062 0.06640625
f 41/121 44/122 43/123 42/124
vt 0.04101562 0.06640625
vt 0.04101562 0.06640625
vt 0.04101562 0.06640625
vt 0.04101562 0.06640625
f 42/125 43/126 47/127 46/128
vt 0.05664062 0.06640625
vt 0.05664062 0.06640625
vt 0.07226562 0.06640625
vt 0.07226562 0.06640625
f 46/129 47/130 48/131 45/132
vt 0.05664062 0.06640625
vt 0.05664062 0.06640625
vt 0.05664062 0.06640625
vt 0.05664062 0.06640625
f 45/133 48/134 44/135 41/136
vt 0.05664062 0.06640625
vt 0.05664062 0.06640625
vt 0.04101562 0.06640625
vt 0.04101562 0.06640625
f 44/137 48/138 47/139 43/140
vt 0.07226562 0.06640625
vt 0.07226562 0.06640625
vt 0.05664062 0.06640625
vt 0.05664062 0.06640625
f 45/141 41/142 42/143 46/144
v 4.3971125 -0.3618475 -0.4278875
v 4.3971125 -0.3618475 0.5296400
v 4.3971125 -0.0072075 0.5296400
v 4.3971125 -0.0072075 -0.4278875
v 4.0424725 -0.3618475 -0.4278875
v 4.0424725 -0.3618475 0.5296400
v 4.0424725 -0.0072075 0.5296400
v 4.0424725 -0.0072075 -0.4278875
vt 0.04101562 0.06640625
vt 0.04101562 0.06640625
vt 0.05664062 0.06640625
vt 0.05664062 0.06640625
f 49/145 52/146 51/147 50/148
vt 0.04101562 0.06640625
vt 0.04101562 0.06640625
vt 0.04101562 0.06640625
vt 0.04101562 0.06640625
f 50/149 51/150 55/151 54/152
vt 0.05664062 0.06640625
vt 0.05664062 0.06640625
vt 0.07226562 0.06640625
vt 0.07226562 0.06640625
f 54/153 55/154 56/155 53/156
vt 0.05664062 0.06640625
vt 0.05664062 0.06640625
vt 0.05664062 0.06640625
vt 0.05664062 0.06640625
f 53/157 56/158 52/159 49/160
vt 0.05664062 0.06640625
vt 0.05664062 0.06640625
vt 0.04101562 0.06640625
vt 0.04101562 0.06640625
f 52/161 56/162 55/163 51/164
vt 0.07226562 0.06640625
vt 0.07226562 0.06640625
vt 0.05664062 0.06640625
vt 0.05664062 0.06640625
f 53/165 49/166 50/167 54/168
v 5.4610325 -0.3618475 -0.4278875
v 5.4610325 -0.3618475 0.5296400
v 5.4610325 -0.0072075 0.5296400
v 5.4610325 -0.0072075 -0.4278875
v 5.1063925 -0.3618475 -0.4278875
v 5.1063925 -0.3618475 0.5296400
v 5.1063925 -0.0072075 0.5296400
v 5.1063925 -0.0072075 -0.4278875
vt 0.04101562 0.06640625
vt 0.04101562 0.06640625
vt 0.05664062 0.06640625
vt 0.05664062 0.06640625
f 57/169 60/170 59/171 58/172
vt 0.04101562 0.06640625
vt 0.04101562 0.06640625
vt 0.04101562 0.06640625
vt 0.04101562 0.06640625
f 58/173 59/174 63/175 62/176
vt 0.05664062 0.06640625
vt 0.05664062 0.06640625
vt 0.07226562 0.06640625
vt 0.07226562 0.06640625
f 62/177 63/178 64/179 61/180
vt 0.05664062 0.06640625
vt 0.05664062 0.06640625
vt 0.05664062 0.06640625
vt 0.05664062 0.06640625
f 61/181 64/182 60/183 57/184
vt 0.05664062 0.06640625
vt 0.05664062 0.06640625
vt 0.04101562 0.06640625
vt 0.04101562 0.06640625
f 60/185 64/186 63/187 59/188
vt 0.07226562 0.06640625
vt 0.07226562 0.06640625
vt 0.05664062 0.06640625
vt 0.05664062 0.06640625
f 61/189 57/190 58/191 62/192
v 2.9785555 -0.3618466 -0.4278875
v 2.9785555 -0.3618466 0.5296400
v 3.1540930 -0.1863091 0.5296400
v 3.1540930 -0.1863091 -0.4278875
v 2.6024030 0.0143059 -0.4278875
v 2.6024030 0.0143059 0.5296400
v 2.7779405 0.1898434 0.5296400
v 2.7779405 0.1898434 -0.4278875
vt 0.04101562 0.06640625
vt 0.04101562 0.06640625
vt 0.05664062 0.06640625
vt 0.05664062 0.06640625
f 65/193 68/194 67/195 66/196
vt 0.04101562 0.06640625
vt 0.04101562 0.06640625
vt 0.04101562 0.06640625
vt 0.04101562 0.06640625
f 66/197 67/198 71/199 70/200
vt 0.05664062 0.06640625
vt 0.05664062 0.06640625
vt 0.07226562 0.06640625
vt 0.07226562 0.06640625
f 70/201 71/202 72/203 69/204
vt 0.05664062 0.06640625
vt 0.05664062 0.06640625
vt 0.05664062 0.06640625
vt 0.05664062 0.06640625
f 69/205 72/206 68/207 65/208
vt 0.05664062 0.06640625
vt 0.05664062 0.06640625
vt 0.04101562 0.06640625
vt 0.04101562 0.06640625
f 68/209 72/210 71/211 67/212
vt 0.07226562 0.06640625
vt 0.07226562 0.06640625
vt 0.05664062 0.06640625
vt 0.05664062 0.06640625
f 69/213 65/214 66/215 70/216
v 4.0424755 -0.3618466 -0.4278875
v 4.0424755 -0.3618466 0.5296400
v 4.2180130 -0.1863091 0.5296400
v 4.2180130 -0.1863091 -0.4278875
v 3.6663230 0.0143059 -0.4278875
v 3.6663230 0.0143059 0.5296400
v 3.8418605 0.1898434 0.5296400
v 3.8418605 0.1898434 -0.4278875
vt 0.04101562 0.06640625
vt 0.04101562 0.06640625
vt 0.05664062 0.06640625
vt 0.05664062 0.06640625
f 73/217 76/218 75/219 74/220
vt 0.04101562 0.06640625
vt 0.04101562 0.06640625
vt 0.04101562 0.06640625
vt 0.04101562 0.06640625
f 74/221 75/222 79/223 78/224
vt 0.05664062 0.06640625
vt 0.05664062 0.06640625
vt 0.07226562 0.06640625
vt 0.07226562 0.06640625
f 78/225 79/226 80/227 77/228
vt 0.05664062 0.06640625
vt 0.05664062 0.06640625
vt 0.05664062 0.06640625
vt 0.05664062 0.06640625
f 77/229 80/230 76/231 73/232
vt 0.05664062 0.06640625
vt 0.05664062 0.06640625
vt 0.04101562 0.06640625
vt 0.04101562 0.06640625
f 76/233 80/234 79/235 75/236
vt 0.07226562 0.06640625
vt 0.07226562 0.06640625
vt 0.05664062 0.06640625
vt 0.05664062 0.06640625
f 77/237 73/238 74/239 78/240
v 5.1063955 -0.3618466 -0.4278875
v 5.1063955 -0.3618466 0.5296400
v 5.2819330 -0.1863091 0.5296400
v 5.2819330 -0.1863091 -0.4278875
v 4.7302430 0.0143059 -0.4278875
v 4.7302430 0.0143059 0.5296400
v 4.9057805 0.1898434 0.5296400
v 4.9057805 0.1898434 -0.4278875
vt 0.04101562 0.06640625
vt 0.04101562 0.06640625
vt 0.05664062 0.06640625
vt 0.05664062 0.06640625
f 81/241 84/242 83/243 82/244
vt 0.04101562 0.06640625
vt 0.04101562 0.06640625
vt 0.04101562 0.06640625
vt 0.04101562 0.06640625
f 82/245 83/246 87/247 86/248
vt 0.05664062 0.06640625
vt 0.05664062 0.06640625
vt 0.07226562 0.06640625
vt 0.07226562 0.06640625
f 86/249 87/250 88/251 85/252
vt 0.05664062 0.06640625
vt 0.05664062 0.06640625
vt 0.05664062 0.06640625
vt 0.05664062 0.06640625
f 85/253 88/254 84/255 81/256
vt 0.05664062 0.06640625
vt 0.05664062 0.06640625
vt 0.04101562 0.06640625
vt 0.04101562 0.06640625
f 84/257 88/258 87/259 83/260
vt 0.07226562 0.06640625
vt 0.07226562 0.06640625
vt 0.05664062 0.06640625
vt 0.05664062 0.06640625
f 85/261 81/262 82/263 86/264
v 5.9929955 -0.3618466 -0.4278875
v 5.9929955 -0.3618466 0.5296400
v 6.1685330 -0.1863091 0.5296400
v 6.1685330 -0.1863091 -0.4278875
v 5.6168430 0.0143059 -0.4278875
v 5.6168430 0.0143059 0.5296400
v 5.7923805 0.1898434 0.5296400
v 5.7923805 0.1898434 -0.4278875
vt 0.04101562 0.06640625
vt 0.04101562 0.06640625
vt 0.05664062 0.06640625
vt 0.05664062 0.06640625
f 89/265 92/266 91/267 90/268
vt 0.04101562 0.06640625
vt 0.04101562 0.06640625
vt 0.04101562 0.06640625
vt 0.04101562 0.06640625
f 90/269 91/270 95/271 94/272
vt 0.05664062 0.06640625
vt 0.05664062 0.06640625
vt 0.07226562 0.06640625
vt 0.07226562 0.06640625
f 94/273 95/274 96/275 93/276
vt 0.05664062 0.06640625
vt 0.05664062 0.06640625
vt 0.05664062 0.06640625
vt 0.05664062 0.06640625
f 93/277 96/278 92/279 89/280
vt 0.05664062 0.06640625
vt 0.05664062 0.06640625
vt 0.04101562 0.06640625
vt 0.04101562 0.06640625
f 92/281 96/282 95/283 91/284
vt 0.07226562 0.06640625
vt 0.07226562 0.06640625
vt 0.05664062 0.06640625
vt 0.05664062 0.06640625
f 93/285 89/286 90/287 94/288
v 4.7732641 0.0143080 -0.4278875
v 4.7732641 0.0143080 0.5296400
v 4.5977248 0.1898473 0.5296400
v 4.5977248 0.1898473 -0.4278875
v 4.3971116 -0.3618445 -0.4278875
v 4.3971116 -0.3618445 0.5296400
v 4.2215723 -0.1863053 0.5296400
v 4.2215723 -0.1863053 -0.4278875
vt 0.04101562 0.06640625
vt 0.04101562 0.06640625
vt 0.05664062 0.06640625
vt 0.05664062 0.06640625
f 97/289 100/290 99/291 98/292
vt 0.04101562 0.06640625
vt 0.04101562 0.06640625
vt 0.04101562 0.06640625
vt 0.04101562 0.06640625
f 98/293 99/294 103/295 102/296
vt 0.05664062 0.06640625
vt 0.05664062 0.06640625
vt 0.07226562 0.06640625
vt 0.07226562 0.06640625
f 102/297 103/298 104/299 101/300
vt 0.05664062 0.06640625
vt 0.05664062 0.06640625
vt 0.05664062 0.06640625
vt 0.05664062 0.06640625
f 101/301 104/302 100/303 97/304
vt 0.05664062 0.06640625
vt 0.05664062 0.06640625
vt 0.04101562 0.06640625
vt 0.04101562 0.06640625
f 100/305 104/306 103/307 99/308
vt 0.07226562 0.06640625
vt 0.07226562 0.06640625
vt 0.05664062 0.06640625
vt 0.05664062 0.06640625
f 101/309 97/310 98/311 102/312
v 5.8371841 0.0143080 -0.4278875
v 5.8371841 0.0143080 0.5296400
v 5.6616448 0.1898473 0.5296400
v 5.6616448 0.1898473 -0.4278875
v 5.4610316 -0.3618445 -0.4278875
v 5.4610316 -0.3618445 0.5296400
v 5.2854923 -0.1863053 0.5296400
v 5.2854923 -0.1863053 -0.4278875
vt 0.04101562 0.06640625
vt 0.04101562 0.06640625
vt 0.05664062 0.06640625
vt 0.05664062 0.06640625
f 105/313 108/314 107/315 106/316
vt 0.04101562 0.06640625
vt 0.04101562 0.06640625
vt 0.04101562 0.06640625
vt 0.04101562 0.06640625
f 106/317 107/318 111/319 110/320
vt 0.05664062 0.06640625
vt 0.05664062 0.06640625
vt 0.07226562 0.06640625
vt 0.07226562 0.06640625
f 110/321 111/322 112/323 109/324
vt 0.05664062 0.06640625
vt 0.05664062 0.06640625
vt 0.05664062 0.06640625
vt 0.05664062 0.06640625
f 109/325 112/326 108/327 105/328
vt 0.05664062 0.06640625
vt 0.05664062 0.06640625
vt 0.04101562 0.06640625
vt 0.04101562 0.06640625
f 108/329 112/330 111/331 107/332
vt 0.07226562 0.06640625
vt 0.07226562 0.06640625
vt 0.05664062 0.06640625
vt 0.05664062 0.06640625
f 109/333 105/334 106/335 110/336
v -1.3891513 -0.3341323 -0.4278875
v -1.3891513 -0.3341323 0.5296400
v -1.4861493 -0.1056193 0.5296400
v -1.4861493 -0.1056193 -0.4278875
v -1.7808882 -0.5004148 -0.4278875
v -1.7808882 -0.5004148 0.5296400
v -1.8778863 -0.2719017 0.5296400
v -1.8778863 -0.2719017 -0.4278875
vt 0.04101562 0.06640625
vt 0.04101562 0.06640625
vt 0.05664062 0.06640625
vt 0.05664062 0.06640625
f 113/337 116/338 115/339 114/340
vt 0.04101562 0.06640625
vt 0.04101562 0.06640625
vt 0.04101562 0.06640625
vt 0.04101562 0.06640625
f 114/341 115/342 119/343 118/344
vt 0.05664062 0.06640625
vt 0.05664062 0.06640625
vt 0.07226562 0.06640625
vt 0.07226562 0.06640625
f 118/345 119/346 120/347 117/348
vt 0.05664062 0.06640625
vt 0.05664062 0.06640625
vt 0.05664062 0.06640625
vt 0.05664062 0.06640625
f 117/349 120/350 116/351 113/352
vt 0.05664062 0.06640625
vt 0.05664062 0.06640625
vt 0.04101562 0.06640625
vt 0.04101562 0.06640625
f 116/353 120/354 119/355 115/356
vt 0.07226562 0.06640625
vt 0.07226562 0.06640625
vt 0.05664062 0.06640625
vt 0.05664062 0.06640625
f 117/357 113/358 114/359 118/360
v -1.6643456 -0.2812304 -0.4278875
v -1.6643456 -0.2812304 0.5296400
v -1.8835351 -0.1646853 0.5296400
v -1.8835351 -0.1646853 -0.4278875
v -1.9473853 -0.8135507 -0.4278875
v -1.9473853 -0.8135507 0.5296400
v -2.1665748 -0.6970055 0.5296400
v -2.1665748 -0.6970055 -0.4278875
vt 0.04101562 0.06640625
vt 0.04101562 0.06640625
vt 0.05664062 0.06640625
vt 0.05664062 0.06640625
f 121/361 124/362 123/363 122/364
vt 0.04101562 0.06640625
vt 0.04101562 0.06640625
vt 0.04101562 0.06640625
vt 0.04101562 0.06640625
f 122/365 123/366 127/367 126/368
vt 0.05664062 0.06640625
vt 0.05664062 0.06640625
vt 0.07226562 0.06640625
vt 0.07226562 0.06640625
f 126/369 127/370 128/371 125/372
vt 0.05664062 0.06640625
vt 0.05664062 0.06640625
vt 0.05664062 0.06640625
vt 0.05664062 0.06640625
f 125/373 128/374 124/375 121/376
vt 0.05664062 0.06640625
vt 0.05664062 0.06640625
vt 0.04101562 0.06640625
vt 0.04101562 0.06640625
f 124/377 128/378 127/379 123/380
vt 0.07226562 0.06640625
vt 0.07226562 0.06640625
vt 0.05664062 0.06640625
vt 0.05664062 0.06640625
f 125/381 121/382 122/383 126/384
v -1.9183250 -0.6970000 -0.4278875
v -1.9183250 -0.6970000 0.5296400
v -1.9183250 0.2959925 0.5296400
v -1.9183250 0.2959925 -0.4278875
v -2.1665725 -0.6970000 -0.4278875
v -2.1665725 -0.6970000 0.5296400
v -2.1665725 0.2959925 0.5296400
v -2.1665725 0.2959925 -0.4278875
vt 0.22460938 0.12500000
vt 0.22460938 0.14062500
vt 0.24023438 0.14062500
vt 0.24023438 0.12500000
f 129/385 132/386 131/387 130/388
vt 0.22460938 0.12500000
vt 0.22460938 0.14062500
vt 0.22460938 0.14062500
vt 0.22460938 0.12500000
f 130/389 131/390 135/391 134/392
vt 0.24023438 0.12500000
vt 0.24023438 0.14062500
vt 0.25585938 0.14062500
vt 0.25585938 0.12500000
f 134/393 135/394 136/395 133/396
vt 0.24023438 0.12500000
vt 0.24023438 0.14062500
vt 0.24023438 0.14062500
vt 0.24023438 0.12500000
f 133/397 136/398 132/399 129/400
vt 0.24023438 0.14062500
vt 0.24023438 0.14062500
vt 0.22460938 0.14062500
vt 0.22460938 0.14062500
f 132/401 136/402 135/403 131/404
vt 0.25585938 0.14062500
vt 0.25585938 0.14062500
vt 0.24023438 0.14062500
vt 0.24023438 0.14062500
f 133/405 129/406 130/407 134/408
v -1.4218300 -0.3068950 -0.4278875
v -1.4218300 -0.3068950 0.5296400
v -1.4218300 1.3244500 0.5296400
v -1.4218300 1.3244500 -0.4278875
v -1.9183250 -0.3068950 -0.4278875
v -1.9183250 -0.3068950 0.5296400
v -1.9183250 1.3244500 0.5296400
v -1.9183250 1.3244500 -0.4278875
vt 0.25000000 0.14062500
vt 0.25000000 0.17187500
vt 0.26562500 0.17187500
vt 0.26562500 0.14062500
f 137/409 140/410 139/411 138/412
vt 0.25000000 0.14062500
vt 0.25000000 0.17187500
vt 0.25000000 0.17187500
vt 0.25000000 0.14062500
f 138/413 139/414 143/415 142/416
vt 0.26562500 0.14062500
vt 0.26562500 0.17187500
vt 0.28125000 0.17187500
vt 0.28125000 0.14062500
f 142/417 143/418 144/419 141/420
vt 0.26562500 0.14062500
vt 0.26562500 0.17187500
vt 0.26562500 0.17187500
vt 0.26562500 0.14062500
f 141/421 144/422 140/423 137/424
vt 0.26562500 0.17187500
vt 0.26562500 0.17187500
vt 0.25000000 0.17187500
vt 0.25000000 0.17187500
f 140/425 144/426 143/427 139/428
vt 0.28125000 0.17187500
vt 0.28125000 0.17187500
vt 0.26562500 0.17187500
vt 0.26562500 0.17187500
f 141/429 137/430 138/431 142/432
v -1.9183250 0.2959925 -0.4278875
v -1.9183250 0.2959925 0.5296400
v -1.9183250 1.3244500 0.5296400
v -1.9183250 1.3244500 -0.4278875
v -6.4577100 0.2959925 -0.4278875
v -6.4577100 0.2959925 0.5296400
v -6.4577100 1.3244500 0.5296400
v -6.4577100 1.3244500 -0.4278875
vt 0.13476562 0.14453125
vt 0.13476562 0.16015625
vt 0.15039062 0.16015625
vt 0.15039062 0.14453125
f 145/433 148/434 147/435 146/436
vt 0.02539062 0.14453125
vt 0.02539062 0.16015625
vt 0.13476562 0.16015625
vt 0.13476562 0.14453125
f 146/437 147/438 151/439 150/440
vt 0.13281250 0.13085938
vt 0.13281250 0.14648438
vt 0.14843750 0.14648438
vt 0.14843750 0.13085938
f 150/441 151/442 152/443 149/444
vt 0.02343750 0.13085938
vt 0.02343750 0.14648438
vt 0.13281250 0.14648438
vt 0.13281250 0.13085938
f 149/445 152/446 148/447 145/448
vt 0.17968750 0.14648438
vt 0.17968750 0.03710938
vt 0.16406250 0.03710938
vt 0.16406250 0.14648438
f 148/449 152/450 151/451 147/452
vt 0.19531250 0.03710938
vt 0.19531250 0.14648438
vt 0.17968750 0.14648438
vt 0.17968750 0.03710938
f 149/453 145/454 146/455 150/456
v -1.5282200 1.3244500 -0.2151050
v -1.5282200 1.3244500 0.3168550
v -1.5282200 1.8564100 0.3168550
v -1.5282200 1.8564100 -0.2151050
v -5.0746200 1.3244500 -0.2151050
v -5.0746200 1.3244500 0.3168550
v -5.0746200 1.8564100 0.3168550
v -5.0746200 1.8564100 -0.2151050
vt 0.11132812 0.02539062
vt 0.11132812 0.02539062
vt 0.11132812 0.02539062
vt 0.11132812 0.02539062
f 153/457 156/458 155/459 154/460
vt 0.03320312 0.02539062
vt 0.03320312 0.02539062
vt 0.11132812 0.02539062
vt 0.11132812 0.02539062
f 154/461 155/462 159/463 158/464
vt 0.18945312 0.02539062
vt 0.18945312 0.02539062
vt 0.18945312 0.02539062
vt 0.18945312 0.02539062
f 158/465 159/466 160/467 157/468
vt 0.11132812 0.02539062
vt 0.11132812 0.02539062
vt 0.18945312 0.02539062
vt 0.18945312 0.02539062
f 157/469 160/470 156/471 153/472
vt 0.15039062 0.09960938
vt 0.15039062 0.02148438
vt 0.15039062 0.02148438
vt 0.15039062 0.09960938
f 156/473 160/474 159/475 155/476
vt 0.15039062 0.02148438
vt 0.15039062 0.09960938
vt 0.15039062 0.09960938
vt 0.15039062 0.02148438
f 157/477 153/478 154/479 158/480
v -1.5282200 1.3309993 -0.2983153
v -1.5282200 1.2977139 -0.0881599
v -1.5282200 1.8231172 -0.0049442
v -1.5282200 1.8564026 -0.2150995
v -5.0746200 1.3309993 -0.2983153
v -5.0746200 1.2977139 -0.0881599
v -5.0746200 1.8231172 -0.0049442
v -5.0746200 1.8564026 -0.2150995
vt 0.23437500 0.08593750
vt 0.23437500 0.08593750
vt 0.23437500 0.08593750
vt 0.23437500 0.08593750
f 161/481 164/482 163/483 162/484
vt 0.15625000 0.08593750
vt 0.15625000 0.08593750
vt 0.23437500 0.08593750
vt 0.23437500 0.08593750
f 162/485 163/486 167/487 166/488
vt 0.31445312 0.01562500
vt 0.31445312 0.01562500
vt 0.31445312 0.01562500
vt 0.31445312 0.01562500
f 166/489 167/490 168/491 165/492
vt 0.23437500 0.08593750
vt 0.23437500 0.08593750
vt 0.31250000 0.08593750
vt 0.31250000 0.08593750
f 165/493 168/494 164/495 161/496
vt 0.23437500 0.16406250
vt 0.23437500 0.08593750
vt 0.23437500 0.08593750
vt 0.23437500 0.16406250
f 164/497 168/498 167/499 163/500
vt 0.23437500 0.08593750
vt 0.23437500 0.16406250
vt 0.23437500 0.16406250
vt 0.23437500 0.08593750
f 165/501 161/502 162/503 166/504
v -1.5282200 1.2977141 0.1899062
v -1.5282200 1.3310006 0.4000690
v -1.5282200 1.8564113 0.3168521
v -1.5282200 1.8231247 0.1066893
v -5.0746200 1.2977141 0.1899062
v -5.0746200 1.3310006 0.4000690
v -5.0746200 1.8564113 0.3168521
v -5.0746200 1.8231247 0.1066893
vt 0.22070312 0.12500000
vt 0.22070312 0.12500000
vt 0.22070312 0.12500000
vt 0.22070312 0.12500000
f 169/505 172/506 171/507 170/508
vt 0.14257812 0.12500000
vt 0.14257812 0.12500000
vt 0.22070312 0.12500000
vt 0.22070312 0.12500000
f 170/509 171/510 175/511 174/512
vt 0.33789062 0.09179688
vt 0.33789062 0.09179688
vt 0.33789062 0.09179688
vt 0.33789062 0.09179688
f 174/513 175/514 176/515 173/516
vt 0.22070312 0.12500000
vt 0.22070312 0.12500000
vt 0.29882812 0.12500000
vt 0.29882812 0.12500000
f 173/517 176/518 172/519 169/520
vt 0.22070312 0.20312500
vt 0.22070312 0.12500000
vt 0.22070312 0.12500000
vt 0.22070312 0.20312500
f 172/521 176/522 175/523 171/524
vt 0.22070312 0.12500000
vt 0.22070312 0.20312500
vt 0.22070312 0.20312500
vt 0.22070312 0.12500000
f 173/525 169/526 170/527 174/528
v -6.4577100 -1.5836000 -0.4278875
v -6.4577100 -1.5836000 0.5296400
v -6.4577100 1.3244500 0.5296400
v -6.4577100 1.3244500 -0.4278875
v -7.4861650 -1.5836000 -0.4278875
v -7.4861650 -1.5836000 0.5296400
v -7.4861650 1.3244500 0.5296400
v -7.4861650 1.3244500 -0.4278875
vt 0.20507812 0.02539062
vt 0.20507812 0.08789062
vt 0.22070312 0.08789062
vt 0.22070312 0.02539062
f 177/529 180/530 179/531 178/532
vt 0.18945312 0.02539062
vt 0.18945312 0.08789062
vt 0.20507812 0.08789062
vt 0.20507812 0.02539062
f 178/533 179/534 183/535 182/536
vt 0.23632812 0.02539062
vt 0.23632812 0.08789062
vt 0.25195312 0.08789062
vt 0.25195312 0.02539062
f 182/537 183/538 184/539 181/540
vt 0.22070312 0.02539062
vt 0.22070312 0.08789062
vt 0.23632812 0.08789062
vt 0.23632812 0.02539062
f 181/541 184/542 180/543 177/544
vt 0.22070312 0.10351562
vt 0.22070312 0.08789062
vt 0.20507812 0.08789062
vt 0.20507812 0.10351562
f 180/545 184/546 183/547 179/548
vt 0.23632812 0.08789062
vt 0.23632812 0.10351562
vt 0.22070312 0.10351562
vt 0.22070312 0.08789062
f 181/549 177/550 178/551 182/552
v -5.2874050 1.3244500 -0.4278875
v -5.2874050 1.3244500 0.5296400
v -5.2874050 2.1046575 0.5296400
v -5.2874050 2.1046575 -0.4278875
v -7.4507000 1.3244500 -0.4278875
v -7.4507000 1.3244500 0.5296400
v -7.4507000 2.1046575 0.5296400
v -7.4507000 2.1046575 -0.4278875
vt 0.22460938 0.11914062
vt 0.22460938 0.13476562
vt 0.24023438 0.13476562
vt 0.24023438 0.11914062
f 185/553 188/554 187/555 186/556
vt 0.20703125 0.18945312
vt 0.20703125 0.20507812
vt 0.25390625 0.20507812
vt 0.25390625 0.18945312
f 186/557 187/558 191/559 190/560
vt 0.28710938 0.11914062
vt 0.28710938 0.13476562
vt 0.30273438 0.13476562
vt 0.30273438 0.11914062
f 190/561 191/562 192/563 189/564
vt 0.24023438 0.11914062
vt 0.24023438 0.13476562
vt 0.28710938 0.13476562
vt 0.28710938 0.11914062
f 189/565 192/566 188/567 185/568
vt 0.24023438 0.18164062
vt 0.24023438 0.13476562
vt 0.22460938 0.13476562
vt 0.22460938 0.18164062
f 188/569 192/570 191/571 187/572
vt 0.25585938 0.13476562
vt 0.25585938 0.18164062
vt 0.24023438 0.18164062
vt 0.24023438 0.13476562
f 189/573 185/574 186/575 190/576
v -4.9778046 0.7627357 -0.4278875
v -4.9778046 0.7627357 0.5296400
v -4.4507024 1.3379669 0.5296400
v -4.4507024 1.3379669 -0.4278875
v -5.8145038 1.5294292 -0.4278875
v -5.8145038 1.5294292 0.5296400
v -5.2874016 2.1046604 0.5296400
v -5.2874016 2.1046604 -0.4278875
vt 0.32812500 0.17187500
vt 0.32812500 0.18750000
vt 0.34375000 0.18750000
vt 0.34375000 0.17187500
f 193/577 196/578 195/579 194/580
vt 0.31250000 0.17187500
vt 0.31250000 0.18750000
vt 0.32812500 0.18750000
vt 0.32812500 0.17187500
f 194/581 195/582 199/583 198/584
vt 0.19140625 0.11132812
vt 0.19140625 0.12695312
vt 0.20703125 0.12695312
vt 0.20703125 0.11132812
f 198/585 199/586 200/587 197/588
vt 0.17578125 0.11132812
vt 0.17578125 0.12695312
vt 0.19140625 0.12695312
vt 0.19140625 0.11132812
f 197/589 200/590 196/591 193/592
vt 0.34375000 0.20312500
vt 0.34375000 0.18750000
vt 0.32812500 0.18750000
vt 0.32812500 0.20312500
f 196/593 200/594 199/595 195/596
vt 0.19140625 0.12695312
vt 0.19140625 0.14257812
vt 0.17578125 0.14257812
vt 0.17578125 0.12695312
f 197/597 193/598 194/599 198/600
v -6.4577130 -1.5835971 -0.4278875
v -6.4577130 -1.5835971 0.5296400
v -6.1938060 -0.2259134 0.5296400
v -6.1938060 -0.2259134 -0.4278875
v -6.7362129 -1.5294622 -0.4278875
v -6.7362129 -1.5294622 0.5296400
v -6.4723059 -0.1717785 0.5296400
v -6.4723059 -0.1717785 -0.4278875
vt 0.23046875 0.16210938
vt 0.23046875 0.19335938
vt 0.24609375 0.19335938
vt 0.24609375 0.16210938
f 201/601 204/602 203/603 202/604
vt 0.23046875 0.16210938
vt 0.23046875 0.19335938
vt 0.23046875 0.19335938
vt 0.23046875 0.16210938
f 202/605 203/606 207/607 206/608
vt 0.24609375 0.16210938
vt 0.24609375 0.19335938
vt 0.26171875 0.19335938
vt 0.26171875 0.16210938
f 206/609 207/610 208/611 205/612
vt 0.24609375 0.16210938
vt 0.24609375 0.19335938
vt 0.24609375 0.19335938
vt 0.24609375 0.16210938
f 205/613 208/614 204/615 201/616
vt 0.26953125 0.11523438
vt 0.26953125 0.11523438
vt 0.25390625 0.11523438
vt 0.25390625 0.11523438
f 204/617 208/618 207/619 203/620
vt 0.28515625 0.11523438
vt 0.28515625 0.11523438
vt 0.26953125 0.11523438
vt 0.26953125 0.11523438
f 205/621 201/622 202/623 206/624
v -6.3841631 -0.9885470 -0.4278875
v -6.3841631 -0.9885470 0.5296400
v -5.0191519 0.1980390 0.5296400
v -5.0191519 0.1980390 -0.4278875
v -7.0821574 -0.1855964 -0.4278875
v -7.0821574 -0.1855964 0.5296400
v -5.7171462 1.0009897 0.5296400
v -5.7171462 1.0009897 -0.4278875
vt 0.20898438 0.14062500
vt 0.20898438 0.17187500
vt 0.22460938 0.17187500
vt 0.22460938 0.14062500
f 209/625 212/626 211/627 210/628
vt 0.19335938 0.14062500
vt 0.19335938 0.17187500
vt 0.20898438 0.17187500
vt 0.20898438 0.14062500
f 210/629 211/630 215/631 214/632
vt 0.24023438 0.14062500
vt 0.24023438 0.17187500
vt 0.25585938 0.17187500
vt 0.25585938 0.14062500
f 214/633 215/634 216/635 213/636
vt 0.22460938 0.14062500
vt 0.22460938 0.17187500
vt 0.24023438 0.17187500
vt 0.24023438 0.14062500
f 213/637 216/638 212/639 209/640
vt 0.15039062 0.09960938
vt 0.15039062 0.08398438
vt 0.13476562 0.08398438
vt 0.13476562 0.09960938
f 212/641 216/642 215/643 211/644
vt 0.16601562 0.08398438
vt 0.16601562 0.09960938
vt 0.15039062 0.09960938
vt 0.15039062 0.08398438
f 213/645 209/646 210/647 214/648
v -3.8688450 -0.2005025 -0.4278875
v -3.8688450 -0.2005025 0.5296400
v -3.8688450 0.2959925 0.5296400
v -3.8688450 0.2959925 -0.4278875
v -5.7129725 -0.2005025 -0.4278875
v -5.7129725 -0.2005025 0.5296400
v -5.7129725 0.2959925 0.5296400
v -5.7129725 0.2959925 -0.4278875
vt 0.30664062 0.06054688
vt 0.30664062 0.06054688
vt 0.32226562 0.06054688
vt 0.32226562 0.06054688
f 217/649 220/650 219/651 218/652
vt 0.23632812 0.09375000
vt 0.23632812 0.09375000
vt 0.26757812 0.09375000
vt 0.26757812 0.09375000
f 218/653 219/654 223/655 222/656
vt 0.12500000 0.06640625
vt 0.12500000 0.06640625
vt 0.14062500 0.06640625
vt 0.14062500 0.06640625
f 222/657 223/658 224/659 221/660
vt 0.09375000 0.06640625
vt 0.09375000 0.06640625
vt 0.12500000 0.06640625
vt 0.12500000 0.06640625
f 221/661 224/662 220/663 217/664
vt 0.32226562 0.09179688
vt 0.32226562 0.06054688
vt 0.30664062 0.06054688
vt 0.30664062 0.09179688
f 220/665 224/666 223/667 219/668
vt 0.33789062 0.06054688
vt 0.33789062 0.09179688
vt 0.32226562 0.09179688
vt 0.32226562 0.06054688
f 221/669 217/670 218/671 222/672
v 7.3267700 1.3085950 -0.4278875
v 7.3267700 1.3085950 0.5296400
v 7.3267700 2.2661225 0.5296400
v 7.3267700 2.2661225 -0.4278875
v 6.5465600 1.3085950 -0.4278875
v 6.5465600 1.3085950 0.5296400
v 6.5465600 2.2661225 0.5296400
v 6.5465600 2.2661225 -0.4278875
vt 0.18359375 0.14648438
vt 0.18359375 0.16210938
vt 0.19921875 0.16210938
vt 0.19921875 0.14648438
f 225/673 228/674 227/675 226/676
vt 0.16796875 0.14648438
vt 0.16796875 0.16210938
vt 0.18359375 0.16210938
vt 0.18359375 0.14648438
f 226/677 227/678 231/679 230/680
vt 0.21484375 0.14648438
vt 0.21484375 0.16210938
vt 0.23046875 0.16210938
vt 0.23046875 0.14648438
f 230/681 231/682 232/683 229/684
vt 0.19921875 0.14648438
vt 0.19921875 0.16210938
vt 0.21484375 0.16210938
vt 0.21484375 0.14648438
f 229/685 232/686 228/687 225/688
vt 0.19921875 0.17773438
vt 0.19921875 0.16210938
vt 0.18359375 0.16210938
vt 0.18359375 0.17773438
f 228/689 232/690 231/691 227/692
vt 0.21484375 0.16210938
vt 0.21484375 0.17773438
vt 0.19921875 0.17773438
vt 0.19921875 0.16210938
f 229/693 225/694 226/695 230/696
v -0.8400250 0.9894200 -0.4278875
v -0.8400250 0.9894200 0.5296400
v -0.8400250 2.2661225 0.5296400
v -0.8400250 2.2661225 -0.4278875
v -1.5493050 0.9894200 -0.4278875
v -1.5493050 0.9894200 0.5296400
v -1.5493050 2.2661225 0.5296400
v -1.5493050 2.2661225 -0.4278875
vt 0.24218750 0.10546875
vt 0.24218750 0.13671875
vt 0.25781250 0.13671875
vt 0.25781250 0.10546875
f 233/697 236/698 235/699 234/700
vt 0.22656250 0.10546875
vt 0.22656250 0.13671875
vt 0.24218750 0.13671875
vt 0.24218750 0.10546875
f 234/701 235/702 239/703 238/704
vt 0.27343750 0.10546875
vt 0.27343750 0.13671875
vt 0.28906250 0.13671875
vt 0.28906250 0.10546875
f 238/705 239/706 240/707 237/708
vt 0.25781250 0.10546875
vt 0.25781250 0.13671875
vt 0.27343750 0.13671875
vt 0.27343750 0.10546875
f 237/709 240/710 236/711 233/712
vt 0.25781250 0.15234375
vt 0.25781250 0.13671875
vt 0.24218750 0.13671875
vt 0.24218750 0.15234375
f 236/713 240/714 239/715 235/716
vt 0.27343750 0.13671875
vt 0.27343750 0.15234375
vt 0.25781250 0.15234375
vt 0.25781250 0.13671875
f 237/717 233/718 234/719 238/720
v 6.8252350 2.2356975 -0.4278875
v 6.8252350 2.2356975 0.5296400
v 6.8252350 2.7676575 0.5296400
v 6.8252350 2.7676575 -0.4278875
v -1.0477650 2.2356975 -0.4278875
v -1.0477650 2.2356975 0.5296400
v -1.0477650 2.7676575 0.5296400
v -1.0477650 2.7676575 -0.4278875
vt 0.22460938 0.17578125
vt 0.22460938 0.17578125
vt 0.24023438 0.17578125
vt 0.24023438 0.17578125
f 241/721 244/722 243/723 242/724
vt 0.03710938 0.16992188
vt 0.03710938 0.16992188
vt 0.22460938 0.16992188
vt 0.22460938 0.16992188
f 242/725 243/726 247/727 246/728
vt 0.01757812 0.02539062
vt 0.01757812 0.02539062
vt 0.03320312 0.02539062
vt 0.03320312 0.02539062
f 246/729 247/730 248/731 245/732
vt 0.09570312 0.14453125
vt 0.09570312 0.14453125
vt 0.28320312 0.14453125
vt 0.28320312 0.14453125
f 245/733 248/734 244/735 241/736
vt 0.22460938 0.20703125
vt 0.22460938 0.01953125
vt 0.20898438 0.01953125
vt 0.20898438 0.20703125
f 244/737 248/738 247/739 243/740
vt 0.24023438 0.01953125
vt 0.24023438 0.20703125
vt 0.22460938 0.20703125
vt 0.22460938 0.01953125
f 245/741 241/742 242/743 246/744
v 6.5249467 -0.3618475 -0.4278875
v 6.5249467 -0.3618475 0.5296400
v 7.0264834 0.1396892 0.5296400
v 7.0264834 0.1396892 -0.4278875
v 6.0234171 0.1396822 -0.4278875
v 6.0234171 0.1396822 0.5296400
v 6.5249538 0.6412189 0.5296400
v 6.5249538 0.6412189 -0.4278875
vt 0.24218750 0.07421875
vt 0.24218750 0.08984375
vt 0.25781250 0.08984375
vt 0.25781250 0.07421875
f 249/745 252/746 251/747 250/748
vt 0.22656250 0.07421875
vt 0.22656250 0.08984375
vt 0.24218750 0.08984375
vt 0.24218750 0.07421875
f 250/749 251/750 255/751 254/752
vt 0.27343750 0.07421875
vt 0.27343750 0.08984375
vt 0.28906250 0.08984375
vt 0.28906250 0.07421875
f 254/753 255/754 256/755 253/756
vt 0.25781250 0.07421875
vt 0.25781250 0.08984375
vt 0.27343750 0.08984375
vt 0.27343750 0.07421875
f 253/757 256/758 252/759 249/760
vt 0.25781250 0.10546875
vt 0.25781250 0.08984375
vt 0.24218750 0.08984375
vt 0.24218750 0.10546875
f 252/761 256/762 255/763 251/764
vt 0.27343750 0.08984375
vt 0.27343750 0.10546875
vt 0.25781250 0.10546875
vt 0.25781250 0.08984375
f 253/765 249/766 250/767 254/768
v 7.0264864 0.1396900 -0.4278875
v 7.0264864 0.1396900 0.5296400
v 7.3267695 1.3440599 0.5296400
v 7.3267695 1.3440599 -0.4278875
v 6.2694544 0.3284393 -0.4278875
v 6.2694544 0.3284393 0.5296400
v 6.5697375 1.5328092 0.5296400
v 6.5697375 1.5328092 -0.4278875
vt 0.32812500 0.20312500
vt 0.32812500 0.21875000
vt 0.34375000 0.21875000
vt 0.34375000 0.20312500
f 257/769 260/770 259/771 258/772
vt 0.31250000 0.20312500
vt 0.31250000 0.21875000
vt 0.32812500 0.21875000
vt 0.32812500 0.20312500
f 258/773 259/774 263/775 262/776
vt 0.19140625 0.14257812
vt 0.19140625 0.15820312
vt 0.20703125 0.15820312
vt 0.20703125 0.14257812
f 262/777 263/778 264/779 261/780
vt 0.17578125 0.14257812
vt 0.17578125 0.15820312
vt 0.19140625 0.15820312
vt 0.19140625 0.14257812
f 261/781 264/782 260/783 257/784
vt 0.35156250 0.17187500
vt 0.35156250 0.15625000
vt 0.33593750 0.15625000
vt 0.33593750 0.17187500
f 260/785 264/786 263/787 259/788
vt 0.19140625 0.15820312
vt 0.19140625 0.17382812
vt 0.17578125 0.17382812
vt 0.17578125 0.15820312
f 261/789 257/790 258/791 262/792
v 6.8252317 1.7645825 -0.4278875
v 6.8252317 1.7645825 0.5296400
v 7.3267684 2.2661192 0.5296400
v 7.3267684 2.2661192 -0.4278875
v 6.3236950 2.2661192 -0.4278875
v 6.3236950 2.2661192 0.5296400
v 6.8252317 2.7676559 0.5296400
v 6.8252317 2.7676559 -0.4278875
vt 0.20312500 0.20312500
vt 0.20312500 0.21875000
vt 0.21875000 0.21875000
vt 0.21875000 0.20312500
f 265/793 268/794 267/795 266/796
vt 0.18750000 0.20312500
vt 0.18750000 0.21875000
vt 0.20312500 0.21875000
vt 0.20312500 0.20312500
f 266/797 267/798 271/799 270/800
vt 0.23437500 0.20312500
vt 0.23437500 0.21875000
vt 0.25000000 0.21875000
vt 0.25000000 0.20312500
f 270/801 271/802 272/803 269/804
vt 0.21875000 0.20312500
vt 0.21875000 0.21875000
vt 0.23437500 0.21875000
vt 0.23437500 0.20312500
f 269/805 272/806 268/807 265/808
vt 0.22656250 0.17187500
vt 0.22656250 0.15625000
vt 0.21093750 0.15625000
vt 0.21093750 0.17187500
f 268/809 272/810 271/811 267/812
vt 0.24218750 0.15625000
vt 0.24218750 0.17187500
vt 0.22656250 0.17187500
vt 0.22656250 0.15625000
f 269/813 265/814 266/815 270/816
v -1.0477683 1.7645825 -0.4278875
v -1.0477683 1.7645825 0.5296400
v -0.5462316 2.2661192 0.5296400
v -0.5462316 2.2661192 -0.4278875
v -1.5493050 2.2661192 -0.4278875
v -1.5493050 2.2661192 0.5296400
v -1.0477683 2.7676559 0.5296400
v -1.0477683 2.7676559 -0.4278875
vt 0.26562500 0.20312500
vt 0.26562500 0.21875000
vt 0.28125000 0.21875000
vt 0.28125000 0.20312500
f 273/817 276/818 275/819 274/820
vt 0.25000000 0.20312500
vt 0.25000000 0.21875000
vt 0.26562500 0.21875000
vt 0.26562500 0.20312500
f 274/821 275/822 279/823 278/824
vt 0.29687500 0.20312500
vt 0.29687500 0.21875000
vt 0.31250000 0.21875000
vt 0.31250000 0.20312500
f 278/825 279/826 280/827 277/828
vt 0.28125000 0.20312500
vt 0.28125000 0.21875000
vt 0.29687500 0.21875000
vt 0.29687500 0.20312500
f 277/829 280/830 276/831 273/832
vt 0.28906250 0.17187500
vt 0.28906250 0.15625000
vt 0.27343750 0.15625000
vt 0.27343750 0.17187500
f 276/833 280/834 279/835 275/836
vt 0.30468750 0.15625000
vt 0.30468750 0.17187500
vt 0.28906250 0.17187500
vt 0.28906250 0.15625000
f 277/837 273/838 274/839 278/840
v -7.1662323 1.2634464 -0.4988150
v -7.1662323 1.2634464 0.6005675
v -7.0527126 2.0711809 0.6005675
v -7.0527126 2.0711809 -0.4988150
v -7.5876582 1.3226740 -0.4988150
v -7.5876582 1.3226740 0.6005675
v -7.4741385 2.1304084 0.6005675
v -7.4741385 2.1304084 -0.4988150
vt 0.07812500 0.28320312
vt 0.07812500 0.29882812
vt 0.09375000 0.29882812
vt 0.09375000 0.28320312
f 281/841 284/842 283/843 282/844
vt 0.07812500 0.28320312
vt 0.07812500 0.29882812
vt 0.07812500 0.29882812
vt 0.07812500 0.28320312
f 282/845 283/846 287/847 286/848
vt 0.09375000 0.28320312
vt 0.09375000 0.29882812
vt 0.10937500 0.29882812
vt 0.10937500 0.28320312
f 286/849 287/850 288/851 285/852
vt 0.09375000 0.28320312
vt 0.09375000 0.29882812
vt 0.09375000 0.29882812
vt 0.09375000 0.28320312
f 285/853 288/854 284/855 281/856
vt 0.24609375 0.06835938
vt 0.24609375 0.06835938
vt 0.23046875 0.06835938
vt 0.23046875 0.06835938
f 284/857 288/858 287/859 283/860
vt 0.26171875 0.06835938
vt 0.26171875 0.06835938
vt 0.24609375 0.06835938
vt 0.24609375 0.06835938
f 285/861 281/862 282/863 286/864
v -7.0608587 -1.5687429 -0.4988150
v -7.0608587 -1.5687429 0.6005675
v -7.1623478 1.3375256 0.6005675
v -7.1623478 1.3375256 -0.4988150
v -7.4861669 -1.5835950 -0.4988150
v -7.4861669 -1.5835950 0.6005675
v -7.5876561 1.3226735 0.6005675
v -7.5876561 1.3226735 -0.4988150
vt 0.05664062 0.28710938
vt 0.05664062 0.34960938
vt 0.07226562 0.34960938
vt 0.07226562 0.28710938
f 289/865 292/866 291/867 290/868
vt 0.05664062 0.28710938
vt 0.05664062 0.34960938
vt 0.05664062 0.34960938
vt 0.05664062 0.28710938
f 290/869 291/870 295/871 294/872
vt 0.07226562 0.28710938
vt 0.07226562 0.34960938
vt 0.08789062 0.34960938
vt 0.08789062 0.28710938
f 294/873 295/874 296/875 293/876
vt 0.07226562 0.34960938
vt 0.07226562 0.34960938
vt 0.13476562 0.34960938
vt 0.13476562 0.34960938
f 293/877 296/878 292/879 289/880
vt 0.07226562 0.34960938
vt 0.07226562 0.34960938
vt 0.05664062 0.34960938
vt 0.05664062 0.34960938
f 292/881 296/882 295/883 291/884
vt 0.08789062 0.34960938
vt 0.08789062 0.34960938
vt 0.07226562 0.34960938
vt 0.07226562 0.34960938
f 293/885 289/886 290/887 294/888
v 7.7969775 0.2968575 -0.4021250
v 7.7969775 0.2968575 0.0079050
v 7.7969775 0.8150550 0.0079050
v 7.7969775 0.8150550 -0.4021250
v 6.7649975 0.2968575 -0.4021250
v 6.7649975 0.2968575 0.0079050
v 6.7649975 0.8150550 0.0079050
v 6.7649975 0.8150550 -0.4021250
vt 0.25390625 0.29296875
vt 0.25390625 0.30859375
vt 0.26953125 0.30859375
vt 0.26953125 0.29296875
f 297/889 300/890 299/891 298/892
vt 0.22265625 0.29296875
vt 0.22265625 0.30859375
vt 0.25390625 0.30859375
vt 0.25390625 0.29296875
f 298/893 299/894 303/895 302/896
vt 0.27539062 0.35546875
vt 0.27539062 0.37109375
vt 0.29101562 0.37109375
vt 0.29101562 0.35546875
f 302/897 303/898 304/899 301/900
vt 0.24414062 0.35546875
vt 0.24414062 0.37109375
vt 0.27539062 0.37109375
vt 0.27539062 0.35546875
f 301/901 304/902 300/903 297/904
vt 0.28125000 0.31054688
vt 0.28125000 0.27929688
vt 0.26562500 0.27929688
vt 0.26562500 0.31054688
f 300/905 304/906 303/907 299/908
vt 0.18554688 0.28320312
vt 0.18554688 0.31445312
vt 0.16992188 0.31445312
vt 0.16992188 0.28320312
f 301/909 297/910 298/911 302/912
v 8.1161550 0.2968575 -0.4021250
v 8.1161550 0.2968575 0.0079050
v 8.1161550 0.8150550 0.0079050
v 8.1161550 0.8150550 -0.4021250
v 7.7225250 0.2968575 -0.4021250
v 7.7225250 0.2968575 0.0079050
v 7.7225250 0.8150550 0.0079050
v 7.7225250 0.8150550 -0.4021250
vt 0.23437500 0.30078125
vt 0.23437500 0.31640625
vt 0.25000000 0.31640625
vt 0.25000000 0.30078125
f 305/913 308/914 307/915 306/916
vt 0.21875000 0.30078125
vt 0.21875000 0.31640625
vt 0.23437500 0.31640625
vt 0.23437500 0.30078125
f 306/917 307/918 311/919 310/920
vt 0.26562500 0.30078125
vt 0.26562500 0.31640625
vt 0.28125000 0.31640625
vt 0.28125000 0.30078125
f 310/921 311/922 312/923 309/924
vt 0.25000000 0.30078125
vt 0.25000000 0.31640625
vt 0.26562500 0.31640625
vt 0.26562500 0.30078125
f 309/925 312/926 308/927 305/928
vt 0.25000000 0.33203125
vt 0.25000000 0.31640625
vt 0.23437500 0.31640625
vt 0.23437500 0.33203125
f 308/929 312/930 311/931 307/932
vt 0.26562500 0.31640625
vt 0.26562500 0.33203125
vt 0.25000000 0.33203125
vt 0.25000000 0.31640625
f 309/933 305/934 306/935 310/936
v 7.7969775 0.5941350 -0.2130225
v 7.7969775 0.5941350 0.3051750
v 7.7969775 1.0041675 0.3051750
v 7.7969775 1.0041675 -0.2130225
v 6.7649975 0.5941350 -0.2130225
v 6.7649975 0.5941350 0.3051750
v 6.7649975 1.0041675 0.3051750
v 6.7649975 1.0041675 -0.2130225
vt 0.21484375 0.29882812
vt 0.21484375 0.31445312
vt 0.23046875 0.31445312
vt 0.23046875 0.29882812
f 313/937 316/938 315/939 314/940
vt 0.18359375 0.29882812
vt 0.18359375 0.31445312
vt 0.21484375 0.31445312
vt 0.21484375 0.29882812
f 314/941 315/942 319/943 318/944
vt 0.26171875 0.29882812
vt 0.26171875 0.31445312
vt 0.27734375 0.31445312
vt 0.27734375 0.29882812
f 318/945 319/946 320/947 317/948
vt 0.23046875 0.29882812
vt 0.23046875 0.31445312
vt 0.26171875 0.31445312
vt 0.26171875 0.29882812
f 317/949 320/950 316/951 313/952
vt 0.23046875 0.34570312
vt 0.23046875 0.31445312
vt 0.21484375 0.31445312
vt 0.21484375 0.34570312
f 316/953 320/954 319/955 315/956
vt 0.24609375 0.31445312
vt 0.24609375 0.34570312
vt 0.23046875 0.34570312
vt 0.23046875 0.31445312
f 317/957 313/958 314/959 318/960
v 10.1351600 0.4424410 -0.3993758
v 10.1351600 0.1139492 -0.0708841
v 10.1351600 0.3210696 0.1362363
v 10.1351600 0.6495614 -0.1922554
v 6.9544225 0.4424410 -0.3993758
v 6.9544225 0.1139492 -0.0708841
v 6.9544225 0.3210696 0.1362363
v 6.9544225 0.6495614 -0.1922554
vt 0.23437500 0.16406250
vt 0.23437500 0.17968750
vt 0.25000000 0.17968750
vt 0.25000000 0.16406250
f 321/961 324/962 323/963 322/964
vt 0.15625000 0.16406250
vt 0.15625000 0.17968750
vt 0.23437500 0.17968750
vt 0.23437500 0.16406250
f 322/965 323/966 327/967 326/968
vt 0.25585938 0.07031250
vt 0.25585938 0.08593750
vt 0.27148438 0.08593750
vt 0.27148438 0.07031250
f 326/969 327/970 328/971 325/972
vt 0.25000000 0.16406250
vt 0.25000000 0.17968750
vt 0.32812500 0.17968750
vt 0.32812500 0.16406250
f 325/973 328/974 324/975 321/976
vt 0.20507812 0.09375000
vt 0.20507812 0.01562500
vt 0.18945312 0.01562500
vt 0.18945312 0.09375000
f 324/977 328/978 327/979 323/980
vt 0.22070312 0.01562500
vt 0.22070312 0.09375000
vt 0.20507812 0.09375000
vt 0.20507812 0.01562500
f 325/981 321/982 322/983 326/984
v 10.1351600 0.3174350 -0.3471650
v 10.1351600 0.3174350 -0.0542525
v 10.1351600 0.7819925 -0.0542525
v 10.1351600 0.7819925 -0.3471650
v 6.9544225 0.3174350 -0.3471650
v 6.9544225 0.3174350 -0.0542525
v 6.9544225 0.7819925 -0.0542525
v 6.9544225 0.7819925 -0.3471650
vt 0.02929688 0.14843750
vt 0.02929688 0.16406250
vt 0.04492188 0.16406250
vt 0.04492188 0.14843750
f 329/985 332/986 331/987 330/988
vt 0.25195312 0.02539062
vt 0.25195312 0.04101562
vt 0.33007812 0.04101562
vt 0.33007812 0.02539062
f 330/989 331/990 335/991 334/992
vt 0.12304688 0.14843750
vt 0.12304688 0.16406250
vt 0.13867188 0.16406250
vt 0.13867188 0.14843750
f 334/993 335/994 336/995 333/996
vt 0.04492188 0.14843750
vt 0.04492188 0.16406250
vt 0.12304688 0.16406250
vt 0.12304688 0.14843750
f 333/997 336/998 332/999 329/1000
vt 0.14843750 0.10156250
vt 0.14843750 0.02343750
vt 0.13281250 0.02343750
vt 0.13281250 0.10156250
f 332/1001 336/1002 335/1003 331/1004
vt 0.16406250 0.02343750
vt 0.16406250 0.10156250
vt 0.14843750 0.10156250
vt 0.14843750 0.02343750
f 333/1005 329/1006 330/1007 334/1008
v 10.1351600 0.9854866 -0.0708797
v 10.1351600 0.6569948 -0.3993715
v 10.1351600 0.4498762 -0.1922529
v 10.1351600 0.7783679 0.1362389
v 6.9544225 0.9854866 -0.0708797
v 6.9544225 0.6569948 -0.3993715
v 6.9544225 0.4498762 -0.1922529
v 6.9544225 0.7783679 0.1362389
vt 0.13281250 0.10156250
vt 0.13281250 0.11718750
vt 0.14843750 0.11718750
vt 0.14843750 0.10156250
f 337/1009 340/1010 339/1011 338/1012
vt 0.05468750 0.10156250
vt 0.05468750 0.11718750
vt 0.13281250 0.11718750
vt 0.13281250 0.10156250
f 338/1013 339/1014 343/1015 342/1016
vt 0.15234375 0.14648438
vt 0.15234375 0.16210938
vt 0.16796875 0.16210938
vt 0.16796875 0.14648438
f 342/1017 343/1018 344/1019 341/1020
vt 0.14843750 0.10156250
vt 0.14843750 0.11718750
vt 0.22656250 0.11718750
vt 0.22656250 0.10156250
f 341/1021 344/1022 340/1023 337/1024
vt 0.14843750 0.19531250
vt 0.14843750 0.11718750
vt 0.13281250 0.11718750
vt 0.13281250 0.19531250
f 340/1025 344/1026 343/1027 339/1028
vt 0.28710938 0.10546875
vt 0.28710938 0.20312500
vt 0.27148438 0.20312500
vt 0.27148438 0.10546875
f 341/1029 337/1030 338/1031 342/1032
v 10.1351600 0.1657225 -0.1958775
v 10.1351600 0.1657225 0.2686800
v 10.1351600 0.4586325 0.2686800
v 10.1351600 0.4586325 -0.1958775
v 6.9544225 0.1657225 -0.1958775
v 6.9544225 0.1657225 0.2686800
v 6.9544225 0.4586325 0.2686800
v 6.9544225 0.4586325 -0.1958775
vt 0.19726562 0.08593750
vt 0.19726562 0.10156250
vt 0.21289062 0.10156250
vt 0.21289062 0.08593750
f 345/1033 348/1034 347/1035 346/1036
vt 0.11914062 0.08593750
vt 0.11914062 0.10156250
vt 0.19726562 0.10156250
vt 0.19726562 0.08593750
f 346/1037 347/1038 351/1039 350/1040
vt 0.21093750 0.05859375
vt 0.21093750 0.07421875
vt 0.22656250 0.07421875
vt 0.22656250 0.05859375
f 350/1041 351/1042 352/1043 349/1044
vt 0.21289062 0.08593750
vt 0.21289062 0.10156250
vt 0.29101562 0.10156250
vt 0.29101562 0.08593750
f 349/1045 352/1046 348/1047 345/1048
vt 0.21289062 0.17968750
vt 0.21289062 0.10156250
vt 0.19726562 0.10156250
vt 0.19726562 0.17968750
f 348/1049 352/1050 351/1051 347/1052
vt 0.22851562 0.10156250
vt 0.22851562 0.17968750
vt 0.21289062 0.17968750
vt 0.21289062 0.10156250
f 349/1053 345/1054 346/1055 350/1056
v 10.1351600 0.6498678 0.2647415
v 10.1351600 0.3213760 -0.0637502
v 10.1351600 0.1142574 0.1433684
v 10.1351600 0.4427491 0.4718602
v 6.9544225 0.6498678 0.2647415
v 6.9544225 0.3213760 -0.0637502
v 6.9544225 0.1142574 0.1433684
v 6.9544225 0.4427491 0.4718602
vt 0.16992188 0.08984375
vt 0.16992188 0.10546875
vt 0.18554688 0.10546875
vt 0.18554688 0.08984375
f 353/1057 356/1058 355/1059 354/1060
vt 0.09179688 0.08984375
vt 0.09179688 0.10546875
vt 0.16992188 0.10546875
vt 0.16992188 0.08984375
f 354/1061 355/1062 359/1063 358/1064
vt 0.10351562 0.08593750
vt 0.10351562 0.10156250
vt 0.11914062 0.10156250
vt 0.11914062 0.08593750
f 358/1065 359/1066 360/1067 357/1068
vt 0.18554688 0.08984375
vt 0.18554688 0.10546875
vt 0.26367188 0.10546875
vt 0.26367188 0.08984375
f 357/1069 360/1070 356/1071 353/1072
vt 0.18554688 0.18359375
vt 0.18554688 0.10546875
vt 0.16992188 0.10546875
vt 0.16992188 0.18359375
f 356/1073 360/1074 359/1075 355/1076
vt 0.20117188 0.10546875
vt 0.20117188 0.18359375
vt 0.18554688 0.18359375
vt 0.18554688 0.10546875
f 357/1077 353/1078 354/1079 358/1080
v 10.1351600 0.3174350 0.1274800
v 10.1351600 0.3174350 0.4203925
v 10.1351600 0.7819925 0.4203925
v 10.1351600 0.7819925 0.1274800
v 6.9544225 0.3174350 0.1274800
v 6.9544225 0.3174350 0.4203925
v 6.9544225 0.7819925 0.4203925
v 6.9544225 0.7819925 0.1274800
vt 0.23046875 0.05664062
vt 0.23046875 0.07226562
vt 0.24609375 0.07226562
vt 0.24609375 0.05664062
f 361/1081 364/1082 363/1083 362/1084
vt 0.15234375 0.05664062
vt 0.15234375 0.07226562
vt 0.23046875 0.07226562
vt 0.23046875 0.05664062
f 362/1085 363/1086 367/1087 366/1088
vt 0.14062500 0.07031250
vt 0.14062500 0.08593750
vt 0.15625000 0.08593750
vt 0.15625000 0.07031250
f 366/1089 367/1090 368/1091 365/1092
vt 0.06250000 0.07031250
vt 0.06250000 0.08593750
vt 0.14062500 0.08593750
vt 0.14062500 0.07031250
f 365/1093 368/1094 364/1095 361/1096
vt 0.24609375 0.15039062
vt 0.24609375 0.07226562
vt 0.23046875 0.07226562
vt 0.23046875 0.15039062
f 364/1097 368/1098 367/1099 363/1100
vt 0.26171875 0.07226562
vt 0.26171875 0.15039062
vt 0.24609375 0.15039062
vt 0.24609375 0.07226562
f 365/1101 361/1102 362/1103 366/1104
v 10.1351600 0.7780615 -0.0637453
v 10.1351600 0.4495698 0.2647465
v 10.1351600 0.6566902 0.4718669
v 10.1351600 0.9851819 0.1433751
v 6.9544225 0.7780615 -0.0637453
v 6.9544225 0.4495698 0.2647465
v 6.9544225 0.6566902 0.4718669
v 6.9544225 0.9851819 0.1433751
vt 0.10351562 0.05078125
vt 0.10351562 0.06640625
vt 0.11914062 0.06640625
vt 0.11914062 0.05078125
f 369/1105 372/1106 371/1107 370/1108
vt 0.02539062 0.05078125
vt 0.02539062 0.06640625
vt 0.10351562 0.06640625
vt 0.10351562 0.05078125
f 370/1109 371/1110 375/1111 374/1112
vt 0.07031250 0.03710938
vt 0.07031250 0.05273438
vt 0.08593750 0.05273438
vt 0.08593750 0.03710938
f 374/1113 375/1114 376/1115 373/1116
vt 0.11914062 0.05078125
vt 0.11914062 0.06640625
vt 0.19726562 0.06640625
vt 0.19726562 0.05078125
f 373/1117 376/1118 372/1119 369/1120
vt 0.11914062 0.14453125
vt 0.11914062 0.06640625
vt 0.10351562 0.06640625
vt 0.10351562 0.14453125
f 372/1121 376/1122 375/1123 371/1124
vt 0.13476562 0.06640625
vt 0.13476562 0.14453125
vt 0.11914062 0.14453125
vt 0.11914062 0.06640625
f 373/1125 369/1126 370/1127 374/1128
v 10.1351600 0.6403750 -0.1958775
v 10.1351600 0.6403750 0.2686800
v 10.1351600 0.9332875 0.2686800
v 10.1351600 0.9332875 -0.1958775
v 6.9544225 0.6403750 -0.1958775
v 6.9544225 0.6403750 0.2686800
v 6.9544225 0.9332875 0.2686800
v 6.9544225 0.9332875 -0.1958775
vt 0.23046875 0.15039062
vt 0.23046875 0.16601562
vt 0.24609375 0.16601562
vt 0.24609375 0.15039062
f 377/1129 380/1130 379/1131 378/1132
vt 0.19335938 0.04492188
vt 0.19335938 0.06054688
vt 0.27148438 0.06054688
vt 0.27148438 0.04492188
f 378/1133 379/1134 383/1135 382/1136
vt 0.14062500 0.16406250
vt 0.14062500 0.17968750
vt 0.15625000 0.17968750
vt 0.15625000 0.16406250
f 382/1137 383/1138 384/1139 381/1140
vt 0.06250000 0.16406250
vt 0.06250000 0.17968750
vt 0.14062500 0.17968750
vt 0.14062500 0.16406250
f 381/1141 384/1142 380/1143 377/1144
vt 0.30078125 0.13867188
vt 0.30078125 0.06054688
vt 0.28515625 0.06054688
vt 0.28515625 0.13867188
f 380/1145 384/1146 383/1147 379/1148
vt 0.31640625 0.06054688
vt 0.31640625 0.13867188
vt 0.30078125 0.13867188
vt 0.30078125 0.06054688
f 381/1149 377/1150 378/1151 382/1152
v 7.7969775 0.7661585 -0.1101407
v 7.7969775 0.3997393 0.2562785
v 7.7969775 0.6896760 0.5462152
v 7.7969775 1.0560952 0.1797960
v 6.7649975 0.7661585 -0.1101407
v 6.7649975 0.3997393 0.2562785
v 6.7649975 0.6896760 0.5462152
v 6.7649975 1.0560952 0.1797960
vt 0.20507812 0.31640625
vt 0.20507812 0.33203125
vt 0.22070312 0.33203125
vt 0.22070312 0.31640625
f 385/1153 388/1154 387/1155 386/1156
vt 0.17382812 0.31640625
vt 0.17382812 0.33203125
vt 0.20507812 0.33203125
vt 0.20507812 0.31640625
f 386/1157 387/1158 391/1159 390/1160
vt 0.25195312 0.31640625
vt 0.25195312 0.33203125
vt 0.26757812 0.33203125
vt 0.26757812 0.31640625
f 390/1161 391/1162 392/1163 389/1164
vt 0.22070312 0.31640625
vt 0.22070312 0.33203125
vt 0.25195312 0.33203125
vt 0.25195312 0.31640625
f 389/1165 392/1166 388/1167 385/1168
vt 0.24609375 0.30078125
vt 0.24609375 0.26953125
vt 0.23046875 0.26953125
vt 0.23046875 0.30078125
f 388/1169 392/1170 391/1171 387/1172
vt 0.26171875 0.26953125
vt 0.26171875 0.30078125
vt 0.24609375 0.30078125
vt 0.24609375 0.26953125
f 389/1173 385/1174 386/1175 390/1176
v 7.7969775 0.2968575 0.1202500
v 7.7969775 0.2968575 0.4948175
v 7.7969775 0.8150550 0.4948175
v 7.7969775 0.8150550 0.1202500
v 6.7649975 0.2968575 0.1202500
v 6.7649975 0.2968575 0.4948175
v 6.7649975 0.8150550 0.4948175
v 6.7649975 0.8150550 0.1202500
vt 0.20507812 0.26953125
vt 0.20507812 0.28515625
vt 0.22070312 0.28515625
vt 0.22070312 0.26953125
f 393/1177 396/1178 395/1179 394/1180
vt 0.17382812 0.26953125
vt 0.17382812 0.28515625
vt 0.20507812 0.28515625
vt 0.20507812 0.26953125
f 394/1181 395/1182 399/1183 398/1184
vt 0.25195312 0.26953125
vt 0.25195312 0.28515625
vt 0.26757812 0.28515625
vt 0.26757812 0.26953125
f 398/1185 399/1186 400/1187 397/1188
vt 0.22070312 0.26953125
vt 0.22070312 0.28515625
vt 0.25195312 0.28515625
vt 0.25195312 0.26953125
f 397/1189 400/1190 396/1191 393/1192
vt 0.22070312 0.31640625
vt 0.22070312 0.28515625
vt 0.20507812 0.28515625
vt 0.20507812 0.31640625
f 396/1193 400/1194 399/1195 395/1196
vt 0.23632812 0.28515625
vt 0.23632812 0.31640625
vt 0.22070312 0.31640625
vt 0.22070312 0.28515625
f 397/1197 393/1198 394/1199 398/1200
v 7.7969775 0.6871049 0.2813578
v 7.7969775 0.3206840 -0.0850632
v 7.7969775 0.0558248 0.1797960
v 7.7969775 0.4222457 0.5462170
v 6.7649975 0.6871049 0.2813578
v 6.7649975 0.3206840 -0.0850632
v 6.7649975 0.0558248 0.1797960
v 6.7649975 0.4222457 0.5462170
vt 0.22656250 0.32812500
vt 0.22656250 0.34375000
vt 0.24218750 0.34375000
vt 0.24218750 0.32812500
f 401/1201 404/1202 403/1203 402/1204
vt 0.19531250 0.32812500
vt 0.19531250 0.34375000
vt 0.22656250 0.34375000
vt 0.22656250 0.32812500
f 402/1205 403/1206 407/1207 406/1208
vt 0.27343750 0.32812500
vt 0.27343750 0.34375000
vt 0.28906250 0.34375000
vt 0.28906250 0.32812500
f 406/1209 407/1210 408/1211 405/1212
vt 0.24218750 0.32812500
vt 0.24218750 0.34375000
vt 0.27343750 0.34375000
vt 0.27343750 0.32812500
f 405/1213 408/1214 404/1215 401/1216
vt 0.26757812 0.31250000
vt 0.26757812 0.28125000
vt 0.25195312 0.28125000
vt 0.25195312 0.31250000
f 404/1217 408/1218 407/1219 403/1220
vt 0.25781250 0.34375000
vt 0.25781250 0.37500000
vt 0.24218750 0.37500000
vt 0.24218750 0.34375000
f 405/1221 401/1222 402/1223 406/1224
v 7.7969775 0.1072225 -0.2130225
v 7.7969775 0.1072225 0.3051750
v 7.7969775 0.5172525 0.3051750
v 7.7969775 0.5172525 -0.2130225
v 6.7649975 0.1072225 -0.2130225
v 6.7649975 0.1072225 0.3051750
v 6.7649975 0.5172525 0.3051750
v 6.7649975 0.5172525 -0.2130225
vt 0.22656250 0.28125000
vt 0.22656250 0.29687500
vt 0.24218750 0.29687500
vt 0.24218750 0.28125000
f 409/1225 412/1226 411/1227 410/1228
vt 0.19531250 0.28125000
vt 0.19531250 0.29687500
vt 0.22656250 0.29687500
vt 0.22656250 0.28125000
f 410/1229 411/1230 415/1231 414/1232
vt 0.24804688 0.34375000
vt 0.24804688 0.35937500
vt 0.26367188 0.35937500
vt 0.26367188 0.34375000
f 414/1233 415/1234 416/1235 413/1236
vt 0.21679688 0.34375000
vt 0.21679688 0.35937500
vt 0.24804688 0.35937500
vt 0.24804688 0.34375000
f 413/1237 416/1238 412/1239 409/1240
vt 0.24218750 0.32812500
vt 0.24218750 0.29687500
vt 0.22656250 0.29687500
vt 0.22656250 0.32812500
f 412/1241 416/1242 415/1243 411/1244
vt 0.25781250 0.29687500
vt 0.25781250 0.32812500
vt 0.24218750 0.32812500
vt 0.24218750 0.29687500
f 413/1245 409/1246 410/1247 414/1248
v 7.7969775 1.0564732 -0.0880240
v 7.7969775 0.6900540 -0.4544432
v 7.7969775 0.4001172 -0.1645064
v 7.7969775 0.7665364 0.2019128
v 6.7649975 1.0564732 -0.0880240
v 6.7649975 0.6900540 -0.4544432
v 6.7649975 0.4001172 -0.1645064
v 6.7649975 0.7665364 0.2019128
vt 0.20898438 0.28320312
vt 0.20898438 0.29882812
vt 0.22460938 0.29882812
vt 0.22460938 0.28320312
f 417/1249 420/1250 419/1251 418/1252
vt 0.23828125 0.28515625
vt 0.23828125 0.30078125
vt 0.26953125 0.30078125
vt 0.26953125 0.28515625
f 418/1253 419/1254 423/1255 422/1256
vt 0.25585938 0.28320312
vt 0.25585938 0.29882812
vt 0.27148438 0.29882812
vt 0.27148438 0.28320312
f 422/1257 423/1258 424/1259 421/1260
vt 0.22460938 0.28320312
vt 0.22460938 0.29882812
vt 0.25585938 0.29882812
vt 0.25585938 0.28320312
f 421/1261 424/1262 420/1263 417/1264
vt 0.28515625 0.33203125
vt 0.28515625 0.30078125
vt 0.26953125 0.30078125
vt 0.26953125 0.33203125
f 420/1265 424/1266 423/1267 419/1268
vt 0.20312500 0.27929688
vt 0.20312500 0.31054688
vt 0.18750000 0.31054688
vt 0.18750000 0.27929688
f 421/1269 417/1270 418/1271 422/1272
v 8.1161550 0.5941350 -0.2130225
v 8.1161550 0.5941350 0.3051750
v 8.1161550 1.0041675 0.3051750
v 8.1161550 1.0041675 -0.2130225
v 7.7225250 0.5941350 -0.2130225
v 7.7225250 0.5941350 0.3051750
v 7.7225250 1.0041675 0.3051750
v 7.7225250 1.0041675 -0.2130225
vt 0.17187500 0.30078125
vt 0.17187500 0.31640625
vt 0.18750000 0.31640625
vt 0.18750000 0.30078125
f 425/1273 428/1274 427/1275 426/1276
vt 0.22656250 0.34960938
vt 0.22656250 0.36523438
vt 0.24218750 0.36523438
vt 0.24218750 0.34960938
f 426/1277 427/1278 431/1279 430/1280
vt 0.20312500 0.30078125
vt 0.20312500 0.31640625
vt 0.21875000 0.31640625
vt 0.21875000 0.30078125
f 430/1281 431/1282 432/1283 429/1284
vt 0.18750000 0.30078125
vt 0.18750000 0.31640625
vt 0.20312500 0.31640625
vt 0.20312500 0.30078125
f 429/1285 432/1286 428/1287 425/1288
vt 0.18750000 0.33203125
vt 0.18750000 0.31640625
vt 0.17187500 0.31640625
vt 0.17187500 0.33203125
f 428/1289 432/1290 431/1291 427/1292
vt 0.20312500 0.31640625
vt 0.20312500 0.33203125
vt 0.18750000 0.33203125
vt 0.18750000 0.31640625
f 429/1293 425/1294 426/1295 430/1296
v 8.1161550 0.2968575 0.1202500
v 8.1161550 0.2968575 0.4948175
v 8.1161550 0.8150550 0.4948175
v 8.1161550 0.8150550 0.1202500
v 7.7225250 0.2968575 0.1202500
v 7.7225250 0.2968575 0.4948175
v 7.7225250 0.8150550 0.4948175
v 7.7225250 0.8150550 0.1202500
vt 0.25585938 0.32226562
vt 0.25585938 0.33789062
vt 0.27148438 0.33789062
vt 0.27148438 0.32226562
f 433/1297 436/1298 435/1299 434/1300
vt 0.24023438 0.32226562
vt 0.24023438 0.33789062
vt 0.25585938 0.33789062
vt 0.25585938 0.32226562
f 434/1301 435/1302 439/1303 438/1304
vt 0.22460938 0.32617188
vt 0.22460938 0.34179688
vt 0.24023438 0.34179688
vt 0.24023438 0.32617188
f 438/1305 439/1306 440/1307 437/1308
vt 0.27148438 0.32226562
vt 0.27148438 0.33789062
vt 0.28710938 0.33789062
vt 0.28710938 0.32226562
f 437/1309 440/1310 436/1311 433/1312
vt 0.27148438 0.35351562
vt 0.27148438 0.33789062
vt 0.25585938 0.33789062
vt 0.25585938 0.35351562
f 436/1313 440/1314 439/1315 435/1316
vt 0.28710938 0.33789062
vt 0.28710938 0.35351562
vt 0.27148438 0.35351562
vt 0.27148438 0.33789062
f 437/1317 433/1318 434/1319 438/1320
v 8.1161550 0.7661585 -0.1101407
v 8.1161550 0.3997393 0.2562785
v 8.1161550 0.6896760 0.5462152
v 8.1161550 1.0560952 0.1797960
v 7.7225250 0.7661585 -0.1101407
v 7.7225250 0.3997393 0.2562785
v 7.7225250 0.6896760 0.5462152
v 7.7225250 1.0560952 0.1797960
vt 0.19335938 0.32226562
vt 0.19335938 0.33789062
vt 0.20898438 0.33789062
vt 0.20898438 0.32226562
f 441/1321 444/1322 443/1323 442/1324
vt 0.17773438 0.32226562
vt 0.17773438 0.33789062
vt 0.19335938 0.33789062
vt 0.19335938 0.32226562
f 442/1325 443/1326 447/1327 446/1328
vt 0.22460938 0.32226562
vt 0.22460938 0.33789062
vt 0.24023438 0.33789062
vt 0.24023438 0.32226562
f 446/1329 447/1330 448/1331 445/1332
vt 0.20898438 0.32226562
vt 0.20898438 0.33789062
vt 0.22460938 0.33789062
vt 0.22460938 0.32226562
f 445/1333 448/1334 444/1335 441/1336
vt 0.20898438 0.35351562
vt 0.20898438 0.33789062
vt 0.19335938 0.33789062
vt 0.19335938 0.35351562
f 444/1337 448/1338 447/1339 443/1340
vt 0.22460938 0.33789062
vt 0.22460938 0.35351562
vt 0.20898438 0.35351562
vt 0.20898438 0.33789062
f 445/1341 441/1342 442/1343 446/1344
v 8.1161550 0.1072225 -0.2130225
v 8.1161550 0.1072225 0.3051750
v 8.1161550 0.5172525 0.3051750
v 8.1161550 0.5172525 -0.2130225
v 7.7225250 0.1072225 -0.2130225
v 7.7225250 0.1072225 0.3051750
v 7.7225250 0.5172525 0.3051750
v 7.7225250 0.5172525 -0.2130225
vt 0.21679688 0.28125000
vt 0.21679688 0.29687500
vt 0.23242188 0.29687500
vt 0.23242188 0.28125000
f 449/1345 452/1346 451/1347 450/1348
vt 0.20117188 0.28125000
vt 0.20117188 0.29687500
vt 0.21679688 0.29687500
vt 0.21679688 0.28125000
f 450/1349 451/1350 455/1351 454/1352
vt 0.24804688 0.28125000
vt 0.24804688 0.29687500
vt 0.26367188 0.29687500
vt 0.26367188 0.28125000
f 454/1353 455/1354 456/1355 453/1356
vt 0.23242188 0.28125000
vt 0.23242188 0.29687500
vt 0.24804688 0.29687500
vt 0.24804688 0.28125000
f 453/1357 456/1358 452/1359 449/1360
vt 0.23242188 0.31250000
vt 0.23242188 0.29687500
vt 0.21679688 0.29687500
vt 0.21679688 0.31250000
f 452/1361 456/1362 455/1363 451/1364
vt 0.24804688 0.29687500
vt 0.24804688 0.31250000
vt 0.23242188 0.31250000
vt 0.23242188 0.29687500
f 453/1365 449/1366 450/1367 454/1368
v 8.1161550 0.6871049 0.2813578
v 8.1161550 0.3206840 -0.0850632
v 8.1161550 0.0558248 0.1797960
v 8.1161550 0.4222457 0.5462170
v 7.7225250 0.6871049 0.2813578
v 7.7225250 0.3206840 -0.0850632
v 7.7225250 0.0558248 0.1797960
v 7.7225250 0.4222457 0.5462170
vt 0.21679688 0.31250000
vt 0.21679688 0.32812500
vt 0.23242188 0.32812500
vt 0.23242188 0.31250000
f 457/1369 460/1370 459/1371 458/1372
vt 0.20117188 0.31250000
vt 0.20117188 0.32812500
vt 0.21679688 0.32812500
vt 0.21679688 0.31250000
f 458/1373 459/1374 463/1375 462/1376
vt 0.24804688 0.31250000
vt 0.24804688 0.32812500
vt 0.26367188 0.32812500
vt 0.26367188 0.31250000
f 462/1377 463/1378 464/1379 461/1380
vt 0.23242188 0.31250000
vt 0.23242188 0.32812500
vt 0.24804688 0.32812500
vt 0.24804688 0.31250000
f 461/1381 464/1382 460/1383 457/1384
vt 0.23242188 0.34375000
vt 0.23242188 0.32812500
vt 0.21679688 0.32812500
vt 0.21679688 0.34375000
f 460/1385 464/1386 463/1387 459/1388
vt 0.24804688 0.32812500
vt 0.24804688 0.34375000
vt 0.23242188 0.34375000
vt 0.23242188 0.32812500
f 461/1389 457/1390 458/1391 462/1392
v 8.1161550 0.4218653 -0.4544424
v 8.1161550 0.0554443 -0.0880215
v 8.1161550 0.3453811 0.2019153
v 8.1161550 0.7118021 -0.1645057
v 7.7225250 0.4218653 -0.4544424
v 7.7225250 0.0554443 -0.0880215
v 7.7225250 0.3453811 0.2019153
v 7.7225250 0.7118021 -0.1645057
vt 0.25390625 0.27539062
vt 0.25390625 0.29101562
vt 0.26953125 0.29101562
vt 0.26953125 0.27539062
f 465/1393 468/1394 467/1395 466/1396
vt 0.23828125 0.27539062
vt 0.23828125 0.29101562
vt 0.25390625 0.29101562
vt 0.25390625 0.27539062
f 466/1397 467/1398 471/1399 470/1400
vt 0.28515625 0.27539062
vt 0.28515625 0.29101562
vt 0.30078125 0.29101562
vt 0.30078125 0.27539062
f 470/1401 471/1402 472/1403 469/1404
vt 0.26953125 0.27539062
vt 0.26953125 0.29101562
vt 0.28515625 0.29101562
vt 0.28515625 0.27539062
f 469/1405 472/1406 468/1407 465/1408
vt 0.26953125 0.30664062
vt 0.26953125 0.29101562
vt 0.25390625 0.29101562
vt 0.25390625 0.30664062
f 468/1409 472/1410 471/1411 467/1412
vt 0.28515625 0.29101562
vt 0.28515625 0.30664062
vt 0.26953125 0.30664062
vt 0.26953125 0.29101562
f 469/1413 465/1414 466/1415 470/1416
v 8.1161550 1.0564732 -0.0880240
v 8.1161550 0.6900540 -0.4544432
v 8.1161550 0.4001172 -0.1645064
v 8.1161550 0.7665364 0.2019128
v 7.7225250 1.0564732 -0.0880240
v 7.7225250 0.6900540 -0.4544432
v 7.7225250 0.4001172 -0.1645064
v 7.7225250 0.7665364 0.2019128
vt 0.25390625 0.30664062
vt 0.25390625 0.32226562
vt 0.26953125 0.32226562
vt 0.26953125 0.30664062
f 473/1417 476/1418 475/1419 474/1420
vt 0.23828125 0.30664062
vt 0.23828125 0.32226562
vt 0.25390625 0.32226562
vt 0.25390625 0.30664062
f 474/1421 475/1422 479/1423 478/1424
vt 0.28515625 0.30664062
vt 0.28515625 0.32226562
vt 0.30078125 0.32226562
vt 0.30078125 0.30664062
f 478/1425 479/1426 480/1427 477/1428
vt 0.26953125 0.30664062
vt 0.26953125 0.32226562
vt 0.28515625 0.32226562
vt 0.28515625 0.30664062
f 477/1429 480/1430 476/1431 473/1432
vt 0.26953125 0.33789062
vt 0.26953125 0.32226562
vt 0.25390625 0.32226562
vt 0.25390625 0.33789062
f 476/1433 480/1434 479/1435 475/1436
vt 0.28515625 0.32226562
vt 0.28515625 0.33789062
vt 0.26953125 0.33789062
vt 0.26953125 0.32226562
f 477/1437 473/1438 474/1439 478/1440
v 8.4707950 0.2968575 -0.4021250
v 8.4707950 0.2968575 0.0079050
v 8.4707950 0.8150550 0.0079050
v 8.4707950 0.8150550 -0.4021250
v 8.0771650 0.2968575 -0.4021250
v 8.0771650 0.2968575 0.0079050
v 8.0771650 0.8150550 0.0079050
v 8.0771650 0.8150550 -0.4021250
vt 0.18750000 0.33398438
vt 0.18750000 0.34960938
vt 0.20312500 0.34960938
vt 0.20312500 0.33398438
f 481/1441 484/1442 483/1443 482/1444
vt 0.17187500 0.33398438
vt 0.17187500 0.34960938
vt 0.18750000 0.34960938
vt 0.18750000 0.33398438
f 482/1445 483/1446 487/1447 486/1448
vt 0.21875000 0.33398438
vt 0.21875000 0.34960938
vt 0.23437500 0.34960938
vt 0.23437500 0.33398438
f 486/1449 487/1450 488/1451 485/1452
vt 0.20312500 0.33398438
vt 0.20312500 0.34960938
vt 0.21875000 0.34960938
vt 0.21875000 0.33398438
f 485/1453 488/1454 484/1455 481/1456
vt 0.20312500 0.36523438
vt 0.20312500 0.34960938
vt 0.18750000 0.34960938
vt 0.18750000 0.36523438
f 484/1457 488/1458 487/1459 483/1460
vt 0.21875000 0.34960938
vt 0.21875000 0.36523438
vt 0.20312500 0.36523438
vt 0.20312500 0.34960938
f 485/1461 481/1462 482/1463 486/1464
v 8.4707950 0.5941350 -0.2130225
v 8.4707950 0.5941350 0.3051750
v 8.4707950 1.0041675 0.3051750
v 8.4707950 1.0041675 -0.2130225
v 8.0771650 0.5941350 -0.2130225
v 8.0771650 0.5941350 0.3051750
v 8.0771650 1.0041675 0.3051750
v 8.0771650 1.0041675 -0.2130225
vt 0.23632812 0.32617188
vt 0.23632812 0.34179688
vt 0.25195312 0.34179688
vt 0.25195312 0.32617188
f 489/1465 492/1466 491/1467 490/1468
vt 0.22070312 0.32617188
vt 0.22070312 0.34179688
vt 0.23632812 0.34179688
vt 0.23632812 0.32617188
f 490/1469 491/1470 495/1471 494/1472
vt 0.26757812 0.32617188
vt 0.26757812 0.34179688
vt 0.28320312 0.34179688
vt 0.28320312 0.32617188
f 494/1473 495/1474 496/1475 493/1476
vt 0.25195312 0.32617188
vt 0.25195312 0.34179688
vt 0.26757812 0.34179688
vt 0.26757812 0.32617188
f 493/1477 496/1478 492/1479 489/1480
vt 0.25195312 0.35742188
vt 0.25195312 0.34179688
vt 0.23632812 0.34179688
vt 0.23632812 0.35742188
f 492/1481 496/1482 495/1483 491/1484
vt 0.26757812 0.34179688
vt 0.26757812 0.35742188
vt 0.25195312 0.35742188
vt 0.25195312 0.34179688
f 493/1485 489/1486 490/1487 494/1488
v 8.4707950 0.2968575 0.1202500
v 8.4707950 0.2968575 0.4948175
v 8.4707950 0.8150550 0.4948175
v 8.4707950 0.8150550 0.1202500
v 8.0771650 0.2968575 0.1202500
v 8.0771650 0.2968575 0.4948175
v 8.0771650 0.8150550 0.4948175
v 8.0771650 0.8150550 0.1202500
vt 0.19531250 0.31250000
vt 0.19531250 0.32812500
vt 0.21093750 0.32812500
vt 0.21093750 0.31250000
f 497/1489 500/1490 499/1491 498/1492
vt 0.17968750 0.31250000
vt 0.17968750 0.32812500
vt 0.19531250 0.32812500
vt 0.19531250 0.31250000
f 498/1493 499/1494 503/1495 502/1496
vt 0.22656250 0.31250000
vt 0.22656250 0.32812500
vt 0.24218750 0.32812500
vt 0.24218750 0.31250000
f 502/1497 503/1498 504/1499 501/1500
vt 0.21093750 0.31250000
vt 0.21093750 0.32812500
vt 0.22656250 0.32812500
vt 0.22656250 0.31250000
f 501/1501 504/1502 500/1503 497/1504
vt 0.20703125 0.28320312
vt 0.20703125 0.26757812
vt 0.19140625 0.26757812
vt 0.19140625 0.28320312
f 500/1505 504/1506 503/1507 499/1508
vt 0.22265625 0.26757812
vt 0.22265625 0.28320312
vt 0.20703125 0.28320312
vt 0.20703125 0.26757812
f 501/1509 497/1510 498/1511 502/1512
v 8.4707950 0.7661585 -0.1101407
v 8.4707950 0.3997393 0.2562785
v 8.4707950 0.6896760 0.5462152
v 8.4707950 1.0560952 0.1797960
v 8.0771650 0.7661585 -0.1101407
v 8.0771650 0.3997393 0.2562785
v 8.0771650 0.6896760 0.5462152
v 8.0771650 1.0560952 0.1797960
vt 0.19140625 0.28320312
vt 0.19140625 0.29882812
vt 0.20703125 0.29882812
vt 0.20703125 0.28320312
f 505/1513 508/1514 507/1515 506/1516
vt 0.17578125 0.28320312
vt 0.17578125 0.29882812
vt 0.19140625 0.29882812
vt 0.19140625 0.28320312
f 506/1517 507/1518 511/1519 510/1520
vt 0.22265625 0.28320312
vt 0.22265625 0.29882812
vt 0.23828125 0.29882812
vt 0.23828125 0.28320312
f 510/1521 511/1522 512/1523 509/1524
vt 0.20703125 0.28320312
vt 0.20703125 0.29882812
vt 0.22265625 0.29882812
vt 0.22265625 0.28320312
f 509/1525 512/1526 508/1527 505/1528
vt 0.20703125 0.31445312
vt 0.20703125 0.29882812
vt 0.19140625 0.29882812
vt 0.19140625 0.31445312
f 508/1529 512/1530 511/1531 507/1532
vt 0.22265625 0.29882812
vt 0.22265625 0.31445312
vt 0.20703125 0.31445312
vt 0.20703125 0.29882812
f 509/1533 505/1534 506/1535 510/1536
v 8.4707950 0.1072225 -0.2130225
v 8.4707950 0.1072225 0.3051750
v 8.4707950 0.5172525 0.3051750
v 8.4707950 0.5172525 -0.2130225
v 8.0771650 0.1072225 -0.2130225
v 8.0771650 0.1072225 0.3051750
v 8.0771650 0.5172525 0.3051750
v 8.0771650 0.5172525 -0.2130225
vt 0.19140625 0.31445312
vt 0.19140625 0.33007812
vt 0.20703125 0.33007812
vt 0.20703125 0.31445312
f 513/1537 516/1538 515/1539 514/1540
vt 0.17578125 0.31445312
vt 0.17578125 0.33007812
vt 0.19140625 0.33007812
vt 0.19140625 0.31445312
f 514/1541 515/1542 519/1543 518/1544
vt 0.22265625 0.31445312
vt 0.22265625 0.33007812
vt 0.23828125 0.33007812
vt 0.23828125 0.31445312
f 518/1545 519/1546 520/1547 517/1548
vt 0.20703125 0.31445312
vt 0.20703125 0.33007812
vt 0.22265625 0.33007812
vt 0.22265625 0.31445312
f 517/1549 520/1550 516/1551 513/1552
vt 0.20703125 0.34570312
vt 0.20703125 0.33007812
vt 0.19140625 0.33007812
vt 0.19140625 0.34570312
f 516/1553 520/1554 519/1555 515/1556
vt 0.22265625 0.33007812
vt 0.22265625 0.34570312
vt 0.20703125 0.34570312
vt 0.20703125 0.33007812
f 517/1557 513/1558 514/1559 518/1560
v 8.4707950 0.6871049 0.2813578
v 8.4707950 0.3206840 -0.0850632
v 8.4707950 0.0558248 0.1797960
v 8.4707950 0.4222457 0.5462170
v 8.0771650 0.6871049 0.2813578
v 8.0771650 0.3206840 -0.0850632
v 8.0771650 0.0558248 0.1797960
v 8.0771650 0.4222457 0.5462170
vt 0.22070312 0.30273438
vt 0.22070312 0.31835938
vt 0.23632812 0.31835938
vt 0.23632812 0.30273438
f 521/1561 524/1562 523/1563 522/1564
vt 0.20507812 0.30273438
vt 0.20507812 0.31835938
vt 0.22070312 0.31835938
vt 0.22070312 0.30273438
f 522/1565 523/1566 527/1567 526/1568
vt 0.25195312 0.30273438
vt 0.25195312 0.31835938
vt 0.26757812 0.31835938
vt 0.26757812 0.30273438
f 526/1569 527/1570 528/1571 525/1572
vt 0.23632812 0.30273438
vt 0.23632812 0.31835938
vt 0.25195312 0.31835938
vt 0.25195312 0.30273438
f 525/1573 528/1574 524/1575 521/1576
vt 0.26953125 0.29882812
vt 0.26953125 0.28320312
vt 0.25390625 0.28320312
vt 0.25390625 0.29882812
f 524/1577 528/1578 527/1579 523/1580
vt 0.28515625 0.28320312
vt 0.28515625 0.29882812
vt 0.26953125 0.29882812
vt 0.26953125 0.28320312
f 525/1581 521/1582 522/1583 526/1584
v 8.4707950 0.4218653 -0.4544424
v 8.4707950 0.0554443 -0.0880215
v 8.4707950 0.3453811 0.2019153
v 8.4707950 0.7118021 -0.1645057
v 8.0771650 0.4218653 -0.4544424
v 8.0771650 0.0554443 -0.0880215
v 8.0771650 0.3453811 0.2019153
v 8.0771650 0.7118021 -0.1645057
vt 0.25390625 0.29882812
vt 0.25390625 0.31445312
vt 0.26953125 0.31445312
vt 0.26953125 0.29882812
f 529/1585 532/1586 531/1587 530/1588
vt 0.23828125 0.29882812
vt 0.23828125 0.31445312
vt 0.25390625 0.31445312
vt 0.25390625 0.29882812
f 530/1589 531/1590 535/1591 534/1592
vt 0.21679688 0.26367188
vt 0.21679688 0.27929688
vt 0.23242188 0.27929688
vt 0.23242188 0.26367188
f 534/1593 535/1594 536/1595 533/1596
vt 0.26953125 0.29882812
vt 0.26953125 0.31445312
vt 0.28515625 0.31445312
vt 0.28515625 0.29882812
f 533/1597 536/1598 532/1599 529/1600
vt 0.26953125 0.33007812
vt 0.26953125 0.31445312
vt 0.25390625 0.31445312
vt 0.25390625 0.33007812
f 532/1601 536/1602 535/1603 531/1604
vt 0.28125000 0.25390625
vt 0.28125000 0.26953125
vt 0.26562500 0.26953125
vt 0.26562500 0.25390625
f 533/1605 529/1606 530/1607 534/1608
v 8.4707950 1.0564732 -0.0880240
v 8.4707950 0.6900540 -0.4544432
v 8.4707950 0.4001172 -0.1645064
v 8.4707950 0.7665364 0.2019128
v 8.0771650 1.0564732 -0.0880240
v 8.0771650 0.6900540 -0.4544432
v 8.0771650 0.4001172 -0.1645064
v 8.0771650 0.7665364 0.2019128
vt 0.25000000 0.26953125
vt 0.25000000 0.28515625
vt 0.26562500 0.28515625
vt 0.26562500 0.26953125
f 537/1609 540/1610 539/1611 538/1612
vt 0.23437500 0.26953125
vt 0.23437500 0.28515625
vt 0.25000000 0.28515625
vt 0.25000000 0.26953125
f 538/1613 539/1614 543/1615 542/1616
vt 0.28125000 0.26953125
vt 0.28125000 0.28515625
vt 0.29687500 0.28515625
vt 0.29687500 0.26953125
f 542/1617 543/1618 544/1619 541/1620
vt 0.26562500 0.26953125
vt 0.26562500 0.28515625
vt 0.28125000 0.28515625
vt 0.28125000 0.26953125
f 541/1621 544/1622 540/1623 537/1624
vt 0.26562500 0.30078125
vt 0.26562500 0.28515625
vt 0.25000000 0.28515625
vt 0.25000000 0.30078125
f 540/1625 544/1626 543/1627 539/1628
vt 0.28125000 0.28515625
vt 0.28125000 0.30078125
vt 0.26562500 0.30078125
vt 0.26562500 0.28515625
f 541/1629 537/1630 538/1631 542/1632
v 8.8254350 0.2968575 -0.4021250
v 8.8254350 0.2968575 0.0079050
v 8.8254350 0.8150550 0.0079050
v 8.8254350 0.8150550 -0.4021250
v 8.4318050 0.2968575 -0.4021250
v 8.4318050 0.2968575 0.0079050
v 8.4318050 0.8150550 0.0079050
v 8.4318050 0.8150550 -0.4021250
vt 0.18750000 0.32226562
vt 0.18750000 0.33789062
vt 0.20312500 0.33789062
vt 0.20312500 0.32226562
f 545/1633 548/1634 547/1635 546/1636
vt 0.17187500 0.32226562
vt 0.17187500 0.33789062
vt 0.18750000 0.33789062
vt 0.18750000 0.32226562
f 546/1637 547/1638 551/1639 550/1640
vt 0.21875000 0.32226562
vt 0.21875000 0.33789062
vt 0.23437500 0.33789062
vt 0.23437500 0.32226562
f 550/1641 551/1642 552/1643 549/1644
vt 0.20312500 0.32226562
vt 0.20312500 0.33789062
vt 0.21875000 0.33789062
vt 0.21875000 0.32226562
f 549/1645 552/1646 548/1647 545/1648
vt 0.20312500 0.35351562
vt 0.20312500 0.33789062
vt 0.18750000 0.33789062
vt 0.18750000 0.35351562
f 548/1649 552/1650 551/1651 547/1652
vt 0.21875000 0.33789062
vt 0.21875000 0.35351562
vt 0.20312500 0.35351562
vt 0.20312500 0.33789062
f 549/1653 545/1654 546/1655 550/1656
v 8.8254350 0.5941350 -0.2130225
v 8.8254350 0.5941350 0.3051750
v 8.8254350 1.0041675 0.3051750
v 8.8254350 1.0041675 -0.2130225
v 8.4318050 0.5941350 -0.2130225
v 8.4318050 0.5941350 0.3051750
v 8.4318050 1.0041675 0.3051750
v 8.4318050 1.0041675 -0.2130225
vt 0.21875000 0.28125000
vt 0.21875000 0.29687500
vt 0.23437500 0.29687500
vt 0.23437500 0.28125000
f 553/1657 556/1658 555/1659 554/1660
vt 0.20312500 0.28125000
vt 0.20312500 0.29687500
vt 0.21875000 0.29687500
vt 0.21875000 0.28125000
f 554/1661 555/1662 559/1663 558/1664
vt 0.18750000 0.28515625
vt 0.18750000 0.30078125
vt 0.20312500 0.30078125
vt 0.20312500 0.28515625
f 558/1665 559/1666 560/1667 557/1668
vt 0.23437500 0.28125000
vt 0.23437500 0.29687500
vt 0.25000000 0.29687500
vt 0.25000000 0.28125000
f 557/1669 560/1670 556/1671 553/1672
vt 0.23437500 0.31250000
vt 0.23437500 0.29687500
vt 0.21875000 0.29687500
vt 0.21875000 0.31250000
f 556/1673 560/1674 559/1675 555/1676
vt 0.25000000 0.29687500
vt 0.25000000 0.31250000
vt 0.23437500 0.31250000
vt 0.23437500 0.29687500
f 557/1677 553/1678 554/1679 558/1680
v 8.8254350 0.2968575 0.1202500
v 8.8254350 0.2968575 0.4948175
v 8.8254350 0.8150550 0.4948175
v 8.8254350 0.8150550 0.1202500
v 8.4318050 0.2968575 0.1202500
v 8.4318050 0.2968575 0.4948175
v 8.4318050 0.8150550 0.4948175
v 8.4318050 0.8150550 0.1202500
vt 0.23046875 0.29492188
vt 0.23046875 0.31054688
vt 0.24609375 0.31054688
vt 0.24609375 0.29492188
f 561/1681 564/1682 563/1683 562/1684
vt 0.21484375 0.29492188
vt 0.21484375 0.31054688
vt 0.23046875 0.31054688
vt 0.23046875 0.29492188
f 562/1685 563/1686 567/1687 566/1688
vt 0.25195312 0.29492188
vt 0.25195312 0.31054688
vt 0.26757812 0.31054688
vt 0.26757812 0.29492188
f 566/1689 567/1690 568/1691 565/1692
vt 0.23632812 0.29492188
vt 0.23632812 0.31054688
vt 0.25195312 0.31054688
vt 0.25195312 0.29492188
f 565/1693 568/1694 564/1695 561/1696
vt 0.24609375 0.32617188
vt 0.24609375 0.31054688
vt 0.23046875 0.31054688
vt 0.23046875 0.32617188
f 564/1697 568/1698 567/1699 563/1700
vt 0.25195312 0.31054688
vt 0.25195312 0.32617188
vt 0.23632812 0.32617188
vt 0.23632812 0.31054688
f 565/1701 561/1702 562/1703 566/1704
v 8.8254350 0.7661585 -0.1101407
v 8.8254350 0.3997393 0.2562785
v 8.8254350 0.6896760 0.5462152
v 8.8254350 1.0560952 0.1797960
v 8.4318050 0.7661585 -0.1101407
v 8.4318050 0.3997393 0.2562785
v 8.4318050 0.6896760 0.5462152
v 8.4318050 1.0560952 0.1797960
vt 0.22070312 0.32617188
vt 0.22070312 0.34179688
vt 0.23632812 0.34179688
vt 0.23632812 0.32617188
f 569/1705 572/1706 571/1707 570/1708
vt 0.20507812 0.32617188
vt 0.20507812 0.34179688
vt 0.22070312 0.34179688
vt 0.22070312 0.32617188
f 570/1709 571/1710 575/1711 574/1712
vt 0.25195312 0.32617188
vt 0.25195312 0.34179688
vt 0.26757812 0.34179688
vt 0.26757812 0.32617188
f 574/1713 575/1714 576/1715 573/1716
vt 0.23632812 0.32617188
vt 0.23632812 0.34179688
vt 0.25195312 0.34179688
vt 0.25195312 0.32617188
f 573/1717 576/1718 572/1719 569/1720
vt 0.23632812 0.35742188
vt 0.23632812 0.34179688
vt 0.22070312 0.34179688
vt 0.22070312 0.35742188
f 572/1721 576/1722 575/1723 571/1724
vt 0.25195312 0.34179688
vt 0.25195312 0.35742188
vt 0.23632812 0.35742188
vt 0.23632812 0.34179688
f 573/1725 569/1726 570/1727 574/1728
v 8.8254350 0.1072225 -0.2130225
v 8.8254350 0.1072225 0.3051750
v 8.8254350 0.5172525 0.3051750
v 8.8254350 0.5172525 -0.2130225
v 8.4318050 0.1072225 -0.2130225
v 8.4318050 0.1072225 0.3051750
v 8.4318050 0.5172525 0.3051750
v 8.4318050 0.5172525 -0.2130225
vt 0.27734375 0.27539062
vt 0.27734375 0.29101562
vt 0.29296875 0.29101562
vt 0.29296875 0.27539062
f 577/1729 580/1730 579/1731 578/1732
vt 0.26171875 0.27539062
vt 0.26171875 0.29101562
vt 0.27734375 0.29101562
vt 0.27734375 0.27539062
f 578/1733 579/1734 583/1735 582/1736
vt 0.18750000 0.28125000
vt 0.18750000 0.29687500
vt 0.20312500 0.29687500
vt 0.20312500 0.28125000
f 582/1737 583/1738 584/1739 581/1740
vt 0.17187500 0.28125000
vt 0.17187500 0.29687500
vt 0.18750000 0.29687500
vt 0.18750000 0.28125000
f 581/1741 584/1742 580/1743 577/1744
vt 0.29296875 0.30664062
vt 0.29296875 0.29101562
vt 0.27734375 0.29101562
vt 0.27734375 0.30664062
f 580/1745 584/1746 583/1747 579/1748
vt 0.18750000 0.29687500
vt 0.18750000 0.31250000
vt 0.17187500 0.31250000
vt 0.17187500 0.29687500
f 581/1749 577/1750 578/1751 582/1752
v 8.8254350 0.6871049 0.2813578
v 8.8254350 0.3206840 -0.0850632
v 8.8254350 0.0558248 0.1797960
v 8.8254350 0.4222457 0.5462170
v 8.4318050 0.6871049 0.2813578
v 8.4318050 0.3206840 -0.0850632
v 8.4318050 0.0558248 0.1797960
v 8.4318050 0.4222457 0.5462170
vt 0.21484375 0.27539062
vt 0.21484375 0.29101562
vt 0.23046875 0.29101562
vt 0.23046875 0.27539062
f 585/1753 588/1754 587/1755 586/1756
vt 0.27539062 0.28125000
vt 0.27539062 0.29687500
vt 0.29101562 0.29687500
vt 0.29101562 0.28125000
f 586/1757 587/1758 591/1759 590/1760
vt 0.24609375 0.27539062
vt 0.24609375 0.29101562
vt 0.26171875 0.29101562
vt 0.26171875 0.27539062
f 590/1761 591/1762 592/1763 589/1764
vt 0.23046875 0.27539062
vt 0.23046875 0.29101562
vt 0.24609375 0.29101562
vt 0.24609375 0.27539062
f 589/1765 592/1766 588/1767 585/1768
vt 0.23046875 0.30664062
vt 0.23046875 0.29101562
vt 0.21484375 0.29101562
vt 0.21484375 0.30664062
f 588/1769 592/1770 591/1771 587/1772
vt 0.24609375 0.29101562
vt 0.24609375 0.30664062
vt 0.23046875 0.30664062
vt 0.23046875 0.29101562
f 589/1773 585/1774 586/1775 590/1776
v 8.8254350 0.4218653 -0.4544424
v 8.8254350 0.0554443 -0.0880215
v 8.8254350 0.3453811 0.2019153
v 8.8254350 0.7118021 -0.1645057
v 8.4318050 0.4218653 -0.4544424
v 8.4318050 0.0554443 -0.0880215
v 8.4318050 0.3453811 0.2019153
v 8.4318050 0.7118021 -0.1645057
vt 0.22851562 0.28125000
vt 0.22851562 0.29687500
vt 0.24414062 0.29687500
vt 0.24414062 0.28125000
f 593/1777 596/1778 595/1779 594/1780
vt 0.21289062 0.28125000
vt 0.21289062 0.29687500
vt 0.22851562 0.29687500
vt 0.22851562 0.28125000
f 594/1781 595/1782 599/1783 598/1784
vt 0.25976562 0.28125000
vt 0.25976562 0.29687500
vt 0.27539062 0.29687500
vt 0.27539062 0.28125000
f 598/1785 599/1786 600/1787 597/1788
vt 0.24414062 0.28125000
vt 0.24414062 0.29687500
vt 0.25976562 0.29687500
vt 0.25976562 0.28125000
f 597/1789 600/1790 596/1791 593/1792
vt 0.24414062 0.31250000
vt 0.24414062 0.29687500
vt 0.22851562 0.29687500
vt 0.22851562 0.31250000
f 596/1793 600/1794 599/1795 595/1796
vt 0.25976562 0.29687500
vt 0.25976562 0.31250000
vt 0.24414062 0.31250000
vt 0.24414062 0.29687500
f 597/1797 593/1798 594/1799 598/1800
v 8.8254350 1.0564732 -0.0880240
v 8.8254350 0.6900540 -0.4544432
v 8.8254350 0.4001172 -0.1645064
v 8.8254350 0.7665364 0.2019128
v 8.4318050 1.0564732 -0.0880240
v 8.4318050 0.6900540 -0.4544432
v 8.4318050 0.4001172 -0.1645064
v 8.4318050 0.7665364 0.2019128
vt 0.23046875 0.33007812
vt 0.23046875 0.34570312
vt 0.24609375 0.34570312
vt 0.24609375 0.33007812
f 601/1801 604/1802 603/1803 602/1804
vt 0.21484375 0.33007812
vt 0.21484375 0.34570312
vt 0.23046875 0.34570312
vt 0.23046875 0.33007812
f 602/1805 603/1806 607/1807 606/1808
vt 0.26171875 0.33007812
vt 0.26171875 0.34570312
vt 0.27734375 0.34570312
vt 0.27734375 0.33007812
f 606/1809 607/1810 608/1811 605/1812
vt 0.24609375 0.33007812
vt 0.24609375 0.34570312
vt 0.26171875 0.34570312
vt 0.26171875 0.33007812
f 605/1813 608/1814 604/1815 601/1816
vt 0.24609375 0.36132812
vt 0.24609375 0.34570312
vt 0.23046875 0.34570312
vt 0.23046875 0.36132812
f 604/1817 608/1818 607/1819 603/1820
vt 0.26171875 0.34570312
vt 0.26171875 0.36132812
vt 0.24609375 0.36132812
vt 0.24609375 0.34570312
f 605/1821 601/1822 602/1823 606/1824
v 9.1800750 0.2968575 -0.4021250
v 9.1800750 0.2968575 0.0079050
v 9.1800750 0.8150550 0.0079050
v 9.1800750 0.8150550 -0.4021250
v 8.7864450 0.2968575 -0.4021250
v 8.7864450 0.2968575 0.0079050
v 8.7864450 0.8150550 0.0079050
v 8.7864450 0.8150550 -0.4021250
vt 0.26367188 0.30664062
vt 0.26367188 0.32226562
vt 0.27929688 0.32226562
vt 0.27929688 0.30664062
f 609/1825 612/1826 611/1827 610/1828
vt 0.24804688 0.30664062
vt 0.24804688 0.32226562
vt 0.26367188 0.32226562
vt 0.26367188 0.30664062
f 610/1829 611/1830 615/1831 614/1832
vt 0.22851562 0.31054688
vt 0.22851562 0.32617188
vt 0.24414062 0.32617188
vt 0.24414062 0.31054688
f 614/1833 615/1834 616/1835 613/1836
vt 0.21289062 0.31054688
vt 0.21289062 0.32617188
vt 0.22851562 0.32617188
vt 0.22851562 0.31054688
f 613/1837 616/1838 612/1839 609/1840
vt 0.27929688 0.33789062
vt 0.27929688 0.32226562
vt 0.26367188 0.32226562
vt 0.26367188 0.33789062
f 612/1841 616/1842 615/1843 611/1844
vt 0.22851562 0.32617188
vt 0.22851562 0.34179688
vt 0.21289062 0.34179688
vt 0.21289062 0.32617188
f 613/1845 609/1846 610/1847 614/1848
v 9.1800750 0.5941350 -0.2130225
v 9.1800750 0.5941350 0.3051750
v 9.1800750 1.0041675 0.3051750
v 9.1800750 1.0041675 -0.2130225
v 8.7864450 0.5941350 -0.2130225
v 8.7864450 0.5941350 0.3051750
v 8.7864450 1.0041675 0.3051750
v 8.7864450 1.0041675 -0.2130225
vt 0.19921875 0.32421875
vt 0.19921875 0.33984375
vt 0.21484375 0.33984375
vt 0.21484375 0.32421875
f 617/1849 620/1850 619/1851 618/1852
vt 0.18359375 0.32421875
vt 0.18359375 0.33984375
vt 0.19921875 0.33984375
vt 0.19921875 0.32421875
f 618/1853 619/1854 623/1855 622/1856
vt 0.23046875 0.32421875
vt 0.23046875 0.33984375
vt 0.24609375 0.33984375
vt 0.24609375 0.32421875
f 622/1857 623/1858 624/1859 621/1860
vt 0.21484375 0.32421875
vt 0.21484375 0.33984375
vt 0.23046875 0.33984375
vt 0.23046875 0.32421875
f 621/1861 624/1862 620/1863 617/1864
vt 0.21484375 0.35546875
vt 0.21484375 0.33984375
vt 0.19921875 0.33984375
vt 0.19921875 0.35546875
f 620/1865 624/1866 623/1867 619/1868
vt 0.23046875 0.33984375
vt 0.23046875 0.35546875
vt 0.21484375 0.35546875
vt 0.21484375 0.33984375
f 621/1869 617/1870 618/1871 622/1872
v 9.1800750 0.2968575 0.1202500
v 9.1800750 0.2968575 0.4948175
v 9.1800750 0.8150550 0.4948175
v 9.1800750 0.8150550 0.1202500
v 8.7864450 0.2968575 0.1202500
v 8.7864450 0.2968575 0.4948175
v 8.7864450 0.8150550 0.4948175
v 8.7864450 0.8150550 0.1202500
vt 0.25585938 0.26757812
vt 0.25585938 0.28320312
vt 0.27148438 0.28320312
vt 0.27148438 0.26757812
f 625/1873 628/1874 627/1875 626/1876
vt 0.24023438 0.26757812
vt 0.24023438 0.28320312
vt 0.25585938 0.28320312
vt 0.25585938 0.26757812
f 626/1877 627/1878 631/1879 630/1880
vt 0.22070312 0.27148438
vt 0.22070312 0.28710938
vt 0.23632812 0.28710938
vt 0.23632812 0.27148438
f 630/1881 631/1882 632/1883 629/1884
vt 0.20507812 0.27148438
vt 0.20507812 0.28710938
vt 0.22070312 0.28710938
vt 0.22070312 0.27148438
f 629/1885 632/1886 628/1887 625/1888
vt 0.27148438 0.29882812
vt 0.27148438 0.28320312
vt 0.25585938 0.28320312
vt 0.25585938 0.29882812
f 628/1889 632/1890 631/1891 627/1892
vt 0.22070312 0.28710938
vt 0.22070312 0.30273438
vt 0.20507812 0.30273438
vt 0.20507812 0.28710938
f 629/1893 625/1894 626/1895 630/1896
v 9.1800750 0.7661585 -0.1101407
v 9.1800750 0.3997393 0.2562785
v 9.1800750 0.6896760 0.5462152
v 9.1800750 1.0560952 0.1797960
v 8.7864450 0.7661585 -0.1101407
v 8.7864450 0.3997393 0.2562785
v 8.7864450 0.6896760 0.5462152
v 8.7864450 1.0560952 0.1797960
vt 0.19335938 0.26757812
vt 0.19335938 0.28320312
vt 0.20898438 0.28320312
vt 0.20898438 0.26757812
f 633/1897 636/1898 635/1899 634/1900
vt 0.17773438 0.26757812
vt 0.17773438 0.28320312
vt 0.19335938 0.28320312
vt 0.19335938 0.26757812
f 634/1901 635/1902 639/1903 638/1904
vt 0.22460938 0.26757812
vt 0.22460938 0.28320312
vt 0.24023438 0.28320312
vt 0.24023438 0.26757812
f 638/1905 639/1906 640/1907 637/1908
vt 0.20898438 0.26757812
vt 0.20898438 0.28320312
vt 0.22460938 0.28320312
vt 0.22460938 0.26757812
f 637/1909 640/1910 636/1911 633/1912
vt 0.20898438 0.29882812
vt 0.20898438 0.28320312
vt 0.19335938 0.28320312
vt 0.19335938 0.29882812
f 636/1913 640/1914 639/1915 635/1916
vt 0.22460938 0.28320312
vt 0.22460938 0.29882812
vt 0.20898438 0.29882812
vt 0.20898438 0.28320312
f 637/1917 633/1918 634/1919 638/1920
v 9.1800750 0.1072225 -0.2130225
v 9.1800750 0.1072225 0.3051750
v 9.1800750 0.5172525 0.3051750
v 9.1800750 0.5172525 -0.2130225
v 8.7864450 0.1072225 -0.2130225
v 8.7864450 0.1072225 0.3051750
v 8.7864450 0.5172525 0.3051750
v 8.7864450 0.5172525 -0.2130225
vt 0.23632812 0.27734375
vt 0.23632812 0.29296875
vt 0.25195312 0.29296875
vt 0.25195312 0.27734375
f 641/1921 644/1922 643/1923 642/1924
vt 0.22070312 0.27734375
vt 0.22070312 0.29296875
vt 0.23632812 0.29296875
vt 0.23632812 0.27734375
f 642/1925 643/1926 647/1927 646/1928
vt 0.26757812 0.27734375
vt 0.26757812 0.29296875
vt 0.28320312 0.29296875
vt 0.28320312 0.27734375
f 646/1929 647/1930 648/1931 645/1932
vt 0.25195312 0.27734375
vt 0.25195312 0.29296875
vt 0.26757812 0.29296875
vt 0.26757812 0.27734375
f 645/1933 648/1934 644/1935 641/1936
vt 0.25195312 0.30859375
vt 0.25195312 0.29296875
vt 0.23632812 0.29296875
vt 0.23632812 0.30859375
f 644/1937 648/1938 647/1939 643/1940
vt 0.26757812 0.29296875
vt 0.26757812 0.30859375
vt 0.25195312 0.30859375
vt 0.25195312 0.29296875
f 645/1941 641/1942 642/1943 646/1944
v 9.1800750 0.6871049 0.2813578
v 9.1800750 0.3206840 -0.0850632
v 9.1800750 0.0558248 0.1797960
v 9.1800750 0.4222457 0.5462170
v 8.7864450 0.6871049 0.2813578
v 8.7864450 0.3206840 -0.0850632
v 8.7864450 0.0558248 0.1797960
v 8.7864450 0.4222457 0.5462170
vt 0.24804688 0.29882812
vt 0.24804688 0.31445312
vt 0.26367188 0.31445312
vt 0.26367188 0.29882812
f 649/1945 652/1946 651/1947 650/1948
vt 0.23242188 0.29882812
vt 0.23242188 0.31445312
vt 0.24804688 0.31445312
vt 0.24804688 0.29882812
f 650/1949 651/1950 655/1951 654/1952
vt 0.26953125 0.26953125
vt 0.26953125 0.28515625
vt 0.28515625 0.28515625
vt 0.28515625 0.26953125
f 654/1953 655/1954 656/1955 653/1956
vt 0.25390625 0.26953125
vt 0.25390625 0.28515625
vt 0.26953125 0.28515625
vt 0.26953125 0.26953125
f 653/1957 656/1958 652/1959 649/1960
vt 0.26367188 0.33007812
vt 0.26367188 0.31445312
vt 0.24804688 0.31445312
vt 0.24804688 0.33007812
f 652/1961 656/1962 655/1963 651/1964
vt 0.26953125 0.28515625
vt 0.26953125 0.30078125
vt 0.25390625 0.30078125
vt 0.25390625 0.28515625
f 653/1965 649/1966 650/1967 654/1968
v 9.1800750 0.4218653 -0.4544424
v 9.1800750 0.0554443 -0.0880215
v 9.1800750 0.3453811 0.2019153
v 9.1800750 0.7118021 -0.1645057
v 8.7864450 0.4218653 -0.4544424
v 8.7864450 0.0554443 -0.0880215
v 8.7864450 0.3453811 0.2019153
v 8.7864450 0.7118021 -0.1645057
vt 0.21484375 0.33398438
vt 0.21484375 0.34960938
vt 0.23046875 0.34960938
vt 0.23046875 0.33398438
f 657/1969 660/1970 659/1971 658/1972
vt 0.26562500 0.33007812
vt 0.26562500 0.34570312
vt 0.28125000 0.34570312
vt 0.28125000 0.33007812
f 658/1973 659/1974 663/1975 662/1976
vt 0.24609375 0.33398438
vt 0.24609375 0.34960938
vt 0.26171875 0.34960938
vt 0.26171875 0.33398438
f 662/1977 663/1978 664/1979 661/1980
vt 0.23046875 0.33398438
vt 0.23046875 0.34960938
vt 0.24609375 0.34960938
vt 0.24609375 0.33398438
f 661/1981 664/1982 660/1983 657/1984
vt 0.23046875 0.36523438
vt 0.23046875 0.34960938
vt 0.21484375 0.34960938
vt 0.21484375 0.36523438
f 660/1985 664/1986 663/1987 659/1988
vt 0.24609375 0.34960938
vt 0.24609375 0.36523438
vt 0.23046875 0.36523438
vt 0.23046875 0.34960938
f 661/1989 657/1990 658/1991 662/1992
v 9.1800750 1.0564732 -0.0880240
v 9.1800750 0.6900540 -0.4544432
v 9.1800750 0.4001172 -0.1645064
v 9.1800750 0.7665364 0.2019128
v 8.7864450 1.0564732 -0.0880240
v 8.7864450 0.6900540 -0.4544432
v 8.7864450 0.4001172 -0.1645064
v 8.7864450 0.7665364 0.2019128
vt 0.21875000 0.33007812
vt 0.21875000 0.34570312
vt 0.23437500 0.34570312
vt 0.23437500 0.33007812
f 665/1993 668/1994 667/1995 666/1996
vt 0.20312500 0.33007812
vt 0.20312500 0.34570312
vt 0.21875000 0.34570312
vt 0.21875000 0.33007812
f 666/1997 667/1998 671/1999 670/2000
vt 0.25000000 0.33007812
vt 0.25000000 0.34570312
vt 0.26562500 0.34570312
vt 0.26562500 0.33007812
f 670/2001 671/2002 672/2003 669/2004
vt 0.23437500 0.33007812
vt 0.23437500 0.34570312
vt 0.25000000 0.34570312
vt 0.25000000 0.33007812
f 669/2005 672/2006 668/2007 665/2008
vt 0.23437500 0.36132812
vt 0.23437500 0.34570312
vt 0.21875000 0.34570312
vt 0.21875000 0.36132812
f 668/2009 672/2010 671/2011 667/2012
vt 0.25000000 0.34570312
vt 0.25000000 0.36132812
vt 0.23437500 0.36132812
vt 0.23437500 0.34570312
f 669/2013 665/2014 666/2015 670/2016
v 9.5347150 0.2968575 -0.4021250
v 9.5347150 0.2968575 0.0079050
v 9.5347150 0.8150550 0.0079050
v 9.5347150 0.8150550 -0.4021250
v 9.1410850 0.2968575 -0.4021250
v 9.1410850 0.2968575 0.0079050
v 9.1410850 0.8150550 0.0079050
v 9.1410850 0.8150550 -0.4021250
vt 0.22070312 0.35546875
vt 0.22070312 0.37109375
vt 0.23632812 0.37109375
vt 0.23632812 0.35546875
f 673/2017 676/2018 675/2019 674/2020
vt 0.26367188 0.32226562
vt 0.26367188 0.33789062
vt 0.27929688 0.33789062
vt 0.27929688 0.32226562
f 674/2021 675/2022 679/2023 678/2024
vt 0.21484375 0.32031250
vt 0.21484375 0.33593750
vt 0.23046875 0.33593750
vt 0.23046875 0.32031250
f 678/2025 679/2026 680/2027 677/2028
vt 0.25000000 0.35156250
vt 0.25000000 0.36718750
vt 0.26562500 0.36718750
vt 0.26562500 0.35156250
f 677/2029 680/2030 676/2031 673/2032
vt 0.24414062 0.32226562
vt 0.24414062 0.30664062
vt 0.22851562 0.30664062
vt 0.22851562 0.32226562
f 676/2033 680/2034 679/2035 675/2036
vt 0.25976562 0.34375000
vt 0.25976562 0.35937500
vt 0.24414062 0.35937500
vt 0.24414062 0.34375000
f 677/2037 673/2038 674/2039 678/2040
v 9.5347150 0.5941350 -0.2130225
v 9.5347150 0.5941350 0.3051750
v 9.5347150 1.0041675 0.3051750
v 9.5347150 1.0041675 -0.2130225
v 9.1410850 0.5941350 -0.2130225
v 9.1410850 0.5941350 0.3051750
v 9.1410850 1.0041675 0.3051750
v 9.1410850 1.0041675 -0.2130225
vt 0.22656250 0.27929688
vt 0.22656250 0.29492188
vt 0.24218750 0.29492188
vt 0.24218750 0.27929688
f 681/2041 684/2042 683/2043 682/2044
vt 0.21093750 0.27929688
vt 0.21093750 0.29492188
vt 0.22656250 0.29492188
vt 0.22656250 0.27929688
f 682/2045 683/2046 687/2047 686/2048
vt 0.25781250 0.27929688
vt 0.25781250 0.29492188
vt 0.27343750 0.29492188
vt 0.27343750 0.27929688
f 686/2049 687/2050 688/2051 685/2052
vt 0.24218750 0.27929688
vt 0.24218750 0.29492188
vt 0.25781250 0.29492188
vt 0.25781250 0.27929688
f 685/2053 688/2054 684/2055 681/2056
vt 0.22265625 0.27148438
vt 0.22265625 0.25585938
vt 0.20703125 0.25585938
vt 0.20703125 0.27148438
f 684/2057 688/2058 687/2059 683/2060
vt 0.25781250 0.29492188
vt 0.25781250 0.31054688
vt 0.24218750 0.31054688
vt 0.24218750 0.29492188
f 685/2061 681/2062 682/2063 686/2064
v 9.5347150 0.2968575 0.1202500
v 9.5347150 0.2968575 0.4948175
v 9.5347150 0.8150550 0.4948175
v 9.5347150 0.8150550 0.1202500
v 9.1410850 0.2968575 0.1202500
v 9.1410850 0.2968575 0.4948175
v 9.1410850 0.8150550 0.4948175
v 9.1410850 0.8150550 0.1202500
vt 0.23828125 0.30078125
vt 0.23828125 0.31640625
vt 0.25390625 0.31640625
vt 0.25390625 0.30078125
f 689/2065 692/2066 691/2067 690/2068
vt 0.19335938 0.28515625
vt 0.19335938 0.30078125
vt 0.20898438 0.30078125
vt 0.20898438 0.28515625
f 690/2069 691/2070 695/2071 694/2072
vt 0.26953125 0.30078125
vt 0.26953125 0.31640625
vt 0.28515625 0.31640625
vt 0.28515625 0.30078125
f 694/2073 695/2074 696/2075 693/2076
vt 0.25390625 0.30078125
vt 0.25390625 0.31640625
vt 0.26953125 0.31640625
vt 0.26953125 0.30078125
f 693/2077 696/2078 692/2079 689/2080
vt 0.25390625 0.33203125
vt 0.25390625 0.31640625
vt 0.23828125 0.31640625
vt 0.23828125 0.33203125
f 692/2081 696/2082 695/2083 691/2084
vt 0.26953125 0.31640625
vt 0.26953125 0.33203125
vt 0.25390625 0.33203125
vt 0.25390625 0.31640625
f 693/2085 689/2086 690/2087 694/2088
v 9.5347150 0.7661585 -0.1101407
v 9.5347150 0.3997393 0.2562785
v 9.5347150 0.6896760 0.5462152
v 9.5347150 1.0560952 0.1797960
v 9.1410850 0.7661585 -0.1101407
v 9.1410850 0.3997393 0.2562785
v 9.1410850 0.6896760 0.5462152
v 9.1410850 1.0560952 0.1797960
vt 0.18164062 0.33593750
vt 0.18164062 0.35156250
vt 0.19726562 0.35156250
vt 0.19726562 0.33593750
f 697/2089 700/2090 699/2091 698/2092
vt 0.16601562 0.33593750
vt 0.16601562 0.35156250
vt 0.18164062 0.35156250
vt 0.18164062 0.33593750
f 698/2093 699/2094 703/2095 702/2096
vt 0.21289062 0.33593750
vt 0.21289062 0.35156250
vt 0.22851562 0.35156250
vt 0.22851562 0.33593750
f 702/2097 703/2098 704/2099 701/2100
vt 0.19726562 0.33593750
vt 0.19726562 0.35156250
vt 0.21289062 0.35156250
vt 0.21289062 0.33593750
f 701/2101 704/2102 700/2103 697/2104
vt 0.27539062 0.31640625
vt 0.27539062 0.30078125
vt 0.25976562 0.30078125
vt 0.25976562 0.31640625
f 700/2105 704/2106 703/2107 699/2108
vt 0.22460938 0.29882812
vt 0.22460938 0.31445312
vt 0.20898438 0.31445312
vt 0.20898438 0.29882812
f 701/2109 697/2110 698/2111 702/2112
v 9.5347150 0.1072225 -0.2130225
v 9.5347150 0.1072225 0.3051750
v 9.5347150 0.5172525 0.3051750
v 9.5347150 0.5172525 -0.2130225
v 9.1410850 0.1072225 -0.2130225
v 9.1410850 0.1072225 0.3051750
v 9.1410850 0.5172525 0.3051750
v 9.1410850 0.5172525 -0.2130225
vt 0.23828125 0.30078125
vt 0.23828125 0.31640625
vt 0.25390625 0.31640625
vt 0.25390625 0.30078125
f 705/2113 708/2114 707/2115 706/2116
vt 0.22265625 0.30078125
vt 0.22265625 0.31640625
vt 0.23828125 0.31640625
vt 0.23828125 0.30078125
f 706/2117 707/2118 711/2119 710/2120
vt 0.22460938 0.31445312
vt 0.22460938 0.33007812
vt 0.24023438 0.33007812
vt 0.24023438 0.31445312
f 710/2121 711/2122 712/2123 709/2124
vt 0.20898438 0.31445312
vt 0.20898438 0.33007812
vt 0.22460938 0.33007812
vt 0.22460938 0.31445312
f 709/2125 712/2126 708/2127 705/2128
vt 0.25390625 0.33203125
vt 0.25390625 0.31640625
vt 0.23828125 0.31640625
vt 0.23828125 0.33203125
f 708/2129 712/2130 711/2131 707/2132
vt 0.24023438 0.30078125
vt 0.24023438 0.31640625
vt 0.22460938 0.31640625
vt 0.22460938 0.30078125
f 709/2133 705/2134 706/2135 710/2136
v 9.5347150 0.6871049 0.2813578
v 9.5347150 0.3206840 -0.0850632
v 9.5347150 0.0558248 0.1797960
v 9.5347150 0.4222457 0.5462170
v 9.1410850 0.6871049 0.2813578
v 9.1410850 0.3206840 -0.0850632
v 9.1410850 0.0558248 0.1797960
v 9.1410850 0.4222457 0.5462170
vt 0.23828125 0.33203125
vt 0.23828125 0.34765625
vt 0.25390625 0.34765625
vt 0.25390625 0.33203125
f 713/2137 716/2138 715/2139 714/2140
vt 0.22265625 0.33203125
vt 0.22265625 0.34765625
vt 0.23828125 0.34765625
vt 0.23828125 0.33203125
f 714/2141 715/2142 719/2143 718/2144
vt 0.22460938 0.34570312
vt 0.22460938 0.36132812
vt 0.24023438 0.36132812
vt 0.24023438 0.34570312
f 718/2145 719/2146 720/2147 717/2148
vt 0.20898438 0.34570312
vt 0.20898438 0.36132812
vt 0.22460938 0.36132812
vt 0.22460938 0.34570312
f 717/2149 720/2150 716/2151 713/2152
vt 0.24804688 0.35742188
vt 0.24804688 0.34179688
vt 0.23242188 0.34179688
vt 0.23242188 0.35742188
f 716/2153 720/2154 719/2155 715/2156
vt 0.26367188 0.28906250
vt 0.26367188 0.30468750
vt 0.24804688 0.30468750
vt 0.24804688 0.28906250
f 717/2157 713/2158 714/2159 718/2160
v 9.5347150 0.4218653 -0.4544424
v 9.5347150 0.0554443 -0.0880215
v 9.5347150 0.3453811 0.2019153
v 9.5347150 0.7118021 -0.1645057
v 9.1410850 0.4218653 -0.4544424
v 9.1410850 0.0554443 -0.0880215
v 9.1410850 0.3453811 0.2019153
v 9.1410850 0.7118021 -0.1645057
vt 0.26757812 0.28906250
vt 0.26757812 0.30468750
vt 0.28320312 0.30468750
vt 0.28320312 0.28906250
f 721/2161 724/2162 723/2163 722/2164
vt 0.25195312 0.28906250
vt 0.25195312 0.30468750
vt 0.26757812 0.30468750
vt 0.26757812 0.28906250
f 722/2165 723/2166 727/2167 726/2168
vt 0.26953125 0.27343750
vt 0.26953125 0.28906250
vt 0.28515625 0.28906250
vt 0.28515625 0.27343750
f 726/2169 727/2170 728/2171 725/2172
vt 0.28320312 0.28906250
vt 0.28320312 0.30468750
vt 0.29882812 0.30468750
vt 0.29882812 0.28906250
f 725/2173 728/2174 724/2175 721/2176
vt 0.28320312 0.32031250
vt 0.28320312 0.30468750
vt 0.26757812 0.30468750
vt 0.26757812 0.32031250
f 724/2177 728/2178 727/2179 723/2180
vt 0.29882812 0.30468750
vt 0.29882812 0.32031250
vt 0.28320312 0.32031250
vt 0.28320312 0.30468750
f 725/2181 721/2182 722/2183 726/2184
v 9.5347150 1.0564732 -0.0880240
v 9.5347150 0.6900540 -0.4544432
v 9.5347150 0.4001172 -0.1645064
v 9.5347150 0.7665364 0.2019128
v 9.1410850 1.0564732 -0.0880240
v 9.1410850 0.6900540 -0.4544432
v 9.1410850 0.4001172 -0.1645064
v 9.1410850 0.7665364 0.2019128
vt 0.26757812 0.32031250
vt 0.26757812 0.33593750
vt 0.28320312 0.33593750
vt 0.28320312 0.32031250
f 729/2185 732/2186 731/2187 730/2188
vt 0.25195312 0.32031250
vt 0.25195312 0.33593750
vt 0.26757812 0.33593750
vt 0.26757812 0.32031250
f 730/2189 731/2190 735/2191 734/2192
vt 0.20312500 0.30273438
vt 0.20312500 0.31835938
vt 0.21875000 0.31835938
vt 0.21875000 0.30273438
f 734/2193 735/2194 736/2195 733/2196
vt 0.23242188 0.28906250
vt 0.23242188 0.30468750
vt 0.24804688 0.30468750
vt 0.24804688 0.28906250
f 733/2197 736/2198 732/2199 729/2200
vt 0.28320312 0.35156250
vt 0.28320312 0.33593750
vt 0.26757812 0.33593750
vt 0.26757812 0.35156250
f 732/2201 736/2202 735/2203 731/2204
vt 0.26953125 0.32031250
vt 0.26953125 0.33593750
vt 0.25390625 0.33593750
vt 0.25390625 0.32031250
f 733/2205 729/2206 730/2207 734/2208
v 9.8893475 0.2968575 -0.4021250
v 9.8893475 0.2968575 0.0079050
v 9.8893475 0.8150550 0.0079050
v 9.8893475 0.8150550 -0.4021250
v 9.4957175 0.2968575 -0.4021250
v 9.4957175 0.2968575 0.0079050
v 9.4957175 0.8150550 0.0079050
v 9.4957175 0.8150550 -0.4021250
vt 0.21679688 0.31445312
vt 0.21679688 0.33007812
vt 0.23242188 0.33007812
vt 0.23242188 0.31445312
f 737/2209 740/2210 739/2211 738/2212
vt 0.20117188 0.31445312
vt 0.20117188 0.33007812
vt 0.21679688 0.33007812
vt 0.21679688 0.31445312
f 738/2213 739/2214 743/2215 742/2216
vt 0.24804688 0.31445312
vt 0.24804688 0.33007812
vt 0.26367188 0.33007812
vt 0.26367188 0.31445312
f 742/2217 743/2218 744/2219 741/2220
vt 0.21289062 0.27539062
vt 0.21289062 0.29101562
vt 0.22851562 0.29101562
vt 0.22851562 0.27539062
f 741/2221 744/2222 740/2223 737/2224
vt 0.23242188 0.34570312
vt 0.23242188 0.33007812
vt 0.21679688 0.33007812
vt 0.21679688 0.34570312
f 740/2225 744/2226 743/2227 739/2228
vt 0.24804688 0.33007812
vt 0.24804688 0.34570312
vt 0.23242188 0.34570312
vt 0.23242188 0.33007812
f 741/2229 737/2230 738/2231 742/2232
v 9.8893475 0.5941350 -0.2130225
v 9.8893475 0.5941350 0.3051750
v 9.8893475 1.0041675 0.3051750
v 9.8893475 1.0041675 -0.2130225
v 9.4957175 0.5941350 -0.2130225
v 9.4957175 0.5941350 0.3051750
v 9.4957175 1.0041675 0.3051750
v 9.4957175 1.0041675 -0.2130225
vt 0.21679688 0.34570312
vt 0.21679688 0.36132812
vt 0.23242188 0.36132812
vt 0.23242188 0.34570312
f 745/2233 748/2234 747/2235 746/2236
vt 0.20117188 0.34570312
vt 0.20117188 0.36132812
vt 0.21679688 0.36132812
vt 0.21679688 0.34570312
f 746/2237 747/2238 751/2239 750/2240
vt 0.24804688 0.34570312
vt 0.24804688 0.36132812
vt 0.26367188 0.36132812
vt 0.26367188 0.34570312
f 750/2241 751/2242 752/2243 749/2244
vt 0.23242188 0.34570312
vt 0.23242188 0.36132812
vt 0.24804688 0.36132812
vt 0.24804688 0.34570312
f 749/2245 752/2246 748/2247 745/2248
vt 0.22070312 0.32617188
vt 0.22070312 0.31054688
vt 0.20507812 0.31054688
vt 0.20507812 0.32617188
f 748/2249 752/2250 751/2251 747/2252
vt 0.28710938 0.28906250
vt 0.28710938 0.30468750
vt 0.27148438 0.30468750
vt 0.27148438 0.28906250
f 749/2253 745/2254 746/2255 750/2256
v 9.8893475 0.2968575 0.1202500
v 9.8893475 0.2968575 0.4948175
v 9.8893475 0.8150550 0.4948175
v 9.8893475 0.8150550 0.1202500
v 9.4957175 0.2968575 0.1202500
v 9.4957175 0.2968575 0.4948175
v 9.4957175 0.8150550 0.4948175
v 9.4957175 0.8150550 0.1202500
vt 0.21679688 0.27929688
vt 0.21679688 0.29492188
vt 0.23242188 0.29492188
vt 0.23242188 0.27929688
f 753/2257 756/2258 755/2259 754/2260
vt 0.26757812 0.28125000
vt 0.26757812 0.29687500
vt 0.28320312 0.29687500
vt 0.28320312 0.28125000
f 754/2261 755/2262 759/2263 758/2264
vt 0.28125000 0.30078125
vt 0.28125000 0.31640625
vt 0.29687500 0.31640625
vt 0.29687500 0.30078125
f 758/2265 759/2266 760/2267 757/2268
vt 0.23242188 0.27929688
vt 0.23242188 0.29492188
vt 0.24804688 0.29492188
vt 0.24804688 0.27929688
f 757/2269 760/2270 756/2271 753/2272
vt 0.23242188 0.31054688
vt 0.23242188 0.29492188
vt 0.21679688 0.29492188
vt 0.21679688 0.31054688
f 756/2273 760/2274 759/2275 755/2276
vt 0.24804688 0.29492188
vt 0.24804688 0.31054688
vt 0.23242188 0.31054688
vt 0.23242188 0.29492188
f 757/2277 753/2278 754/2279 758/2280
v 9.8893475 0.7661585 -0.1101407
v 9.8893475 0.3997393 0.2562785
v 9.8893475 0.6896760 0.5462152
v 9.8893475 1.0560952 0.1797960
v 9.4957175 0.7661585 -0.1101407
v 9.4957175 0.3997393 0.2562785
v 9.4957175 0.6896760 0.5462152
v 9.4957175 1.0560952 0.1797960
vt 0.25000000 0.29687500
vt 0.25000000 0.31250000
vt 0.26562500 0.31250000
vt 0.26562500 0.29687500
f 761/2281 764/2282 763/2283 762/2284
vt 0.23437500 0.29687500
vt 0.23437500 0.31250000
vt 0.25000000 0.31250000
vt 0.25000000 0.29687500
f 762/2285 763/2286 767/2287 766/2288
vt 0.28125000 0.29687500
vt 0.28125000 0.31250000
vt 0.29687500 0.31250000
vt 0.29687500 0.29687500
f 766/2289 767/2290 768/2291 765/2292
vt 0.26562500 0.29687500
vt 0.26562500 0.31250000
vt 0.28125000 0.31250000
vt 0.28125000 0.29687500
f 765/2293 768/2294 764/2295 761/2296
vt 0.23632812 0.31250000
vt 0.23632812 0.29687500
vt 0.22070312 0.29687500
vt 0.22070312 0.31250000
f 764/2297 768/2298 767/2299 763/2300
vt 0.28125000 0.31250000
vt 0.28125000 0.32812500
vt 0.26562500 0.32812500
vt 0.26562500 0.31250000
f 765/2301 761/2302 762/2303 766/2304
v 9.8893475 0.1072225 -0.2130225
v 9.8893475 0.1072225 0.3051750
v 9.8893475 0.5172525 0.3051750
v 9.8893475 0.5172525 -0.2130225
v 9.4957175 0.1072225 -0.2130225
v 9.4957175 0.1072225 0.3051750
v 9.4957175 0.5172525 0.3051750
v 9.4957175 0.5172525 -0.2130225
vt 0.24023438 0.30078125
vt 0.24023438 0.31640625
vt 0.25585938 0.31640625
vt 0.25585938 0.30078125
f 769/2305 772/2306 771/2307 770/2308
vt 0.22460938 0.30078125
vt 0.22460938 0.31640625
vt 0.24023438 0.31640625
vt 0.24023438 0.30078125
f 770/2309 771/2310 775/2311 774/2312
vt 0.26562500 0.25781250
vt 0.26562500 0.27343750
vt 0.28125000 0.27343750
vt 0.28125000 0.25781250
f 774/2313 775/2314 776/2315 773/2316
vt 0.25000000 0.25781250
vt 0.25000000 0.27343750
vt 0.26562500 0.27343750
vt 0.26562500 0.25781250
f 773/2317 776/2318 772/2319 769/2320
vt 0.25585938 0.33203125
vt 0.25585938 0.31640625
vt 0.24023438 0.31640625
vt 0.24023438 0.33203125
f 772/2321 776/2322 775/2323 771/2324
vt 0.23632812 0.25781250
vt 0.23632812 0.27343750
vt 0.22070312 0.27343750
vt 0.22070312 0.25781250
f 773/2325 769/2326 770/2327 774/2328
v 9.8893475 0.6871049 0.2813578
v 9.8893475 0.3206840 -0.0850632
v 9.8893475 0.0558248 0.1797960
v 9.8893475 0.4222457 0.5462170
v 9.4957175 0.6871049 0.2813578
v 9.4957175 0.3206840 -0.0850632
v 9.4957175 0.0558248 0.1797960
v 9.4957175 0.4222457 0.5462170
vt 0.24023438 0.33203125
vt 0.24023438 0.34765625
vt 0.25585938 0.34765625
vt 0.25585938 0.33203125
f 777/2329 780/2330 779/2331 778/2332
vt 0.22460938 0.33203125
vt 0.22460938 0.34765625
vt 0.24023438 0.34765625
vt 0.24023438 0.33203125
f 778/2333 779/2334 783/2335 782/2336
vt 0.26562500 0.28906250
vt 0.26562500 0.30468750
vt 0.28125000 0.30468750
vt 0.28125000 0.28906250
f 782/2337 783/2338 784/2339 781/2340
vt 0.25000000 0.28906250
vt 0.25000000 0.30468750
vt 0.26562500 0.30468750
vt 0.26562500 0.28906250
f 781/2341 784/2342 780/2343 777/2344
vt 0.23632812 0.32421875
vt 0.23632812 0.30859375
vt 0.22070312 0.30859375
vt 0.22070312 0.32421875
f 780/2345 784/2346 783/2347 779/2348
vt 0.26562500 0.30468750
vt 0.26562500 0.32031250
vt 0.25000000 0.32031250
vt 0.25000000 0.30468750
f 781/2349 777/2350 778/2351 782/2352
v 9.8893475 0.4218653 -0.4544424
v 9.8893475 0.0554443 -0.0880215
v 9.8893475 0.3453811 0.2019153
v 9.8893475 0.7118021 -0.1645057
v 9.4957175 0.4218653 -0.4544424
v 9.4957175 0.0554443 -0.0880215
v 9.4957175 0.3453811 0.2019153
v 9.4957175 0.7118021 -0.1645057
vt 0.18750000 0.29687500
vt 0.18750000 0.31250000
vt 0.20312500 0.31250000
vt 0.20312500 0.29687500
f 785/2353 788/2354 787/2355 786/2356
vt 0.27343750 0.27929688
vt 0.27343750 0.29492188
vt 0.28906250 0.29492188
vt 0.28906250 0.27929688
f 786/2357 787/2358 791/2359 790/2360
vt 0.21875000 0.29687500
vt 0.21875000 0.31250000
vt 0.23437500 0.31250000
vt 0.23437500 0.29687500
f 790/2361 791/2362 792/2363 789/2364
vt 0.20312500 0.29687500
vt 0.20312500 0.31250000
vt 0.21875000 0.31250000
vt 0.21875000 0.29687500
f 789/2365 792/2366 788/2367 785/2368
vt 0.20312500 0.32812500
vt 0.20312500 0.31250000
vt 0.18750000 0.31250000
vt 0.18750000 0.32812500
f 788/2369 792/2370 791/2371 787/2372
vt 0.18945312 0.29687500
vt 0.18945312 0.31250000
vt 0.17382812 0.31250000
vt 0.17382812 0.29687500
f 789/2373 785/2374 786/2375 790/2376
v 9.8893475 1.0564732 -0.0880240
v 9.8893475 0.6900540 -0.4544432
v 9.8893475 0.4001172 -0.1645064
v 9.8893475 0.7665364 0.2019128
v 9.4957175 1.0564732 -0.0880240
v 9.4957175 0.6900540 -0.4544432
v 9.4957175 0.4001172 -0.1645064
v 9.4957175 0.7665364 0.2019128
vt 0.27929688 0.29101562
vt 0.27929688 0.30664062
vt 0.29492188 0.30664062
vt 0.29492188 0.29101562
f 793/2377 796/2378 795/2379 794/2380
vt 0.26367188 0.29101562
vt 0.26367188 0.30664062
vt 0.27929688 0.30664062
vt 0.27929688 0.29101562
f 794/2381 795/2382 799/2383 798/2384
vt 0.26562500 0.32031250
vt 0.26562500 0.33593750
vt 0.28125000 0.33593750
vt 0.28125000 0.32031250
f 798/2385 799/2386 800/2387 797/2388
vt 0.25000000 0.32031250
vt 0.25000000 0.33593750
vt 0.26562500 0.33593750
vt 0.26562500 0.32031250
f 797/2389 800/2390 796/2391 793/2392
vt 0.29492188 0.32226562
vt 0.29492188 0.30664062
vt 0.27929688 0.30664062
vt 0.27929688 0.32226562
f 796/2393 800/2394 799/2395 795/2396
vt 0.23632812 0.32031250
vt 0.23632812 0.33593750
vt 0.22070312 0.33593750
vt 0.22070312 0.32031250
f 797/2397 793/2398 794/2399 798/2400
v 7.7969775 0.4218653 -0.4544424
v 7.7969775 0.0554443 -0.0880215
v 7.7969775 0.3453811 0.2019153
v 7.7969775 0.7118021 -0.1645057
v 6.7649975 0.4218653 -0.4544424
v 6.7649975 0.0554443 -0.0880215
v 6.7649975 0.3453811 0.2019153
v 6.7649975 0.7118021 -0.1645057
vt 0.20312500 0.33007812
vt 0.20312500 0.34570312
vt 0.21875000 0.34570312
vt 0.21875000 0.33007812
f 801/2401 804/2402 803/2403 802/2404
vt 0.17187500 0.33007812
vt 0.17187500 0.34570312
vt 0.20312500 0.34570312
vt 0.20312500 0.33007812
f 802/2405 803/2406 807/2407 806/2408
vt 0.25000000 0.33007812
vt 0.25000000 0.34570312
vt 0.26562500 0.34570312
vt 0.26562500 0.33007812
f 806/2409 807/2410 808/2411 805/2412
vt 0.21875000 0.33007812
vt 0.21875000 0.34570312
vt 0.25000000 0.34570312
vt 0.25000000 0.33007812
f 805/2413 808/2414 804/2415 801/2416
vt 0.22656250 0.31445312
vt 0.22656250 0.28320312
vt 0.21093750 0.28320312
vt 0.21093750 0.31445312
f 804/2417 808/2418 807/2419 803/2420
vt 0.24218750 0.28320312
vt 0.24218750 0.31445312
vt 0.22656250 0.31445312
vt 0.22656250 0.28320312
f 805/2421 801/2422 802/2423 806/2424
v 11.4278400 1.1097263 -0.1353563
v 11.4278400 0.7091679 -0.5359146
v 11.4278400 0.3988630 -0.2256097
v 11.4278400 0.7994213 0.1749486
v 9.7529350 1.1097263 -0.1353563
v 9.7529350 0.7091679 -0.5359146
v 9.7529350 0.3988630 -0.2256097
v 9.7529350 0.7994213 0.1749486
vt 0.21679688 0.27929688
vt 0.21679688 0.29492188
vt 0.23242188 0.29492188
vt 0.23242188 0.27929688
f 809/2425 812/2426 811/2427 810/2428
vt 0.16992188 0.27929688
vt 0.16992188 0.29492188
vt 0.21679688 0.29492188
vt 0.21679688 0.27929688
f 810/2429 811/2430 815/2431 814/2432
vt 0.27929688 0.27929688
vt 0.27929688 0.29492188
vt 0.29492188 0.29492188
vt 0.29492188 0.27929688
f 814/2433 815/2434 816/2435 813/2436
vt 0.23242188 0.27929688
vt 0.23242188 0.29492188
vt 0.27929688 0.29492188
vt 0.27929688 0.27929688
f 813/2437 816/2438 812/2439 809/2440
vt 0.23242188 0.34179688
vt 0.23242188 0.29492188
vt 0.21679688 0.29492188
vt 0.21679688 0.34179688
f 812/2441 816/2442 815/2443 811/2444
vt 0.25781250 0.28710938
vt 0.25781250 0.33398438
vt 0.24218750 0.33398438
vt 0.24218750 0.28710938
f 813/2445 809/2446 810/2447 814/2448
v 11.4278400 0.3927026 -0.5359223
v 11.4278400 -0.0078557 -0.1353640
v 11.4278400 0.3024493 0.1749410
v 11.4278400 0.7030076 -0.2256173
v 9.7529350 0.3927026 -0.5359223
v 9.7529350 -0.0078557 -0.1353640
v 9.7529350 0.3024493 0.1749410
v 9.7529350 0.7030076 -0.2256173
vt 0.22070312 0.30664062
vt 0.22070312 0.32226562
vt 0.23632812 0.32226562
vt 0.23632812 0.30664062
f 817/2449 820/2450 819/2451 818/2452
vt 0.17382812 0.30664062
vt 0.17382812 0.32226562
vt 0.22070312 0.32226562
vt 0.22070312 0.30664062
f 818/2453 819/2454 823/2455 822/2456
vt 0.28320312 0.30664062
vt 0.28320312 0.32226562
vt 0.29882812 0.32226562
vt 0.29882812 0.30664062
f 822/2457 823/2458 824/2459 821/2460
vt 0.23632812 0.30664062
vt 0.23632812 0.32226562
vt 0.28320312 0.32226562
vt 0.28320312 0.30664062
f 821/2461 824/2462 820/2463 817/2464
vt 0.23242188 0.34570312
vt 0.23242188 0.29882812
vt 0.21679688 0.29882812
vt 0.21679688 0.34570312
f 820/2465 824/2466 823/2467 819/2468
vt 0.24804688 0.29882812
vt 0.24804688 0.34570312
vt 0.23242188 0.34570312
vt 0.23242188 0.29882812
f 821/2469 817/2470 818/2471 822/2472
v 11.4278400 0.6738707 0.3004922
v 11.4278400 0.2733159 -0.1000626
v 11.4278400 -0.0073984 0.1806517
v 11.4278400 0.3931563 0.5812065
v 9.7529350 0.6738707 0.3004922
v 9.7529350 0.2733159 -0.1000626
v 9.7529350 -0.0073984 0.1806517
v 9.7529350 0.3931563 0.5812065
vt 0.21289062 0.27539062
vt 0.21289062 0.29101562
vt 0.22851562 0.29101562
vt 0.22851562 0.27539062
f 825/2473 828/2474 827/2475 826/2476
vt 0.16601562 0.27539062
vt 0.16601562 0.29101562
vt 0.21289062 0.29101562
vt 0.21289062 0.27539062
f 826/2477 827/2478 831/2479 830/2480
vt 0.27539062 0.27539062
vt 0.27539062 0.29101562
vt 0.29101562 0.29101562
vt 0.29101562 0.27539062
f 830/2481 831/2482 832/2483 829/2484
vt 0.22851562 0.27539062
vt 0.22851562 0.29101562
vt 0.27539062 0.29101562
vt 0.27539062 0.27539062
f 829/2485 832/2486 828/2487 825/2488
vt 0.19726562 0.34179688
vt 0.19726562 0.29492188
vt 0.18164062 0.29492188
vt 0.18164062 0.34179688
f 828/2489 832/2490 831/2491 827/2492
vt 0.21289062 0.29492188
vt 0.21289062 0.34179688
vt 0.19726562 0.34179688
vt 0.19726562 0.29492188
f 829/2493 825/2494 826/2495 830/2496
v 10.3816525 0.0439275 -0.2603675
v 10.3816525 0.0439275 0.3061100
v 10.3816525 0.4827575 0.3061100
v 10.3816525 0.4827575 -0.2603675
v 9.7529350 0.0439275 -0.2603675
v 9.7529350 0.0439275 0.3061100
v 9.7529350 0.4827575 0.3061100
v 9.7529350 0.4827575 -0.2603675
vt 0.23242188 0.31054688
vt 0.23242188 0.32617188
vt 0.24804688 0.32617188
vt 0.24804688 0.31054688
f 833/2497 836/2498 835/2499 834/2500
vt 0.21679688 0.31054688
vt 0.21679688 0.32617188
vt 0.23242188 0.32617188
vt 0.23242188 0.31054688
f 834/2501 835/2502 839/2503 838/2504
vt 0.19335938 0.30273438
vt 0.19335938 0.31835938
vt 0.20898438 0.31835938
vt 0.20898438 0.30273438
f 838/2505 839/2506 840/2507 837/2508
vt 0.24804688 0.31054688
vt 0.24804688 0.32617188
vt 0.26367188 0.32617188
vt 0.26367188 0.31054688
f 837/2509 840/2510 836/2511 833/2512
vt 0.24804688 0.34179688
vt 0.24804688 0.32617188
vt 0.23242188 0.32617188
vt 0.23242188 0.34179688
f 836/2513 840/2514 839/2515 835/2516
vt 0.26367188 0.32617188
vt 0.26367188 0.34179688
vt 0.24804688 0.34179688
vt 0.24804688 0.32617188
f 837/2517 833/2518 834/2519 838/2520
v 11.4278400 0.0439275 -0.2603675
v 11.4278400 0.0439275 0.3061100
v 11.4278400 0.4827575 0.3061100
v 11.4278400 0.4827575 -0.2603675
v 10.7991250 0.0439275 -0.2603675
v 10.7991250 0.0439275 0.3061100
v 10.7991250 0.4827575 0.3061100
v 10.7991250 0.4827575 -0.2603675
vt 0.23437500 0.30664062
vt 0.23437500 0.32226562
vt 0.25000000 0.32226562
vt 0.25000000 0.30664062
f 841/2521 844/2522 843/2523 842/2524
vt 0.21875000 0.30664062
vt 0.21875000 0.32226562
vt 0.23437500 0.32226562
vt 0.23437500 0.30664062
f 842/2525 843/2526 847/2527 846/2528
vt 0.26562500 0.30664062
vt 0.26562500 0.32226562
vt 0.28125000 0.32226562
vt 0.28125000 0.30664062
f 846/2529 847/2530 848/2531 845/2532
vt 0.25000000 0.30664062
vt 0.25000000 0.32226562
vt 0.26562500 0.32226562
vt 0.26562500 0.30664062
f 845/2533 848/2534 844/2535 841/2536
vt 0.25000000 0.33789062
vt 0.25000000 0.32226562
vt 0.23437500 0.32226562
vt 0.23437500 0.33789062
f 844/2537 848/2538 847/2539 843/2540
vt 0.26562500 0.32226562
vt 0.26562500 0.33789062
vt 0.25000000 0.33789062
vt 0.25000000 0.32226562
f 845/2541 841/2542 842/2543 846/2544
v 11.4278400 0.7989716 -0.1296428
v 11.4278400 0.3984185 0.2709102
v 11.4278400 0.7087235 0.5812152
v 11.4278400 1.1092765 0.1806622
v 9.7529350 0.7989716 -0.1296428
v 9.7529350 0.3984185 0.2709102
v 9.7529350 0.7087235 0.5812152
v 9.7529350 1.1092765 0.1806622
vt 0.25781250 0.33593750
vt 0.25781250 0.35156250
vt 0.27343750 0.35156250
vt 0.27343750 0.33593750
f 849/2545 852/2546 851/2547 850/2548
vt 0.21093750 0.33593750
vt 0.21093750 0.35156250
vt 0.25781250 0.35156250
vt 0.25781250 0.33593750
f 850/2549 851/2550 855/2551 854/2552
vt 0.22460938 0.27734375
vt 0.22460938 0.29296875
vt 0.24023438 0.29296875
vt 0.24023438 0.27734375
f 854/2553 855/2554 856/2555 853/2556
vt 0.17773438 0.27734375
vt 0.17773438 0.29296875
vt 0.22460938 0.29296875
vt 0.22460938 0.27734375
f 853/2557 856/2558 852/2559 849/2560
vt 0.24804688 0.32617188
vt 0.24804688 0.27929688
vt 0.23242188 0.27929688
vt 0.23242188 0.32617188
f 852/2561 856/2562 855/2563 851/2564
vt 0.26367188 0.27929688
vt 0.26367188 0.32617188
vt 0.24804688 0.32617188
vt 0.24804688 0.27929688
f 853/2565 849/2566 850/2567 854/2568
v 11.4278400 0.2681475 0.1324450
v 11.4278400 0.2681475 0.5294350
v 11.4278400 0.8346250 0.5294350
v 11.4278400 0.8346250 0.1324450
v 10.7991250 0.2681475 0.1324450
v 10.7991250 0.2681475 0.5294350
v 10.7991250 0.8346250 0.5294350
v 10.7991250 0.8346250 0.1324450
vt 0.19140625 0.27343750
vt 0.19140625 0.28906250
vt 0.20703125 0.28906250
vt 0.20703125 0.27343750
f 857/2569 860/2570 859/2571 858/2572
vt 0.24804688 0.27929688
vt 0.24804688 0.29492188
vt 0.26367188 0.29492188
vt 0.26367188 0.27929688
f 858/2573 859/2574 863/2575 862/2576
vt 0.22265625 0.27343750
vt 0.22265625 0.28906250
vt 0.23828125 0.28906250
vt 0.23828125 0.27343750
f 862/2577 863/2578 864/2579 861/2580
vt 0.20703125 0.27343750
vt 0.20703125 0.28906250
vt 0.22265625 0.28906250
vt 0.22265625 0.27343750
f 861/2581 864/2582 860/2583 857/2584
vt 0.20703125 0.30468750
vt 0.20703125 0.28906250
vt 0.19140625 0.28906250
vt 0.19140625 0.30468750
f 860/2585 864/2586 863/2587 859/2588
vt 0.22265625 0.28906250
vt 0.22265625 0.30468750
vt 0.20703125 0.30468750
vt 0.20703125 0.28906250
f 861/2589 857/2590 858/2591 862/2592
v 10.3816525 0.2676975 0.1328975
v 10.3816525 0.2676975 0.5298800
v 10.3816525 0.8341725 0.5298800
v 10.3816525 0.8341725 0.1328975
v 9.7529350 0.2676975 0.1328975
v 9.7529350 0.2676975 0.5298800
v 9.7529350 0.8341725 0.5298800
v 9.7529350 0.8341725 0.1328975
vt 0.19140625 0.28906250
vt 0.19140625 0.30468750
vt 0.20703125 0.30468750
vt 0.20703125 0.28906250
f 865/2593 868/2594 867/2595 866/2596
vt 0.17578125 0.28906250
vt 0.17578125 0.30468750
vt 0.19140625 0.30468750
vt 0.19140625 0.28906250
f 866/2597 867/2598 871/2599 870/2600
vt 0.22265625 0.28906250
vt 0.22265625 0.30468750
vt 0.23828125 0.30468750
vt 0.23828125 0.28906250
f 870/2601 871/2602 872/2603 869/2604
vt 0.20703125 0.28906250
vt 0.20703125 0.30468750
vt 0.22265625 0.30468750
vt 0.22265625 0.28906250
f 869/2605 872/2606 868/2607 865/2608
vt 0.20703125 0.32031250
vt 0.20703125 0.30468750
vt 0.19140625 0.30468750
vt 0.19140625 0.32031250
f 868/2609 872/2610 871/2611 867/2612
vt 0.22265625 0.30468750
vt 0.22265625 0.32031250
vt 0.20703125 0.32031250
vt 0.20703125 0.30468750
f 869/2613 865/2614 866/2615 870/2616
v 11.4278400 0.6184850 -0.2603675
v 11.4278400 0.6184850 0.3061100
v 11.4278400 1.0573225 0.3061100
v 11.4278400 1.0573225 -0.2603675
v 10.7991250 0.6184850 -0.2603675
v 10.7991250 0.6184850 0.3061100
v 10.7991250 1.0573225 0.3061100
v 10.7991250 1.0573225 -0.2603675
vt 0.25390625 0.27343750
vt 0.25390625 0.28906250
vt 0.26953125 0.28906250
vt 0.26953125 0.27343750
f 873/2617 876/2618 875/2619 874/2620
vt 0.23828125 0.27343750
vt 0.23828125 0.28906250
vt 0.25390625 0.28906250
vt 0.25390625 0.27343750
f 874/2621 875/2622 879/2623 878/2624
vt 0.19531250 0.28906250
vt 0.19531250 0.30468750
vt 0.21093750 0.30468750
vt 0.21093750 0.28906250
f 878/2625 879/2626 880/2627 877/2628
vt 0.25390625 0.30468750
vt 0.25390625 0.32031250
vt 0.26953125 0.32031250
vt 0.26953125 0.30468750
f 877/2629 880/2630 876/2631 873/2632
vt 0.23437500 0.30468750
vt 0.23437500 0.28906250
vt 0.21875000 0.28906250
vt 0.21875000 0.30468750
f 876/2633 880/2634 879/2635 875/2636
vt 0.26953125 0.32031250
vt 0.26953125 0.33593750
vt 0.25390625 0.33593750
vt 0.25390625 0.32031250
f 877/2637 873/2638 874/2639 878/2640
v 10.3816525 0.6184850 -0.2603675
v 10.3816525 0.6184850 0.3061100
v 10.3816525 1.0573225 0.3061100
v 10.3816525 1.0573225 -0.2603675
v 9.7529350 0.6184850 -0.2603675
v 9.7529350 0.6184850 0.3061100
v 9.7529350 1.0573225 0.3061100
v 9.7529350 1.0573225 -0.2603675
vt 0.25390625 0.28906250
vt 0.25390625 0.30468750
vt 0.26953125 0.30468750
vt 0.26953125 0.28906250
f 881/2641 884/2642 883/2643 882/2644
vt 0.23828125 0.28906250
vt 0.23828125 0.30468750
vt 0.25390625 0.30468750
vt 0.25390625 0.28906250
f 882/2645 883/2646 887/2647 886/2648
vt 0.28515625 0.28906250
vt 0.28515625 0.30468750
vt 0.30078125 0.30468750
vt 0.30078125 0.28906250
f 886/2649 887/2650 888/2651 885/2652
vt 0.26953125 0.28906250
vt 0.26953125 0.30468750
vt 0.28515625 0.30468750
vt 0.28515625 0.28906250
f 885/2653 888/2654 884/2655 881/2656
vt 0.26953125 0.32031250
vt 0.26953125 0.30468750
vt 0.25390625 0.30468750
vt 0.25390625 0.32031250
f 884/2657 888/2658 887/2659 883/2660
vt 0.28515625 0.30468750
vt 0.28515625 0.32031250
vt 0.26953125 0.32031250
vt 0.26953125 0.30468750
f 885/2661 881/2662 882/2663 886/2664
v 11.4278400 0.2676975 -0.4835075
v 11.4278400 0.2676975 -0.0446700
v 11.4278400 0.8341725 -0.0446700
v 11.4278400 0.8341725 -0.4835075
v 10.7991250 0.2676975 -0.4835075
v 10.7991250 0.2676975 -0.0446700
v 10.7991250 0.8341725 -0.0446700
v 10.7991250 0.8341725 -0.4835075
vt 0.22656250 0.28906250
vt 0.22656250 0.30468750
vt 0.24218750 0.30468750
vt 0.24218750 0.28906250
f 889/2665 892/2666 891/2667 890/2668
vt 0.21093750 0.28906250
vt 0.21093750 0.30468750
vt 0.22656250 0.30468750
vt 0.22656250 0.28906250
f 890/2669 891/2670 895/2671 894/2672
vt 0.20117188 0.31054688
vt 0.20117188 0.32617188
vt 0.21679688 0.32617188
vt 0.21679688 0.31054688
f 894/2673 895/2674 896/2675 893/2676
vt 0.18554688 0.31054688
vt 0.18554688 0.32617188
vt 0.20117188 0.32617188
vt 0.20117188 0.31054688
f 893/2677 896/2678 892/2679 889/2680
vt 0.24218750 0.32031250
vt 0.24218750 0.30468750
vt 0.22656250 0.30468750
vt 0.22656250 0.32031250
f 892/2681 896/2682 895/2683 891/2684
vt 0.20117188 0.32617188
vt 0.20117188 0.34179688
vt 0.18554688 0.34179688
vt 0.18554688 0.32617188
f 893/2685 889/2686 890/2687 894/2688
v 10.3816525 0.2676975 -0.4835075
v 10.3816525 0.2676975 -0.0446700
v 10.3816525 0.8341725 -0.0446700
v 10.3816525 0.8341725 -0.4835075
v 9.7529350 0.2676975 -0.4835075
v 9.7529350 0.2676975 -0.0446700
v 9.7529350 0.8341725 -0.0446700
v 9.7529350 0.8341725 -0.4835075
vt 0.20117188 0.27929688
vt 0.20117188 0.29492188
vt 0.21679688 0.29492188
vt 0.21679688 0.27929688
f 897/2689 900/2690 899/2691 898/2692
vt 0.18750000 0.27539062
vt 0.18750000 0.29101562
vt 0.20312500 0.29101562
vt 0.20312500 0.27539062
f 898/2693 899/2694 903/2695 902/2696
vt 0.23242188 0.27929688
vt 0.23242188 0.29492188
vt 0.24804688 0.29492188
vt 0.24804688 0.27929688
f 902/2697 903/2698 904/2699 901/2700
vt 0.21679688 0.27929688
vt 0.21679688 0.29492188
vt 0.23242188 0.29492188
vt 0.23242188 0.27929688
f 901/2701 904/2702 900/2703 897/2704
vt 0.21679688 0.31054688
vt 0.21679688 0.29492188
vt 0.20117188 0.29492188
vt 0.20117188 0.31054688
f 900/2705 904/2706 903/2707 899/2708
vt 0.23242188 0.29492188
vt 0.23242188 0.31054688
vt 0.21679688 0.31054688
vt 0.21679688 0.29492188
f 901/2709 897/2710 898/2711 902/2712
v -0.4161791 -2.5686859 -0.4101550
v -0.4161791 -2.5686859 0.5119075
v 0.4480018 -0.1283143 0.5119075
v 0.4480018 -0.1283143 -0.4101550
v -1.0847758 -2.3319234 -0.4101550
v -1.0847758 -2.3319234 0.5119075
v -0.2205949 0.1084482 0.5119075
v -0.2205949 0.1084482 -0.4101550
vt 0.25390625 0.28515625
vt 0.25390625 0.34765625
vt 0.26953125 0.34765625
vt 0.26953125 0.28515625
f 905/2713 908/2714 907/2715 906/2716
vt 0.23828125 0.28515625
vt 0.23828125 0.34765625
vt 0.25390625 0.34765625
vt 0.25390625 0.28515625
f 906/2717 907/2718 911/2719 910/2720
vt 0.28515625 0.28515625
vt 0.28515625 0.34765625
vt 0.30078125 0.34765625
vt 0.30078125 0.28515625
f 910/2721 911/2722 912/2723 909/2724
vt 0.26953125 0.28515625
vt 0.26953125 0.34765625
vt 0.28515625 0.34765625
vt 0.28515625 0.28515625
f 909/2725 912/2726 908/2727 905/2728
vt 0.26953125 0.36328125
vt 0.26953125 0.34765625
vt 0.25390625 0.34765625
vt 0.25390625 0.36328125
f 908/2729 912/2730 911/2731 907/2732
vt 0.28515625 0.34765625
vt 0.28515625 0.36328125
vt 0.26953125 0.36328125
vt 0.26953125 0.34765625
f 909/2733 905/2734 906/2735 910/2736
v -0.8023751 -2.3047328 -0.4101550
v -0.8023751 -2.3047328 0.5119075
v -0.8499620 -1.8105236 0.5119075
v -0.8499620 -1.8105236 -0.4101550
v -1.0847814 -2.3319255 -0.4101550
v -1.0847814 -2.3319255 0.5119075
v -1.1323683 -1.8377162 0.5119075
v -1.1323683 -1.8377162 -0.4101550
vt 0.19335938 0.29882812
vt 0.19335938 0.29882812
vt 0.20898438 0.29882812
vt 0.20898438 0.29882812
f 913/2737 916/2738 915/2739 914/2740
vt 0.19335938 0.29882812
vt 0.19335938 0.29882812
vt 0.19335938 0.29882812
vt 0.19335938 0.29882812
f 914/2741 915/2742 919/2743 918/2744
vt 0.20898438 0.29882812
vt 0.20898438 0.29882812
vt 0.22460938 0.29882812
vt 0.22460938 0.29882812
f 918/2745 919/2746 920/2747 917/2748
vt 0.20898438 0.29882812
vt 0.20898438 0.29882812
vt 0.20898438 0.29882812
vt 0.20898438 0.29882812
f 917/2749 920/2750 916/2751 913/2752
vt 0.20898438 0.29882812
vt 0.20898438 0.29882812
vt 0.19335938 0.29882812
vt 0.19335938 0.29882812
f 916/2753 920/2754 919/2755 915/2756
vt 0.22460938 0.29882812
vt 0.22460938 0.29882812
vt 0.20898438 0.29882812
vt 0.20898438 0.29882812
f 917/2757 913/2758 914/2759 918/2760
v -0.2520250 -1.0996943 -0.4101550
v -0.2520250 -1.0996943 0.5119075
v -0.4436984 -0.8905195 0.5119075
v -0.4436984 -0.8905195 -0.4101550
v -0.7749611 -1.5788770 -0.4101550
v -0.7749611 -1.5788770 0.5119075
v -0.9666345 -1.3697022 0.5119075
v -0.9666345 -1.3697022 -0.4101550
vt 0.20312500 0.29101562
vt 0.20312500 0.29101562
vt 0.21875000 0.29101562
vt 0.21875000 0.29101562
f 921/2761 924/2762 923/2763 922/2764
vt 0.18750000 0.29101562
vt 0.18750000 0.29101562
vt 0.20312500 0.29101562
vt 0.20312500 0.29101562
f 922/2765 923/2766 927/2767 926/2768
vt 0.23437500 0.29101562
vt 0.23437500 0.29101562
vt 0.25000000 0.29101562
vt 0.25000000 0.29101562
f 926/2769 927/2770 928/2771 925/2772
vt 0.21875000 0.29101562
vt 0.21875000 0.29101562
vt 0.23437500 0.29101562
vt 0.23437500 0.29101562
f 925/2773 928/2774 924/2775 921/2776
vt 0.26953125 0.28515625
vt 0.26953125 0.26953125
vt 0.25390625 0.26953125
vt 0.25390625 0.28515625
f 924/2777 928/2778 927/2779 923/2780
vt 0.28515625 0.26953125
vt 0.28515625 0.28515625
vt 0.26953125 0.28515625
vt 0.26953125 0.26953125
f 925/2781 921/2782 922/2783 926/2784
v -0.4725698 0.4308217 -0.4101550
v -0.4725698 0.4308217 0.5119075
v -0.8379680 0.2942049 0.5119075
v -0.8379680 0.2942049 -0.4101550
v -0.0999772 -0.5657226 -0.4101550
v -0.0999772 -0.5657226 0.5119075
v -0.4653754 -0.7023393 0.5119075
v -0.4653754 -0.7023393 -0.4101550
vt 0.20117188 0.29101562
vt 0.20117188 0.29101562
vt 0.21679688 0.29101562
vt 0.21679688 0.29101562
f 929/2785 932/2786 931/2787 930/2788
vt 0.18554688 0.29101562
vt 0.18554688 0.29101562
vt 0.20117188 0.29101562
vt 0.20117188 0.29101562
f 930/2789 931/2790 935/2791 934/2792
vt 0.23242188 0.29101562
vt 0.23242188 0.29101562
vt 0.24804688 0.29101562
vt 0.24804688 0.29101562
f 934/2793 935/2794 936/2795 933/2796
vt 0.21679688 0.29101562
vt 0.21679688 0.29101562
vt 0.23242188 0.29101562
vt 0.23242188 0.29101562
f 933/2797 936/2798 932/2799 929/2800
vt 0.21679688 0.30664062
vt 0.21679688 0.29101562
vt 0.20117188 0.29101562
vt 0.20117188 0.30664062
f 932/2801 936/2802 935/2803 931/2804
vt 0.23242188 0.29101562
vt 0.23242188 0.30664062
vt 0.21679688 0.30664062
vt 0.21679688 0.29101562
f 933/2805 929/2806 930/2807 934/2808
v -0.8922077 0.3925483 -0.4101550
v -0.8922077 0.3925483 0.5119075
v -1.1704485 0.1191218 0.5119075
v -1.1704485 0.1191218 -0.4101550
v -0.1464963 -0.3662931 -0.4101550
v -0.1464963 -0.3662931 0.5119075
v -0.4247371 -0.6397196 0.5119075
v -0.4247371 -0.6397196 -0.4101550
vt 0.16796875 0.34179688
vt 0.16796875 0.34179688
vt 0.18359375 0.34179688
vt 0.18359375 0.34179688
f 937/2809 940/2810 939/2811 938/2812
vt 0.20312500 0.26953125
vt 0.20312500 0.26953125
vt 0.21875000 0.26953125
vt 0.21875000 0.26953125
f 938/2813 939/2814 943/2815 942/2816
vt 0.19921875 0.34179688
vt 0.19921875 0.34179688
vt 0.21484375 0.34179688
vt 0.21484375 0.34179688
f 942/2817 943/2818 944/2819 941/2820
vt 0.18359375 0.34179688
vt 0.18359375 0.34179688
vt 0.19921875 0.34179688
vt 0.19921875 0.34179688
f 941/2821 944/2822 940/2823 937/2824
vt 0.18359375 0.35742188
vt 0.18359375 0.34179688
vt 0.16796875 0.34179688
vt 0.16796875 0.35742188
f 940/2825 944/2826 943/2827 939/2828
vt 0.19921875 0.34179688
vt 0.19921875 0.35742188
vt 0.18359375 0.35742188
vt 0.18359375 0.34179688
f 941/2829 937/2830 938/2831 942/2832
v -0.8983551 -1.9205830 -0.4101550
v -0.8983551 -1.9205830 0.5119075
v -0.7326217 -1.4525662 0.5119075
v -0.7326217 -1.4525662 -0.4101550
v -1.1323635 -1.8377163 -0.4101550
v -1.1323635 -1.8377163 0.5119075
v -0.9666300 -1.3696995 0.5119075
v -0.9666300 -1.3696995 -0.4101550
vt 0.19335938 0.29882812
vt 0.19335938 0.29882812
vt 0.20898438 0.29882812
vt 0.20898438 0.29882812
f 945/2833 948/2834 947/2835 946/2836
vt 0.19335938 0.29882812
vt 0.19335938 0.29882812
vt 0.19335938 0.29882812
vt 0.19335938 0.29882812
f 946/2837 947/2838 951/2839 950/2840
vt 0.20898438 0.29882812
vt 0.20898438 0.29882812
vt 0.22460938 0.29882812
vt 0.22460938 0.29882812
f 950/2841 951/2842 952/2843 949/2844
vt 0.20898438 0.29882812
vt 0.20898438 0.29882812
vt 0.20898438 0.29882812
vt 0.20898438 0.29882812
f 949/2845 952/2846 948/2847 945/2848
vt 0.20898438 0.29882812
vt 0.20898438 0.29882812
vt 0.19335938 0.29882812
vt 0.19335938 0.29882812
f 948/2849 952/2850 951/2851 947/2852
vt 0.22460938 0.29882812
vt 0.22460938 0.29882812
vt 0.20898438 0.29882812
vt 0.20898438 0.29882812
f 949/2853 945/2854 946/2855 950/2856
v 1.9407675 -0.0529836 -0.2328350
v 1.9407675 -0.0529836 0.3345875
v 1.8711432 -0.0665172 0.3345875
v 1.8711432 -0.0665172 -0.2328350
v 2.1302394 -1.0277320 -0.2328350
v 2.1302394 -1.0277320 0.3345875
v 2.0606151 -1.0412657 0.3345875
v 2.0606151 -1.0412657 -0.2328350
vt 0.22265625 0.29296875
vt 0.22265625 0.29296875
vt 0.22265625 0.29296875
vt 0.22265625 0.29296875
f 953/2857 956/2858 955/2859 954/2860
vt 0.20703125 0.29296875
vt 0.20703125 0.29296875
vt 0.22265625 0.29296875
vt 0.22265625 0.29296875
f 954/2861 955/2862 959/2863 958/2864
vt 0.18945312 0.31250000
vt 0.18945312 0.31250000
vt 0.18945312 0.31250000
vt 0.18945312 0.31250000
f 958/2865 959/2866 960/2867 957/2868
vt 0.22265625 0.29296875
vt 0.22265625 0.29296875
vt 0.23828125 0.29296875
vt 0.23828125 0.29296875
f 957/2869 960/2870 956/2871 953/2872
vt 0.22265625 0.30859375
vt 0.22265625 0.29296875
vt 0.22265625 0.29296875
vt 0.22265625 0.30859375
f 956/2873 960/2874 959/2875 955/2876
vt 0.22265625 0.29296875
vt 0.22265625 0.30859375
vt 0.22265625 0.30859375
vt 0.22265625 0.29296875
f 957/2877 953/2878 954/2879 958/2880
v 2.1302341 -1.0277323 -0.2328350
v 2.1302341 -1.0277323 0.3345875
v 2.0783611 -0.9793599 0.3345875
v 2.0783611 -0.9793599 -0.2328350
v 1.7916237 -1.3908476 -0.2328350
v 1.7916237 -1.3908476 0.3345875
v 1.7397506 -1.3424752 0.3345875
v 1.7397506 -1.3424752 -0.2328350
vt 0.19335938 0.29882812
vt 0.19335938 0.29882812
vt 0.19335938 0.29882812
vt 0.19335938 0.29882812
f 961/2881 964/2882 963/2883 962/2884
vt 0.19335938 0.29882812
vt 0.19335938 0.29882812
vt 0.19335938 0.29882812
vt 0.19335938 0.29882812
f 962/2885 963/2886 967/2887 966/2888
vt 0.19335938 0.29882812
vt 0.19335938 0.29882812
vt 0.19335938 0.29882812
vt 0.19335938 0.29882812
f 966/2889 967/2890 968/2891 965/2892
vt 0.19335938 0.29882812
vt 0.19335938 0.29882812
vt 0.19335938 0.29882812
vt 0.19335938 0.29882812
f 965/2893 968/2894 964/2895 961/2896
vt 0.19335938 0.29882812
vt 0.19335938 0.29882812
vt 0.19335938 0.29882812
vt 0.19335938 0.29882812
f 964/2897 968/2898 967/2899 963/2900
vt 0.19335938 0.29882812
vt 0.19335938 0.29882812
vt 0.19335938 0.29882812
vt 0.19335938 0.29882812
f 965/2901 961/2902 962/2903 966/2904
v 1.7916259 -1.3908480 -0.2328350
v 1.7916259 -1.3908480 0.3345875
v 1.7928638 -1.3199313 0.3345875
v 1.7928638 -1.3199313 -0.2328350
v -0.0167636 -1.3592824 -0.2328350
v -0.0167636 -1.3592824 0.3345875
v -0.0155258 -1.2883657 0.3345875
v -0.0155258 -1.2883657 -0.2328350
vt 0.24804688 0.30078125
vt 0.24804688 0.30078125
vt 0.24804688 0.30078125
vt 0.24804688 0.30078125
f 969/2905 972/2906 971/2907 970/2908
vt 0.21679688 0.30078125
vt 0.21679688 0.30078125
vt 0.24804688 0.30078125
vt 0.24804688 0.30078125
f 970/2909 971/2910 975/2911 974/2912
vt 0.27929688 0.30078125
vt 0.27929688 0.30078125
vt 0.27929688 0.30078125
vt 0.27929688 0.30078125
f 974/2913 975/2914 976/2915 973/2916
vt 0.24804688 0.30078125
vt 0.24804688 0.30078125
vt 0.27929688 0.30078125
vt 0.27929688 0.30078125
f 973/2917 976/2918 972/2919 969/2920
vt 0.24804688 0.33203125
vt 0.24804688 0.30078125
vt 0.24804688 0.30078125
vt 0.24804688 0.33203125
f 972/2921 976/2922 975/2923 971/2924
vt 0.24804688 0.30078125
vt 0.24804688 0.33203125
vt 0.24804688 0.33203125
vt 0.24804688 0.30078125
f 973/2925 969/2926 970/2927 974/2928
v 0.8959125 -0.7349850 -0.1534850
v 0.8959125 -0.7349850 0.2986800
v 0.8959125 -0.3227175 0.2986800
v 0.8959125 -0.3227175 -0.1534850
v 0.6210675 -0.7349850 -0.1534850
v 0.6210675 -0.7349850 0.2986800
v 0.6210675 -0.3227175 0.2986800
v 0.6210675 -0.3227175 -0.1534850
vt 0.58789062 0.11132812
vt 0.58789062 0.11132812
vt 0.58789062 0.11132812
vt 0.58789062 0.11132812
f 977/2929 980/2930 979/2931 978/2932
vt 0.58789062 0.11132812
vt 0.58789062 0.11132812
vt 0.58789062 0.11132812
vt 0.58789062 0.11132812
f 978/2933 979/2934 983/2935 982/2936
vt 0.58789062 0.11132812
vt 0.58789062 0.11132812
vt 0.58789062 0.11132812
vt 0.58789062 0.11132812
f 982/2937 983/2938 984/2939 981/2940
vt 0.58789062 0.11132812
vt 0.58789062 0.11132812
vt 0.58789062 0.11132812
vt 0.58789062 0.11132812
f 981/2941 984/2942 980/2943 977/2944
vt 0.58789062 0.11132812
vt 0.58789062 0.11132812
vt 0.58789062 0.11132812
vt 0.58789062 0.11132812
f 980/2945 984/2946 983/2947 979/2948
vt 0.58789062 0.11132812
vt 0.58789062 0.11132812
vt 0.58789062 0.11132812
vt 0.58789062 0.11132812
f 981/2949 977/2950 978/2951 982/2952
v 0.9722989 -0.9437485 -0.1534850
v 0.9722989 -0.9437485 0.2986800
v 0.8839062 -0.6546288 0.2986800
v 0.8839062 -0.6546288 -0.1534850
v 0.7094610 -1.0241061 -0.1534850
v 0.7094610 -1.0241061 0.2986800
v 0.6210682 -0.7349865 0.2986800
v 0.6210682 -0.7349865 -0.1534850
vt 0.57617188 0.07421875
vt 0.57617188 0.07421875
vt 0.57617188 0.07421875
vt 0.57617188 0.07421875
f 985/2953 988/2954 987/2955 986/2956
vt 0.57617188 0.07421875
vt 0.57617188 0.07421875
vt 0.57617188 0.07421875
vt 0.57617188 0.07421875
f 986/2957 987/2958 991/2959 990/2960
vt 0.57617188 0.07421875
vt 0.57617188 0.07421875
vt 0.57617188 0.07421875
vt 0.57617188 0.07421875
f 990/2961 991/2962 992/2963 989/2964
vt 0.57617188 0.07421875
vt 0.57617188 0.07421875
vt 0.57617188 0.07421875
vt 0.57617188 0.07421875
f 989/2965 992/2966 988/2967 985/2968
vt 0.57617188 0.07421875
vt 0.57617188 0.07421875
vt 0.57617188 0.07421875
vt 0.57617188 0.07421875
f 988/2969 992/2970 991/2971 987/2972
vt 0.57617188 0.07421875
vt 0.57617188 0.07421875
vt 0.57617188 0.07421875
vt 0.57617188 0.07421875
f 989/2973 985/2974 986/2975 990/2976
v 1.1155991 -0.9794529 -0.1534850
v 1.1155991 -0.9794529 0.2986800
v 0.8710069 -0.8017464 0.2986800
v 0.8710069 -0.8017464 -0.1534850
v 0.9540492 -1.2018072 -0.1534850
v 0.9540492 -1.2018072 0.2986800
v 0.7094571 -1.0241006 0.2986800
v 0.7094571 -1.0241006 -0.1534850
vt 0.41406250 0.10937500
vt 0.41406250 0.10937500
vt 0.41406250 0.10937500
vt 0.41406250 0.10937500
f 993/2977 996/2978 995/2979 994/2980
vt 0.41406250 0.10937500
vt 0.41406250 0.10937500
vt 0.41406250 0.10937500
vt 0.41406250 0.10937500
f 994/2981 995/2982 999/2983 998/2984
vt 0.41406250 0.10937500
vt 0.41406250 0.10937500
vt 0.41406250 0.10937500
vt 0.41406250 0.10937500
f 998/2985 999/2986 1000/2987 997/2988
vt 0.41406250 0.10937500
vt 0.41406250 0.10937500
vt 0.41406250 0.10937500
vt 0.41406250 0.10937500
f 997/2989 1000/2990 996/2991 993/2992
vt 0.41406250 0.10937500
vt 0.41406250 0.10937500
vt 0.41406250 0.10937500
vt 0.41406250 0.10937500
f 996/2993 1000/2994 999/2995 995/2996
vt 0.41406250 0.10937500
vt 0.41406250 0.10937500
vt 0.41406250 0.10937500
vt 0.41406250 0.10937500
f 997/2997 993/2998 994/2999 998/3000
v 1.1660797 -1.0744073 -0.1534850
v 1.1660797 -1.0744073 0.2986800
v 1.1094577 -0.9801724 0.2986800
v 1.1094577 -0.9801724 -0.1534850
v 0.9540486 -1.2018084 -0.1534850
v 0.9540486 -1.2018084 0.2986800
v 0.8974266 -1.1075736 0.2986800
v 0.8974266 -1.1075736 -0.1534850
vt 0.40820312 0.12890625
vt 0.40820312 0.12890625
vt 0.40820312 0.12890625
vt 0.40820312 0.12890625
f 1001/3001 1004/3002 1003/3003 1002/3004
vt 0.40820312 0.12890625
vt 0.40820312 0.12890625
vt 0.40820312 0.12890625
vt 0.40820312 0.12890625
f 1002/3005 1003/3006 1007/3007 1006/3008
vt 0.40820312 0.12890625
vt 0.40820312 0.12890625
vt 0.40820312 0.12890625
vt 0.40820312 0.12890625
f 1006/3009 1007/3010 1008/3011 1005/3012
vt 0.40820312 0.12890625
vt 0.40820312 0.12890625
vt 0.40820312 0.12890625
vt 0.40820312 0.12890625
f 1005/3013 1008/3014 1004/3015 1001/3016
vt 0.40820312 0.12890625
vt 0.40820312 0.12890625
vt 0.40820312 0.12890625
vt 0.40820312 0.12890625
f 1004/3017 1008/3018 1007/3019 1003/3020
vt 0.40820312 0.12890625
vt 0.40820312 0.12890625
vt 0.40820312 0.12890625
vt 0.40820312 0.12890625
f 1005/3021 1001/3022 1002/3023 1006/3024
v -2.1665725 -0.6260700 -0.3569600
v -2.1665725 -0.6260700 0.4587125
v -2.1665725 -0.2005025 0.4587125
v -2.1665725 -0.2005025 -0.3569600
v -2.3438925 -0.6260700 -0.3569600
v -2.3438925 -0.6260700 0.4587125
v -2.3438925 -0.2005025 0.4587125
v -2.3438925 -0.2005025 -0.3569600
vt 0.44335938 0.14843750
vt 0.44335938 0.14843750
vt 0.45898438 0.14843750
vt 0.45898438 0.14843750
f 1009/3025 1012/3026 1011/3027 1010/3028
vt 0.44335938 0.14843750
vt 0.44335938 0.14843750
vt 0.44335938 0.14843750
vt 0.44335938 0.14843750
f 1010/3029 1011/3030 1015/3031 1014/3032
vt 0.45898438 0.14843750
vt 0.45898438 0.14843750
vt 0.47460938 0.14843750
vt 0.47460938 0.14843750
f 1014/3033 1015/3034 1016/3035 1013/3036
vt 0.45898438 0.14843750
vt 0.45898438 0.14843750
vt 0.45898438 0.14843750
vt 0.45898438 0.14843750
f 1013/3037 1016/3038 1012/3039 1009/3040
vt 0.45898438 0.14843750
vt 0.45898438 0.14843750
vt 0.44335938 0.14843750
vt 0.44335938 0.14843750
f 1012/3041 1016/3042 1015/3043 1011/3044
vt 0.47460938 0.14843750
vt 0.47460938 0.14843750
vt 0.45898438 0.14843750
vt 0.45898438 0.14843750
f 1013/3045 1009/3046 1010/3047 1014/3048
v -2.1371699 -0.2952404 -0.3569600
v -2.1371699 -0.2952404 0.4587125
v -2.9191190 0.1933757 0.4587125
v -2.9191190 0.1933757 -0.3569600
v -2.3438941 -0.6260682 -0.3569600
v -2.3438941 -0.6260682 0.4587125
v -3.1258432 -0.1374521 0.4587125
v -3.1258432 -0.1374521 -0.3569600
vt 0.48632812 0.15234375
vt 0.48632812 0.16796875
vt 0.50195312 0.16796875
vt 0.50195312 0.15234375
f 1017/3049 1020/3050 1019/3051 1018/3052
vt 0.48632812 0.15234375
vt 0.48632812 0.16796875
vt 0.48632812 0.16796875
vt 0.48632812 0.15234375
f 1018/3053 1019/3054 1023/3055 1022/3056
vt 0.50195312 0.15234375
vt 0.50195312 0.16796875
vt 0.51757812 0.16796875
vt 0.51757812 0.15234375
f 1022/3057 1023/3058 1024/3059 1021/3060
vt 0.50195312 0.15234375
vt 0.50195312 0.16796875
vt 0.50195312 0.16796875
vt 0.50195312 0.15234375
f 1021/3061 1024/3062 1020/3063 1017/3064
vt 0.50195312 0.16796875
vt 0.50195312 0.16796875
vt 0.48632812 0.16796875
vt 0.48632812 0.16796875
f 1020/3065 1024/3066 1023/3067 1019/3068
vt 0.51757812 0.16796875
vt 0.51757812 0.16796875
vt 0.50195312 0.16796875
vt 0.50195312 0.16796875
f 1021/3069 1017/3070 1018/3071 1022/3072
v -2.1665725 -0.2005025 -0.3569600
v -2.1665725 -0.2005025 0.4587125
v -2.1665725 0.2959925 0.4587125
v -2.1665725 0.2959925 -0.3569600
v -3.9043100 -0.2005025 -0.3569600
v -3.9043100 -0.2005025 0.4587125
v -3.9043100 0.2959925 0.4587125
v -3.9043100 0.2959925 -0.3569600
vt 0.48632812 0.14062500
vt 0.48632812 0.14062500
vt 0.50195312 0.14062500
vt 0.50195312 0.14062500
f 1025/3073 1028/3074 1027/3075 1026/3076
vt 0.45507812 0.14062500
vt 0.45507812 0.14062500
vt 0.48632812 0.14062500
vt 0.48632812 0.14062500
f 1026/3077 1027/3078 1031/3079 1030/3080
vt 0.53320312 0.14062500
vt 0.53320312 0.14062500
vt 0.54882812 0.14062500
vt 0.54882812 0.14062500
f 1030/3081 1031/3082 1032/3083 1029/3084
vt 0.50195312 0.14062500
vt 0.50195312 0.14062500
vt 0.53320312 0.14062500
vt 0.53320312 0.14062500
f 1029/3085 1032/3086 1028/3087 1025/3088
vt 0.50195312 0.17187500
vt 0.50195312 0.14062500
vt 0.48632812 0.14062500
vt 0.48632812 0.17187500
f 1028/3089 1032/3090 1031/3091 1027/3092
vt 0.51757812 0.14062500
vt 0.51757812 0.17187500
vt 0.50195312 0.17187500
vt 0.50195312 0.14062500
f 1029/3093 1025/3094 1026/3095 1030/3096
v -1.8528187 -0.9118296 -0.2505675
v -1.8528187 -0.9118296 0.3523200
v -2.0176831 -0.5582767 0.3523200
v -2.0176831 -0.5582767 -0.2505675
v -2.0456674 -1.0017565 -0.2505675
v -2.0456674 -1.0017565 0.3523200
v -2.2105318 -0.6482035 0.3523200
v -2.2105318 -0.6482035 -0.2505675
vt 0.49414062 0.18164062
vt 0.49414062 0.18164062
vt 0.49414062 0.18164062
vt 0.49414062 0.18164062
f 1033/3097 1036/3098 1035/3099 1034/3100
vt 0.49414062 0.18164062
vt 0.49414062 0.18164062
vt 0.49414062 0.18164062
vt 0.49414062 0.18164062
f 1034/3101 1035/3102 1039/3103 1038/3104
vt 0.49414062 0.18164062
vt 0.49414062 0.18164062
vt 0.49414062 0.18164062
vt 0.49414062 0.18164062
f 1038/3105 1039/3106 1040/3107 1037/3108
vt 0.49414062 0.18164062
vt 0.49414062 0.18164062
vt 0.49414062 0.18164062
vt 0.49414062 0.18164062
f 1037/3109 1040/3110 1036/3111 1033/3112
vt 0.49414062 0.18164062
vt 0.49414062 0.18164062
vt 0.49414062 0.18164062
vt 0.49414062 0.18164062
f 1036/3113 1040/3114 1039/3115 1035/3116
vt 0.49414062 0.18164062
vt 0.49414062 0.18164062
vt 0.49414062 0.18164062
vt 0.49414062 0.18164062
f 1037/3117 1033/3118 1034/3119 1038/3120
v 4.9113236 1.1334079 -0.1441750
v 4.9113236 1.1334079 0.2104650
v 4.8927632 1.4875619 0.2104650
v 4.8927632 1.4875619 -0.1441750
v 4.5571696 1.1148475 -0.1441750
v 4.5571696 1.1148475 0.2104650
v 4.5386092 1.4690014 0.2104650
v 4.5386092 1.4690014 -0.1441750
vt 0.50195312 0.07617188
vt 0.50195312 0.07617188
vt 0.50195312 0.07617188
vt 0.50195312 0.07617188
f 1041/3121 1044/3122 1043/3123 1042/3124
vt 0.65625000 0.12695312
vt 0.65625000 0.12695312
vt 0.65625000 0.12695312
vt 0.65625000 0.12695312
f 1042/3125 1043/3126 1047/3127 1046/3128
vt 0.50195312 0.07617188
vt 0.50195312 0.07617188
vt 0.50195312 0.07617188
vt 0.50195312 0.07617188
f 1046/3129 1047/3130 1048/3131 1045/3132
vt 0.50195312 0.07617188
vt 0.50195312 0.07617188
vt 0.50195312 0.07617188
vt 0.50195312 0.07617188
f 1045/3133 1048/3134 1044/3135 1041/3136
vt 0.50195312 0.07617188
vt 0.50195312 0.07617188
vt 0.50195312 0.07617188
vt 0.50195312 0.07617188
f 1044/3137 1048/3138 1047/3139 1043/3140
vt 0.50195312 0.07617188
vt 0.50195312 0.07617188
vt 0.50195312 0.07617188
vt 0.50195312 0.07617188
f 1045/3141 1041/3142 1042/3143 1046/3144
v 5.0436995 1.7383413 -0.1441750
v 5.0436995 1.7383413 0.2104650
v 4.9674441 1.9369932 0.2104650
v 4.9674441 1.9369932 -0.1441750
v 4.7126145 1.6112497 -0.1441750
v 4.7126145 1.6112497 0.2104650
v 4.6363592 1.8099016 0.2104650
v 4.6363592 1.8099016 -0.1441750
vt 0.50195312 0.07617188
vt 0.50195312 0.07617188
vt 0.50195312 0.07617188
vt 0.50195312 0.07617188
f 1049/3145 1052/3146 1051/3147 1050/3148
vt 0.67968750 0.11718750
vt 0.67968750 0.11718750
vt 0.67968750 0.11718750
vt 0.67968750 0.11718750
f 1050/3149 1051/3150 1055/3151 1054/3152
vt 0.50195312 0.07617188
vt 0.50195312 0.07617188
vt 0.50195312 0.07617188
vt 0.50195312 0.07617188
f 1054/3153 1055/3154 1056/3155 1053/3156
vt 0.50195312 0.07617188
vt 0.50195312 0.07617188
vt 0.50195312 0.07617188
vt 0.50195312 0.07617188
f 1053/3157 1056/3158 1052/3159 1049/3160
vt 0.50195312 0.07617188
vt 0.50195312 0.07617188
vt 0.50195312 0.07617188
vt 0.50195312 0.07617188
f 1052/3161 1056/3162 1055/3163 1051/3164
vt 0.50195312 0.07617188
vt 0.50195312 0.07617188
vt 0.50195312 0.07617188
vt 0.50195312 0.07617188
f 1053/3165 1049/3166 1050/3167 1054/3168
v 4.8795141 1.3712498 -0.1441750
v 4.8795141 1.3712498 0.2104650
v 4.9772662 1.7121517 0.2104650
v 4.9772662 1.7121517 -0.1441750
v 4.5386123 1.4690019 -0.1441750
v 4.5386123 1.4690019 0.2104650
v 4.6363643 1.8099037 0.2104650
v 4.6363643 1.8099037 -0.1441750
vt 0.50195312 0.07617188
vt 0.50195312 0.07617188
vt 0.50195312 0.07617188
vt 0.50195312 0.07617188
f 1057/3169 1060/3170 1059/3171 1058/3172
vt 0.66796875 0.08984375
vt 0.66796875 0.08984375
vt 0.66796875 0.08984375
vt 0.66796875 0.08984375
f 1058/3173 1059/3174 1063/3175 1062/3176
vt 0.50195312 0.07617188
vt 0.50195312 0.07617188
vt 0.50195312 0.07617188
vt 0.50195312 0.07617188
f 1062/3177 1063/3178 1064/3179 1061/3180
vt 0.50195312 0.07617188
vt 0.50195312 0.07617188
vt 0.50195312 0.07617188
vt 0.50195312 0.07617188
f 1061/3181 1064/3182 1060/3183 1057/3184
vt 0.50195312 0.07617188
vt 0.50195312 0.07617188
vt 0.50195312 0.07617188
vt 0.50195312 0.07617188
f 1060/3185 1064/3186 1063/3187 1059/3188
vt 0.50195312 0.07617188
vt 0.50195312 0.07617188
vt 0.50195312 0.07617188
vt 0.50195312 0.07617188
f 1061/3189 1057/3190 1058/3191 1062/3192
v 5.0000000 0.8793925 -0.1441750
v 5.0000000 0.8793925 0.2104650
v 4.8963133 1.2185364 0.2104650
v 4.8963133 1.2185364 -0.1441750
v 4.6608561 0.7757058 -0.1441750
v 4.6608561 0.7757058 0.2104650
v 4.5571694 1.1148497 0.2104650
v 4.5571694 1.1148497 -0.1441750
vt 0.04101562 0.06640625
vt 0.04101562 0.06640625
vt 0.04101562 0.06640625
vt 0.04101562 0.06640625
f 1065/3193 1068/3194 1067/3195 1066/3196
vt 0.04101562 0.06640625
vt 0.04101562 0.06640625
vt 0.04101562 0.06640625
vt 0.04101562 0.06640625
f 1066/3197 1067/3198 1071/3199 1070/3200
vt 0.04101562 0.06640625
vt 0.04101562 0.06640625
vt 0.04101562 0.06640625
vt 0.04101562 0.06640625
f 1070/3201 1071/3202 1072/3203 1069/3204
vt 0.04101562 0.06640625
vt 0.04101562 0.06640625
vt 0.04101562 0.06640625
vt 0.04101562 0.06640625
f 1069/3205 1072/3206 1068/3207 1065/3208
vt 0.04101562 0.06640625
vt 0.04101562 0.06640625
vt 0.04101562 0.06640625
vt 0.04101562 0.06640625
f 1068/3209 1072/3210 1071/3211 1067/3212
vt 0.04101562 0.06640625
vt 0.04101562 0.06640625
vt 0.04101562 0.06640625
vt 0.04101562 0.06640625
f 1069/3213 1065/3214 1066/3215 1070/3216
v -3.6915250 1.2755225 0.2980489
v -3.6915250 1.3088095 0.5082141
v -3.6915250 1.9042670 0.4139029
v -3.6915250 1.8709801 0.2037377
v -4.3653400 1.2755225 0.2980489
v -4.3653400 1.3088095 0.5082141
v -4.3653400 1.9042670 0.4139029
v -4.3653400 1.8709801 0.2037377
vt 0.21875000 0.29101562
vt 0.21875000 0.29101562
vt 0.21875000 0.29101562
vt 0.21875000 0.29101562
f 1073/3217 1076/3218 1075/3219 1074/3220
vt 0.20312500 0.29101562
vt 0.20312500 0.29101562
vt 0.21875000 0.29101562
vt 0.21875000 0.29101562
f 1074/3221 1075/3222 1079/3223 1078/3224
vt 0.23437500 0.29101562
vt 0.23437500 0.29101562
vt 0.23437500 0.29101562
vt 0.23437500 0.29101562
f 1078/3225 1079/3226 1080/3227 1077/3228
vt 0.21875000 0.29101562
vt 0.21875000 0.29101562
vt 0.23437500 0.29101562
vt 0.23437500 0.29101562
f 1077/3229 1080/3230 1076/3231 1073/3232
vt 0.21875000 0.30664062
vt 0.21875000 0.29101562
vt 0.21875000 0.29101562
vt 0.21875000 0.30664062
f 1076/3233 1080/3234 1079/3235 1075/3236
vt 0.21875000 0.29101562
vt 0.21875000 0.30664062
vt 0.21875000 0.30664062
vt 0.21875000 0.29101562
f 1077/3237 1073/3238 1074/3239 1078/3240
v -2.1311100 1.6257889 0.2425721
v -2.1311100 1.6590758 0.4527374
v -2.1311100 1.9042670 0.4139029
v -2.1311100 1.8709801 0.2037377
v -3.6915250 1.6257889 0.2425721
v -3.6915250 1.6590758 0.4527374
v -3.6915250 1.9042670 0.4139029
v -3.6915250 1.8709801 0.2037377
vt 0.21679688 0.28906250
vt 0.21679688 0.28906250
vt 0.21679688 0.28906250
vt 0.21679688 0.28906250
f 1081/3241 1084/3242 1083/3243 1082/3244
vt 0.18554688 0.28906250
vt 0.18554688 0.28906250
vt 0.21679688 0.28906250
vt 0.21679688 0.28906250
f 1082/3245 1083/3246 1087/3247 1086/3248
vt 0.24804688 0.28906250
vt 0.24804688 0.28906250
vt 0.24804688 0.28906250
vt 0.24804688 0.28906250
f 1086/3249 1087/3250 1088/3251 1085/3252
vt 0.21679688 0.28906250
vt 0.21679688 0.28906250
vt 0.24804688 0.28906250
vt 0.24804688 0.28906250
f 1085/3253 1088/3254 1084/3255 1081/3256
vt 0.21679688 0.32031250
vt 0.21679688 0.28906250
vt 0.21679688 0.28906250
vt 0.21679688 0.32031250
f 1084/3257 1088/3258 1087/3259 1083/3260
vt 0.21679688 0.28906250
vt 0.21679688 0.32031250
vt 0.21679688 0.32031250
vt 0.21679688 0.28906250
f 1085/3261 1081/3262 1082/3263 1086/3264
v -1.8119325 1.2755225 0.2980489
v -1.8119325 1.3088095 0.5082141
v -1.8119325 1.9042670 0.4139029
v -1.8119325 1.8709801 0.2037377
v -2.1311100 1.2755225 0.2980489
v -2.1311100 1.3088095 0.5082141
v -2.1311100 1.9042670 0.4139029
v -2.1311100 1.8709801 0.2037377
vt 0.20117188 0.33593750
vt 0.20117188 0.33593750
vt 0.20117188 0.33593750
vt 0.20117188 0.33593750
f 1089/3265 1092/3266 1091/3267 1090/3268
vt 0.20117188 0.33593750
vt 0.20117188 0.33593750
vt 0.20117188 0.33593750
vt 0.20117188 0.33593750
f 1090/3269 1091/3270 1095/3271 1094/3272
vt 0.20117188 0.33593750
vt 0.20117188 0.33593750
vt 0.20117188 0.33593750
vt 0.20117188 0.33593750
f 1094/3273 1095/3274 1096/3275 1093/3276
vt 0.20117188 0.33593750
vt 0.20117188 0.33593750
vt 0.20117188 0.33593750
vt 0.20117188 0.33593750
f 1093/3277 1096/3278 1092/3279 1089/3280
vt 0.20117188 0.33593750
vt 0.20117188 0.33593750
vt 0.20117188 0.33593750
vt 0.20117188 0.33593750
f 1092/3281 1096/3282 1095/3283 1091/3284
vt 0.20117188 0.33593750
vt 0.20117188 0.33593750
vt 0.20117188 0.33593750
vt 0.20117188 0.33593750
f 1093/3285 1089/3286 1090/3287 1094/3288
v -2.1311100 1.2755225 0.2980489
v -2.1311100 1.3088095 0.5082141
v -2.1311100 1.3788637 0.4971186
v -2.1311100 1.3455768 0.2869534
v -3.6915250 1.2755225 0.2980489
v -3.6915250 1.3088095 0.5082141
v -3.6915250 1.3788637 0.4971186
v -3.6915250 1.3455768 0.2869534
vt 0.23046875 0.29101562
vt 0.23046875 0.29101562
vt 0.23046875 0.29101562
vt 0.23046875 0.29101562
f 1097/3289 1100/3290 1099/3291 1098/3292
vt 0.19921875 0.29101562
vt 0.19921875 0.29101562
vt 0.23046875 0.29101562
vt 0.23046875 0.29101562
f 1098/3293 1099/3294 1103/3295 1102/3296
vt 0.26171875 0.29101562
vt 0.26171875 0.29101562
vt 0.26171875 0.29101562
vt 0.26171875 0.29101562
f 1102/3297 1103/3298 1104/3299 1101/3300
vt 0.23046875 0.29101562
vt 0.23046875 0.29101562
vt 0.26171875 0.29101562
vt 0.26171875 0.29101562
f 1101/3301 1104/3302 1100/3303 1097/3304
vt 0.26171875 0.32226562
vt 0.26171875 0.32226562
vt 0.23046875 0.32226562
vt 0.23046875 0.32226562
f 1100/3305 1104/3306 1103/3307 1099/3308
vt 0.23046875 0.29101562
vt 0.23046875 0.32226562
vt 0.23046875 0.32226562
vt 0.23046875 0.29101562
f 1101/3309 1097/3310 1098/3311 1102/3312
v -2.1311100 1.6590758 0.4527374
v -2.1311100 1.6923612 0.6628928
v -2.1311100 1.7624154 0.6517973
v -2.1311100 1.7291301 0.4416419
v -3.6915250 1.6590758 0.4527374
v -3.6915250 1.6923612 0.6628928
v -3.6915250 1.7624154 0.6517973
v -3.6915250 1.7291301 0.4416419
vt 0.22265625 0.30664062
vt 0.22265625 0.30664062
vt 0.22265625 0.30664062
vt 0.22265625 0.30664062
f 1105/3313 1108/3314 1107/3315 1106/3316
vt 0.19140625 0.30664062
vt 0.19140625 0.30664062
vt 0.22265625 0.30664062
vt 0.22265625 0.30664062
f 1106/3317 1107/3318 1111/3319 1110/3320
vt 0.25390625 0.30664062
vt 0.25390625 0.30664062
vt 0.25390625 0.30664062
vt 0.25390625 0.30664062
f 1110/3321 1111/3322 1112/3323 1109/3324
vt 0.22265625 0.30664062
vt 0.22265625 0.30664062
vt 0.25390625 0.30664062
vt 0.25390625 0.30664062
f 1109/3325 1112/3326 1108/3327 1105/3328
vt 0.22265625 0.33789062
vt 0.22265625 0.30664062
vt 0.22265625 0.30664062
vt 0.22265625 0.33789062
f 1108/3329 1112/3330 1111/3331 1107/3332
vt 0.22265625 0.30664062
vt 0.22265625 0.33789062
vt 0.22265625 0.33789062
vt 0.22265625 0.30664062
f 1109/3333 1105/3334 1106/3335 1110/3336
v -1.8209298 0.5141654 -0.4988150
v -1.8209298 0.5141654 -0.3924250
v -1.5438290 1.3189246 -0.3924250
v -1.5438290 1.3189246 -0.4988150
v -2.1562486 0.6296249 -0.4988150
v -2.1562486 0.6296249 -0.3924250
v -1.8791477 1.4343841 -0.3924250
v -1.8791477 1.4343841 -0.4988150
vt 0.19531250 0.31250000
vt 0.19531250 0.32812500
vt 0.19531250 0.32812500
vt 0.19531250 0.31250000
f 1113/3337 1116/3338 1115/3339 1114/3340
vt 0.19531250 0.31250000
vt 0.19531250 0.32812500
vt 0.19531250 0.32812500
vt 0.19531250 0.31250000
f 1114/3341 1115/3342 1119/3343 1118/3344
vt 0.19531250 0.31250000
vt 0.19531250 0.32812500
vt 0.19531250 0.32812500
vt 0.19531250 0.31250000
f 1118/3345 1119/3346 1120/3347 1117/3348
vt 0.20703125 0.33007812
vt 0.20703125 0.34570312
vt 0.20703125 0.34570312
vt 0.20703125 0.33007812
f 1117/3349 1120/3350 1116/3351 1113/3352
vt 0.19531250 0.32812500
vt 0.19531250 0.32812500
vt 0.19531250 0.32812500
vt 0.19531250 0.32812500
f 1116/3353 1120/3354 1119/3355 1115/3356
vt 0.19531250 0.32812500
vt 0.19531250 0.32812500
vt 0.19531250 0.32812500
vt 0.19531250 0.32812500
f 1117/3357 1113/3358 1114/3359 1118/3360
v -2.7514313 0.4002979 -0.4988150
v -2.7514313 0.4002979 -0.3924250
v -1.7146965 0.8618819 -0.3924250
v -1.7146965 0.8618819 -0.4988150
v -2.9101003 0.7566743 -0.4988150
v -2.9101003 0.7566743 -0.3924250
v -1.8733655 1.2182583 -0.3924250
v -1.8733655 1.2182583 -0.4988150
vt 0.19531250 0.31250000
vt 0.19531250 0.32812500
vt 0.19531250 0.32812500
vt 0.19531250 0.31250000
f 1121/3361 1124/3362 1123/3363 1122/3364
vt 0.19531250 0.31250000
vt 0.19531250 0.32812500
vt 0.19531250 0.32812500
vt 0.19531250 0.31250000
f 1122/3365 1123/3366 1127/3367 1126/3368
vt 0.19531250 0.31250000
vt 0.19531250 0.32812500
vt 0.19531250 0.32812500
vt 0.19531250 0.31250000
f 1126/3369 1127/3370 1128/3371 1125/3372
vt 0.20703125 0.33007812
vt 0.20703125 0.34570312
vt 0.20703125 0.34570312
vt 0.20703125 0.33007812
f 1125/3373 1128/3374 1124/3375 1121/3376
vt 0.19531250 0.32812500
vt 0.19531250 0.32812500
vt 0.19531250 0.32812500
vt 0.19531250 0.32812500
f 1124/3377 1128/3378 1127/3379 1123/3380
vt 0.19531250 0.32812500
vt 0.19531250 0.32812500
vt 0.19531250 0.32812500
vt 0.19531250 0.32812500
f 1125/3381 1121/3382 1122/3383 1126/3384
v -3.2444862 0.3948464 -0.4988150
v -3.2444862 0.3948464 -0.3924250
v -2.8036058 0.5296371 -0.3924250
v -2.8036058 0.5296371 -0.4988150
v -3.3170675 0.6322491 -0.4988150
v -3.3170675 0.6322491 -0.3924250
v -2.8761871 0.7670397 -0.3924250
v -2.8761871 0.7670397 -0.4988150
vt 0.20312500 0.32226562
vt 0.20312500 0.32226562
vt 0.20312500 0.32226562
vt 0.20312500 0.32226562
f 1129/3385 1132/3386 1131/3387 1130/3388
vt 0.20312500 0.32226562
vt 0.20312500 0.32226562
vt 0.20312500 0.32226562
vt 0.20312500 0.32226562
f 1130/3389 1131/3390 1135/3391 1134/3392
vt 0.20312500 0.32226562
vt 0.20312500 0.32226562
vt 0.20312500 0.32226562
vt 0.20312500 0.32226562
f 1134/3393 1135/3394 1136/3395 1133/3396
vt 0.20312500 0.32226562
vt 0.20312500 0.32226562
vt 0.20312500 0.32226562
vt 0.20312500 0.32226562
f 1133/3397 1136/3398 1132/3399 1129/3400
vt 0.20312500 0.32226562
vt 0.20312500 0.32226562
vt 0.20312500 0.32226562
vt 0.20312500 0.32226562
f 1132/3401 1136/3402 1135/3403 1131/3404
vt 0.20312500 0.32226562
vt 0.20312500 0.32226562
vt 0.20312500 0.32226562
vt 0.20312500 0.32226562
f 1133/3405 1129/3406 1130/3407 1134/3408
v -2.1311100 0.3669200 0.4941750
v -2.1311100 0.3669200 0.6005675
v -2.1311100 0.6860975 0.6005675
v -2.1311100 0.6860975 0.4941750
v -3.4432775 0.3669200 0.4941750
v -3.4432775 0.3669200 0.6005675
v -3.4432775 0.6860975 0.6005675
v -3.4432775 0.6860975 0.4941750
vt 0.22460938 0.30859375
vt 0.22460938 0.30859375
vt 0.22460938 0.30859375
vt 0.22460938 0.30859375
f 1137/3409 1140/3410 1139/3411 1138/3412
vt 0.19335938 0.30859375
vt 0.19335938 0.30859375
vt 0.22460938 0.30859375
vt 0.22460938 0.30859375
f 1138/3413 1139/3414 1143/3415 1142/3416
vt 0.25585938 0.30859375
vt 0.25585938 0.30859375
vt 0.25585938 0.30859375
vt 0.25585938 0.30859375
f 1142/3417 1143/3418 1144/3419 1141/3420
vt 0.22460938 0.30859375
vt 0.22460938 0.30859375
vt 0.25585938 0.30859375
vt 0.25585938 0.30859375
f 1141/3421 1144/3422 1140/3423 1137/3424
vt 0.22460938 0.33984375
vt 0.22460938 0.30859375
vt 0.22460938 0.30859375
vt 0.22460938 0.33984375
f 1140/3425 1144/3426 1143/3427 1139/3428
vt 0.22460938 0.30859375
vt 0.22460938 0.33984375
vt 0.22460938 0.33984375
vt 0.22460938 0.30859375
f 1141/3429 1137/3430 1138/3431 1142/3432
v -1.9756716 0.2350024 0.4941750
v -1.9756716 0.2350024 0.6005675
v -1.8209325 0.5141591 0.6005675
v -1.8209325 0.5141591 0.4941750
v -2.2858467 0.4069353 0.4941750
v -2.2858467 0.4069353 0.6005675
v -2.1311076 0.6860920 0.6005675
v -2.1311076 0.6860920 0.4941750
vt 0.19921875 0.28710938
vt 0.19921875 0.28710938
vt 0.19921875 0.28710938
vt 0.19921875 0.28710938
f 1145/3433 1148/3434 1147/3435 1146/3436
vt 0.19921875 0.28710938
vt 0.19921875 0.28710938
vt 0.19921875 0.28710938
vt 0.19921875 0.28710938
f 1146/3437 1147/3438 1151/3439 1150/3440
vt 0.19921875 0.28710938
vt 0.19921875 0.28710938
vt 0.19921875 0.28710938
vt 0.19921875 0.28710938
f 1150/3441 1151/3442 1152/3443 1149/3444
vt 0.19921875 0.28710938
vt 0.19921875 0.28710938
vt 0.19921875 0.28710938
vt 0.19921875 0.28710938
f 1149/3445 1152/3446 1148/3447 1145/3448
vt 0.19921875 0.28710938
vt 0.19921875 0.28710938
vt 0.19921875 0.28710938
vt 0.19921875 0.28710938
f 1148/3449 1152/3450 1151/3451 1147/3452
vt 0.19921875 0.28710938
vt 0.19921875 0.28710938
vt 0.19921875 0.28710938
vt 0.19921875 0.28710938
f 1149/3453 1145/3454 1146/3455 1150/3456
v -1.8209298 0.5141654 0.4941750
v -1.8209298 0.5141654 0.6005675
v -1.5438290 1.3189246 0.6005675
v -1.5438290 1.3189246 0.4941750
v -2.1562486 0.6296249 0.4941750
v -2.1562486 0.6296249 0.6005675
v -1.8791477 1.4343841 0.6005675
v -1.8791477 1.4343841 0.4941750
vt 0.19921875 0.27148438
vt 0.19921875 0.28710938
vt 0.19921875 0.28710938
vt 0.19921875 0.27148438
f 1153/3457 1156/3458 1155/3459 1154/3460
vt 0.19921875 0.27148438
vt 0.19921875 0.28710938
vt 0.19921875 0.28710938
vt 0.19921875 0.27148438
f 1154/3461 1155/3462 1159/3463 1158/3464
vt 0.19921875 0.27148438
vt 0.19921875 0.28710938
vt 0.19921875 0.28710938
vt 0.19921875 0.27148438
f 1158/3465 1159/3466 1160/3467 1157/3468
vt 0.19921875 0.27148438
vt 0.19921875 0.28710938
vt 0.19921875 0.28710938
vt 0.19921875 0.27148438
f 1157/3469 1160/3470 1156/3471 1153/3472
vt 0.19921875 0.28710938
vt 0.19921875 0.28710938
vt 0.19921875 0.28710938
vt 0.19921875 0.28710938
f 1156/3473 1160/3474 1159/3475 1155/3476
vt 0.19921875 0.28710938
vt 0.19921875 0.28710938
vt 0.19921875 0.28710938
vt 0.19921875 0.28710938
f 1157/3477 1153/3478 1154/3479 1158/3480
v -2.7514313 0.4002979 0.4941750
v -2.7514313 0.4002979 0.6005675
v -1.7146965 0.8618819 0.6005675
v -1.7146965 0.8618819 0.4941750
v -2.9101003 0.7566743 0.4941750
v -2.9101003 0.7566743 0.6005675
v -1.8733655 1.2182583 0.6005675
v -1.8733655 1.2182583 0.4941750
vt 0.19921875 0.27148438
vt 0.19921875 0.28710938
vt 0.19921875 0.28710938
vt 0.19921875 0.27148438
f 1161/3481 1164/3482 1163/3483 1162/3484
vt 0.19921875 0.27148438
vt 0.19921875 0.28710938
vt 0.19921875 0.28710938
vt 0.19921875 0.27148438
f 1162/3485 1163/3486 1167/3487 1166/3488
vt 0.19921875 0.27148438
vt 0.19921875 0.28710938
vt 0.19921875 0.28710938
vt 0.19921875 0.27148438
f 1166/3489 1167/3490 1168/3491 1165/3492
vt 0.19921875 0.27148438
vt 0.19921875 0.28710938
vt 0.19921875 0.28710938
vt 0.19921875 0.27148438
f 1165/3493 1168/3494 1164/3495 1161/3496
vt 0.19921875 0.28710938
vt 0.19921875 0.28710938
vt 0.19921875 0.28710938
vt 0.19921875 0.28710938
f 1164/3497 1168/3498 1167/3499 1163/3500
vt 0.19921875 0.28710938
vt 0.19921875 0.28710938
vt 0.19921875 0.28710938
vt 0.19921875 0.28710938
f 1165/3501 1161/3502 1162/3503 1166/3504
v -3.2444862 0.3948464 0.4941750
v -3.2444862 0.3948464 0.6005675
v -2.8036058 0.5296371 0.6005675
v -2.8036058 0.5296371 0.4941750
v -3.3170675 0.6322491 0.4941750
v -3.3170675 0.6322491 0.6005675
v -2.8761871 0.7670397 0.6005675
v -2.8761871 0.7670397 0.4941750
vt 0.19921875 0.28710938
vt 0.19921875 0.28710938
vt 0.19921875 0.28710938
vt 0.19921875 0.28710938
f 1169/3505 1172/3506 1171/3507 1170/3508
vt 0.19921875 0.28710938
vt 0.19921875 0.28710938
vt 0.19921875 0.28710938
vt 0.19921875 0.28710938
f 1170/3509 1171/3510 1175/3511 1174/3512
vt 0.19921875 0.28710938
vt 0.19921875 0.28710938
vt 0.19921875 0.28710938
vt 0.19921875 0.28710938
f 1174/3513 1175/3514 1176/3515 1173/3516
vt 0.19921875 0.28710938
vt 0.19921875 0.28710938
vt 0.19921875 0.28710938
vt 0.19921875 0.28710938
f 1173/3517 1176/3518 1172/3519 1169/3520
vt 0.19921875 0.28710938
vt 0.19921875 0.28710938
vt 0.19921875 0.28710938
vt 0.19921875 0.28710938
f 1172/3521 1176/3522 1175/3523 1171/3524
vt 0.19921875 0.28710938
vt 0.19921875 0.28710938
vt 0.19921875 0.28710938
vt 0.19921875 0.28710938
f 1173/3525 1169/3526 1170/3527 1174/3528
v -1.8119325 1.7307625 -0.3146375
v -1.8119325 1.7307625 0.4123750
v -1.8119325 1.9080725 0.4123750
v -1.8119325 1.9080725 -0.3146375
v -4.3653400 1.7307625 -0.3146375
v -4.3653400 1.7307625 0.4123750
v -4.3653400 1.9080725 0.4123750
v -4.3653400 1.9080725 -0.3146375
vt 0.22265625 0.35351562
vt 0.22265625 0.35351562
vt 0.23828125 0.35351562
vt 0.23828125 0.35351562
f 1177/3529 1180/3530 1179/3531 1178/3532
vt 0.16015625 0.35351562
vt 0.16015625 0.35351562
vt 0.22265625 0.35351562
vt 0.22265625 0.35351562
f 1178/3533 1179/3534 1183/3535 1182/3536
vt 0.26171875 0.29687500
vt 0.26171875 0.29687500
vt 0.27734375 0.29687500
vt 0.27734375 0.29687500
f 1182/3537 1183/3538 1184/3539 1181/3540
vt 0.23828125 0.35351562
vt 0.23828125 0.35351562
vt 0.30078125 0.35351562
vt 0.30078125 0.35351562
f 1181/3541 1184/3542 1180/3543 1177/3544
vt 0.21289062 0.32421875
vt 0.21289062 0.26171875
vt 0.19726562 0.26171875
vt 0.19726562 0.32421875
f 1180/3545 1184/3546 1183/3547 1179/3548
vt 0.22851562 0.26171875
vt 0.22851562 0.32421875
vt 0.21289062 0.32421875
vt 0.21289062 0.26171875
f 1181/3549 1177/3550 1178/3551 1182/3552
v -1.8119325 1.3126168 -0.4089454
v -1.8119325 1.2793311 -0.1987876
v -1.8119325 1.8747887 -0.1044764
v -1.8119325 1.9080744 -0.3146342
v -2.1311100 1.3126168 -0.4089454
v -2.1311100 1.2793311 -0.1987876
v -2.1311100 1.8747887 -0.1044764
v -2.1311100 1.9080744 -0.3146342
vt 0.21484375 0.31250000
vt 0.21484375 0.31250000
vt 0.21484375 0.31250000
vt 0.21484375 0.31250000
f 1185/3553 1188/3554 1187/3555 1186/3556
vt 0.21484375 0.31250000
vt 0.21484375 0.31250000
vt 0.21484375 0.31250000
vt 0.21484375 0.31250000
f 1186/3557 1187/3558 1191/3559 1190/3560
vt 0.21484375 0.31250000
vt 0.21484375 0.31250000
vt 0.21484375 0.31250000
vt 0.21484375 0.31250000
f 1190/3561 1191/3562 1192/3563 1189/3564
vt 0.21484375 0.31250000
vt 0.21484375 0.31250000
vt 0.21484375 0.31250000
vt 0.21484375 0.31250000
f 1189/3565 1192/3566 1188/3567 1185/3568
vt 0.21484375 0.31250000
vt 0.21484375 0.31250000
vt 0.21484375 0.31250000
vt 0.21484375 0.31250000
f 1188/3569 1192/3570 1191/3571 1187/3572
vt 0.21484375 0.31250000
vt 0.21484375 0.31250000
vt 0.21484375 0.31250000
vt 0.21484375 0.31250000
f 1189/3573 1185/3574 1186/3575 1190/3576
v -1.5438325 1.3189253 -0.4988133
v -1.5438325 1.2745429 -0.2185938
v -1.5438325 1.9050338 -0.1187339
v -1.5438325 1.9494162 -0.3989534
v -1.8275450 1.3189253 -0.4988133
v -1.8275450 1.2745429 -0.2185938
v -1.8275450 1.9050338 -0.1187339
v -1.8275450 1.9494162 -0.3989534
vt 0.20507812 0.31640625
vt 0.20507812 0.33203125
vt 0.20507812 0.33203125
vt 0.20507812 0.31640625
f 1193/3577 1196/3578 1195/3579 1194/3580
vt 0.20507812 0.31640625
vt 0.20507812 0.33203125
vt 0.20507812 0.33203125
vt 0.20507812 0.31640625
f 1194/3581 1195/3582 1199/3583 1198/3584
vt 0.20507812 0.31640625
vt 0.20507812 0.33203125
vt 0.20507812 0.33203125
vt 0.20507812 0.31640625
f 1198/3585 1199/3586 1200/3587 1197/3588
vt 0.20507812 0.31640625
vt 0.20507812 0.33203125
vt 0.20507812 0.33203125
vt 0.20507812 0.31640625
f 1197/3589 1200/3590 1196/3591 1193/3592
vt 0.20507812 0.33203125
vt 0.20507812 0.33203125
vt 0.20507812 0.33203125
vt 0.20507812 0.33203125
f 1196/3593 1200/3594 1199/3595 1195/3596
vt 0.20507812 0.33203125
vt 0.20507812 0.33203125
vt 0.20507812 0.33203125
vt 0.20507812 0.33203125
f 1197/3597 1193/3598 1194/3599 1198/3600
v -2.1311100 1.3126168 -0.4089454
v -2.1311100 1.2793311 -0.1987876
v -2.1311100 1.3493854 -0.1876921
v -2.1311100 1.3826711 -0.3978499
v -3.6915250 1.3126168 -0.4089454
v -3.6915250 1.2793311 -0.1987876
v -3.6915250 1.3493854 -0.1876921
v -3.6915250 1.3826711 -0.3978499
vt 0.21679688 0.30078125
vt 0.21679688 0.30078125
vt 0.21679688 0.30078125
vt 0.21679688 0.30078125
f 1201/3601 1204/3602 1203/3603 1202/3604
vt 0.18554688 0.30078125
vt 0.18554688 0.30078125
vt 0.21679688 0.30078125
vt 0.21679688 0.30078125
f 1202/3605 1203/3606 1207/3607 1206/3608
vt 0.24804688 0.30078125
vt 0.24804688 0.30078125
vt 0.24804688 0.30078125
vt 0.24804688 0.30078125
f 1206/3609 1207/3610 1208/3611 1205/3612
vt 0.21679688 0.30078125
vt 0.21679688 0.30078125
vt 0.24804688 0.30078125
vt 0.24804688 0.30078125
f 1205/3613 1208/3614 1204/3615 1201/3616
vt 0.21679688 0.33203125
vt 0.21679688 0.30078125
vt 0.21679688 0.30078125
vt 0.21679688 0.33203125
f 1204/3617 1208/3618 1207/3619 1203/3620
vt 0.21679688 0.30078125
vt 0.21679688 0.33203125
vt 0.21679688 0.33203125
vt 0.21679688 0.30078125
f 1205/3621 1201/3622 1202/3623 1206/3624
v -2.1311100 1.6628808 -0.3534691
v -2.1311100 1.6295950 -0.1433112
v -2.1311100 1.8747887 -0.1044764
v -2.1311100 1.9080744 -0.3146342
v -3.6915250 1.6628808 -0.3534691
v -3.6915250 1.6295950 -0.1433112
v -3.6915250 1.8747887 -0.1044764
v -3.6915250 1.9080744 -0.3146342
vt 0.22460938 0.28710938
vt 0.22460938 0.28710938
vt 0.22460938 0.28710938
vt 0.22460938 0.28710938
f 1209/3625 1212/3626 1211/3627 1210/3628
vt 0.19335938 0.28710938
vt 0.19335938 0.28710938
vt 0.22460938 0.28710938
vt 0.22460938 0.28710938
f 1210/3629 1211/3630 1215/3631 1214/3632
vt 0.25585938 0.28710938
vt 0.25585938 0.28710938
vt 0.25585938 0.28710938
vt 0.25585938 0.28710938
f 1214/3633 1215/3634 1216/3635 1213/3636
vt 0.22460938 0.28710938
vt 0.22460938 0.28710938
vt 0.25585938 0.28710938
vt 0.25585938 0.28710938
f 1213/3637 1216/3638 1212/3639 1209/3640
vt 0.22460938 0.31835938
vt 0.22460938 0.28710938
vt 0.22460938 0.28710938
vt 0.22460938 0.31835938
f 1212/3641 1216/3642 1215/3643 1211/3644
vt 0.22460938 0.28710938
vt 0.22460938 0.31835938
vt 0.22460938 0.31835938
vt 0.22460938 0.28710938
f 1213/3645 1209/3646 1210/3647 1214/3648
v -3.6915250 1.3126168 -0.4089454
v -3.6915250 1.2793311 -0.1987876
v -3.6915250 1.8747887 -0.1044764
v -3.6915250 1.9080744 -0.3146342
v -4.3653400 1.3126168 -0.4089454
v -4.3653400 1.2793311 -0.1987876
v -4.3653400 1.8747887 -0.1044764
v -4.3653400 1.9080744 -0.3146342
vt 0.21875000 0.29101562
vt 0.21875000 0.29101562
vt 0.21875000 0.29101562
vt 0.21875000 0.29101562
f 1217/3649 1220/3650 1219/3651 1218/3652
vt 0.20312500 0.29101562
vt 0.20312500 0.29101562
vt 0.21875000 0.29101562
vt 0.21875000 0.29101562
f 1218/3653 1219/3654 1223/3655 1222/3656
vt 0.23437500 0.29101562
vt 0.23437500 0.29101562
vt 0.23437500 0.29101562
vt 0.23437500 0.29101562
f 1222/3657 1223/3658 1224/3659 1221/3660
vt 0.21875000 0.29101562
vt 0.21875000 0.29101562
vt 0.23437500 0.29101562
vt 0.23437500 0.29101562
f 1221/3661 1224/3662 1220/3663 1217/3664
vt 0.21875000 0.30664062
vt 0.21875000 0.29101562
vt 0.21875000 0.29101562
vt 0.21875000 0.30664062
f 1220/3665 1224/3666 1223/3667 1219/3668
vt 0.21875000 0.29101562
vt 0.21875000 0.30664062
vt 0.21875000 0.30664062
vt 0.21875000 0.29101562
f 1221/3669 1217/3670 1218/3671 1222/3672
v -6.4504631 -1.2821365 -0.2860325
v -6.4504631 -1.2821365 0.3877850
v -3.9041787 -0.2013029 0.3877850
v -3.9041787 -0.2013029 -0.2860325
v -6.6860310 -0.7271733 -0.2860325
v -6.6860310 -0.7271733 0.3877850
v -4.1397466 0.3536603 0.3877850
v -4.1397466 0.3536603 -0.2860325
vt 0.23828125 0.35937500
vt 0.23828125 0.42187500
vt 0.25390625 0.42187500
vt 0.25390625 0.35937500
f 1225/3673 1228/3674 1227/3675 1226/3676
vt 0.23828125 0.35937500
vt 0.23828125 0.42187500
vt 0.23828125 0.42187500
vt 0.23828125 0.35937500
f 1226/3677 1227/3678 1231/3679 1230/3680
vt 0.25390625 0.35937500
vt 0.25390625 0.42187500
vt 0.26953125 0.42187500
vt 0.26953125 0.35937500
f 1230/3681 1231/3682 1232/3683 1229/3684
vt 0.25390625 0.35937500
vt 0.25390625 0.42187500
vt 0.25390625 0.42187500
vt 0.25390625 0.35937500
f 1229/3685 1232/3686 1228/3687 1225/3688
vt 0.25390625 0.42187500
vt 0.25390625 0.42187500
vt 0.23828125 0.42187500
vt 0.23828125 0.42187500
f 1228/3689 1232/3690 1231/3691 1227/3692
vt 0.26953125 0.42187500
vt 0.26953125 0.42187500
vt 0.25390625 0.42187500
vt 0.25390625 0.42187500
f 1229/3693 1225/3694 1226/3695 1230/3696
v 7.4686250 1.6987000 0.5296400
v 7.4686250 1.6987000 0.7069600
v 7.4686250 2.5853000 0.7069600
v 7.4686250 2.5853000 0.5296400
v 6.5465600 1.6987000 0.5296400
v 6.5465600 1.6987000 0.7069600
v 6.5465600 2.5853000 0.7069600
v 6.5465600 2.5853000 0.5296400
vt 0.23828125 0.29101562
vt 0.23828125 0.30664062
vt 0.23828125 0.30664062
vt 0.23828125 0.29101562
f 1233/3697 1236/3698 1235/3699 1234/3700
vt 0.22265625 0.29101562
vt 0.22265625 0.30664062
vt 0.23828125 0.30664062
vt 0.23828125 0.29101562
f 1234/3701 1235/3702 1239/3703 1238/3704
vt 0.25390625 0.29101562
vt 0.25390625 0.30664062
vt 0.25390625 0.30664062
vt 0.25390625 0.29101562
f 1238/3705 1239/3706 1240/3707 1237/3708
vt 0.23828125 0.29101562
vt 0.23828125 0.30664062
vt 0.25390625 0.30664062
vt 0.25390625 0.29101562
f 1237/3709 1240/3710 1236/3711 1233/3712
vt 0.23828125 0.32226562
vt 0.23828125 0.30664062
vt 0.23828125 0.30664062
vt 0.23828125 0.32226562
f 1236/3713 1240/3714 1239/3715 1235/3716
vt 0.23828125 0.30664062
vt 0.23828125 0.32226562
vt 0.23828125 0.32226562
vt 0.23828125 0.30664062
f 1237/3717 1233/3718 1234/3719 1238/3720
v 7.4686250 1.3085950 -0.6052075
v 7.4686250 1.3085950 0.7069600
v 7.4686250 1.9469475 0.7069600
v 7.4686250 1.9469475 -0.6052075
v 6.5110975 1.3085950 -0.6052075
v 6.5110975 1.3085950 0.7069600
v 6.5110975 1.9469475 0.7069600
v 6.5110975 1.9469475 -0.6052075
vt 0.19921875 0.33203125
vt 0.19921875 0.34765625
vt 0.23046875 0.34765625
vt 0.23046875 0.33203125
f 1241/3721 1244/3722 1243/3723 1242/3724
vt 0.18359375 0.33203125
vt 0.18359375 0.34765625
vt 0.19921875 0.34765625
vt 0.19921875 0.33203125
f 1242/3725 1243/3726 1247/3727 1246/3728
vt 0.24609375 0.33203125
vt 0.24609375 0.34765625
vt 0.27734375 0.34765625
vt 0.27734375 0.33203125
f 1246/3729 1247/3730 1248/3731 1245/3732
vt 0.23046875 0.33203125
vt 0.23046875 0.34765625
vt 0.24609375 0.34765625
vt 0.24609375 0.33203125
f 1245/3733 1248/3734 1244/3735 1241/3736
vt 0.32617188 0.40429688
vt 0.32617188 0.38867188
vt 0.29492188 0.38867188
vt 0.29492188 0.40429688
f 1244/3737 1248/3738 1247/3739 1243/3740
vt 0.37304688 0.38867188
vt 0.37304688 0.40429688
vt 0.34179688 0.40429688
vt 0.34179688 0.38867188
f 1245/3741 1241/3742 1242/3743 1246/3744
v 7.4686250 1.6987000 -0.6052075
v 7.4686250 1.6987000 -0.4278875
v 7.4686250 2.5853000 -0.4278875
v 7.4686250 2.5853000 -0.6052075
v 6.5465600 1.6987000 -0.6052075
v 6.5465600 1.6987000 -0.4278875
v 6.5465600 2.5853000 -0.4278875
v 6.5465600 2.5853000 -0.6052075
vt 0.22460938 0.32617188
vt 0.22460938 0.34179688
vt 0.22460938 0.34179688
vt 0.22460938 0.32617188
f 1249/3745 1252/3746 1251/3747 1250/3748
vt 0.20898438 0.32617188
vt 0.20898438 0.34179688
vt 0.22460938 0.34179688
vt 0.22460938 0.32617188
f 1250/3749 1251/3750 1255/3751 1254/3752
vt 0.24023438 0.32617188
vt 0.24023438 0.34179688
vt 0.24023438 0.34179688
vt 0.24023438 0.32617188
f 1254/3753 1255/3754 1256/3755 1253/3756
vt 0.22460938 0.32617188
vt 0.22460938 0.34179688
vt 0.24023438 0.34179688
vt 0.24023438 0.32617188
f 1253/3757 1256/3758 1252/3759 1249/3760
vt 0.22460938 0.35742188
vt 0.22460938 0.34179688
vt 0.22460938 0.34179688
vt 0.22460938 0.35742188
f 1252/3761 1256/3762 1255/3763 1251/3764
vt 0.22460938 0.34179688
vt 0.22460938 0.35742188
vt 0.22460938 0.35742188
vt 0.22460938 0.34179688
f 1253/3765 1249/3766 1250/3767 1254/3768
v -0.8400250 1.3085950 0.5296400
v -0.8400250 1.3085950 0.7069600
v -0.8400250 2.5853000 0.7069600
v -0.8400250 2.5853000 0.5296400
v -1.6911625 1.3085950 0.5296400
v -1.6911625 1.3085950 0.7069600
v -1.6911625 2.5853000 0.7069600
v -1.6911625 2.5853000 0.5296400
vt 0.25195312 0.31835938
vt 0.25195312 0.34960938
vt 0.25195312 0.34960938
vt 0.25195312 0.31835938
f 1257/3769 1260/3770 1259/3771 1258/3772
vt 0.23632812 0.31835938
vt 0.23632812 0.34960938
vt 0.25195312 0.34960938
vt 0.25195312 0.31835938
f 1258/3773 1259/3774 1263/3775 1262/3776
vt 0.26757812 0.31835938
vt 0.26757812 0.34960938
vt 0.26757812 0.34960938
vt 0.26757812 0.31835938
f 1262/3777 1263/3778 1264/3779 1261/3780
vt 0.25195312 0.31835938
vt 0.25195312 0.34960938
vt 0.26757812 0.34960938
vt 0.26757812 0.31835938
f 1261/3781 1264/3782 1260/3783 1257/3784
vt 0.25195312 0.36523438
vt 0.25195312 0.34960938
vt 0.25195312 0.34960938
vt 0.25195312 0.36523438
f 1260/3785 1264/3786 1263/3787 1259/3788
vt 0.25195312 0.34960938
vt 0.25195312 0.36523438
vt 0.25195312 0.36523438
vt 0.25195312 0.34960938
f 1261/3789 1257/3790 1258/3791 1262/3792
v -0.8400250 1.3085950 -0.6052075
v -0.8400250 1.3085950 -0.4278875
v -0.8400250 2.5853000 -0.4278875
v -0.8400250 2.5853000 -0.6052075
v -1.6911625 1.3085950 -0.6052075
v -1.6911625 1.3085950 -0.4278875
v -1.6911625 2.5853000 -0.4278875
v -1.6911625 2.5853000 -0.6052075
vt 0.25000000 0.34570312
vt 0.25000000 0.37695312
vt 0.25000000 0.37695312
vt 0.25000000 0.34570312
f 1265/3793 1268/3794 1267/3795 1266/3796
vt 0.23437500 0.34570312
vt 0.23437500 0.37695312
vt 0.25000000 0.37695312
vt 0.25000000 0.34570312
f 1266/3797 1267/3798 1271/3799 1270/3800
vt 0.32421875 0.40820312
vt 0.32421875 0.43945312
vt 0.32421875 0.43945312
vt 0.32421875 0.40820312
f 1270/3801 1271/3802 1272/3803 1269/3804
vt 0.25000000 0.34570312
vt 0.25000000 0.37695312
vt 0.26562500 0.37695312
vt 0.26562500 0.34570312
f 1269/3805 1272/3806 1268/3807 1265/3808
vt 0.25000000 0.39257812
vt 0.25000000 0.37695312
vt 0.25000000 0.37695312
vt 0.25000000 0.39257812
f 1268/3809 1272/3810 1271/3811 1267/3812
vt 0.25000000 0.37695312
vt 0.25000000 0.39257812
vt 0.25000000 0.39257812
vt 0.25000000 0.37695312
f 1269/3813 1265/3814 1266/3815 1270/3816
v 6.7213575 2.2382200 0.5296400
v 6.7213575 2.2382200 0.7069600
v 6.7213575 3.3376025 0.7069600
v 6.7213575 3.3376025 0.5296400
v -0.9388575 2.2382200 0.5296400
v -0.9388575 2.2382200 0.7069600
v -0.9388575 3.3376025 0.7069600
v -0.9388575 3.3376025 0.5296400
vt 0.34960938 0.36132812
vt 0.34960938 0.37695312
vt 0.34960938 0.37695312
vt 0.34960938 0.36132812
f 1273/3817 1276/3818 1275/3819 1274/3820
vt 0.21093750 0.39062500
vt 0.21093750 0.40625000
vt 0.39843750 0.40625000
vt 0.39843750 0.39062500
f 1274/3821 1275/3822 1279/3823 1278/3824
vt 0.23242188 0.39453125
vt 0.23242188 0.41015625
vt 0.23242188 0.41015625
vt 0.23242188 0.39453125
f 1278/3825 1279/3826 1280/3827 1277/3828
vt 0.18750000 0.37500000
vt 0.18750000 0.39062500
vt 0.37500000 0.39062500
vt 0.37500000 0.37500000
f 1277/3829 1280/3830 1276/3831 1273/3832
vt 0.22851562 0.45507812
vt 0.22851562 0.26757812
vt 0.22851562 0.26757812
vt 0.22851562 0.45507812
f 1276/3833 1280/3834 1279/3835 1275/3836
vt 0.19531250 0.26171875
vt 0.19531250 0.44921875
vt 0.19531250 0.44921875
vt 0.19531250 0.26171875
f 1277/3837 1273/3838 1274/3839 1278/3840
v 6.7213575 2.2027550 -0.6052075
v 6.7213575 2.2027550 -0.4278875
v 6.7213575 3.3376025 -0.4278875
v 6.7213575 3.3376025 -0.6052075
v -0.9388575 2.2027550 -0.6052075
v -0.9388575 2.2027550 -0.4278875
v -0.9388575 3.3376025 -0.4278875
v -0.9388575 3.3376025 -0.6052075
vt 0.20703125 0.36718750
vt 0.20703125 0.38281250
vt 0.20703125 0.38281250
vt 0.20703125 0.36718750
f 1281/3841 1284/3842 1283/3843 1282/3844
vt 0.19335938 0.41015625
vt 0.19335938 0.42578125
vt 0.38085938 0.42578125
vt 0.38085938 0.41015625
f 1282/3845 1283/3846 1287/3847 1286/3848
vt 0.18554688 0.27539062
vt 0.18554688 0.29101562
vt 0.18554688 0.29101562
vt 0.18554688 0.27539062
f 1286/3849 1287/3850 1288/3851 1285/3852
vt 0.18359375 0.37500000
vt 0.18359375 0.39062500
vt 0.37109375 0.39062500
vt 0.37109375 0.37500000
f 1285/3853 1288/3854 1284/3855 1281/3856
vt 0.24218750 0.44921875
vt 0.24218750 0.26171875
vt 0.24218750 0.26171875
vt 0.24218750 0.44921875
f 1284/3857 1288/3858 1287/3859 1283/3860
vt 0.27539062 0.26171875
vt 0.27539062 0.44921875
vt 0.27539062 0.44921875
vt 0.27539062 0.26171875
f 1285/3861 1281/3862 1282/3863 1286/3864
v 6.6661667 1.7828375 0.5296400
v 6.6661667 1.7828375 0.7069600
v 7.4686251 2.5852959 0.7069600
v 7.4686251 2.5852959 0.5296400
v 5.9138617 2.5351426 0.5296400
v 5.9138617 2.5351426 0.7069600
v 6.7163200 3.3376009 0.7069600
v 6.7163200 3.3376009 0.5296400
vt 0.25390625 0.30664062
vt 0.25390625 0.32226562
vt 0.25390625 0.32226562
vt 0.25390625 0.30664062
f 1289/3865 1292/3866 1291/3867 1290/3868
vt 0.23828125 0.30664062
vt 0.23828125 0.32226562
vt 0.25390625 0.32226562
vt 0.25390625 0.30664062
f 1290/3869 1291/3870 1295/3871 1294/3872
vt 0.26953125 0.30664062
vt 0.26953125 0.32226562
vt 0.26953125 0.32226562
vt 0.26953125 0.30664062
f 1294/3873 1295/3874 1296/3875 1293/3876
vt 0.25390625 0.30664062
vt 0.25390625 0.32226562
vt 0.26953125 0.32226562
vt 0.26953125 0.30664062
f 1293/3877 1296/3878 1292/3879 1289/3880
vt 0.25390625 0.33789062
vt 0.25390625 0.32226562
vt 0.25390625 0.32226562
vt 0.25390625 0.33789062
f 1292/3881 1296/3882 1295/3883 1291/3884
vt 0.25390625 0.32226562
vt 0.25390625 0.33789062
vt 0.25390625 0.33789062
vt 0.25390625 0.32226562
f 1293/3885 1289/3886 1290/3887 1294/3888
v 6.7163200 1.8329908 -0.6052075
v 6.7163200 1.8329908 -0.4278875
v 7.4686251 2.5852959 -0.4278875
v 7.4686251 2.5852959 -0.6052075
v 5.9640150 2.5852959 -0.6052075
v 5.9640150 2.5852959 -0.4278875
v 6.7163200 3.3376009 -0.4278875
v 6.7163200 3.3376009 -0.6052075
vt 0.24804688 0.39648438
vt 0.24804688 0.41210938
vt 0.24804688 0.41210938
vt 0.24804688 0.39648438
f 1297/3889 1300/3890 1299/3891 1298/3892
vt 0.23242188 0.39648438
vt 0.23242188 0.41210938
vt 0.24804688 0.41210938
vt 0.24804688 0.39648438
f 1298/3893 1299/3894 1303/3895 1302/3896
vt 0.26367188 0.39648438
vt 0.26367188 0.41210938
vt 0.26367188 0.41210938
vt 0.26367188 0.39648438
f 1302/3897 1303/3898 1304/3899 1301/3900
vt 0.24804688 0.39648438
vt 0.24804688 0.41210938
vt 0.26367188 0.41210938
vt 0.26367188 0.39648438
f 1301/3901 1304/3902 1300/3903 1297/3904
vt 0.24804688 0.42773438
vt 0.24804688 0.41210938
vt 0.24804688 0.41210938
vt 0.24804688 0.42773438
f 1300/3905 1304/3906 1303/3907 1299/3908
vt 0.24804688 0.41210938
vt 0.24804688 0.42773438
vt 0.24804688 0.42773438
vt 0.24804688 0.41210938
f 1301/3909 1297/3910 1298/3911 1302/3912
v -0.8887033 1.7828376 0.5296400
v -0.8887033 1.7828376 0.7069600
v -0.1363982 2.5351426 0.7069600
v -0.1363982 2.5351426 0.5296400
v -1.6911563 2.5852906 0.5296400
v -1.6911563 2.5852906 0.7069600
v -0.9388513 3.3375957 0.7069600
v -0.9388513 3.3375957 0.5296400
vt 0.24414062 0.34960938
vt 0.24414062 0.36523438
vt 0.24414062 0.36523438
vt 0.24414062 0.34960938
f 1305/3913 1308/3914 1307/3915 1306/3916
vt 0.22851562 0.34960938
vt 0.22851562 0.36523438
vt 0.24414062 0.36523438
vt 0.24414062 0.34960938
f 1306/3917 1307/3918 1311/3919 1310/3920
vt 0.25976562 0.34960938
vt 0.25976562 0.36523438
vt 0.25976562 0.36523438
vt 0.25976562 0.34960938
f 1310/3921 1311/3922 1312/3923 1309/3924
vt 0.24414062 0.34960938
vt 0.24414062 0.36523438
vt 0.25976562 0.36523438
vt 0.25976562 0.34960938
f 1309/3925 1312/3926 1308/3927 1305/3928
vt 0.24414062 0.38085938
vt 0.24414062 0.36523438
vt 0.24414062 0.36523438
vt 0.24414062 0.38085938
f 1308/3929 1312/3930 1311/3931 1307/3932
vt 0.24414062 0.36523438
vt 0.24414062 0.38085938
vt 0.24414062 0.38085938
vt 0.24414062 0.36523438
f 1309/3933 1305/3934 1306/3935 1310/3936
v -0.9388513 1.8329856 -0.6052075
v -0.9388513 1.8329856 -0.4278875
v -0.1865462 2.5852906 -0.4278875
v -0.1865462 2.5852906 -0.6052075
v -1.6911563 2.5852906 -0.6052075
v -1.6911563 2.5852906 -0.4278875
v -0.9388513 3.3375957 -0.4278875
v -0.9388513 3.3375957 -0.6052075
vt 0.25390625 0.33789062
vt 0.25390625 0.35351562
vt 0.25390625 0.35351562
vt 0.25390625 0.33789062
f 1313/3937 1316/3938 1315/3939 1314/3940
vt 0.23828125 0.33789062
vt 0.23828125 0.35351562
vt 0.25390625 0.35351562
vt 0.25390625 0.33789062
f 1314/3941 1315/3942 1319/3943 1318/3944
vt 0.26953125 0.33789062
vt 0.26953125 0.35351562
vt 0.26953125 0.35351562
vt 0.26953125 0.33789062
f 1318/3945 1319/3946 1320/3947 1317/3948
vt 0.25390625 0.33789062
vt 0.25390625 0.35351562
vt 0.26953125 0.35351562
vt 0.26953125 0.33789062
f 1317/3949 1320/3950 1316/3951 1313/3952
vt 0.25390625 0.36914062
vt 0.25390625 0.35351562
vt 0.25390625 0.35351562
vt 0.25390625 0.36914062
f 1316/3953 1320/3954 1319/3955 1315/3956
vt 0.25390625 0.35351562
vt 0.25390625 0.36914062
vt 0.25390625 0.36914062
vt 0.25390625 0.35351562
f 1317/3957 1313/3958 1314/3959 1318/3960
v -2.1311100 0.3669200 -0.4988150
v -2.1311100 0.3669200 -0.3924250
v -2.1311100 0.6860975 -0.3924250
v -2.1311100 0.6860975 -0.4988150
v -3.4432775 0.3669200 -0.4988150
v -3.4432775 0.3669200 -0.3924250
v -3.4432775 0.6860975 -0.3924250
v -3.4432775 0.6860975 -0.4988150
vt 0.23437500 0.32226562
vt 0.23437500 0.32226562
vt 0.23437500 0.32226562
vt 0.23437500 0.32226562
f 1321/3961 1324/3962 1323/3963 1322/3964
vt 0.20312500 0.32226562
vt 0.20312500 0.32226562
vt 0.23437500 0.32226562
vt 0.23437500 0.32226562
f 1322/3965 1323/3966 1327/3967 1326/3968
vt 0.26562500 0.32226562
vt 0.26562500 0.32226562
vt 0.26562500 0.32226562
vt 0.26562500 0.32226562
f 1326/3969 1327/3970 1328/3971 1325/3972
vt 0.24609375 0.33984375
vt 0.24609375 0.33984375
vt 0.27734375 0.33984375
vt 0.27734375 0.33984375
f 1325/3973 1328/3974 1324/3975 1321/3976
vt 0.23437500 0.35351562
vt 0.23437500 0.32226562
vt 0.23437500 0.32226562
vt 0.23437500 0.35351562
f 1324/3977 1328/3978 1327/3979 1323/3980
vt 0.23437500 0.32226562
vt 0.23437500 0.35351562
vt 0.23437500 0.35351562
vt 0.23437500 0.32226562
f 1325/3981 1321/3982 1322/3983 1326/3984
v -1.9756716 0.2350024 -0.4988150
v -1.9756716 0.2350024 -0.3924250
v -1.8209325 0.5141591 -0.3924250
v -1.8209325 0.5141591 -0.4988150
v -2.2858467 0.4069353 -0.4988150
v -2.2858467 0.4069353 -0.3924250
v -2.1311076 0.6860920 -0.3924250
v -2.1311076 0.6860920 -0.4988150
vt 0.19531250 0.32812500
vt 0.19531250 0.32812500
vt 0.19531250 0.32812500
vt 0.19531250 0.32812500
f 1329/3985 1332/3986 1331/3987 1330/3988
vt 0.19531250 0.32812500
vt 0.19531250 0.32812500
vt 0.19531250 0.32812500
vt 0.19531250 0.32812500
f 1330/3989 1331/3990 1335/3991 1334/3992
vt 0.19531250 0.32812500
vt 0.19531250 0.32812500
vt 0.19531250 0.32812500
vt 0.19531250 0.32812500
f 1334/3993 1335/3994 1336/3995 1333/3996
vt 0.20703125 0.34570312
vt 0.20703125 0.34570312
vt 0.20703125 0.34570312
vt 0.20703125 0.34570312
f 1333/3997 1336/3998 1332/3999 1329/4000
vt 0.19531250 0.32812500
vt 0.19531250 0.32812500
vt 0.19531250 0.32812500
vt 0.19531250 0.32812500
f 1332/4001 1336/4002 1335/4003 1331/4004
vt 0.19531250 0.32812500
vt 0.19531250 0.32812500
vt 0.19531250 0.32812500
vt 0.19531250 0.32812500
f 1333/4005 1329/4006 1330/4007 1334/4008
v -1.5438325 1.2745429 0.3203463
v -1.5438325 1.3189249 0.6005634
v -1.5438325 1.9494158 0.5007034
v -1.5438325 1.9050338 0.2204864
v -1.8275450 1.2745429 0.3203463
v -1.8275450 1.3189249 0.6005634
v -1.8275450 1.9494158 0.5007034
v -1.8275450 1.9050338 0.2204864
vt 0.20507812 0.31640625
vt 0.20507812 0.33203125
vt 0.20507812 0.33203125
vt 0.20507812 0.31640625
f 1337/4009 1340/4010 1339/4011 1338/4012
vt 0.20507812 0.31640625
vt 0.20507812 0.33203125
vt 0.20507812 0.33203125
vt 0.20507812 0.31640625
f 1338/4013 1339/4014 1343/4015 1342/4016
vt 0.20507812 0.31640625
vt 0.20507812 0.33203125
vt 0.20507812 0.33203125
vt 0.20507812 0.31640625
f 1342/4017 1343/4018 1344/4019 1341/4020
vt 0.20507812 0.31640625
vt 0.20507812 0.33203125
vt 0.20507812 0.33203125
vt 0.20507812 0.31640625
f 1341/4021 1344/4022 1340/4023 1337/4024
vt 0.20507812 0.33203125
vt 0.20507812 0.33203125
vt 0.20507812 0.33203125
vt 0.20507812 0.33203125
f 1340/4025 1344/4026 1343/4027 1339/4028
vt 0.20507812 0.33203125
vt 0.20507812 0.33203125
vt 0.20507812 0.33203125
vt 0.20507812 0.33203125
f 1341/4029 1337/4030 1338/4031 1342/4032
v -1.5438325 1.6657100 -0.3929875
v -1.5438325 1.6657100 0.5007050
v -1.5438325 2.0203500 0.5007050
v -1.5438325 2.0203500 -0.3929875
v -1.8275450 1.6657100 -0.3929875
v -1.8275450 1.6657100 0.5007050
v -1.8275450 2.0203500 0.5007050
v -1.8275450 2.0203500 -0.3929875
vt 0.20507812 0.33203125
vt 0.20507812 0.33203125
vt 0.22070312 0.33203125
vt 0.22070312 0.33203125
f 1345/4033 1348/4034 1347/4035 1346/4036
vt 0.20507812 0.33203125
vt 0.20507812 0.33203125
vt 0.20507812 0.33203125
vt 0.20507812 0.33203125
f 1346/4037 1347/4038 1351/4039 1350/4040
vt 0.22070312 0.33203125
vt 0.22070312 0.33203125
vt 0.23632812 0.33203125
vt 0.23632812 0.33203125
f 1350/4041 1351/4042 1352/4043 1349/4044
vt 0.22070312 0.33203125
vt 0.22070312 0.33203125
vt 0.22070312 0.33203125
vt 0.22070312 0.33203125
f 1349/4045 1352/4046 1348/4047 1345/4048
vt 0.22070312 0.33203125
vt 0.22070312 0.33203125
vt 0.20507812 0.33203125
vt 0.20507812 0.33203125
f 1348/4049 1352/4050 1351/4051 1347/4052
vt 0.23632812 0.33203125
vt 0.23632812 0.33203125
vt 0.22070312 0.33203125
vt 0.22070312 0.33203125
f 1349/4053 1345/4054 1346/4055 1350/4056
v 6.2091028 2.9860750 0.0017937
v 6.2404488 2.9860750 0.0331397
v 6.2404488 3.1308075 0.0331397
v 6.2091028 3.1308075 0.0017937
v 6.1777568 2.9860750 0.0331397
v 6.2091028 2.9860750 0.0644857
v 6.2091028 3.1308075 0.0644857
v 6.1777568 3.1308075 0.0331397
vt 0.08593750 0.32421875
vt 0.08593750 0.32421875
vt 0.08593750 0.32421875
vt 0.08593750 0.32421875
f 1353/4057 1356/4058 1355/4059 1354/4060
vt 0.08593750 0.32421875
vt 0.08593750 0.32421875
vt 0.08593750 0.32421875
vt 0.08593750 0.32421875
f 1354/4061 1355/4062 1359/4063 1358/4064
vt 0.08593750 0.32421875
vt 0.08593750 0.32421875
vt 0.08593750 0.32421875
vt 0.08593750 0.32421875
f 1358/4065 1359/4066 1360/4067 1357/4068
vt 0.08593750 0.32421875
vt 0.08593750 0.32421875
vt 0.08593750 0.32421875
vt 0.08593750 0.32421875
f 1357/4069 1360/4070 1356/4071 1353/4072
vt 0.08593750 0.32421875
vt 0.08593750 0.32421875
vt 0.08593750 0.32421875
vt 0.08593750 0.32421875
f 1356/4073 1360/4074 1359/4075 1355/4076
vt 0.08593750 0.32421875
vt 0.08593750 0.32421875
vt 0.08593750 0.32421875
vt 0.08593750 0.32421875
f 1357/4077 1353/4078 1354/4079 1358/4080
v -0.7839525 2.9756525 -0.0776800
v -0.7839525 2.9756525 -0.0499800
v -0.7839525 3.0089000 -0.0499800
v -0.7839525 3.0089000 -0.0776800
v -0.9945200 2.9756525 -0.0776800
v -0.9945200 2.9756525 -0.0499800
v -0.9945200 3.0089000 -0.0499800
v -0.9945200 3.0089000 -0.0776800
vt 0.04101562 0.06640625
vt 0.04101562 0.06640625
vt 0.04101562 0.06640625
vt 0.04101562 0.06640625
f 1361/4081 1364/4082 1363/4083 1362/4084
vt 0.04101562 0.06640625
vt 0.04101562 0.06640625
vt 0.04101562 0.06640625
vt 0.04101562 0.06640625
f 1366/4085 1367/4086 1368/4087 1365/4088
vt 0.04101562 0.06640625
vt 0.04101562 0.06640625
vt 0.04101562 0.06640625
vt 0.04101562 0.06640625
f 1365/4089 1368/4090 1364/4091 1361/4092
v -0.7839525 2.9756525 0.1162575
v -0.7839525 2.9756525 0.1439700
v -0.7839525 3.0089000 0.1439700
v -0.7839525 3.0089000 0.1162575
v -0.9945200 2.9756525 0.1162575
v -0.9945200 2.9756525 0.1439700
v -0.9945200 3.0089000 0.1439700
v -0.9945200 3.0089000 0.1162575
vt 0.04101562 0.06640625
vt 0.04101562 0.06640625
vt 0.04101562 0.06640625
vt 0.04101562 0.06640625
f 1369/4093 1372/4094 1371/4095 1370/4096
vt 0.04101562 0.06640625
vt 0.04101562 0.06640625
vt 0.04101562 0.06640625
vt 0.04101562 0.06640625
f 1370/4097 1371/4098 1375/4099 1374/4100
vt 0.04101562 0.06640625
vt 0.04101562 0.06640625
vt 0.04101562 0.06640625
vt 0.04101562 0.06640625
f 1374/4101 1375/4102 1376/4103 1373/4104
v -0.7839525 2.5877650 -0.0776800
v -0.7839525 2.5877650 0.1439700
v -0.7839525 2.9756525 0.1439700
v -0.7839525 2.9756525 -0.0776800
v -0.9224800 2.5877650 -0.0776800
v -0.9224800 2.5877650 0.1439700
v -0.9224800 2.9756525 0.1439700
v -0.9224800 2.9756525 -0.0776800
vt 0.04101562 0.06640625
vt 0.04101562 0.06640625
vt 0.04101562 0.06640625
vt 0.04101562 0.06640625
f 1377/4105 1380/4106 1379/4107 1378/4108
vt 0.04101562 0.06640625
vt 0.04101562 0.06640625
vt 0.04101562 0.06640625
vt 0.04101562 0.06640625
f 1378/4109 1379/4110 1383/4111 1382/4112
vt 0.04101562 0.06640625
vt 0.04101562 0.06640625
vt 0.04101562 0.06640625
vt 0.04101562 0.06640625
f 1382/4113 1383/4114 1384/4115 1381/4116
vt 0.04101562 0.06640625
vt 0.04101562 0.06640625
vt 0.04101562 0.06640625
vt 0.04101562 0.06640625
f 1381/4117 1384/4118 1380/4119 1377/4120
v -0.9224800 2.7872500 -0.0776800
v -0.9224800 2.7872500 0.1439700
v -0.9224800 2.9756525 0.1439700
v -0.9224800 2.9756525 -0.0776800
v -0.9945200 2.7872500 -0.0776800
v -0.9945200 2.7872500 0.1439700
v -0.9945200 2.9756525 0.1439700
v -0.9945200 2.9756525 -0.0776800
vt 0.04101562 0.06640625
vt 0.04101562 0.06640625
vt 0.04101562 0.06640625
vt 0.04101562 0.06640625
f 1386/4121 1387/4122 1391/4123 1390/4124
vt 0.04101562 0.06640625
vt 0.04101562 0.06640625
vt 0.04101562 0.06640625
vt 0.04101562 0.06640625
f 1390/4125 1391/4126 1392/4127 1389/4128
vt 0.04101562 0.06640625
vt 0.04101562 0.06640625
vt 0.04101562 0.06640625
vt 0.04101562 0.06640625
f 1389/4129 1392/4130 1388/4131 1385/4132
v -0.9224800 2.7872500 -0.2904650
v -0.9224800 2.7872500 -0.1752075
v -0.9224800 3.3302925 -0.1752075
v -0.9224800 3.3302925 -0.2904650
v -0.9945200 2.7872500 -0.2904650
v -0.9945200 2.7872500 -0.1752075
v -0.9945200 3.3302925 -0.1752075
v -0.9945200 3.3302925 -0.2904650
vt 0.04101562 0.06640625
vt 0.04101562 0.06640625
vt 0.04101562 0.06640625
vt 0.04101562 0.06640625
f 1394/4133 1395/4134 1399/4135 1398/4136
vt 0.04101562 0.06640625
vt 0.04101562 0.06640625
vt 0.04101562 0.06640625
vt 0.04101562 0.06640625
f 1398/4137 1399/4138 1400/4139 1397/4140
vt 0.04101562 0.06640625
vt 0.04101562 0.06640625
vt 0.04101562 0.06640625
vt 0.04101562 0.06640625
f 1397/4141 1400/4142 1396/4143 1393/4144
v -0.9224800 2.7872500 0.2414950
v -0.9224800 2.7872500 0.3567525
v -0.9224800 3.3302925 0.3567525
v -0.9224800 3.3302925 0.2414950
v -0.9945200 2.7872500 0.2414950
v -0.9945200 2.7872500 0.3567525
v -0.9945200 3.3302925 0.3567525
v -0.9945200 3.3302925 0.2414950
vt 0.04101562 0.06640625
vt 0.04101562 0.06640625
vt 0.04101562 0.06640625
vt 0.04101562 0.06640625
f 1402/4145 1403/4146 1407/4147 1406/4148
vt 0.04101562 0.06640625
vt 0.04101562 0.06640625
vt 0.04101562 0.06640625
vt 0.04101562 0.06640625
f 1406/4149 1407/4150 1408/4151 1405/4152
vt 0.04101562 0.06640625
vt 0.04101562 0.06640625
vt 0.04101562 0.06640625
vt 0.04101562 0.06640625
f 1405/4153 1408/4154 1404/4155 1401/4156
v -0.7839525 2.9639100 -0.0403075
v -0.7839525 2.9639100 0.1065950
v -0.7839525 2.9922800 0.1065950
v -0.7839525 2.9922800 -0.0403075
v -0.9945200 2.9639100 -0.0403075
v -0.9945200 2.9639100 0.1065950
v -0.9945200 2.9922800 0.1065950
v -0.9945200 2.9922800 -0.0403075
vt 0.04101562 0.06640625
vt 0.04101562 0.06640625
vt 0.04101562 0.06640625
vt 0.04101562 0.06640625
f 1409/4157 1412/4158 1411/4159 1410/4160
vt 0.04101562 0.06640625
vt 0.04101562 0.06640625
vt 0.04101562 0.06640625
vt 0.04101562 0.06640625
f 1414/4161 1415/4162 1416/4163 1413/4164
vt 0.04101562 0.06640625
vt 0.04101562 0.06640625
vt 0.04101562 0.06640625
vt 0.04101562 0.06640625
f 1412/4165 1416/4166 1415/4167 1411/4168
v 6.2090957 2.6314350 -0.0060446
v 6.2482783 2.6314350 0.0331379
v 6.2482783 3.0698575 0.0331379
v 6.2090957 3.0698575 -0.0060446
v 6.1699132 2.6314350 0.0331379
v 6.2090957 2.6314350 0.0723205
v 6.2090957 3.0698575 0.0723205
v 6.1699132 3.0698575 0.0331379
vt 0.04101562 0.06640625
vt 0.04101562 0.06640625
vt 0.04101562 0.06640625
vt 0.04101562 0.06640625
f 1417/4169 1420/4170 1419/4171 1418/4172
vt 0.04101562 0.06640625
vt 0.04101562 0.06640625
vt 0.04101562 0.06640625
vt 0.04101562 0.06640625
f 1418/4173 1419/4174 1423/4175 1422/4176
vt 0.04101562 0.06640625
vt 0.04101562 0.06640625
vt 0.04101562 0.06640625
vt 0.04101562 0.06640625
f 1422/4177 1423/4178 1424/4179 1421/4180
vt 0.04101562 0.06640625
vt 0.04101562 0.06640625
vt 0.04101562 0.06640625
vt 0.04101562 0.06640625
f 1421/4181 1424/4182 1420/4183 1417/4184
vt 0.04101562 0.06640625
vt 0.04101562 0.06640625
vt 0.04101562 0.06640625
vt 0.04101562 0.06640625
f 1420/4185 1424/4186 1423/4187 1419/4188
vt 0.04101562 0.06640625
vt 0.04101562 0.06640625
vt 0.04101562 0.06640625
vt 0.04101562 0.06640625
f 1421/4189 1417/4190 1418/4191 1422/4192
v -0.8548800 2.9639071 -0.0403004
v -0.8548800 2.9839677 -0.0202398
v -0.8548800 3.0878434 -0.1241155
v -0.8548800 3.0677828 -0.1441762
v -0.9235925 2.9639071 -0.0403004
v -0.9235925 2.9839677 -0.0202398
v -0.9235925 3.0878434 -0.1241155
v -0.9235925 3.0677828 -0.1441762
vt 0.04101562 0.06640625
vt 0.04101562 0.06640625
vt 0.04101562 0.06640625
vt 0.04101562 0.06640625
f 1425/4193 1428/4194 1427/4195 1426/4196
vt 0.04101562 0.06640625
vt 0.04101562 0.06640625
vt 0.04101562 0.06640625
vt 0.04101562 0.06640625
f 1426/4197 1427/4198 1431/4199 1430/4200
vt 0.04101562 0.06640625
vt 0.04101562 0.06640625
vt 0.04101562 0.06640625
vt 0.04101562 0.06640625
f 1430/4201 1431/4202 1432/4203 1429/4204
vt 0.04101562 0.06640625
vt 0.04101562 0.06640625
vt 0.04101562 0.06640625
vt 0.04101562 0.06640625
f 1429/4205 1432/4206 1428/4207 1425/4208
v -0.8548800 3.0677775 -0.1441750
v -0.8548800 3.0677775 -0.1158050
v -0.8548800 3.2146800 -0.1158050
v -0.8548800 3.2146800 -0.1441750
v -0.9235925 3.0677775 -0.1441750
v -0.9235925 3.0677775 -0.1158050
v -0.9235925 3.2146800 -0.1158050
v -0.9235925 3.2146800 -0.1441750
vt 0.04101562 0.06640625
vt 0.04101562 0.06640625
vt 0.04101562 0.06640625
vt 0.04101562 0.06640625
f 1433/4209 1436/4210 1435/4211 1434/4212
vt 0.04101562 0.06640625
vt 0.04101562 0.06640625
vt 0.04101562 0.06640625
vt 0.04101562 0.06640625
f 1434/4213 1435/4214 1439/4215 1438/4216
vt 0.04101562 0.06640625
vt 0.04101562 0.06640625
vt 0.04101562 0.06640625
vt 0.04101562 0.06640625
f 1438/4217 1439/4218 1440/4219 1437/4220
vt 0.04101562 0.06640625
vt 0.04101562 0.06640625
vt 0.04101562 0.06640625
vt 0.04101562 0.06640625
f 1437/4221 1440/4222 1436/4223 1433/4224
v -0.8515525 3.1946130 -0.1241155
v -0.8515525 3.2984888 -0.0202398
v -0.8515525 3.3185512 -0.0403022
v -0.8515525 3.2146754 -0.1441779
v -0.9235925 3.1946130 -0.1241155
v -0.9235925 3.2984888 -0.0202398
v -0.9235925 3.3185512 -0.0403022
v -0.9235925 3.2146754 -0.1441779
vt 0.04101562 0.06640625
vt 0.04101562 0.06640625
vt 0.04101562 0.06640625
vt 0.04101562 0.06640625
f 1441/4225 1444/4226 1443/4227 1442/4228
vt 0.04101562 0.06640625
vt 0.04101562 0.06640625
vt 0.04101562 0.06640625
vt 0.04101562 0.06640625
f 1446/4229 1447/4230 1448/4231 1445/4232
vt 0.04101562 0.06640625
vt 0.04101562 0.06640625
vt 0.04101562 0.06640625
vt 0.04101562 0.06640625
f 1444/4233 1448/4234 1447/4235 1443/4236
vt 0.04101562 0.06640625
vt 0.04101562 0.06640625
vt 0.04101562 0.06640625
vt 0.04101562 0.06640625
f 1445/4237 1441/4238 1442/4239 1446/4240
v -0.8515525 3.2901775 -0.0403075
v -0.8515525 3.2901775 0.1065950
v -0.8515525 3.3185500 0.1065950
v -0.8515525 3.3185500 -0.0403075
v -0.9235925 3.2901775 -0.0403075
v -0.9235925 3.2901775 0.1065950
v -0.9235925 3.3185500 0.1065950
v -0.9235925 3.3185500 -0.0403075
vt 0.04101562 0.06640625
vt 0.04101562 0.06640625
vt 0.04101562 0.06640625
vt 0.04101562 0.06640625
f 1449/4241 1452/4242 1451/4243 1450/4244
vt 0.04101562 0.06640625
vt 0.04101562 0.06640625
vt 0.04101562 0.06640625
vt 0.04101562 0.06640625
f 1454/4245 1455/4246 1456/4247 1453/4248
vt 0.04101562 0.06640625
vt 0.04101562 0.06640625
vt 0.04101562 0.06640625
vt 0.04101562 0.06640625
f 1452/4249 1456/4250 1455/4251 1451/4252
vt 0.04101562 0.06640625
vt 0.04101562 0.06640625
vt 0.04101562 0.06640625
vt 0.04101562 0.06640625
f 1453/4253 1449/4254 1450/4255 1454/4256
v -0.8515525 3.1946130 0.1904055
v -0.8515525 3.2146754 0.2104679
v -0.8515525 3.3185512 0.1065922
v -0.8515525 3.2984888 0.0865298
v -0.9235925 3.1946130 0.1904055
v -0.9235925 3.2146754 0.2104679
v -0.9235925 3.3185512 0.1065922
v -0.9235925 3.2984888 0.0865298
vt 0.04101562 0.06640625
vt 0.04101562 0.06640625
vt 0.04101562 0.06640625
vt 0.04101562 0.06640625
f 1457/4257 1460/4258 1459/4259 1458/4260
vt 0.04101562 0.06640625
vt 0.04101562 0.06640625
vt 0.04101562 0.06640625
vt 0.04101562 0.06640625
f 1458/4261 1459/4262 1463/4263 1462/4264
vt 0.04101562 0.06640625
vt 0.04101562 0.06640625
vt 0.04101562 0.06640625
vt 0.04101562 0.06640625
f 1462/4265 1463/4266 1464/4267 1461/4268
vt 0.04101562 0.06640625
vt 0.04101562 0.06640625
vt 0.04101562 0.06640625
vt 0.04101562 0.06640625
f 1461/4269 1464/4270 1460/4271 1457/4272
v -0.8548800 3.0677775 0.1820925
v -0.8548800 3.0677775 0.2104650
v -0.8548800 3.2146800 0.2104650
v -0.8548800 3.2146800 0.1820925
v -0.9235925 3.0677775 0.1820925
v -0.9235925 3.0677775 0.2104650
v -0.9235925 3.2146800 0.2104650
v -0.9235925 3.2146800 0.1820925
vt 0.04101562 0.06640625
vt 0.04101562 0.06640625
vt 0.04101562 0.06640625
vt 0.04101562 0.06640625
f 1465/4273 1468/4274 1467/4275 1466/4276
vt 0.04101562 0.06640625
vt 0.04101562 0.06640625
vt 0.04101562 0.06640625
vt 0.04101562 0.06640625
f 1466/4277 1467/4278 1471/4279 1470/4280
vt 0.04101562 0.06640625
vt 0.04101562 0.06640625
vt 0.04101562 0.06640625
vt 0.04101562 0.06640625
f 1470/4281 1471/4282 1472/4283 1469/4284
vt 0.04101562 0.06640625
vt 0.04101562 0.06640625
vt 0.04101562 0.06640625
vt 0.04101562 0.06640625
f 1469/4285 1472/4286 1468/4287 1465/4288
v -0.8548800 2.9639071 0.1065904
v -0.8548800 3.0677828 0.2104662
v -0.8548800 3.0878434 0.1904055
v -0.8548800 2.9839677 0.0865298
v -0.9235925 2.9639071 0.1065904
v -0.9235925 3.0677828 0.2104662
v -0.9235925 3.0878434 0.1904055
v -0.9235925 2.9839677 0.0865298
vt 0.04101562 0.06640625
vt 0.04101562 0.06640625
vt 0.04101562 0.06640625
vt 0.04101562 0.06640625
f 1473/4289 1476/4290 1475/4291 1474/4292
vt 0.04101562 0.06640625
vt 0.04101562 0.06640625
vt 0.04101562 0.06640625
vt 0.04101562 0.06640625
f 1478/4293 1479/4294 1480/4295 1477/4296
vt 0.04101562 0.06640625
vt 0.04101562 0.06640625
vt 0.04101562 0.06640625
vt 0.04101562 0.06640625
f 1476/4297 1480/4298 1479/4299 1475/4300
vt 0.04101562 0.06640625
vt 0.04101562 0.06640625
vt 0.04101562 0.06640625
vt 0.04101562 0.06640625
f 1477/4301 1473/4302 1474/4303 1478/4304
v 0.4771875 2.3775525 -0.4278875
v 0.4771875 2.3775525 0.5296400
v 0.4771875 2.9095125 0.5296400
v 0.4771875 2.9095125 -0.4278875
v 0.1225475 2.3775525 -0.4278875
v 0.1225475 2.3775525 0.5296400
v 0.1225475 2.9095125 0.5296400
v 0.1225475 2.9095125 -0.4278875
vt 0.22070312 0.34570312
vt 0.22070312 0.34570312
vt 0.23632812 0.34570312
vt 0.23632812 0.34570312
f 1481/4305 1484/4306 1483/4307 1482/4308
vt 0.22070312 0.34570312
vt 0.22070312 0.34570312
vt 0.22070312 0.34570312
vt 0.22070312 0.34570312
f 1482/4309 1483/4310 1487/4311 1486/4312
vt 0.23632812 0.34570312
vt 0.23632812 0.34570312
vt 0.25195312 0.34570312
vt 0.25195312 0.34570312
f 1486/4313 1487/4314 1488/4315 1485/4316
vt 0.23632812 0.34570312
vt 0.23632812 0.34570312
vt 0.23632812 0.34570312
vt 0.23632812 0.34570312
f 1485/4317 1488/4318 1484/4319 1481/4320
vt 0.23632812 0.34570312
vt 0.23632812 0.34570312
vt 0.22070312 0.34570312
vt 0.22070312 0.34570312
f 1484/4321 1488/4322 1487/4323 1483/4324
vt 0.25195312 0.34570312
vt 0.25195312 0.34570312
vt 0.23632812 0.34570312
vt 0.23632812 0.34570312
f 1485/4325 1481/4326 1482/4327 1486/4328
v 5.4421400 2.3775525 -0.4278875
v 5.4421400 2.3775525 0.5296400
v 5.4421400 2.9095125 0.5296400
v 5.4421400 2.9095125 -0.4278875
v 5.0875000 2.3775525 -0.4278875
v 5.0875000 2.3775525 0.5296400
v 5.0875000 2.9095125 0.5296400
v 5.0875000 2.9095125 -0.4278875
vt 0.22070312 0.34570312
vt 0.22070312 0.34570312
vt 0.23632812 0.34570312
vt 0.23632812 0.34570312
f 1489/4329 1492/4330 1491/4331 1490/4332
vt 0.22070312 0.34570312
vt 0.22070312 0.34570312
vt 0.22070312 0.34570312
vt 0.22070312 0.34570312
f 1490/4333 1491/4334 1495/4335 1494/4336
vt 0.23632812 0.34570312
vt 0.23632812 0.34570312
vt 0.25195312 0.34570312
vt 0.25195312 0.34570312
f 1494/4337 1495/4338 1496/4339 1493/4340
vt 0.23632812 0.34570312
vt 0.23632812 0.34570312
vt 0.23632812 0.34570312
vt 0.23632812 0.34570312
f 1493/4341 1496/4342 1492/4343 1489/4344
vt 0.23632812 0.34570312
vt 0.23632812 0.34570312
vt 0.22070312 0.34570312
vt 0.22070312 0.34570312
f 1492/4345 1496/4346 1495/4347 1491/4348
vt 0.25195312 0.34570312
vt 0.25195312 0.34570312
vt 0.23632812 0.34570312
vt 0.23632812 0.34570312
f 1493/4349 1489/4350 1490/4351 1494/4352
v 6.1514200 2.3775525 -0.4278875
v 6.1514200 2.3775525 0.5296400
v 6.1514200 2.9095125 0.5296400
v 6.1514200 2.9095125 -0.4278875
v 5.7967800 2.3775525 -0.4278875
v 5.7967800 2.3775525 0.5296400
v 5.7967800 2.9095125 0.5296400
v 5.7967800 2.9095125 -0.4278875
vt 0.22070312 0.34570312
vt 0.22070312 0.34570312
vt 0.23632812 0.34570312
vt 0.23632812 0.34570312
f 1497/4353 1500/4354 1499/4355 1498/4356
vt 0.22070312 0.34570312
vt 0.22070312 0.34570312
vt 0.22070312 0.34570312
vt 0.22070312 0.34570312
f 1498/4357 1499/4358 1503/4359 1502/4360
vt 0.23632812 0.34570312
vt 0.23632812 0.34570312
vt 0.25195312 0.34570312
vt 0.25195312 0.34570312
f 1502/4361 1503/4362 1504/4363 1501/4364
vt 0.23632812 0.34570312
vt 0.23632812 0.34570312
vt 0.23632812 0.34570312
vt 0.23632812 0.34570312
f 1501/4365 1504/4366 1500/4367 1497/4368
vt 0.23632812 0.34570312
vt 0.23632812 0.34570312
vt 0.22070312 0.34570312
vt 0.22070312 0.34570312
f 1500/4369 1504/4370 1503/4371 1499/4372
vt 0.25195312 0.34570312
vt 0.25195312 0.34570312
vt 0.23632812 0.34570312
vt 0.23632812 0.34570312
f 1501/4373 1497/4374 1498/4375 1502/4376
v 4.0235800 2.3775525 -0.4278875
v 4.0235800 2.3775525 0.5296400
v 4.0235800 2.9095125 0.5296400
v 4.0235800 2.9095125 -0.4278875
v 3.6689400 2.3775525 -0.4278875
v 3.6689400 2.3775525 0.5296400
v 3.6689400 2.9095125 0.5296400
v 3.6689400 2.9095125 -0.4278875
vt 0.22070312 0.34570312
vt 0.22070312 0.34570312
vt 0.23632812 0.34570312
vt 0.23632812 0.34570312
f 1505/4377 1508/4378 1507/4379 1506/4380
vt 0.22070312 0.34570312
vt 0.22070312 0.34570312
vt 0.22070312 0.34570312
vt 0.22070312 0.34570312
f 1506/4381 1507/4382 1511/4383 1510/4384
vt 0.23632812 0.34570312
vt 0.23632812 0.34570312
vt 0.25195312 0.34570312
vt 0.25195312 0.34570312
f 1510/4385 1511/4386 1512/4387 1509/4388
vt 0.23632812 0.34570312
vt 0.23632812 0.34570312
vt 0.23632812 0.34570312
vt 0.23632812 0.34570312
f 1509/4389 1512/4390 1508/4391 1505/4392
vt 0.23632812 0.34570312
vt 0.23632812 0.34570312
vt 0.22070312 0.34570312
vt 0.22070312 0.34570312
f 1508/4393 1512/4394 1511/4395 1507/4396
vt 0.25195312 0.34570312
vt 0.25195312 0.34570312
vt 0.23632812 0.34570312
vt 0.23632812 0.34570312
f 1509/4397 1505/4398 1506/4399 1510/4400
v 4.7328600 2.3775525 -0.4278875
v 4.7328600 2.3775525 0.5296400
v 4.7328600 2.9095125 0.5296400
v 4.7328600 2.9095125 -0.4278875
v 4.3782200 2.3775525 -0.4278875
v 4.3782200 2.3775525 0.5296400
v 4.3782200 2.9095125 0.5296400
v 4.3782200 2.9095125 -0.4278875
vt 0.22070312 0.34570312
vt 0.22070312 0.34570312
vt 0.23632812 0.34570312
vt 0.23632812 0.34570312
f 1513/4401 1516/4402 1515/4403 1514/4404
vt 0.22070312 0.34570312
vt 0.22070312 0.34570312
vt 0.22070312 0.34570312
vt 0.22070312 0.34570312
f 1514/4405 1515/4406 1519/4407 1518/4408
vt 0.23632812 0.34570312
vt 0.23632812 0.34570312
vt 0.25195312 0.34570312
vt 0.25195312 0.34570312
f 1518/4409 1519/4410 1520/4411 1517/4412
vt 0.23632812 0.34570312
vt 0.23632812 0.34570312
vt 0.23632812 0.34570312
vt 0.23632812 0.34570312
f 1517/4413 1520/4414 1516/4415 1513/4416
vt 0.23632812 0.34570312
vt 0.23632812 0.34570312
vt 0.22070312 0.34570312
vt 0.22070312 0.34570312
f 1516/4417 1520/4418 1519/4419 1515/4420
vt 0.25195312 0.34570312
vt 0.25195312 0.34570312
vt 0.23632812 0.34570312
vt 0.23632812 0.34570312
f 1517/4421 1513/4422 1514/4423 1518/4424
v 2.6050200 2.3775525 -0.4278875
v 2.6050200 2.3775525 0.5296400
v 2.6050200 2.9095125 0.5296400
v 2.6050200 2.9095125 -0.4278875
v 2.2503800 2.3775525 -0.4278875
v 2.2503800 2.3775525 0.5296400
v 2.2503800 2.9095125 0.5296400
v 2.2503800 2.9095125 -0.4278875
vt 0.22070312 0.34570312
vt 0.22070312 0.34570312
vt 0.23632812 0.34570312
vt 0.23632812 0.34570312
f 1521/4425 1524/4426 1523/4427 1522/4428
vt 0.22070312 0.34570312
vt 0.22070312 0.34570312
vt 0.22070312 0.34570312
vt 0.22070312 0.34570312
f 1522/4429 1523/4430 1527/4431 1526/4432
vt 0.23632812 0.34570312
vt 0.23632812 0.34570312
vt 0.25195312 0.34570312
vt 0.25195312 0.34570312
f 1526/4433 1527/4434 1528/4435 1525/4436
vt 0.23632812 0.34570312
vt 0.23632812 0.34570312
vt 0.23632812 0.34570312
vt 0.23632812 0.34570312
f 1525/4437 1528/4438 1524/4439 1521/4440
vt 0.23632812 0.34570312
vt 0.23632812 0.34570312
vt 0.22070312 0.34570312
vt 0.22070312 0.34570312
f 1524/4441 1528/4442 1527/4443 1523/4444
vt 0.25195312 0.34570312
vt 0.25195312 0.34570312
vt 0.23632812 0.34570312
vt 0.23632812 0.34570312
f 1525/4445 1521/4446 1522/4447 1526/4448
v 3.3143000 2.3775525 -0.4278875
v 3.3143000 2.3775525 0.5296400
v 3.3143000 2.9095125 0.5296400
v 3.3143000 2.9095125 -0.4278875
v 2.9596600 2.3775525 -0.4278875
v 2.9596600 2.3775525 0.5296400
v 2.9596600 2.9095125 0.5296400
v 2.9596600 2.9095125 -0.4278875
vt 0.22070312 0.34570312
vt 0.22070312 0.34570312
vt 0.23632812 0.34570312
vt 0.23632812 0.34570312
f 1529/4449 1532/4450 1531/4451 1530/4452
vt 0.22070312 0.34570312
vt 0.22070312 0.34570312
vt 0.22070312 0.34570312
vt 0.22070312 0.34570312
f 1530/4453 1531/4454 1535/4455 1534/4456
vt 0.23632812 0.34570312
vt 0.23632812 0.34570312
vt 0.25195312 0.34570312
vt 0.25195312 0.34570312
f 1534/4457 1535/4458 1536/4459 1533/4460
vt 0.23632812 0.34570312
vt 0.23632812 0.34570312
vt 0.23632812 0.34570312
vt 0.23632812 0.34570312
f 1533/4461 1536/4462 1532/4463 1529/4464
vt 0.23632812 0.34570312
vt 0.23632812 0.34570312
vt 0.22070312 0.34570312
vt 0.22070312 0.34570312
f 1532/4465 1536/4466 1535/4467 1531/4468
vt 0.25195312 0.34570312
vt 0.25195312 0.34570312
vt 0.23632812 0.34570312
vt 0.23632812 0.34570312
f 1533/4469 1529/4470 1530/4471 1534/4472
v 1.1864600 2.3775525 -0.4278875
v 1.1864600 2.3775525 0.5296400
v 1.1864600 2.9095125 0.5296400
v 1.1864600 2.9095125 -0.4278875
v 0.8318200 2.3775525 -0.4278875
v 0.8318200 2.3775525 0.5296400
v 0.8318200 2.9095125 0.5296400
v 0.8318200 2.9095125 -0.4278875
vt 0.22070312 0.34570312
vt 0.22070312 0.34570312
vt 0.23632812 0.34570312
vt 0.23632812 0.34570312
f 1537/4473 1540/4474 1539/4475 1538/4476
vt 0.22070312 0.34570312
vt 0.22070312 0.34570312
vt 0.22070312 0.34570312
vt 0.22070312 0.34570312
f 1538/4477 1539/4478 1543/4479 1542/4480
vt 0.23632812 0.34570312
vt 0.23632812 0.34570312
vt 0.25195312 0.34570312
vt 0.25195312 0.34570312
f 1542/4481 1543/4482 1544/4483 1541/4484
vt 0.23632812 0.34570312
vt 0.23632812 0.34570312
vt 0.23632812 0.34570312
vt 0.23632812 0.34570312
f 1541/4485 1544/4486 1540/4487 1537/4488
vt 0.23632812 0.34570312
vt 0.23632812 0.34570312
vt 0.22070312 0.34570312
vt 0.22070312 0.34570312
f 1540/4489 1544/4490 1543/4491 1539/4492
vt 0.25195312 0.34570312
vt 0.25195312 0.34570312
vt 0.23632812 0.34570312
vt 0.23632812 0.34570312
f 1541/4493 1537/4494 1538/4495 1542/4496
v 1.8957400 2.3775525 -0.4278875
v 1.8957400 2.3775525 0.5296400
v 1.8957400 2.9095125 0.5296400
v 1.8957400 2.9095125 -0.4278875
v 1.5411000 2.3775525 -0.4278875
v 1.5411000 2.3775525 0.5296400
v 1.5411000 2.9095125 0.5296400
v 1.5411000 2.9095125 -0.4278875
vt 0.22070312 0.34570312
vt 0.22070312 0.34570312
vt 0.23632812 0.34570312
vt 0.23632812 0.34570312
f 1545/4497 1548/4498 1547/4499 1546/4500
vt 0.22070312 0.34570312
vt 0.22070312 0.34570312
vt 0.22070312 0.34570312
vt 0.22070312 0.34570312
f 1546/4501 1547/4502 1551/4503 1550/4504
vt 0.23632812 0.34570312
vt 0.23632812 0.34570312
vt 0.25195312 0.34570312
vt 0.25195312 0.34570312
f 1550/4505 1551/4506 1552/4507 1549/4508
vt 0.23632812 0.34570312
vt 0.23632812 0.34570312
vt 0.23632812 0.34570312
vt 0.23632812 0.34570312
f 1549/4509 1552/4510 1548/4511 1545/4512
vt 0.23632812 0.34570312
vt 0.23632812 0.34570312
vt 0.22070312 0.34570312
vt 0.22070312 0.34570312
f 1548/4513 1552/4514 1551/4515 1547/4516
vt 0.25195312 0.34570312
vt 0.25195312 0.34570312
vt 0.23632812 0.34570312
vt 0.23632812 0.34570312
f 1549/4517 1545/4518 1546/4519 1550/4520
v -0.2320925 2.3775525 -0.4278875
v -0.2320925 2.3775525 0.5296400
v -0.2320925 2.9095125 0.5296400
v -0.2320925 2.9095125 -0.4278875
v -0.5867325 2.3775525 -0.4278875
v -0.5867325 2.3775525 0.5296400
v -0.5867325 2.9095125 0.5296400
v -0.5867325 2.9095125 -0.4278875
vt 0.22070312 0.34570312
vt 0.22070312 0.34570312
vt 0.23632812 0.34570312
vt 0.23632812 0.34570312
f 1553/4521 1556/4522 1555/4523 1554/4524
vt 0.22070312 0.34570312
vt 0.22070312 0.34570312
vt 0.22070312 0.34570312
vt 0.22070312 0.34570312
f 1554/4525 1555/4526 1559/4527 1558/4528
vt 0.23632812 0.34570312
vt 0.23632812 0.34570312
vt 0.25195312 0.34570312
vt 0.25195312 0.34570312
f 1558/4529 1559/4530 1560/4531 1557/4532
vt 0.23632812 0.34570312
vt 0.23632812 0.34570312
vt 0.23632812 0.34570312
vt 0.23632812 0.34570312
f 1557/4533 1560/4534 1556/4535 1553/4536
vt 0.23632812 0.34570312
vt 0.23632812 0.34570312
vt 0.22070312 0.34570312
vt 0.22070312 0.34570312
f 1556/4537 1560/4538 1559/4539 1555/4540
vt 0.25195312 0.34570312
vt 0.25195312 0.34570312
vt 0.23632812 0.34570312
vt 0.23632812 0.34570312
f 1557/4541 1553/4542 1554/4543 1558/4544
v -5.5872567 1.6785917 -0.4988150
v -5.5872567 1.6785917 0.6005675
v -5.4618725 1.8039758 0.6005675
v -5.4618725 1.8039758 -0.4988150
v -5.7126408 1.8039758 -0.4988150
v -5.7126408 1.8039758 0.6005675
v -5.5872567 1.9293600 0.6005675
v -5.5872567 1.9293600 -0.4988150
vt 0.35742188 0.27929688
vt 0.35742188 0.27929688
vt 0.37304688 0.27929688
vt 0.37304688 0.27929688
f 1561/4545 1564/4546 1563/4547 1562/4548
vt 0.35742188 0.27929688
vt 0.35742188 0.27929688
vt 0.35742188 0.27929688
vt 0.35742188 0.27929688
f 1562/4549 1563/4550 1567/4551 1566/4552
vt 0.37304688 0.27929688
vt 0.37304688 0.27929688
vt 0.38867188 0.27929688
vt 0.38867188 0.27929688
f 1566/4553 1567/4554 1568/4555 1565/4556
vt 0.37304688 0.27929688
vt 0.37304688 0.27929688
vt 0.37304688 0.27929688
vt 0.37304688 0.27929688
f 1565/4557 1568/4558 1564/4559 1561/4560
vt 0.37304688 0.27929688
vt 0.37304688 0.27929688
vt 0.35742188 0.27929688
vt 0.35742188 0.27929688
f 1564/4561 1568/4562 1567/4563 1563/4564
vt 0.40429688 0.28515625
vt 0.40429688 0.28515625
vt 0.38867188 0.28515625
vt 0.38867188 0.28515625
f 1565/4565 1561/4566 1562/4567 1566/4568
v -2.1827117 0.4018892 -0.5342800
v -2.1827117 0.4018892 0.6360325
v -2.0573275 0.5272733 0.6360325
v -2.0573275 0.5272733 -0.5342800
v -2.3080958 0.5272733 -0.5342800
v -2.3080958 0.5272733 0.6360325
v -2.1827117 0.6526575 0.6360325
v -2.1827117 0.6526575 -0.5342800
vt 0.38281250 0.29296875
vt 0.38281250 0.29296875
vt 0.39843750 0.29296875
vt 0.39843750 0.29296875
f 1569/4569 1572/4570 1571/4571 1570/4572
vt 0.38281250 0.29296875
vt 0.38281250 0.29296875
vt 0.38281250 0.29296875
vt 0.38281250 0.29296875
f 1570/4573 1571/4574 1575/4575 1574/4576
vt 0.34179688 0.28515625
vt 0.34179688 0.28515625
vt 0.35742188 0.28515625
vt 0.35742188 0.28515625
f 1574/4577 1575/4578 1576/4579 1573/4580
vt 0.39843750 0.29296875
vt 0.39843750 0.29296875
vt 0.39843750 0.29296875
vt 0.39843750 0.29296875
f 1573/4581 1576/4582 1572/4583 1569/4584
vt 0.39843750 0.29296875
vt 0.39843750 0.29296875
vt 0.38281250 0.29296875
vt 0.38281250 0.29296875
f 1572/4585 1576/4586 1575/4587 1571/4588
vt 0.37109375 0.27734375
vt 0.37109375 0.27734375
vt 0.35546875 0.27734375
vt 0.35546875 0.27734375
f 1573/4589 1569/4590 1570/4591 1574/4592
v 6.6997517 2.2624875 -0.7116000
v 6.6997517 2.2624875 0.8133525
v 6.9505200 2.5132558 0.8133525
v 6.9505200 2.5132558 -0.7116000
v 6.4489833 2.5132558 -0.7116000
v 6.4489833 2.5132558 0.8133525
v 6.6997517 2.7640242 0.8133525
v 6.6997517 2.7640242 -0.7116000
vt 0.38671875 0.26367188
vt 0.38671875 0.26367188
vt 0.41796875 0.26367188
vt 0.41796875 0.26367188
f 1577/4593 1580/4594 1579/4595 1578/4596
vt 0.34375000 0.26953125
vt 0.34375000 0.26953125
vt 0.34375000 0.26953125
vt 0.34375000 0.26953125
f 1578/4597 1579/4598 1583/4599 1582/4600
vt 0.36914062 0.29101562
vt 0.36914062 0.29101562
vt 0.40039062 0.29101562
vt 0.40039062 0.29101562
f 1582/4601 1583/4602 1584/4603 1581/4604
vt 0.39062500 0.28125000
vt 0.39062500 0.28125000
vt 0.39062500 0.28125000
vt 0.39062500 0.28125000
f 1581/4605 1584/4606 1580/4607 1577/4608
vt 0.38085938 0.28515625
vt 0.38085938 0.28515625
vt 0.34960938 0.28515625
vt 0.34960938 0.28515625
f 1580/4609 1584/4610 1583/4611 1579/4612
vt 0.36132812 0.28125000
vt 0.36132812 0.28125000
vt 0.33007812 0.28125000
vt 0.33007812 0.28125000
f 1581/4613 1577/4614 1578/4615 1582/4616
v 6.0259367 0.4183600 -0.8889200
v 6.0259367 0.4183600 0.9906725
v 6.2767050 0.6691283 0.9906725
v 6.2767050 0.6691283 -0.8889200
v 5.7751683 0.6691283 -0.8889200
v 5.7751683 0.6691283 0.9906725
v 6.0259367 0.9198967 0.9906725
v 6.0259367 0.9198967 -0.8889200
vt 0.32812500 0.26562500
vt 0.32812500 0.26562500
vt 0.35937500 0.26562500
vt 0.35937500 0.26562500
f 1585/4617 1588/4618 1587/4619 1586/4620
vt 0.33398438 0.28125000
vt 0.33398438 0.28125000
vt 0.33398438 0.28125000
vt 0.33398438 0.28125000
f 1586/4621 1587/4622 1591/4623 1590/4624
vt 0.34179688 0.29687500
vt 0.34179688 0.29687500
vt 0.37304688 0.29687500
vt 0.37304688 0.29687500
f 1590/4625 1591/4626 1592/4627 1589/4628
vt 0.34375000 0.26953125
vt 0.34375000 0.26953125
vt 0.34375000 0.26953125
vt 0.34375000 0.26953125
f 1589/4629 1592/4630 1588/4631 1585/4632
vt 0.36132812 0.28320312
vt 0.36132812 0.28320312
vt 0.33007812 0.28320312
vt 0.33007812 0.28320312
f 1588/4633 1592/4634 1591/4635 1587/4636
vt 0.37500000 0.27148438
vt 0.37500000 0.27148438
vt 0.34375000 0.27148438
vt 0.34375000 0.27148438
f 1589/4637 1585/4638 1586/4639 1590/4640
v -1.2441758 1.4468150 -0.7116000
v -1.2441758 1.4468150 0.8133525
v -0.9934075 1.6975833 0.8133525
v -0.9934075 1.6975833 -0.7116000
v -1.4949442 1.6975833 -0.7116000
v -1.4949442 1.6975833 0.8133525
v -1.2441758 1.9483517 0.8133525
v -1.2441758 1.9483517 -0.7116000
vt 0.37109375 0.27539062
vt 0.37109375 0.27539062
vt 0.40234375 0.27539062
vt 0.40234375 0.27539062
f 1593/4641 1596/4642 1595/4643 1594/4644
vt 0.40625000 0.28515625
vt 0.40625000 0.28515625
vt 0.40625000 0.28515625
vt 0.40625000 0.28515625
f 1594/4645 1595/4646 1599/4647 1598/4648
vt 0.34375000 0.26562500
vt 0.34375000 0.26562500
vt 0.37500000 0.26562500
vt 0.37500000 0.26562500
f 1598/4649 1599/4650 1600/4651 1597/4652
vt 0.38085938 0.28125000
vt 0.38085938 0.28125000
vt 0.38085938 0.28125000
vt 0.38085938 0.28125000
f 1597/4653 1600/4654 1596/4655 1593/4656
vt 0.37500000 0.27929688
vt 0.37500000 0.27929688
vt 0.34375000 0.27929688
vt 0.34375000 0.27929688
f 1596/4657 1600/4658 1599/4659 1595/4660
vt 0.40039062 0.29882812
vt 0.40039062 0.29882812
vt 0.36914062 0.29882812
vt 0.36914062 0.29882812
f 1597/4661 1593/4662 1594/4663 1598/4664
v -6.6511767 1.6785917 -0.4988150
v -6.6511767 1.6785917 0.6005675
v -6.5257925 1.8039758 0.6005675
v -6.5257925 1.8039758 -0.4988150
v -6.7765608 1.8039758 -0.4988150
v -6.7765608 1.8039758 0.6005675
v -6.6511767 1.9293600 0.6005675
v -6.6511767 1.9293600 -0.4988150
vt 0.38671875 0.28515625
vt 0.38671875 0.28515625
vt 0.40234375 0.28515625
vt 0.40234375 0.28515625
f 1601/4665 1604/4666 1603/4667 1602/4668
vt 0.35742188 0.27539062
vt 0.35742188 0.27539062
vt 0.35742188 0.27539062
vt 0.35742188 0.27539062
f 1602/4669 1603/4670 1607/4671 1606/4672
vt 0.35156250 0.26953125
vt 0.35156250 0.26953125
vt 0.36718750 0.26953125
vt 0.36718750 0.26953125
f 1606/4673 1607/4674 1608/4675 1605/4676
vt 0.38476562 0.29101562
vt 0.38476562 0.29101562
vt 0.38476562 0.29101562
vt 0.38476562 0.29101562
f 1605/4677 1608/4678 1604/4679 1601/4680
vt 0.36132812 0.28906250
vt 0.36132812 0.28906250
vt 0.34570312 0.28906250
vt 0.34570312 0.28906250
f 1604/4681 1608/4682 1607/4683 1603/4684
vt 0.39648438 0.26953125
vt 0.39648438 0.26953125
vt 0.38085938 0.26953125
vt 0.38085938 0.26953125
f 1605/4685 1601/4686 1602/4687 1606/4688
v 6.0309758 0.1675917 0.5296400
v 6.0309758 0.1675917 0.8842800
v 6.5325125 0.6691283 0.8842800
v 6.5325125 0.6691283 0.5296400
v 5.5294392 0.6691283 0.5296400
v 5.5294392 0.6691283 0.8842800
v 6.0309758 1.1706650 0.8842800
v 6.0309758 1.1706650 0.5296400
vt 0.22460938 0.29296875
vt 0.22460938 0.30859375
vt 0.22460938 0.30859375
vt 0.22460938 0.29296875
f 1609/4689 1612/4690 1611/4691 1610/4692
vt 0.20898438 0.29296875
vt 0.20898438 0.30859375
vt 0.22460938 0.30859375
vt 0.22460938 0.29296875
f 1610/4693 1611/4694 1615/4695 1614/4696
vt 0.24023438 0.29296875
vt 0.24023438 0.30859375
vt 0.24023438 0.30859375
vt 0.24023438 0.29296875
f 1614/4697 1615/4698 1616/4699 1613/4700
vt 0.22460938 0.29296875
vt 0.22460938 0.30859375
vt 0.24023438 0.30859375
vt 0.24023438 0.29296875
f 1613/4701 1616/4702 1612/4703 1609/4704
vt 0.22460938 0.32421875
vt 0.22460938 0.30859375
vt 0.22460938 0.30859375
vt 0.22460938 0.32421875
f 1612/4705 1616/4706 1615/4707 1611/4708
vt 0.22460938 0.30859375
vt 0.22460938 0.32421875
vt 0.22460938 0.32421875
vt 0.22460938 0.30859375
f 1613/4709 1609/4710 1610/4711 1614/4712
v 5.9220650 0.5247525 0.5296400
v 5.9220650 0.5247525 0.8842800
v 5.9220650 0.8084650 0.8842800
v 5.9220650 0.8084650 0.5296400
v 5.2127850 0.5247525 0.5296400
v 5.2127850 0.5247525 0.8842800
v 5.2127850 0.8084650 0.8842800
v 5.2127850 0.8084650 0.5296400
vt 0.21289062 0.31640625
vt 0.21289062 0.31640625
vt 0.21289062 0.31640625
vt 0.21289062 0.31640625
f 1617/4713 1620/4714 1619/4715 1618/4716
vt 0.19726562 0.31640625
vt 0.19726562 0.31640625
vt 0.21289062 0.31640625
vt 0.21289062 0.31640625
f 1618/4717 1619/4718 1623/4719 1622/4720
vt 0.21875000 0.29101562
vt 0.21875000 0.29101562
vt 0.21875000 0.29101562
vt 0.21875000 0.29101562
f 1622/4721 1623/4722 1624/4723 1621/4724
vt 0.20312500 0.29101562
vt 0.20312500 0.29101562
vt 0.21875000 0.29101562
vt 0.21875000 0.29101562
f 1621/4725 1624/4726 1620/4727 1617/4728
vt 0.21289062 0.33203125
vt 0.21289062 0.31640625
vt 0.21289062 0.31640625
vt 0.21289062 0.33203125
f 1620/4729 1624/4730 1623/4731 1619/4732
vt 0.21289062 0.31640625
vt 0.21289062 0.33203125
vt 0.21289062 0.33203125
vt 0.21289062 0.31640625
f 1621/4733 1617/4734 1618/4735 1622/4736
v 5.2482475 0.5247525 0.5296400
v 5.2482475 0.5247525 0.8842800
v 5.2482475 0.8084650 0.8842800
v 5.2482475 0.8084650 0.5296400
v 0.6379350 0.5247525 0.5296400
v 0.6379350 0.5247525 0.8842800
v 0.6379350 0.8084650 0.8842800
v 0.6379350 0.8084650 0.5296400
vt 0.22265625 0.31445312
vt 0.22265625 0.31445312
vt 0.22265625 0.31445312
vt 0.22265625 0.31445312
f 1625/4737 1628/4738 1627/4739 1626/4740
vt 0.18359375 0.32421875
vt 0.18359375 0.32421875
vt 0.29296875 0.32421875
vt 0.29296875 0.32421875
f 1626/4741 1627/4742 1631/4743 1630/4744
vt 0.25585938 0.27929688
vt 0.25585938 0.27929688
vt 0.25585938 0.27929688
vt 0.25585938 0.27929688
f 1630/4745 1631/4746 1632/4747 1629/4748
vt 0.17968750 0.29882812
vt 0.17968750 0.29882812
vt 0.28906250 0.29882812
vt 0.28906250 0.29882812
f 1629/4749 1632/4750 1628/4751 1625/4752
vt 0.25390625 0.36523438
vt 0.25390625 0.25585938
vt 0.25390625 0.25585938
vt 0.25390625 0.36523438
f 1628/4753 1632/4754 1631/4755 1627/4756
vt 0.22460938 0.25976562
vt 0.22460938 0.36914062
vt 0.22460938 0.36914062
vt 0.22460938 0.25976562
f 1629/4757 1625/4758 1626/4759 1630/4760
v 0.9571125 0.4183600 0.5296400
v 0.9571125 0.4183600 0.9906725
v 0.9571125 0.9148550 0.9906725
v 0.9571125 0.9148550 0.5296400
v 0.6379350 0.4183600 0.5296400
v 0.6379350 0.4183600 0.9906725
v 0.6379350 0.9148550 0.9906725
v 0.6379350 0.9148550 0.5296400
vt 0.19531250 0.33203125
vt 0.19531250 0.33203125
vt 0.19531250 0.33203125
vt 0.19531250 0.33203125
f 1633/4761 1636/4762 1635/4763 1634/4764
vt 0.19531250 0.33203125
vt 0.19531250 0.33203125
vt 0.19531250 0.33203125
vt 0.19531250 0.33203125
f 1634/4765 1635/4766 1639/4767 1638/4768
vt 0.19531250 0.33203125
vt 0.19531250 0.33203125
vt 0.19531250 0.33203125
vt 0.19531250 0.33203125
f 1638/4769 1639/4770 1640/4771 1637/4772
vt 0.19531250 0.33203125
vt 0.19531250 0.33203125
vt 0.19531250 0.33203125
vt 0.19531250 0.33203125
f 1637/4773 1640/4774 1636/4775 1633/4776
vt 0.19531250 0.33203125
vt 0.19531250 0.33203125
vt 0.19531250 0.33203125
vt 0.19531250 0.33203125
f 1636/4777 1640/4778 1639/4779 1635/4780
vt 0.19531250 0.33203125
vt 0.19531250 0.33203125
vt 0.19531250 0.33203125
vt 0.19531250 0.33203125
f 1637/4781 1633/4782 1634/4783 1638/4784
v 0.6379350 0.2410400 0.5296400
v 0.6379350 0.2410400 0.9906725
v 0.6379350 1.0921750 0.9906725
v 0.6379350 1.0921750 0.5296400
v 0.4606150 0.2410400 0.5296400
v 0.4606150 0.2410400 0.9906725
v 0.4606150 1.0921750 0.9906725
v 0.4606150 1.0921750 0.5296400
vt 0.22070312 0.30273438
vt 0.22070312 0.31835938
vt 0.22070312 0.31835938
vt 0.22070312 0.30273438
f 1641/4785 1644/4786 1643/4787 1642/4788
vt 0.22070312 0.30273438
vt 0.22070312 0.31835938
vt 0.22070312 0.31835938
vt 0.22070312 0.30273438
f 1642/4789 1643/4790 1647/4791 1646/4792
vt 0.22070312 0.30273438
vt 0.22070312 0.31835938
vt 0.22070312 0.31835938
vt 0.22070312 0.30273438
f 1646/4793 1647/4794 1648/4795 1645/4796
vt 0.22070312 0.30273438
vt 0.22070312 0.31835938
vt 0.22070312 0.31835938
vt 0.22070312 0.30273438
f 1645/4797 1648/4798 1644/4799 1641/4800
vt 0.22070312 0.31835938
vt 0.22070312 0.31835938
vt 0.22070312 0.31835938
vt 0.22070312 0.31835938
f 1644/4801 1648/4802 1647/4803 1643/4804
vt 0.22070312 0.31835938
vt 0.22070312 0.31835938
vt 0.22070312 0.31835938
vt 0.22070312 0.31835938
f 1645/4805 1641/4806 1642/4807 1646/4808
v 0.4968710 0.3474325 0.7638339
v 0.0467741 0.3474325 0.8636180
v 0.0467741 0.9857850 0.8636180
v 0.4968710 0.9857850 0.7638339
v 0.4584919 0.3474325 0.5907171
v 0.0083950 0.3474325 0.6905012
v 0.0083950 0.9857850 0.6905012
v 0.4584919 0.9857850 0.5907171
vt 0.23242188 0.32421875
vt 0.23242188 0.33984375
vt 0.23242188 0.33984375
vt 0.23242188 0.32421875
f 1649/4809 1652/4810 1651/4811 1650/4812
vt 0.23242188 0.32421875
vt 0.23242188 0.33984375
vt 0.23242188 0.33984375
vt 0.23242188 0.32421875
f 1650/4813 1651/4814 1655/4815 1654/4816
vt 0.23242188 0.32421875
vt 0.23242188 0.33984375
vt 0.23242188 0.33984375
vt 0.23242188 0.32421875
f 1654/4817 1655/4818 1656/4819 1653/4820
vt 0.23242188 0.32421875
vt 0.23242188 0.33984375
vt 0.23242188 0.33984375
vt 0.23242188 0.32421875
f 1653/4821 1656/4822 1652/4823 1649/4824
vt 0.23242188 0.33984375
vt 0.23242188 0.33984375
vt 0.23242188 0.33984375
vt 0.23242188 0.33984375
f 1652/4825 1656/4826 1655/4827 1651/4828
vt 0.23242188 0.33984375
vt 0.23242188 0.33984375
vt 0.23242188 0.33984375
vt 0.23242188 0.33984375
f 1653/4829 1649/4830 1650/4831 1654/4832
v 0.0851525 0.3474325 0.6905104
v 0.5352567 0.3474325 0.7902961
v 0.5352567 0.9857850 0.7902961
v 0.0851525 0.9857850 0.6905104
v 0.0467734 0.3474325 0.8636272
v 0.4968776 0.3474325 0.9634129
v 0.4968776 0.9857850 0.9634129
v 0.0467734 0.9857850 0.8636272
vt 0.23242188 0.32421875
vt 0.23242188 0.33984375
vt 0.23242188 0.33984375
vt 0.23242188 0.32421875
f 1657/4833 1660/4834 1659/4835 1658/4836
vt 0.23242188 0.32421875
vt 0.23242188 0.33984375
vt 0.23242188 0.33984375
vt 0.23242188 0.32421875
f 1658/4837 1659/4838 1663/4839 1662/4840
vt 0.23242188 0.32421875
vt 0.23242188 0.33984375
vt 0.23242188 0.33984375
vt 0.23242188 0.32421875
f 1662/4841 1663/4842 1664/4843 1661/4844
vt 0.23242188 0.32421875
vt 0.23242188 0.33984375
vt 0.23242188 0.33984375
vt 0.23242188 0.32421875
f 1661/4845 1664/4846 1660/4847 1657/4848
vt 0.23242188 0.33984375
vt 0.23242188 0.33984375
vt 0.23242188 0.33984375
vt 0.23242188 0.33984375
f 1660/4849 1664/4850 1663/4851 1659/4852
vt 0.23242188 0.33984375
vt 0.23242188 0.33984375
vt 0.23242188 0.33984375
vt 0.23242188 0.33984375
f 1661/4853 1657/4854 1658/4855 1662/4856
v 5.5319600 0.7045933 0.3852642
v 5.5319600 0.3535184 0.7363391
v 5.5319600 0.6795158 1.0623366
v 5.5319600 1.0305908 0.7112616
v 5.1773200 0.7045933 0.3852642
v 5.1773200 0.3535184 0.7363391
v 5.1773200 0.6795158 1.0623366
v 5.1773200 1.0305908 0.7112616
vt 0.49218750 0.17773438
vt 0.49218750 0.17773438
vt 0.49218750 0.17773438
vt 0.49218750 0.17773438
f 1665/4857 1668/4858 1667/4859 1666/4860
vt 0.49218750 0.17773438
vt 0.49218750 0.17773438
vt 0.49218750 0.17773438
vt 0.49218750 0.17773438
f 1666/4861 1667/4862 1671/4863 1670/4864
vt 0.49218750 0.17773438
vt 0.49218750 0.17773438
vt 0.49218750 0.17773438
vt 0.49218750 0.17773438
f 1670/4865 1671/4866 1672/4867 1669/4868
vt 0.49218750 0.17773438
vt 0.49218750 0.17773438
vt 0.49218750 0.17773438
vt 0.49218750 0.17773438
f 1669/4869 1672/4870 1668/4871 1665/4872
vt 0.49218750 0.17773438
vt 0.49218750 0.17773438
vt 0.49218750 0.17773438
vt 0.49218750 0.17773438
f 1668/4873 1672/4874 1671/4875 1667/4876
vt 0.49218750 0.17773438
vt 0.49218750 0.17773438
vt 0.49218750 0.17773438
vt 0.49218750 0.17773438
f 1669/4877 1665/4878 1666/4879 1670/4880
v 5.5319600 0.3535184 -0.6345866
v 5.5319600 0.7045933 -0.2835117
v 5.5319600 1.0305908 -0.6095091
v 5.5319600 0.6795158 -0.9605841
v 5.1773200 0.3535184 -0.6345866
v 5.1773200 0.7045933 -0.2835117
v 5.1773200 1.0305908 -0.6095091
v 5.1773200 0.6795158 -0.9605841
vt 0.48046875 0.13671875
vt 0.48046875 0.13671875
vt 0.48046875 0.13671875
vt 0.48046875 0.13671875
f 1673/4881 1676/4882 1675/4883 1674/4884
vt 0.48046875 0.13671875
vt 0.48046875 0.13671875
vt 0.48046875 0.13671875
vt 0.48046875 0.13671875
f 1674/4885 1675/4886 1679/4887 1678/4888
vt 0.48046875 0.13671875
vt 0.48046875 0.13671875
vt 0.48046875 0.13671875
vt 0.48046875 0.13671875
f 1678/4889 1679/4890 1680/4891 1677/4892
vt 0.48046875 0.13671875
vt 0.48046875 0.13671875
vt 0.48046875 0.13671875
vt 0.48046875 0.13671875
f 1677/4893 1680/4894 1676/4895 1673/4896
vt 0.48046875 0.13671875
vt 0.48046875 0.13671875
vt 0.48046875 0.13671875
vt 0.48046875 0.13671875
f 1676/4897 1680/4898 1679/4899 1675/4900
vt 0.48046875 0.13671875
vt 0.48046875 0.13671875
vt 0.48046875 0.13671875
vt 0.48046875 0.13671875
f 1677/4901 1673/4902 1674/4903 1678/4904
v 6.0309758 0.1675917 -0.7825275
v 6.0309758 0.1675917 -0.4278875
v 6.5325125 0.6691283 -0.4278875
v 6.5325125 0.6691283 -0.7825275
v 5.5294392 0.6691283 -0.7825275
v 5.5294392 0.6691283 -0.4278875
v 6.0309758 1.1706650 -0.4278875
v 6.0309758 1.1706650 -0.7825275
vt 0.22070312 0.30664062
vt 0.22070312 0.32226562
vt 0.22070312 0.32226562
vt 0.22070312 0.30664062
f 1681/4905 1684/4906 1683/4907 1682/4908
vt 0.20507812 0.30664062
vt 0.20507812 0.32226562
vt 0.22070312 0.32226562
vt 0.22070312 0.30664062
f 1682/4909 1683/4910 1687/4911 1686/4912
vt 0.23632812 0.30664062
vt 0.23632812 0.32226562
vt 0.23632812 0.32226562
vt 0.23632812 0.30664062
f 1686/4913 1687/4914 1688/4915 1685/4916
vt 0.22070312 0.30664062
vt 0.22070312 0.32226562
vt 0.23632812 0.32226562
vt 0.23632812 0.30664062
f 1685/4917 1688/4918 1684/4919 1681/4920
vt 0.22070312 0.33789062
vt 0.22070312 0.32226562
vt 0.22070312 0.32226562
vt 0.22070312 0.33789062
f 1684/4921 1688/4922 1687/4923 1683/4924
vt 0.22070312 0.32226562
vt 0.22070312 0.33789062
vt 0.22070312 0.33789062
vt 0.22070312 0.32226562
f 1685/4925 1681/4926 1682/4927 1686/4928
v 0.5352542 0.3474325 -0.6885455
v 0.0851500 0.3474325 -0.5887598
v 0.0851500 0.9857850 -0.5887598
v 0.5352542 0.9857850 -0.6885455
v 0.4968751 0.3474325 -0.8616624
v 0.0467710 0.3474325 -0.7618767
v 0.0467710 0.9857850 -0.7618767
v 0.4968751 0.9857850 -0.8616624
vt 0.20117188 0.31640625
vt 0.20117188 0.33203125
vt 0.20117188 0.33203125
vt 0.20117188 0.31640625
f 1689/4929 1692/4930 1691/4931 1690/4932
vt 0.20117188 0.31640625
vt 0.20117188 0.33203125
vt 0.20117188 0.33203125
vt 0.20117188 0.31640625
f 1690/4933 1691/4934 1695/4935 1694/4936
vt 0.20117188 0.31640625
vt 0.20117188 0.33203125
vt 0.20117188 0.33203125
vt 0.20117188 0.31640625
f 1694/4937 1695/4938 1696/4939 1693/4940
vt 0.20117188 0.31640625
vt 0.20117188 0.33203125
vt 0.20117188 0.33203125
vt 0.20117188 0.31640625
f 1693/4941 1696/4942 1692/4943 1689/4944
vt 0.20117188 0.33203125
vt 0.20117188 0.33203125
vt 0.20117188 0.33203125
vt 0.20117188 0.33203125
f 1692/4945 1696/4946 1695/4947 1691/4948
vt 0.20117188 0.33203125
vt 0.20117188 0.33203125
vt 0.20117188 0.33203125
vt 0.20117188 0.33203125
f 1693/4949 1689/4950 1690/4951 1694/4952
v 5.9220650 0.5247525 -0.7825275
v 5.9220650 0.5247525 -0.4278875
v 5.9220650 0.8084650 -0.4278875
v 5.9220650 0.8084650 -0.7825275
v 5.2127850 0.5247525 -0.7825275
v 5.2127850 0.5247525 -0.4278875
v 5.2127850 0.8084650 -0.4278875
v 5.2127850 0.8084650 -0.7825275
vt 0.25000000 0.31640625
vt 0.25000000 0.31640625
vt 0.25000000 0.31640625
vt 0.25000000 0.31640625
f 1697/4953 1700/4954 1699/4955 1698/4956
vt 0.23437500 0.31640625
vt 0.23437500 0.31640625
vt 0.25000000 0.31640625
vt 0.25000000 0.31640625
f 1698/4957 1699/4958 1703/4959 1702/4960
vt 0.26562500 0.31640625
vt 0.26562500 0.31640625
vt 0.26562500 0.31640625
vt 0.26562500 0.31640625
f 1702/4961 1703/4962 1704/4963 1701/4964
vt 0.25000000 0.31640625
vt 0.25000000 0.31640625
vt 0.26562500 0.31640625
vt 0.26562500 0.31640625
f 1701/4965 1704/4966 1700/4967 1697/4968
vt 0.25000000 0.33203125
vt 0.25000000 0.31640625
vt 0.25000000 0.31640625
vt 0.25000000 0.33203125
f 1700/4969 1704/4970 1703/4971 1699/4972
vt 0.25000000 0.31640625
vt 0.25000000 0.33203125
vt 0.25000000 0.33203125
vt 0.25000000 0.31640625
f 1701/4973 1697/4974 1698/4975 1702/4976
v 5.2482475 0.5247525 -0.7825275
v 5.2482475 0.5247525 -0.4278875
v 5.2482475 0.8084650 -0.4278875
v 5.2482475 0.8084650 -0.7825275
v 0.6379350 0.5247525 -0.7825275
v 0.6379350 0.5247525 -0.4278875
v 0.6379350 0.8084650 -0.4278875
v 0.6379350 0.8084650 -0.7825275
vt 0.25585938 0.33593750
vt 0.25585938 0.33593750
vt 0.25585938 0.33593750
vt 0.25585938 0.33593750
f 1705/4977 1708/4978 1707/4979 1706/4980
vt 0.17382812 0.27539062
vt 0.17382812 0.27539062
vt 0.28320312 0.27539062
vt 0.28320312 0.27539062
f 1706/4981 1707/4982 1711/4983 1710/4984
vt 0.21875000 0.31640625
vt 0.21875000 0.31640625
vt 0.21875000 0.31640625
vt 0.21875000 0.31640625
f 1710/4985 1711/4986 1712/4987 1709/4988
vt 0.18750000 0.29296875
vt 0.18750000 0.29296875
vt 0.29687500 0.29296875
vt 0.29687500 0.29296875
f 1709/4989 1712/4990 1708/4991 1705/4992
vt 0.20312500 0.36914062
vt 0.20312500 0.25976562
vt 0.20312500 0.25976562
vt 0.20312500 0.36914062
f 1708/4993 1712/4994 1711/4995 1707/4996
vt 0.25390625 0.25976562
vt 0.25390625 0.36914062
vt 0.25390625 0.36914062
vt 0.25390625 0.25976562
f 1709/4997 1705/4998 1706/4999 1710/5000
v 0.9571125 0.4183600 -0.8889200
v 0.9571125 0.4183600 -0.4278875
v 0.9571125 0.9148550 -0.4278875
v 0.9571125 0.9148550 -0.8889200
v 0.6379350 0.4183600 -0.8889200
v 0.6379350 0.4183600 -0.4278875
v 0.6379350 0.9148550 -0.4278875
v 0.6379350 0.9148550 -0.8889200
vt 0.19921875 0.30664062
vt 0.19921875 0.30664062
vt 0.19921875 0.30664062
vt 0.19921875 0.30664062
f 1713/5001 1716/5002 1715/5003 1714/5004
vt 0.19921875 0.30664062
vt 0.19921875 0.30664062
vt 0.19921875 0.30664062
vt 0.19921875 0.30664062
f 1714/5005 1715/5006 1719/5007 1718/5008
vt 0.19921875 0.30664062
vt 0.19921875 0.30664062
vt 0.19921875 0.30664062
vt 0.19921875 0.30664062
f 1718/5009 1719/5010 1720/5011 1717/5012
vt 0.19921875 0.30664062
vt 0.19921875 0.30664062
vt 0.19921875 0.30664062
vt 0.19921875 0.30664062
f 1717/5013 1720/5014 1716/5015 1713/5016
vt 0.19921875 0.30664062
vt 0.19921875 0.30664062
vt 0.19921875 0.30664062
vt 0.19921875 0.30664062
f 1716/5017 1720/5018 1719/5019 1715/5020
vt 0.19921875 0.30664062
vt 0.19921875 0.30664062
vt 0.19921875 0.30664062
vt 0.19921875 0.30664062
f 1717/5021 1713/5022 1714/5023 1718/5024
v 0.6379350 0.2410400 -0.8889200
v 0.6379350 0.2410400 -0.4278875
v 0.6379350 1.0921750 -0.4278875
v 0.6379350 1.0921750 -0.8889200
v 0.4606150 0.2410400 -0.8889200
v 0.4606150 0.2410400 -0.4278875
v 0.4606150 1.0921750 -0.4278875
v 0.4606150 1.0921750 -0.8889200
vt 0.23828125 0.29687500
vt 0.23828125 0.31250000
vt 0.23828125 0.31250000
vt 0.23828125 0.29687500
f 1721/5025 1724/5026 1723/5027 1722/5028
vt 0.23828125 0.29687500
vt 0.23828125 0.31250000
vt 0.23828125 0.31250000
vt 0.23828125 0.29687500
f 1722/5029 1723/5030 1727/5031 1726/5032
vt 0.23828125 0.29687500
vt 0.23828125 0.31250000
vt 0.23828125 0.31250000
vt 0.23828125 0.29687500
f 1726/5033 1727/5034 1728/5035 1725/5036
vt 0.23828125 0.29687500
vt 0.23828125 0.31250000
vt 0.23828125 0.31250000
vt 0.23828125 0.29687500
f 1725/5037 1728/5038 1724/5039 1721/5040
vt 0.23828125 0.31250000
vt 0.23828125 0.31250000
vt 0.23828125 0.31250000
vt 0.23828125 0.31250000
f 1724/5041 1728/5042 1727/5043 1723/5044
vt 0.23828125 0.31250000
vt 0.23828125 0.31250000
vt 0.23828125 0.31250000
vt 0.23828125 0.31250000
f 1725/5045 1721/5046 1722/5047 1726/5048
v 0.0467765 0.3474325 -0.7618675
v 0.4968807 0.3474325 -0.6620818
v 0.4968807 0.9857850 -0.6620818
v 0.0467765 0.9857850 -0.7618675
v 0.0083975 0.3474325 -0.5887506
v 0.4585017 0.3474325 -0.4889649
v 0.4585017 0.9857850 -0.4889649
v 0.0083975 0.9857850 -0.5887506
vt 0.23437500 0.28515625
vt 0.23437500 0.30078125
vt 0.23437500 0.30078125
vt 0.23437500 0.28515625
f 1729/5049 1732/5050 1731/5051 1730/5052
vt 0.23437500 0.28515625
vt 0.23437500 0.30078125
vt 0.23437500 0.30078125
vt 0.23437500 0.28515625
f 1730/5053 1731/5054 1735/5055 1734/5056
vt 0.23437500 0.28515625
vt 0.23437500 0.30078125
vt 0.23437500 0.30078125
vt 0.23437500 0.28515625
f 1734/5057 1735/5058 1736/5059 1733/5060
vt 0.23437500 0.28515625
vt 0.23437500 0.30078125
vt 0.23437500 0.30078125
vt 0.23437500 0.28515625
f 1733/5061 1736/5062 1732/5063 1729/5064
vt 0.23437500 0.30078125
vt 0.23437500 0.30078125
vt 0.23437500 0.30078125
vt 0.23437500 0.30078125
f 1732/5065 1736/5066 1735/5067 1731/5068
vt 0.23437500 0.30078125
vt 0.23437500 0.30078125
vt 0.23437500 0.30078125
vt 0.23437500 0.30078125
f 1733/5069 1729/5070 1730/5071 1734/5072
o scope
v -1.3625000 2.9875000 -0.0875000
v -1.3625000 2.9875000 0.1625000
v -1.3625000 3.2375000 0.1625000
v -1.3625000 3.2375000 -0.0875000
v -1.6125000 2.9875000 -0.0875000
v -1.6125000 2.9875000 0.1625000
v -1.6125000 3.2375000 0.1625000
v -1.6125000 3.2375000 -0.0875000
vt 0.43750000 -0.10937500
vt 0.43750000 -0.09375000
vt 0.45312500 -0.09375000
vt 0.45312500 -0.10937500
f 1737/5073 1740/5074 1739/5075 1738/5076
vt 0.42187500 -0.10937500
vt 0.42187500 -0.09375000
vt 0.43750000 -0.09375000
vt 0.43750000 -0.10937500
f 1738/5077 1739/5078 1743/5079 1742/5080
vt 0.46875000 -0.10937500
vt 0.46875000 -0.09375000
vt 0.48437500 -0.09375000
vt 0.48437500 -0.10937500
f 1742/5081 1743/5082 1744/5083 1741/5084
vt 0.45312500 -0.10937500
vt 0.45312500 -0.09375000
vt 0.46875000 -0.09375000
vt 0.46875000 -0.10937500
f 1741/5085 1744/5086 1740/5087 1737/5088
vt 0.45312500 -0.07812500
vt 0.45312500 -0.09375000
vt 0.43750000 -0.09375000
vt 0.43750000 -0.07812500
f 1740/5089 1744/5090 1743/5091 1739/5092
vt 0.46875000 -0.09375000
vt 0.46875000 -0.07812500
vt 0.45312500 -0.07812500
vt 0.45312500 -0.09375000
f 1741/5093 1737/5094 1738/5095 1742/5096
o magazine
v -2.1665725 -2.3992700 -0.2860325
v -2.1665725 -2.3992700 0.3523200
v -2.1665725 0.0477450 0.3523200
v -2.1665725 0.0477450 -0.2860325
v -3.7624525 -2.3992700 -0.2860325
v -3.7624525 -2.3992700 0.3523200
v -3.7624525 0.0477450 0.3523200
v -3.7624525 0.0477450 -0.2860325
vt 0.73437500 0.43750000
vt 0.73437500 0.48437500
vt 0.75000000 0.48437500
vt 0.75000000 0.43750000
f 1745/5097 1748/5098 1747/5099 1746/5100
vt 0.82031250 0.36914062
vt 0.82031250 0.41601562
vt 0.85156250 0.41601562
vt 0.85156250 0.36914062
f 1746/5101 1747/5102 1751/5103 1750/5104
vt 0.73437500 0.37109375
vt 0.73437500 0.41796875
vt 0.75000000 0.41796875
vt 0.75000000 0.37109375
f 1750/5105 1751/5106 1752/5107 1749/5108
vt 0.77343750 0.36914062
vt 0.77343750 0.41601562
vt 0.80468750 0.41601562
vt 0.80468750 0.36914062
f 1749/5109 1752/5110 1748/5111 1745/5112
vt 0.78320312 0.47656250
vt 0.78320312 0.44531250
vt 0.76757812 0.44531250
vt 0.76757812 0.47656250
f 1748/5113 1752/5114 1751/5115 1747/5116
vt 0.81250000 0.45117188
vt 0.81250000 0.48242188
vt 0.79687500 0.48242188
vt 0.79687500 0.45117188
f 1749/5117 1745/5118 1746/5119 1750/5120
v -2.1665725 0.0477450 -0.2860325
v -2.1665725 0.0477450 -0.2118800
v -2.1665725 0.3185600 -0.2118800
v -2.1665725 0.3185600 -0.2860325
v -3.7624525 0.0477450 -0.2860325
v -3.7624525 0.0477450 -0.2118800
v -3.7624525 0.3185600 -0.2118800
v -3.7624525 0.3185600 -0.2860325
vt 0.73437500 0.43750000
vt 0.73437500 0.48437500
vt 0.75000000 0.48437500
vt 0.75000000 0.43750000
f 1753/5121 1756/5122 1755/5123 1754/5124
vt 0.82031250 0.36914062
vt 0.82031250 0.41601562
vt 0.85156250 0.41601562
vt 0.85156250 0.36914062
f 1754/5125 1755/5126 1759/5127 1758/5128
vt 0.73437500 0.37109375
vt 0.73437500 0.41796875
vt 0.75000000 0.41796875
vt 0.75000000 0.37109375
f 1758/5129 1759/5130 1760/5131 1757/5132
vt 0.77343750 0.36914062
vt 0.77343750 0.41601562
vt 0.80468750 0.41601562
vt 0.80468750 0.36914062
f 1757/5133 1760/5134 1756/5135 1753/5136
vt 0.78320312 0.47656250
vt 0.78320312 0.44531250
vt 0.76757812 0.44531250
vt 0.76757812 0.47656250
f 1756/5137 1760/5138 1759/5139 1755/5140
vt 0.81250000 0.45117188
vt 0.81250000 0.48242188
vt 0.79687500 0.48242188
vt 0.79687500 0.45117188
f 1757/5141 1753/5142 1754/5143 1758/5144
v -2.1665725 0.0477450 0.2781675
v -2.1665725 0.0477450 0.3523200
v -2.1665725 0.3185600 0.3523200
v -2.1665725 0.3185600 0.2781675
v -3.7624525 0.0477450 0.2781675
v -3.7624525 0.0477450 0.3523200
v -3.7624525 0.3185600 0.3523200
v -3.7624525 0.3185600 0.2781675
vt 0.73437500 0.43750000
vt 0.73437500 0.48437500
vt 0.75000000 0.48437500
vt 0.75000000 0.43750000
f 1761/5145 1764/5146 1763/5147 1762/5148
vt 0.82031250 0.36914062
vt 0.82031250 0.41601562
vt 0.85156250 0.41601562
vt 0.85156250 0.36914062
f 1762/5149 1763/5150 1767/5151 1766/5152
vt 0.73437500 0.37109375
vt 0.73437500 0.41796875
vt 0.75000000 0.41796875
vt 0.75000000 0.37109375
f 1766/5153 1767/5154 1768/5155 1765/5156
vt 0.77343750 0.36914062
vt 0.77343750 0.41601562
vt 0.80468750 0.41601562
vt 0.80468750 0.36914062
f 1765/5157 1768/5158 1764/5159 1761/5160
vt 0.78320312 0.47656250
vt 0.78320312 0.44531250
vt 0.76757812 0.44531250
vt 0.76757812 0.47656250
f 1764/5161 1768/5162 1767/5163 1763/5164
vt 0.81250000 0.45117188
vt 0.81250000 0.48242188
vt 0.79687500 0.48242188
vt 0.79687500 0.45117188
f 1765/5165 1761/5166 1762/5167 1766/5168
v -3.6173725 0.0477450 -0.2118800
v -3.6173725 0.0477450 0.2878400
v -3.6173725 0.2379600 0.2878400
v -3.6173725 0.2379600 -0.2118800
v -3.7624525 0.0477450 -0.2118800
v -3.7624525 0.0477450 0.2878400
v -3.7624525 0.2379600 0.2878400
v -3.7624525 0.2379600 -0.2118800
vt 0.73437500 0.43750000
vt 0.73437500 0.48437500
vt 0.75000000 0.48437500
vt 0.75000000 0.43750000
f 1769/5169 1772/5170 1771/5171 1770/5172
vt 0.82031250 0.36914062
vt 0.82031250 0.41601562
vt 0.85156250 0.41601562
vt 0.85156250 0.36914062
f 1770/5173 1771/5174 1775/5175 1774/5176
vt 0.73437500 0.37109375
vt 0.73437500 0.41796875
vt 0.75000000 0.41796875
vt 0.75000000 0.37109375
f 1774/5177 1775/5178 1776/5179 1773/5180
vt 0.77343750 0.36914062
vt 0.77343750 0.41601562
vt 0.80468750 0.41601562
vt 0.80468750 0.36914062
f 1773/5181 1776/5182 1772/5183 1769/5184
vt 0.78320312 0.47656250
vt 0.78320312 0.44531250
vt 0.76757812 0.44531250
vt 0.76757812 0.47656250
f 1772/5185 1776/5186 1775/5187 1771/5188
vt 0.81250000 0.45117188
vt 0.81250000 0.48242188
vt 0.79687500 0.48242188
vt 0.79687500 0.45117188
f 1773/5189 1769/5190 1770/5191 1774/5192
