# Converted from Decimation Beardie model: rpg18.bmodel
# Coordinates retain the original Beardie model units.
mtllib rpg18.mtl
usemtl rpg18_material
o gunModel0
v -0.4000031 2.300001 0.55
v 20.3 2.300001 0.55
v 20.3 1.600001 0.65
v -0.4000031 1.600001 0.65
v -0.4000031 2.300001 0.75
v 20.3 2.300001 0.75
v 20.3 1.600001 0.85
v -0.4000031 1.600001 0.85
vt 0.046875 0.90625
vt 0.044921875 0.90625
vt 0.044921875 0.9375
vt 0.046875 0.9375
f 7/1 3/2 2/3 6/4
vt 0.00390625 0.90625
vt 0.001953125 0.90625
vt 0.001953125 0.9375
vt 0.00390625 0.9375
f 4/5 8/6 5/7 1/8
vt 0.044921875 0.9375
vt 0.00390625 0.9375
vt 0.00390625 0.96875
vt 0.044921875 0.96875
f 2/9 1/10 5/11 6/12
vt 0.0859375 0.96875
vt 0.044921875 0.96875
vt 0.044921875 0.9375
vt 0.0859375 0.9375
f 7/13 8/14 4/15 3/16
vt 0.044921875 0.90625
vt 0.00390625 0.90625
vt 0.00390625 0.9375
vt 0.044921875 0.9375
f 3/17 4/18 1/19 2/20
vt 0.087890625 0.90625
vt 0.046875 0.90625
vt 0.046875 0.9375
vt 0.087890625 0.9375
f 8/21 7/22 6/23 5/24
o gunModel1
v -0.4000031 2.300001 -1.1
v 20.3 2.300001 -1.1
v 20.3 1.600001 -1.2
v -0.4000031 1.600001 -1.2
v -0.4000031 2.300001 -0.9
v 20.3 2.300001 -0.9
v 20.3 1.600001 -1
v -0.4000031 1.600001 -1
vt 0.140625 0.90625
vt 0.138671875 0.90625
vt 0.138671875 0.9375
vt 0.140625 0.9375
f 15/25 11/26 10/27 14/28
vt 0.09765625 0.90625
vt 0.095703125 0.90625
vt 0.095703125 0.9375
vt 0.09765625 0.9375
f 12/29 16/30 13/31 9/32
vt 0.138671875 0.9375
vt 0.09765625 0.9375
vt 0.09765625 0.96875
vt 0.138671875 0.96875
f 10/33 9/34 13/35 14/36
vt 0.1796875 0.96875
vt 0.138671875 0.96875
vt 0.138671875 0.9375
vt 0.1796875 0.9375
f 15/37 16/38 12/39 11/40
vt 0.138671875 0.90625
vt 0.09765625 0.90625
vt 0.09765625 0.9375
vt 0.138671875 0.9375
f 11/41 12/42 9/43 10/44
vt 0.181640625 0.90625
vt 0.140625 0.90625
vt 0.140625 0.9375
vt 0.181640625 0.9375
f 16/45 15/46 14/47 13/48
o gunModel2
v -0.4000031 1.6 -1.2
v 20.3 1.6 -1.2
v 20.3 1.1 -0.9
v -0.4000031 1.1 -0.9
v -0.4000031 1.6 -1
v 20.3 1.6 -1
v 20.3 1.15 -0.7
v -0.4000031 1.15 -0.7
vt 0.234375 0.90625
vt 0.232421875 0.90625
vt 0.232421875 0.9375
vt 0.234375 0.9375
f 23/49 19/50 18/51 22/52
vt 0.19140625 0.90625
vt 0.189453125 0.90625
vt 0.189453125 0.9375
vt 0.19140625 0.9375
f 20/53 24/54 21/55 17/56
vt 0.232421875 0.9375
vt 0.19140625 0.9375
vt 0.19140625 0.96875
vt 0.232421875 0.96875
f 18/57 17/58 21/59 22/60
vt 0.2734375 0.96875
vt 0.232421875 0.96875
vt 0.232421875 0.9375
vt 0.2734375 0.9375
f 23/61 24/62 20/63 19/64
vt 0.232421875 0.90625
vt 0.19140625 0.90625
vt 0.19140625 0.9375
vt 0.232421875 0.9375
f 19/65 20/66 17/67 18/68
vt 0.275390625 0.90625
vt 0.234375 0.90625
vt 0.234375 0.9375
vt 0.275390625 0.9375
f 24/69 23/70 22/71 21/72
o gunModel3
v -0.4000031 1.6 0.65
v 20.3 1.6 0.65
v 20.3 1.15 0.35
v -0.4000031 1.15 0.35
v -0.4000031 1.6 0.85
v 20.3 1.6 0.85
v 20.3 1.05 0.5
v -0.4000031 1.05 0.5
vt 0.328125 0.90625
vt 0.326171875 0.90625
vt 0.326171875 0.9375
vt 0.328125 0.9375
f 31/73 27/74 26/75 30/76
vt 0.28515625 0.90625
vt 0.283203125 0.90625
vt 0.283203125 0.9375
vt 0.28515625 0.9375
f 28/77 32/78 29/79 25/80
vt 0.326171875 0.9375
vt 0.28515625 0.9375
vt 0.28515625 0.96875
vt 0.326171875 0.96875
f 26/81 25/82 29/83 30/84
vt 0.3671875 0.96875
vt 0.326171875 0.96875
vt 0.326171875 0.9375
vt 0.3671875 0.9375
f 31/85 32/86 28/87 27/88
vt 0.326171875 0.90625
vt 0.28515625 0.90625
vt 0.28515625 0.9375
vt 0.326171875 0.9375
f 27/89 28/90 25/91 26/92
vt 0.369140625 0.90625
vt 0.328125 0.90625
vt 0.328125 0.9375
vt 0.369140625 0.9375
f 32/93 31/94 30/95 29/96
o gunModel4
v -0.4000031 2.650001 0.15
v 20.3 2.650001 0.15
v 20.3 2.300001 0.55
v -0.4000031 2.300001 0.55
v -0.4000031 2.800001 0.2
v 20.3 2.800001 0.2
v 20.3 2.300001 0.75
v -0.4000031 2.300001 0.75
vt 0.421875 0.90625
vt 0.419921875 0.90625
vt 0.419921875 0.9375
vt 0.421875 0.9375
f 39/97 35/98 34/99 38/100
vt 0.37890625 0.90625
vt 0.376953125 0.90625
vt 0.376953125 0.9375
vt 0.37890625 0.9375
f 36/101 40/102 37/103 33/104
vt 0.419921875 0.9375
vt 0.37890625 0.9375
vt 0.37890625 0.96875
vt 0.419921875 0.96875
f 34/105 33/106 37/107 38/108
vt 0.4609375 0.96875
vt 0.419921875 0.96875
vt 0.419921875 0.9375
vt 0.4609375 0.9375
f 39/109 40/110 36/111 35/112
vt 0.419921875 0.90625
vt 0.37890625 0.90625
vt 0.37890625 0.9375
vt 0.419921875 0.9375
f 35/113 36/114 33/115 34/116
vt 0.462890625 0.90625
vt 0.421875 0.90625
vt 0.421875 0.9375
vt 0.462890625 0.9375
f 40/117 39/118 38/119 37/120
o gunModel5
v -0.4000031 2.800001 -0.55
v 20.3 2.800001 -0.55
v 20.3 2.300001 -1.1
v -0.4000031 2.300001 -1.1
v -0.4000031 2.650001 -0.5
v 20.3 2.650001 -0.5
v 20.3 2.300001 -0.9
v -0.4000031 2.300001 -0.9
vt 0.515625 0.90625
vt 0.513671875 0.90625
vt 0.513671875 0.9375
vt 0.515625 0.9375
f 47/121 43/122 42/123 46/124
vt 0.47265625 0.90625
vt 0.470703125 0.90625
vt 0.470703125 0.9375
vt 0.47265625 0.9375
f 44/125 48/126 45/127 41/128
vt 0.513671875 0.9375
vt 0.47265625 0.9375
vt 0.47265625 0.96875
vt 0.513671875 0.96875
f 42/129 41/130 45/131 46/132
vt 0.5546875 0.96875
vt 0.513671875 0.96875
vt 0.513671875 0.9375
vt 0.5546875 0.9375
f 47/133 48/134 44/135 43/136
vt 0.513671875 0.90625
vt 0.47265625 0.90625
vt 0.47265625 0.9375
vt 0.513671875 0.9375
f 43/137 44/138 41/139 42/140
vt 0.556640625 0.90625
vt 0.515625 0.90625
vt 0.515625 0.9375
vt 0.556640625 0.9375
f 48/141 47/142 46/143 45/144
o gunModel6
v -0.4000031 2.800001 -0.55
v 20.3 2.800001 -0.55
v 20.3 2.600001 -0.55
v -0.4000031 2.600001 -0.55
v -0.4000031 2.800001 0.2
v 20.3 2.800001 0.2
v 20.3 2.600001 0.2
v -0.4000031 2.600001 0.2
vt 0.609375 0.90625
vt 0.607421875 0.90625
vt 0.607421875 0.9375
vt 0.609375 0.9375
f 55/145 51/146 50/147 54/148
vt 0.56640625 0.90625
vt 0.564453125 0.90625
vt 0.564453125 0.9375
vt 0.56640625 0.9375
f 52/149 56/150 53/151 49/152
vt 0.607421875 0.9375
vt 0.56640625 0.9375
vt 0.56640625 0.96875
vt 0.607421875 0.96875
f 50/153 49/154 53/155 54/156
vt 0.6484375 0.96875
vt 0.607421875 0.96875
vt 0.607421875 0.9375
vt 0.6484375 0.9375
f 55/157 56/158 52/159 51/160
vt 0.607421875 0.90625
vt 0.56640625 0.90625
vt 0.56640625 0.9375
vt 0.607421875 0.9375
f 51/161 52/162 49/163 50/164
vt 0.650390625 0.90625
vt 0.609375 0.90625
vt 0.609375 0.9375
vt 0.650390625 0.9375
f 56/165 55/166 54/167 53/168
o gunModel7
v -0.4000031 0.95 -0.15
v 20.3 0.95 -0.15
v 20.3 0.8 -0.15
v -0.4000031 0.8 -0.15
v -0.4000031 1.15 0.35
v 20.3 1.15 0.35
v 20.3 1.05 0.5
v -0.4000031 1.05 0.5
vt 0.703125 0.90625
vt 0.701171875 0.90625
vt 0.701171875 0.9375
vt 0.703125 0.9375
f 63/169 59/170 58/171 62/172
vt 0.66015625 0.90625
vt 0.658203125 0.90625
vt 0.658203125 0.9375
vt 0.66015625 0.9375
f 60/173 64/174 61/175 57/176
vt 0.701171875 0.9375
vt 0.66015625 0.9375
vt 0.66015625 0.96875
vt 0.701171875 0.96875
f 58/177 57/178 61/179 62/180
vt 0.7421875 0.96875
vt 0.701171875 0.96875
vt 0.701171875 0.9375
vt 0.7421875 0.9375
f 63/181 64/182 60/183 59/184
vt 0.701171875 0.90625
vt 0.66015625 0.90625
vt 0.66015625 0.9375
vt 0.701171875 0.9375
f 59/185 60/186 57/187 58/188
vt 0.744140625 0.90625
vt 0.703125 0.90625
vt 0.703125 0.9375
vt 0.744140625 0.9375
f 64/189 63/190 62/191 61/192
o gunModel8
v -0.4000031 1.15 -0.6999999
v 20.3 1.15 -0.6999999
v 20.3 1.1 -0.8999999
v -0.4000031 1.1 -0.8999999
v -0.4000031 0.95 -0.1499999
v 20.3 0.95 -0.1499999
v 20.3 0.8 -0.1499999
v -0.4000031 0.8 -0.1499999
vt 0.796875 0.90625
vt 0.794921875 0.90625
vt 0.794921875 0.9375
vt 0.796875 0.9375
f 71/193 67/194 66/195 70/196
vt 0.75390625 0.90625
vt 0.751953125 0.90625
vt 0.751953125 0.9375
vt 0.75390625 0.9375
f 68/197 72/198 69/199 65/200
vt 0.794921875 0.9375
vt 0.75390625 0.9375
vt 0.75390625 0.96875
vt 0.794921875 0.96875
f 66/201 65/202 69/203 70/204
vt 0.8359375 0.96875
vt 0.794921875 0.96875
vt 0.794921875 0.9375
vt 0.8359375 0.9375
f 71/205 72/206 68/207 67/208
vt 0.794921875 0.90625
vt 0.75390625 0.90625
vt 0.75390625 0.9375
vt 0.794921875 0.9375
f 67/209 68/210 65/211 66/212
vt 0.837890625 0.90625
vt 0.796875 0.90625
vt 0.796875 0.9375
vt 0.837890625 0.9375
f 72/213 71/214 70/215 69/216
o gunModel9
v -9.899983 2.300001 0.55
v -8.899983 2.300001 0.55
v -8.899983 1.600001 0.65
v -9.899983 1.600001 0.65
v -9.899983 2.300001 0.75
v -8.899983 2.300001 0.75
v -8.899983 1.600001 0.85
v -9.899983 1.600001 0.85
vt 0.8515625 0.90625
vt 0.849609375 0.90625
vt 0.849609375 0.9375
vt 0.8515625 0.9375
f 79/217 75/218 74/219 78/220
vt 0.84765625 0.90625
vt 0.845703125 0.90625
vt 0.845703125 0.9375
vt 0.84765625 0.9375
f 76/221 80/222 77/223 73/224
vt 0.849609375 0.9375
vt 0.84765625 0.9375
vt 0.84765625 0.96875
vt 0.849609375 0.96875
f 74/225 73/226 77/227 78/228
vt 0.8515625 0.96875
vt 0.849609375 0.96875
vt 0.849609375 0.9375
vt 0.8515625 0.9375
f 79/229 80/230 76/231 75/232
vt 0.849609375 0.90625
vt 0.84765625 0.90625
vt 0.84765625 0.9375
vt 0.849609375 0.9375
f 75/233 76/234 73/235 74/236
vt 0.853515625 0.90625
vt 0.8515625 0.90625
vt 0.8515625 0.9375
vt 0.853515625 0.9375
f 80/237 79/238 78/239 77/240
o gunModel10
v -9.899983 2.650001 0.15
v -8.899983 2.650001 0.15
v -8.899983 2.300001 0.55
v -9.899983 2.300001 0.55
v -9.899983 2.800001 0.2
v -8.899983 2.800001 0.2
v -8.899983 2.300001 0.75
v -9.899983 2.300001 0.75
vt 0.8671875 0.90625
vt 0.865234375 0.90625
vt 0.865234375 0.9375
vt 0.8671875 0.9375
f 87/241 83/242 82/243 86/244
vt 0.86328125 0.90625
vt 0.861328125 0.90625
vt 0.861328125 0.9375
vt 0.86328125 0.9375
f 84/245 88/246 85/247 81/248
vt 0.865234375 0.9375
vt 0.86328125 0.9375
vt 0.86328125 0.96875
vt 0.865234375 0.96875
f 82/249 81/250 85/251 86/252
vt 0.8671875 0.96875
vt 0.865234375 0.96875
vt 0.865234375 0.9375
vt 0.8671875 0.9375
f 87/253 88/254 84/255 83/256
vt 0.865234375 0.90625
vt 0.86328125 0.90625
vt 0.86328125 0.9375
vt 0.865234375 0.9375
f 83/257 84/258 81/259 82/260
vt 0.869140625 0.90625
vt 0.8671875 0.90625
vt 0.8671875 0.9375
vt 0.869140625 0.9375
f 88/261 87/262 86/263 85/264
o gunModel11
v -9.899983 2.800001 -0.55
v -8.899983 2.800001 -0.55
v -8.899983 2.600001 -0.55
v -9.899983 2.600001 -0.55
v -9.899983 2.800001 0.2
v -8.899983 2.800001 0.2
v -8.899983 2.600001 0.2
v -9.899983 2.600001 0.2
vt 0.8828125 0.90625
vt 0.880859375 0.90625
vt 0.880859375 0.9375
vt 0.8828125 0.9375
f 95/265 91/266 90/267 94/268
vt 0.87890625 0.90625
vt 0.876953125 0.90625
vt 0.876953125 0.9375
vt 0.87890625 0.9375
f 92/269 96/270 93/271 89/272
vt 0.880859375 0.9375
vt 0.87890625 0.9375
vt 0.87890625 0.96875
vt 0.880859375 0.96875
f 90/273 89/274 93/275 94/276
vt 0.8828125 0.96875
vt 0.880859375 0.96875
vt 0.880859375 0.9375
vt 0.8828125 0.9375
f 95/277 96/278 92/279 91/280
vt 0.880859375 0.90625
vt 0.87890625 0.90625
vt 0.87890625 0.9375
vt 0.880859375 0.9375
f 91/281 92/282 89/283 90/284
vt 0.884765625 0.90625
vt 0.8828125 0.90625
vt 0.8828125 0.9375
vt 0.884765625 0.9375
f 96/285 95/286 94/287 93/288
o gunModel12
v -9.899983 2.800001 -0.55
v -8.899983 2.800001 -0.55
v -8.899983 2.300001 -1.1
v -9.899983 2.300001 -1.1
v -9.899983 2.650001 -0.5
v -8.899983 2.650001 -0.5
v -8.899983 2.300001 -0.9
v -9.899983 2.300001 -0.9
vt 0.8984375 0.90625
vt 0.896484375 0.90625
vt 0.896484375 0.9375
vt 0.8984375 0.9375
f 103/289 99/290 98/291 102/292
vt 0.89453125 0.90625
vt 0.892578125 0.90625
vt 0.892578125 0.9375
vt 0.89453125 0.9375
f 100/293 104/294 101/295 97/296
vt 0.896484375 0.9375
vt 0.89453125 0.9375
vt 0.89453125 0.96875
vt 0.896484375 0.96875
f 98/297 97/298 101/299 102/300
vt 0.8984375 0.96875
vt 0.896484375 0.96875
vt 0.896484375 0.9375
vt 0.8984375 0.9375
f 103/301 104/302 100/303 99/304
vt 0.896484375 0.90625
vt 0.89453125 0.90625
vt 0.89453125 0.9375
vt 0.896484375 0.9375
f 99/305 100/306 97/307 98/308
vt 0.900390625 0.90625
vt 0.8984375 0.90625
vt 0.8984375 0.9375
vt 0.900390625 0.9375
f 104/309 103/310 102/311 101/312
o gunModel13
v -9.899983 2.300001 -1.1
v -8.899983 2.300001 -1.1
v -8.899983 1.600001 -1.2
v -9.899983 1.600001 -1.2
v -9.899983 2.300001 -0.9
v -8.899983 2.300001 -0.9
v -8.899983 1.600001 -1
v -9.899983 1.600001 -1
vt 0.9140625 0.90625
vt 0.912109375 0.90625
vt 0.912109375 0.9375
vt 0.9140625 0.9375
f 111/313 107/314 106/315 110/316
vt 0.91015625 0.90625
vt 0.908203125 0.90625
vt 0.908203125 0.9375
vt 0.91015625 0.9375
f 108/317 112/318 109/319 105/320
vt 0.912109375 0.9375
vt 0.91015625 0.9375
vt 0.91015625 0.96875
vt 0.912109375 0.96875
f 106/321 105/322 109/323 110/324
vt 0.9140625 0.96875
vt 0.912109375 0.96875
vt 0.912109375 0.9375
vt 0.9140625 0.9375
f 111/325 112/326 108/327 107/328
vt 0.912109375 0.90625
vt 0.91015625 0.90625
vt 0.91015625 0.9375
vt 0.912109375 0.9375
f 107/329 108/330 105/331 106/332
vt 0.916015625 0.90625
vt 0.9140625 0.90625
vt 0.9140625 0.9375
vt 0.916015625 0.9375
f 112/333 111/334 110/335 109/336
o gunModel14
v -9.899983 1.6 -1.2
v -8.899983 1.6 -1.2
v -8.899983 1.1 -0.9
v -9.899983 1.1 -0.9
v -9.899983 1.6 -1
v -8.899983 1.6 -1
v -8.899983 1.15 -0.7
v -9.899983 1.15 -0.7
vt 0.9296875 0.90625
vt 0.927734375 0.90625
vt 0.927734375 0.9375
vt 0.9296875 0.9375
f 119/337 115/338 114/339 118/340
vt 0.92578125 0.90625
vt 0.923828125 0.90625
vt 0.923828125 0.9375
vt 0.92578125 0.9375
f 116/341 120/342 117/343 113/344
vt 0.927734375 0.9375
vt 0.92578125 0.9375
vt 0.92578125 0.96875
vt 0.927734375 0.96875
f 114/345 113/346 117/347 118/348
vt 0.9296875 0.96875
vt 0.927734375 0.96875
vt 0.927734375 0.9375
vt 0.9296875 0.9375
f 119/349 120/350 116/351 115/352
vt 0.927734375 0.90625
vt 0.92578125 0.90625
vt 0.92578125 0.9375
vt 0.927734375 0.9375
f 115/353 116/354 113/355 114/356
vt 0.931640625 0.90625
vt 0.9296875 0.90625
vt 0.9296875 0.9375
vt 0.931640625 0.9375
f 120/357 119/358 118/359 117/360
o gunModel15
v -9.899983 1.15 -0.6999999
v -8.899983 1.15 -0.6999999
v -8.899983 1.1 -0.8999999
v -9.899983 1.1 -0.8999999
v -9.899983 0.95 -0.1499999
v -8.899983 0.95 -0.1499999
v -8.899983 0.8 -0.1499999
v -9.899983 0.8 -0.1499999
vt 0.9453125 0.90625
vt 0.943359375 0.90625
vt 0.943359375 0.9375
vt 0.9453125 0.9375
f 127/361 123/362 122/363 126/364
vt 0.94140625 0.90625
vt 0.939453125 0.90625
vt 0.939453125 0.9375
vt 0.94140625 0.9375
f 124/365 128/366 125/367 121/368
vt 0.943359375 0.9375
vt 0.94140625 0.9375
vt 0.94140625 0.96875
vt 0.943359375 0.96875
f 122/369 121/370 125/371 126/372
vt 0.9453125 0.96875
vt 0.943359375 0.96875
vt 0.943359375 0.9375
vt 0.9453125 0.9375
f 127/373 128/374 124/375 123/376
vt 0.943359375 0.90625
vt 0.94140625 0.90625
vt 0.94140625 0.9375
vt 0.943359375 0.9375
f 123/377 124/378 121/379 122/380
vt 0.947265625 0.90625
vt 0.9453125 0.90625
vt 0.9453125 0.9375
vt 0.947265625 0.9375
f 128/381 127/382 126/383 125/384
o gunModel16
v -9.899983 0.95 -0.15
v -8.899983 0.95 -0.15
v -8.899983 0.8 -0.15
v -9.899983 0.8 -0.15
v -9.899983 1.15 0.35
v -8.899983 1.15 0.35
v -8.899983 1.05 0.5
v -9.899983 1.05 0.5
vt 0.9609375 0.90625
vt 0.958984375 0.90625
vt 0.958984375 0.9375
vt 0.9609375 0.9375
f 135/385 131/386 130/387 134/388
vt 0.95703125 0.90625
vt 0.955078125 0.90625
vt 0.955078125 0.9375
vt 0.95703125 0.9375
f 132/389 136/390 133/391 129/392
vt 0.958984375 0.9375
vt 0.95703125 0.9375
vt 0.95703125 0.96875
vt 0.958984375 0.96875
f 130/393 129/394 133/395 134/396
vt 0.9609375 0.96875
vt 0.958984375 0.96875
vt 0.958984375 0.9375
vt 0.9609375 0.9375
f 135/397 136/398 132/399 131/400
vt 0.958984375 0.90625
vt 0.95703125 0.90625
vt 0.95703125 0.9375
vt 0.958984375 0.9375
f 131/401 132/402 129/403 130/404
vt 0.962890625 0.90625
vt 0.9609375 0.90625
vt 0.9609375 0.9375
vt 0.962890625 0.9375
f 136/405 135/406 134/407 133/408
o gunModel17
v -9.899983 1.6 0.65
v -8.899983 1.6 0.65
v -8.899983 1.15 0.35
v -9.899983 1.15 0.35
v -9.899983 1.6 0.85
v -8.899983 1.6 0.85
v -8.899983 1.05 0.5
v -9.899983 1.05 0.5
vt 0.9765625 0.90625
vt 0.974609375 0.90625
vt 0.974609375 0.9375
vt 0.9765625 0.9375
f 143/409 139/410 138/411 142/412
vt 0.97265625 0.90625
vt 0.970703125 0.90625
vt 0.970703125 0.9375
vt 0.97265625 0.9375
f 140/413 144/414 141/415 137/416
vt 0.974609375 0.9375
vt 0.97265625 0.9375
vt 0.97265625 0.96875
vt 0.974609375 0.96875
f 138/417 137/418 141/419 142/420
vt 0.9765625 0.96875
vt 0.974609375 0.96875
vt 0.974609375 0.9375
vt 0.9765625 0.9375
f 143/421 144/422 140/423 139/424
vt 0.974609375 0.90625
vt 0.97265625 0.90625
vt 0.97265625 0.9375
vt 0.974609375 0.9375
f 139/425 140/426 137/427 138/428
vt 0.978515625 0.90625
vt 0.9765625 0.90625
vt 0.9765625 0.9375
vt 0.978515625 0.9375
f 144/429 143/430 142/431 141/432
o gunModel18
v -9.899984 2.600001 -0.5500001
v 15.30002 2.600001 -0.5500001
v 15.30002 2.400001 -0.5000001
v -9.899984 2.400001 -0.5000001
v -9.899984 2.600001 0.1999999
v 15.30002 2.600001 0.1999999
v 15.30002 2.400001 0.1499999
v -9.899984 2.400001 0.1499999
vt 0.0546875 0.65625
vt 0.052734375 0.65625
vt 0.052734375 0.6875
vt 0.0546875 0.6875
f 151/433 147/434 146/435 150/436
vt 0.00390625 0.65625
vt 0.001953125 0.65625
vt 0.001953125 0.6875
vt 0.00390625 0.6875
f 148/437 152/438 149/439 145/440
vt 0.052734375 0.6875
vt 0.00390625 0.6875
vt 0.00390625 0.71875
vt 0.052734375 0.71875
f 146/441 145/442 149/443 150/444
vt 0.1015625 0.71875
vt 0.052734375 0.71875
vt 0.052734375 0.6875
vt 0.1015625 0.6875
f 151/445 152/446 148/447 147/448
vt 0.052734375 0.65625
vt 0.00390625 0.65625
vt 0.00390625 0.6875
vt 0.052734375 0.6875
f 147/449 148/450 145/451 146/452
vt 0.103515625 0.65625
vt 0.0546875 0.65625
vt 0.0546875 0.6875
vt 0.103515625 0.6875
f 152/453 151/454 150/455 149/456
o gunModel19
v -9.899984 2.300001 -0.9
v 15.30002 2.300001 -0.9
v 15.30002 2.150001 -0.75
v -9.899984 2.150001 -0.75
v -9.899984 2.600001 -0.55
v 15.30002 2.600001 -0.55
v 15.30002 2.400001 -0.5
v -9.899984 2.400001 -0.5
vt 0.1640625 0.65625
vt 0.162109375 0.65625
vt 0.162109375 0.6875
vt 0.1640625 0.6875
f 159/457 155/458 154/459 158/460
vt 0.11328125 0.65625
vt 0.111328125 0.65625
vt 0.111328125 0.6875
vt 0.11328125 0.6875
f 156/461 160/462 157/463 153/464
vt 0.162109375 0.6875
vt 0.11328125 0.6875
vt 0.11328125 0.71875
vt 0.162109375 0.71875
f 154/465 153/466 157/467 158/468
vt 0.2109375 0.71875
vt 0.162109375 0.71875
vt 0.162109375 0.6875
vt 0.2109375 0.6875
f 159/469 160/470 156/471 155/472
vt 0.162109375 0.65625
vt 0.11328125 0.65625
vt 0.11328125 0.6875
vt 0.162109375 0.6875
f 155/473 156/474 153/475 154/476
vt 0.212890625 0.65625
vt 0.1640625 0.65625
vt 0.1640625 0.6875
vt 0.212890625 0.6875
f 160/477 159/478 158/479 157/480
o gunModel20
v -9.899984 2.600001 0.2
v 15.30002 2.600001 0.2
v 15.30002 2.400001 0.15
v -9.899984 2.400001 0.15
v -9.899984 2.300001 0.55
v 15.30002 2.300001 0.55
v 15.30002 2.150001 0.4
v -9.899984 2.150001 0.4
vt 0.2734375 0.65625
vt 0.271484375 0.65625
vt 0.271484375 0.6875
vt 0.2734375 0.6875
f 167/481 163/482 162/483 166/484
vt 0.22265625 0.65625
vt 0.220703125 0.65625
vt 0.220703125 0.6875
vt 0.22265625 0.6875
f 164/485 168/486 165/487 161/488
vt 0.271484375 0.6875
vt 0.22265625 0.6875
vt 0.22265625 0.71875
vt 0.271484375 0.71875
f 162/489 161/490 165/491 166/492
vt 0.3203125 0.71875
vt 0.271484375 0.71875
vt 0.271484375 0.6875
vt 0.3203125 0.6875
f 167/493 168/494 164/495 163/496
vt 0.271484375 0.65625
vt 0.22265625 0.65625
vt 0.22265625 0.6875
vt 0.271484375 0.6875
f 163/497 164/498 161/499 162/500
vt 0.322265625 0.65625
vt 0.2734375 0.65625
vt 0.2734375 0.6875
vt 0.322265625 0.6875
f 168/501 167/502 166/503 165/504
o gunModel21
v -9.89998 1.3 -0.6
v 15.30002 1.3 -0.6
v 15.30002 1.15 -0.7
v -9.89998 1.15 -0.7
v -9.89998 1.15 -0.15
v 15.30002 1.15 -0.15
v 15.30002 0.95 -0.15
v -9.89998 0.95 -0.15
vt 0.3828125 0.65625
vt 0.380859375 0.65625
vt 0.380859375 0.6875
vt 0.3828125 0.6875
f 175/505 171/506 170/507 174/508
vt 0.33203125 0.65625
vt 0.330078125 0.65625
vt 0.330078125 0.6875
vt 0.33203125 0.6875
f 172/509 176/510 173/511 169/512
vt 0.380859375 0.6875
vt 0.33203125 0.6875
vt 0.33203125 0.71875
vt 0.380859375 0.71875
f 170/513 169/514 173/515 174/516
vt 0.4296875 0.71875
vt 0.380859375 0.71875
vt 0.380859375 0.6875
vt 0.4296875 0.6875
f 175/517 176/518 172/519 171/520
vt 0.380859375 0.65625
vt 0.33203125 0.65625
vt 0.33203125 0.6875
vt 0.380859375 0.6875
f 171/521 172/522 169/523 170/524
vt 0.431640625 0.65625
vt 0.3828125 0.65625
vt 0.3828125 0.6875
vt 0.431640625 0.6875
f 176/525 175/526 174/527 173/528
o gunModel22
v -9.899984 1.15 -0.15
v 15.30002 1.15 -0.15
v 15.30002 0.95 -0.15
v -9.899984 0.95 -0.15
v -9.899984 1.3 0.3
v 15.30002 1.3 0.3
v 15.30002 1.15 0.4
v -9.899984 1.15 0.4
vt 0.4921875 0.65625
vt 0.490234375 0.65625
vt 0.490234375 0.6875
vt 0.4921875 0.6875
f 183/529 179/530 178/531 182/532
vt 0.44140625 0.65625
vt 0.439453125 0.65625
vt 0.439453125 0.6875
vt 0.44140625 0.6875
f 180/533 184/534 181/535 177/536
vt 0.490234375 0.6875
vt 0.44140625 0.6875
vt 0.44140625 0.71875
vt 0.490234375 0.71875
f 178/537 177/538 181/539 182/540
vt 0.5390625 0.71875
vt 0.490234375 0.71875
vt 0.490234375 0.6875
vt 0.5390625 0.6875
f 183/541 184/542 180/543 179/544
vt 0.490234375 0.65625
vt 0.44140625 0.65625
vt 0.44140625 0.6875
vt 0.490234375 0.6875
f 179/545 180/546 177/547 178/548
vt 0.541015625 0.65625
vt 0.4921875 0.65625
vt 0.4921875 0.6875
vt 0.541015625 0.6875
f 184/549 183/550 182/551 181/552
o gunModel23
v -9.899984 2.300001 0.35
v 15.30002 2.300001 0.35
v 15.30002 1.600001 0.45
v -9.899984 1.600001 0.45
v -9.899984 2.300001 0.55
v 15.30002 2.300001 0.55
v 15.30002 1.600001 0.65
v -9.899984 1.600001 0.65
vt 0.6015625 0.65625
vt 0.599609375 0.65625
vt 0.599609375 0.6875
vt 0.6015625 0.6875
f 191/553 187/554 186/555 190/556
vt 0.55078125 0.65625
vt 0.548828125 0.65625
vt 0.548828125 0.6875
vt 0.55078125 0.6875
f 188/557 192/558 189/559 185/560
vt 0.599609375 0.6875
vt 0.55078125 0.6875
vt 0.55078125 0.71875
vt 0.599609375 0.71875
f 186/561 185/562 189/563 190/564
vt 0.6484375 0.71875
vt 0.599609375 0.71875
vt 0.599609375 0.6875
vt 0.6484375 0.6875
f 191/565 192/566 188/567 187/568
vt 0.599609375 0.65625
vt 0.55078125 0.65625
vt 0.55078125 0.6875
vt 0.599609375 0.6875
f 187/569 188/570 185/571 186/572
vt 0.650390625 0.65625
vt 0.6015625 0.65625
vt 0.6015625 0.6875
vt 0.650390625 0.6875
f 192/573 191/574 190/575 189/576
o gunModel24
v -9.899984 2.300001 -0.9
v 15.30002 2.300001 -0.9
v 15.30002 1.600001 -1
v -9.899984 1.600001 -1
v -9.899984 2.300001 -0.7
v 15.30002 2.300001 -0.7
v 15.30002 1.600001 -0.8
v -9.899984 1.600001 -0.8
vt 0.7109375 0.65625
vt 0.708984375 0.65625
vt 0.708984375 0.6875
vt 0.7109375 0.6875
f 199/577 195/578 194/579 198/580
vt 0.66015625 0.65625
vt 0.658203125 0.65625
vt 0.658203125 0.6875
vt 0.66015625 0.6875
f 196/581 200/582 197/583 193/584
vt 0.708984375 0.6875
vt 0.66015625 0.6875
vt 0.66015625 0.71875
vt 0.708984375 0.71875
f 194/585 193/586 197/587 198/588
vt 0.7578125 0.71875
vt 0.708984375 0.71875
vt 0.708984375 0.6875
vt 0.7578125 0.6875
f 199/589 200/590 196/591 195/592
vt 0.708984375 0.65625
vt 0.66015625 0.65625
vt 0.66015625 0.6875
vt 0.708984375 0.6875
f 195/593 196/594 193/595 194/596
vt 0.759765625 0.65625
vt 0.7109375 0.65625
vt 0.7109375 0.6875
vt 0.759765625 0.6875
f 200/597 199/598 198/599 197/600
o gunModel25
v -9.899984 1.3 0.3
v 15.30002 1.3 0.3
v 15.30002 1.15 0.4
v -9.899984 1.15 0.4
v -9.899984 1.6 0.45
v 15.30002 1.6 0.45
v 15.30002 1.6 0.65
v -9.899984 1.6 0.65
vt 0.8203125 0.65625
vt 0.818359375 0.65625
vt 0.818359375 0.6875
vt 0.8203125 0.6875
f 207/601 203/602 202/603 206/604
vt 0.76953125 0.65625
vt 0.767578125 0.65625
vt 0.767578125 0.6875
vt 0.76953125 0.6875
f 204/605 208/606 205/607 201/608
vt 0.818359375 0.6875
vt 0.76953125 0.6875
vt 0.76953125 0.71875
vt 0.818359375 0.71875
f 202/609 201/610 205/611 206/612
vt 0.8671875 0.71875
vt 0.818359375 0.71875
vt 0.818359375 0.6875
vt 0.8671875 0.6875
f 207/613 208/614 204/615 203/616
vt 0.818359375 0.65625
vt 0.76953125 0.65625
vt 0.76953125 0.6875
vt 0.818359375 0.6875
f 203/617 204/618 201/619 202/620
vt 0.869140625 0.65625
vt 0.8203125 0.65625
vt 0.8203125 0.6875
vt 0.869140625 0.6875
f 208/621 207/622 206/623 205/624
o gunModel26
v -9.899997 1.6 -0.8
v 15.3 1.6 -0.8
v 15.3 1.6 -1
v -9.899997 1.6 -1
v -9.899997 1.3 -0.6
v 15.3 1.3 -0.6
v 15.3 1.15 -0.7
v -9.899997 1.15 -0.7
vt 0.9296875 0.65625
vt 0.927734375 0.65625
vt 0.927734375 0.6875
vt 0.9296875 0.6875
f 215/625 211/626 210/627 214/628
vt 0.87890625 0.65625
vt 0.876953125 0.65625
vt 0.876953125 0.6875
vt 0.87890625 0.6875
f 212/629 216/630 213/631 209/632
vt 0.927734375 0.6875
vt 0.87890625 0.6875
vt 0.87890625 0.71875
vt 0.927734375 0.71875
f 210/633 209/634 213/635 214/636
vt 0.9765625 0.71875
vt 0.927734375 0.71875
vt 0.927734375 0.6875
vt 0.9765625 0.6875
f 215/637 216/638 212/639 211/640
vt 0.927734375 0.65625
vt 0.87890625 0.65625
vt 0.87890625 0.6875
vt 0.927734375 0.6875
f 211/641 212/642 209/643 210/644
vt 0.978515625 0.65625
vt 0.9296875 0.65625
vt 0.9296875 0.6875
vt 0.978515625 0.6875
f 216/645 215/646 214/647 213/648
o gunModel27
v 15.95002 3.300001 -0.55
v 16.55002 3.150001 -0.55
v 16.55002 2.550001 -0.55
v 15.95002 2.550001 -0.55
v 15.95002 3.300001 0.25
v 16.55002 3.150001 0.25
v 16.55002 2.450001 0.25
v 15.95002 2.450001 0.25
vt 0.9921875 0.90625
vt 0.990234375 0.90625
vt 0.990234375 0.9375
vt 0.9921875 0.9375
f 223/649 219/650 218/651 222/652
vt 0.98828125 0.90625
vt 0.986328125 0.90625
vt 0.986328125 0.9375
vt 0.98828125 0.9375
f 220/653 224/654 221/655 217/656
vt 0.990234375 0.9375
vt 0.98828125 0.9375
vt 0.98828125 0.96875
vt 0.990234375 0.96875
f 218/657 217/658 221/659 222/660
vt 0.9921875 0.96875
vt 0.990234375 0.96875
vt 0.990234375 0.9375
vt 0.9921875 0.9375
f 223/661 224/662 220/663 219/664
vt 0.990234375 0.90625
vt 0.98828125 0.90625
vt 0.98828125 0.9375
vt 0.990234375 0.9375
f 219/665 220/666 217/667 218/668
vt 0.994140625 0.90625
vt 0.9921875 0.90625
vt 0.9921875 0.9375
vt 0.994140625 0.9375
f 224/669 223/670 222/671 221/672
o gunModel28
v 5.699996 3.300001 -0.55
v 15.95 3.300001 -0.55
v 15.95 2.450001 -0.55
v 5.699996 2.450001 -0.55
v 5.699996 3.300001 0.25
v 15.95 3.300001 0.25
v 15.95 2.450001 0.25
v 5.699996 2.450001 0.25
vt 0.025390625 0.40625
vt 0.0234375 0.40625
vt 0.0234375 0.4375
vt 0.025390625 0.4375
f 231/673 227/674 226/675 230/676
vt 0.00390625 0.40625
vt 0.001953125 0.40625
vt 0.001953125 0.4375
vt 0.00390625 0.4375
f 228/677 232/678 229/679 225/680
vt 0.0234375 0.4375
vt 0.00390625 0.4375
vt 0.00390625 0.46875
vt 0.0234375 0.46875
f 226/681 225/682 229/683 230/684
vt 0.04296875 0.46875
vt 0.0234375 0.46875
vt 0.0234375 0.4375
vt 0.04296875 0.4375
f 231/685 232/686 228/687 227/688
vt 0.0234375 0.40625
vt 0.00390625 0.40625
vt 0.00390625 0.4375
vt 0.0234375 0.4375
f 227/689 228/690 225/691 226/692
vt 0.044921875 0.40625
vt 0.025390625 0.40625
vt 0.025390625 0.4375
vt 0.044921875 0.4375
f 232/693 231/694 230/695 229/696
o gunModel29
v -6.599992 3.100001 -0.4
v 2.600008 3.100001 -0.4
v 2.600008 2.900001 -0.4
v -6.599992 2.900001 -0.4
v -6.599992 3.100001 0.1
v 2.600008 3.100001 0.1
v 2.600008 2.900001 0.1
v -6.599992 2.900001 0.1
vt 0.0703125 0.40625
vt 0.068359375 0.40625
vt 0.068359375 0.4375
vt 0.0703125 0.4375
f 239/697 235/698 234/699 238/700
vt 0.05078125 0.40625
vt 0.048828125 0.40625
vt 0.048828125 0.4375
vt 0.05078125 0.4375
f 236/701 240/702 237/703 233/704
vt 0.068359375 0.4375
vt 0.05078125 0.4375
vt 0.05078125 0.46875
vt 0.068359375 0.46875
f 234/705 233/706 237/707 238/708
vt 0.0859375 0.46875
vt 0.068359375 0.46875
vt 0.068359375 0.4375
vt 0.0859375 0.4375
f 239/709 240/710 236/711 235/712
vt 0.068359375 0.40625
vt 0.05078125 0.40625
vt 0.05078125 0.4375
vt 0.068359375 0.4375
f 235/713 236/714 233/715 234/716
vt 0.087890625 0.40625
vt 0.0703125 0.40625
vt 0.0703125 0.4375
vt 0.087890625 0.4375
f 240/717 239/718 238/719 237/720
o gunModel30
v -0.3000031 -0.8 -0.35
v -0.1000031 -0.8 -0.35
v -0.1000031 -1.25 -0.65
v -0.3000031 -1.25 -0.65
v -0.3000031 -0.8 0.85
v -0.1000031 -0.8 0.85
v -0.1000031 -1.35 0.5
v -0.3000031 -1.35 0.5
vt 0.99609375 0.625
vt 0.9921875 0.625
vt 0.9921875 0.65625
vt 0.99609375 0.65625
f 247/721 243/722 242/723 246/724
vt 0.990234375 0.625
vt 0.986328125 0.625
vt 0.986328125 0.65625
vt 0.990234375 0.65625
f 244/725 248/726 245/727 241/728
vt 0.9921875 0.65625
vt 0.990234375 0.65625
vt 0.990234375 0.71875
vt 0.9921875 0.71875
f 242/729 241/730 245/731 246/732
vt 0.994140625 0.71875
vt 0.9921875 0.71875
vt 0.9921875 0.65625
vt 0.994140625 0.65625
f 247/733 248/734 244/735 243/736
vt 0.9921875 0.625
vt 0.990234375 0.625
vt 0.990234375 0.65625
vt 0.9921875 0.65625
f 243/737 244/738 241/739 242/740
vt 0.998046875 0.625
vt 0.99609375 0.625
vt 0.99609375 0.65625
vt 0.998046875 0.65625
f 248/741 247/742 246/743 245/744
o gunModel31
v -0.3000031 -0.1 -0.45
v -0.1000031 -0.1 -0.45
v -0.1000031 -0.8 -0.35
v -0.3000031 -0.8 -0.35
v -0.3000031 -0.1 0.75
v -0.1000031 -0.1 0.75
v -0.1000031 -0.8 0.85
v -0.3000031 -0.8 0.85
vt 0.10546875 0.375
vt 0.1015625 0.375
vt 0.1015625 0.40625
vt 0.10546875 0.40625
f 255/745 251/746 250/747 254/748
vt 0.099609375 0.375
vt 0.095703125 0.375
vt 0.095703125 0.40625
vt 0.099609375 0.40625
f 252/749 256/750 253/751 249/752
vt 0.1015625 0.40625
vt 0.099609375 0.40625
vt 0.099609375 0.46875
vt 0.1015625 0.46875
f 250/753 249/754 253/755 254/756
vt 0.103515625 0.46875
vt 0.1015625 0.46875
vt 0.1015625 0.40625
vt 0.103515625 0.40625
f 255/757 256/758 252/759 251/760
vt 0.1015625 0.375
vt 0.099609375 0.375
vt 0.099609375 0.40625
vt 0.1015625 0.40625
f 251/761 252/762 249/763 250/764
vt 0.107421875 0.375
vt 0.10546875 0.375
vt 0.10546875 0.40625
vt 0.107421875 0.40625
f 256/765 255/766 254/767 253/768
o gunModel32
v -0.3000031 0.2499998 -0.45
v -0.1000031 0.2499998 -0.45
v -0.1000031 -0.1000002 -0.45
v -0.3000031 -0.1000002 -0.45
v -0.3000031 0.3999998 0.2
v -0.1000031 0.3999998 0.2
v -0.1000031 -0.1000002 0.75
v -0.3000031 -0.1000002 0.75
vt 0.12109375 0.375
vt 0.1171875 0.375
vt 0.1171875 0.40625
vt 0.12109375 0.40625
f 263/769 259/770 258/771 262/772
vt 0.115234375 0.375
vt 0.111328125 0.375
vt 0.111328125 0.40625
vt 0.115234375 0.40625
f 260/773 264/774 261/775 257/776
vt 0.1171875 0.40625
vt 0.115234375 0.40625
vt 0.115234375 0.46875
vt 0.1171875 0.46875
f 258/777 257/778 261/779 262/780
vt 0.119140625 0.46875
vt 0.1171875 0.46875
vt 0.1171875 0.40625
vt 0.119140625 0.40625
f 263/781 264/782 260/783 259/784
vt 0.1171875 0.375
vt 0.115234375 0.375
vt 0.115234375 0.40625
vt 0.1171875 0.40625
f 259/785 260/786 257/787 258/788
vt 0.123046875 0.375
vt 0.12109375 0.375
vt 0.12109375 0.40625
vt 0.123046875 0.40625
f 264/789 263/790 262/791 261/792
o gunModel33
v -0.3500031 1.1 -0.55
v -0.0500031 1.1 -0.55
v -0.0500031 0.2 -0.55
v -0.3500031 0.2 -0.55
v -0.3500031 1.1 0.2
v -0.0500031 1.1 0.2
v -0.0500031 0.2 0.2
v -0.3500031 0.2 0.2
vt 0.1328125 0.375
vt 0.130859375 0.375
vt 0.130859375 0.4375
vt 0.1328125 0.4375
f 271/793 267/794 266/795 270/796
vt 0.12890625 0.375
vt 0.126953125 0.375
vt 0.126953125 0.4375
vt 0.12890625 0.4375
f 268/797 272/798 269/799 265/800
vt 0.130859375 0.4375
vt 0.12890625 0.4375
vt 0.12890625 0.46875
vt 0.130859375 0.46875
f 266/801 265/802 269/803 270/804
vt 0.1328125 0.46875
vt 0.130859375 0.46875
vt 0.130859375 0.4375
vt 0.1328125 0.4375
f 271/805 272/806 268/807 267/808
vt 0.130859375 0.375
vt 0.12890625 0.375
vt 0.12890625 0.4375
vt 0.130859375 0.4375
f 267/809 268/810 265/811 266/812
vt 0.134765625 0.375
vt 0.1328125 0.375
vt 0.1328125 0.4375
vt 0.134765625 0.4375
f 272/813 271/814 270/815 269/816
o gunModel34
v -0.3000031 -0.1 -1.1
v -0.1000031 -0.1 -1.1
v -0.1000031 -0.8 -1.2
v -0.3000031 -0.8 -1.2
v -0.3000031 -0.1 0.1
v -0.1000031 -0.1 0.1
v -0.1000031 -0.8 0
v -0.3000031 -0.8 0
vt 0.15234375 0.375
vt 0.1484375 0.375
vt 0.1484375 0.40625
vt 0.15234375 0.40625
f 279/817 275/818 274/819 278/820
vt 0.146484375 0.375
vt 0.142578125 0.375
vt 0.142578125 0.40625
vt 0.146484375 0.40625
f 276/821 280/822 277/823 273/824
vt 0.1484375 0.40625
vt 0.146484375 0.40625
vt 0.146484375 0.46875
vt 0.1484375 0.46875
f 274/825 273/826 277/827 278/828
vt 0.150390625 0.46875
vt 0.1484375 0.46875
vt 0.1484375 0.40625
vt 0.150390625 0.40625
f 279/829 280/830 276/831 275/832
vt 0.1484375 0.375
vt 0.146484375 0.375
vt 0.146484375 0.40625
vt 0.1484375 0.40625
f 275/833 276/834 273/835 274/836
vt 0.154296875 0.375
vt 0.15234375 0.375
vt 0.15234375 0.40625
vt 0.154296875 0.40625
f 280/837 279/838 278/839 277/840
o gunModel35
v -0.3000031 -0.8 -1.2
v -0.1000031 -0.8 -1.2
v -0.1000031 -1.3 -0.9
v -0.3000031 -1.3 -0.9
v -0.3000031 -0.8 0
v -0.1000031 -0.8 0
v -0.1000031 -1.25 0.3
v -0.3000031 -1.25 0.3
vt 0.16796875 0.375
vt 0.1640625 0.375
vt 0.1640625 0.40625
vt 0.16796875 0.40625
f 287/841 283/842 282/843 286/844
vt 0.162109375 0.375
vt 0.158203125 0.375
vt 0.158203125 0.40625
vt 0.162109375 0.40625
f 284/845 288/846 285/847 281/848
vt 0.1640625 0.40625
vt 0.162109375 0.40625
vt 0.162109375 0.46875
vt 0.1640625 0.46875
f 282/849 281/850 285/851 286/852
vt 0.166015625 0.46875
vt 0.1640625 0.46875
vt 0.1640625 0.40625
vt 0.166015625 0.40625
f 287/853 288/854 284/855 283/856
vt 0.1640625 0.375
vt 0.162109375 0.375
vt 0.162109375 0.40625
vt 0.1640625 0.40625
f 283/857 284/858 281/859 282/860
vt 0.169921875 0.375
vt 0.16796875 0.375
vt 0.16796875 0.40625
vt 0.169921875 0.40625
f 288/861 287/862 286/863 285/864
o gunModel36
v -0.3000031 -0.25 -0.6999999
v -0.1000031 -0.25 -0.6999999
v -0.1000031 -1.3 -0.8999999
v -0.3000031 -1.3 -0.8999999
v -0.3000031 -0.45 -0.1499999
v -0.1000031 -0.45 -0.1499999
v -0.1000031 -1.6 -0.1499999
v -0.3000031 -1.6 -0.1499999
vt 0.1796875 0.375
vt 0.177734375 0.375
vt 0.177734375 0.4375
vt 0.1796875 0.4375
f 295/865 291/866 290/867 294/868
vt 0.17578125 0.375
vt 0.173828125 0.375
vt 0.173828125 0.4375
vt 0.17578125 0.4375
f 292/869 296/870 293/871 289/872
vt 0.177734375 0.4375
vt 0.17578125 0.4375
vt 0.17578125 0.46875
vt 0.177734375 0.46875
f 290/873 289/874 293/875 294/876
vt 0.1796875 0.46875
vt 0.177734375 0.46875
vt 0.177734375 0.4375
vt 0.1796875 0.4375
f 295/877 296/878 292/879 291/880
vt 0.177734375 0.375
vt 0.17578125 0.375
vt 0.17578125 0.4375
vt 0.177734375 0.4375
f 291/881 292/882 289/883 290/884
vt 0.181640625 0.375
vt 0.1796875 0.375
vt 0.1796875 0.4375
vt 0.181640625 0.4375
f 296/885 295/886 294/887 293/888
o gunModel37
v -0.3000031 -0.45 -0.15
v -0.1000031 -0.45 -0.15
v -0.1000031 -1.6 -0.15
v -0.3000031 -1.6 -0.15
v -0.3000031 -0.25 0.35
v -0.1000031 -0.25 0.35
v -0.1000031 -1.35 0.5
v -0.3000031 -1.35 0.5
vt 0.1953125 0.375
vt 0.193359375 0.375
vt 0.193359375 0.4375
vt 0.1953125 0.4375
f 303/889 299/890 298/891 302/892
vt 0.19140625 0.375
vt 0.189453125 0.375
vt 0.189453125 0.4375
vt 0.19140625 0.4375
f 300/893 304/894 301/895 297/896
vt 0.193359375 0.4375
vt 0.19140625 0.4375
vt 0.19140625 0.46875
vt 0.193359375 0.46875
f 298/897 297/898 301/899 302/900
vt 0.1953125 0.46875
vt 0.193359375 0.46875
vt 0.193359375 0.4375
vt 0.1953125 0.4375
f 303/901 304/902 300/903 299/904
vt 0.193359375 0.375
vt 0.19140625 0.375
vt 0.19140625 0.4375
vt 0.193359375 0.4375
f 299/905 300/906 297/907 298/908
vt 0.197265625 0.375
vt 0.1953125 0.375
vt 0.1953125 0.4375
vt 0.197265625 0.4375
f 304/909 303/910 302/911 301/912
o gunModel38
v -0.3000031 0.3999998 -0.55
v -0.1000031 0.3999998 -0.55
v -0.1000031 -0.1000002 -1.1
v -0.3000031 -0.1000002 -1.1
v -0.3000031 0.2499998 0.1
v -0.1000031 0.2499998 0.1
v -0.1000031 -0.1000002 0.1
v -0.3000031 -0.1000002 0.1
vt 0.21484375 0.375
vt 0.2109375 0.375
vt 0.2109375 0.40625
vt 0.21484375 0.40625
f 311/913 307/914 306/915 310/916
vt 0.208984375 0.375
vt 0.205078125 0.375
vt 0.205078125 0.40625
vt 0.208984375 0.40625
f 308/917 312/918 309/919 305/920
vt 0.2109375 0.40625
vt 0.208984375 0.40625
vt 0.208984375 0.46875
vt 0.2109375 0.46875
f 306/921 305/922 309/923 310/924
vt 0.212890625 0.46875
vt 0.2109375 0.46875
vt 0.2109375 0.40625
vt 0.212890625 0.40625
f 311/925 312/926 308/927 307/928
vt 0.2109375 0.375
vt 0.208984375 0.375
vt 0.208984375 0.40625
vt 0.2109375 0.40625
f 307/929 308/930 305/931 306/932
vt 0.216796875 0.375
vt 0.21484375 0.375
vt 0.21484375 0.40625
vt 0.216796875 0.40625
f 312/933 311/934 310/935 309/936
o gunModel39
v 5.449997 2.450001 -0.8
v 7.949997 2.450001 -0.8
v 7.949997 1.150001 -0.8
v 5.449997 1.150001 -0.8
v 5.449997 2.450001 0.5
v 7.949997 2.450001 0.5
v 7.949997 1.150001 0.5
v 5.449997 1.150001 0.5
vt 0.23046875 0.40625
vt 0.228515625 0.40625
vt 0.228515625 0.4375
vt 0.23046875 0.4375
f 319/937 315/938 314/939 318/940
vt 0.22265625 0.40625
vt 0.220703125 0.40625
vt 0.220703125 0.4375
vt 0.22265625 0.4375
f 316/941 320/942 317/943 313/944
vt 0.228515625 0.4375
vt 0.22265625 0.4375
vt 0.22265625 0.46875
vt 0.228515625 0.46875
f 314/945 313/946 317/947 318/948
vt 0.234375 0.46875
vt 0.228515625 0.46875
vt 0.228515625 0.4375
vt 0.234375 0.4375
f 319/949 320/950 316/951 315/952
vt 0.228515625 0.40625
vt 0.22265625 0.40625
vt 0.22265625 0.4375
vt 0.228515625 0.4375
f 315/953 316/954 313/955 314/956
vt 0.236328125 0.40625
vt 0.23046875 0.40625
vt 0.23046875 0.4375
vt 0.236328125 0.4375
f 320/957 319/958 318/959 317/960
o gunModel40
v 16.55003 3.150001 -0.55
v 17.55003 3.150001 -0.55
v 17.55003 2.550001 -0.55
v 16.55003 2.550001 -0.55
v 16.55003 3.150001 0.25
v 17.55003 3.150001 0.25
v 17.55003 2.450001 0.25
v 16.55003 2.450001 0.25
vt 0.2578125 0.40625
vt 0.255859375 0.40625
vt 0.255859375 0.4375
vt 0.2578125 0.4375
f 327/961 323/962 322/963 326/964
vt 0.25390625 0.40625
vt 0.251953125 0.40625
vt 0.251953125 0.4375
vt 0.25390625 0.4375
f 324/965 328/966 325/967 321/968
vt 0.255859375 0.4375
vt 0.25390625 0.4375
vt 0.25390625 0.46875
vt 0.255859375 0.46875
f 322/969 321/970 325/971 326/972
vt 0.2578125 0.46875
vt 0.255859375 0.46875
vt 0.255859375 0.4375
vt 0.2578125 0.4375
f 327/973 328/974 324/975 323/976
vt 0.255859375 0.40625
vt 0.25390625 0.40625
vt 0.25390625 0.4375
vt 0.255859375 0.4375
f 323/977 324/978 321/979 322/980
vt 0.259765625 0.40625
vt 0.2578125 0.40625
vt 0.2578125 0.4375
vt 0.259765625 0.4375
f 328/981 327/982 326/983 325/984
o gunModel41
v 5.099996 3.500001 -0.55
v 5.699996 3.300001 -0.55
v 5.699996 2.450001 -0.55
v 5.099996 2.450001 -0.55
v 5.099996 3.500001 0.25
v 5.699996 3.300001 0.25
v 5.699996 2.450001 0.25
v 5.099996 2.450001 0.25
vt 0.2734375 0.40625
vt 0.271484375 0.40625
vt 0.271484375 0.4375
vt 0.2734375 0.4375
f 335/985 331/986 330/987 334/988
vt 0.26953125 0.40625
vt 0.267578125 0.40625
vt 0.267578125 0.4375
vt 0.26953125 0.4375
f 332/989 336/990 333/991 329/992
vt 0.271484375 0.4375
vt 0.26953125 0.4375
vt 0.26953125 0.46875
vt 0.271484375 0.46875
f 330/993 329/994 333/995 334/996
vt 0.2734375 0.46875
vt 0.271484375 0.46875
vt 0.271484375 0.4375
vt 0.2734375 0.4375
f 335/997 336/998 332/999 331/1000
vt 0.271484375 0.40625
vt 0.26953125 0.40625
vt 0.26953125 0.4375
vt 0.271484375 0.4375
f 331/1001 332/1002 329/1003 330/1004
vt 0.275390625 0.40625
vt 0.2734375 0.40625
vt 0.2734375 0.4375
vt 0.275390625 0.4375
f 336/1005 335/1006 334/1007 333/1008
o gunModel42
v 3.099999 3.500001 -0.55
v 5.099999 3.500001 -0.55
v 5.099999 2.450001 -0.55
v 3.099999 2.450001 -0.55
v 3.099999 3.500001 0.25
v 5.099999 3.500001 0.25
v 5.099999 2.450001 0.25
v 3.099999 2.450001 0.25
vt 0.291015625 0.40625
vt 0.2890625 0.40625
vt 0.2890625 0.4375
vt 0.291015625 0.4375
f 343/1009 339/1010 338/1011 342/1012
vt 0.28515625 0.40625
vt 0.283203125 0.40625
vt 0.283203125 0.4375
vt 0.28515625 0.4375
f 340/1013 344/1014 341/1015 337/1016
vt 0.2890625 0.4375
vt 0.28515625 0.4375
vt 0.28515625 0.46875
vt 0.2890625 0.46875
f 338/1017 337/1018 341/1019 342/1020
vt 0.29296875 0.46875
vt 0.2890625 0.46875
vt 0.2890625 0.4375
vt 0.29296875 0.4375
f 343/1021 344/1022 340/1023 339/1024
vt 0.2890625 0.40625
vt 0.28515625 0.40625
vt 0.28515625 0.4375
vt 0.2890625 0.4375
f 339/1025 340/1026 337/1027 338/1028
vt 0.294921875 0.40625
vt 0.291015625 0.40625
vt 0.291015625 0.4375
vt 0.294921875 0.4375
f 344/1029 343/1030 342/1031 341/1032
o gunModel43
v 2.099999 3.500001 -0.55
v 3.099999 3.500001 -0.55
v 3.099999 2.450001 -0.55
v 2.099999 2.450001 -0.55
v 2.099999 3.500001 0.25
v 3.099999 3.500001 0.25
v 3.099999 2.450001 0.25
v 2.099999 2.450001 0.25
vt 0.3046875 0.40625
vt 0.302734375 0.40625
vt 0.302734375 0.4375
vt 0.3046875 0.4375
f 351/1033 347/1034 346/1035 350/1036
vt 0.30078125 0.40625
vt 0.298828125 0.40625
vt 0.298828125 0.4375
vt 0.30078125 0.4375
f 348/1037 352/1038 349/1039 345/1040
vt 0.302734375 0.4375
vt 0.30078125 0.4375
vt 0.30078125 0.46875
vt 0.302734375 0.46875
f 346/1041 345/1042 349/1043 350/1044
vt 0.3046875 0.46875
vt 0.302734375 0.46875
vt 0.302734375 0.4375
vt 0.3046875 0.4375
f 351/1045 352/1046 348/1047 347/1048
vt 0.302734375 0.40625
vt 0.30078125 0.40625
vt 0.30078125 0.4375
vt 0.302734375 0.4375
f 347/1049 348/1050 345/1051 346/1052
vt 0.306640625 0.40625
vt 0.3046875 0.40625
vt 0.3046875 0.4375
vt 0.306640625 0.4375
f 352/1053 351/1054 350/1055 349/1056
o gunModel44
v 2.099999 2.900001 -0.75
v 17.55 2.900001 -0.75
v 17.55 2.500001 -0.75
v 2.099999 2.400001 -0.75
v 2.099999 2.900001 0.45
v 17.55 2.900001 0.45
v 17.55 2.500001 0.45
v 2.099999 2.400001 0.45
vt 0.34765625 0.40625
vt 0.345703125 0.40625
vt 0.345703125 0.4375
vt 0.34765625 0.4375
f 359/1057 355/1058 354/1059 358/1060
vt 0.31640625 0.40625
vt 0.314453125 0.40625
vt 0.314453125 0.4375
vt 0.31640625 0.4375
f 356/1061 360/1062 357/1063 353/1064
vt 0.345703125 0.4375
vt 0.31640625 0.4375
vt 0.31640625 0.46875
vt 0.345703125 0.46875
f 354/1065 353/1066 357/1067 358/1068
vt 0.375 0.46875
vt 0.345703125 0.46875
vt 0.345703125 0.4375
vt 0.375 0.4375
f 359/1069 360/1070 356/1071 355/1072
vt 0.345703125 0.40625
vt 0.31640625 0.40625
vt 0.31640625 0.4375
vt 0.345703125 0.4375
f 355/1073 356/1074 353/1075 354/1076
vt 0.376953125 0.40625
vt 0.34765625 0.40625
vt 0.34765625 0.4375
vt 0.376953125 0.4375
f 360/1077 359/1078 358/1079 357/1080
o gunModel45
v 2.349999 3.700001 0.15
v 2.849999 3.700001 0.15
v 3.099999 3.500001 0.15
v 2.099999 3.500001 0.15
v 2.349999 3.700001 0.25
v 2.849999 3.700001 0.25
v 3.099999 3.500001 0.25
v 2.099999 3.500001 0.25
vt 0.3984375 0.40625
vt 0.396484375 0.40625
vt 0.396484375 0.4375
vt 0.3984375 0.4375
f 367/1081 363/1082 362/1083 366/1084
vt 0.39453125 0.40625
vt 0.392578125 0.40625
vt 0.392578125 0.4375
vt 0.39453125 0.4375
f 364/1085 368/1086 365/1087 361/1088
vt 0.396484375 0.4375
vt 0.39453125 0.4375
vt 0.39453125 0.46875
vt 0.396484375 0.46875
f 362/1089 361/1090 365/1091 366/1092
vt 0.3984375 0.46875
vt 0.396484375 0.46875
vt 0.396484375 0.4375
vt 0.3984375 0.4375
f 367/1093 368/1094 364/1095 363/1096
vt 0.396484375 0.40625
vt 0.39453125 0.40625
vt 0.39453125 0.4375
vt 0.396484375 0.4375
f 363/1097 364/1098 361/1099 362/1100
vt 0.400390625 0.40625
vt 0.3984375 0.40625
vt 0.3984375 0.4375
vt 0.400390625 0.4375
f 368/1101 367/1102 366/1103 365/1104
o gunModel46
v 2.349999 3.700001 -0.5499999
v 2.849999 3.700001 -0.5499999
v 3.099999 3.500001 -0.5499999
v 2.099999 3.500001 -0.5499999
v 2.349999 3.700001 -0.4499999
v 2.849999 3.700001 -0.4499999
v 3.099999 3.500001 -0.4499999
v 2.099999 3.500001 -0.4499999
vt 0.4140625 0.40625
vt 0.412109375 0.40625
vt 0.412109375 0.4375
vt 0.4140625 0.4375
f 375/1105 371/1106 370/1107 374/1108
vt 0.41015625 0.40625
vt 0.408203125 0.40625
vt 0.408203125 0.4375
vt 0.41015625 0.4375
f 372/1109 376/1110 373/1111 369/1112
vt 0.412109375 0.4375
vt 0.41015625 0.4375
vt 0.41015625 0.46875
vt 0.412109375 0.46875
f 370/1113 369/1114 373/1115 374/1116
vt 0.4140625 0.46875
vt 0.412109375 0.46875
vt 0.412109375 0.4375
vt 0.4140625 0.4375
f 375/1117 376/1118 372/1119 371/1120
vt 0.412109375 0.40625
vt 0.41015625 0.40625
vt 0.41015625 0.4375
vt 0.412109375 0.4375
f 371/1121 372/1122 369/1123 370/1124
vt 0.416015625 0.40625
vt 0.4140625 0.40625
vt 0.4140625 0.4375
vt 0.416015625 0.4375
f 376/1125 375/1126 374/1127 373/1128
o gunModel47
v -9.599983 2.750001 -0.5
v -0.399983 2.750001 -0.5
v -0.399983 2.550001 -0.5
v -9.599983 2.550001 -0.5
v -9.599983 2.750001 0.2
v -0.399983 2.750001 0.2
v -0.399983 2.550001 0.2
v -9.599983 2.550001 0.2
vt 0.4453125 0.40625
vt 0.443359375 0.40625
vt 0.443359375 0.4375
vt 0.4453125 0.4375
f 383/1129 379/1130 378/1131 382/1132
vt 0.42578125 0.40625
vt 0.423828125 0.40625
vt 0.423828125 0.4375
vt 0.42578125 0.4375
f 380/1133 384/1134 381/1135 377/1136
vt 0.443359375 0.4375
vt 0.42578125 0.4375
vt 0.42578125 0.46875
vt 0.443359375 0.46875
f 378/1137 377/1138 381/1139 382/1140
vt 0.4609375 0.46875
vt 0.443359375 0.46875
vt 0.443359375 0.4375
vt 0.4609375 0.4375
f 383/1141 384/1142 380/1143 379/1144
vt 0.443359375 0.40625
vt 0.42578125 0.40625
vt 0.42578125 0.4375
vt 0.443359375 0.4375
f 379/1145 380/1146 377/1147 378/1148
vt 0.462890625 0.40625
vt 0.4453125 0.40625
vt 0.4453125 0.4375
vt 0.462890625 0.4375
f 384/1149 383/1150 382/1151 381/1152
o gunModel48
v 19.90003 0.95 -0.55
v 20.20003 0.95 -0.55
v 20.20003 0.05 -0.55
v 19.90003 0.05 -0.55
v 19.90003 0.95 0.2
v 20.20003 0.95 0.2
v 20.20003 0.05 0.2
v 19.90003 0.05 0.2
vt 0.4765625 0.375
vt 0.474609375 0.375
vt 0.474609375 0.4375
vt 0.4765625 0.4375
f 391/1153 387/1154 386/1155 390/1156
vt 0.47265625 0.375
vt 0.470703125 0.375
vt 0.470703125 0.4375
vt 0.47265625 0.4375
f 388/1157 392/1158 389/1159 385/1160
vt 0.474609375 0.4375
vt 0.47265625 0.4375
vt 0.47265625 0.46875
vt 0.474609375 0.46875
f 386/1161 385/1162 389/1163 390/1164
vt 0.4765625 0.46875
vt 0.474609375 0.46875
vt 0.474609375 0.4375
vt 0.4765625 0.4375
f 391/1165 392/1166 388/1167 387/1168
vt 0.474609375 0.375
vt 0.47265625 0.375
vt 0.47265625 0.4375
vt 0.474609375 0.4375
f 387/1169 388/1170 385/1171 386/1172
vt 0.478515625 0.375
vt 0.4765625 0.375
vt 0.4765625 0.4375
vt 0.478515625 0.4375
f 392/1173 391/1174 390/1175 389/1176
o gunModel49
v 19.95003 0.2499998 -0.45
v 20.15003 0.2499998 -0.45
v 20.15003 -0.1000002 -0.45
v 19.95003 -0.1000002 -0.45
v 19.95003 0.3999998 0.2
v 20.15003 0.3999998 0.2
v 20.15003 -0.1000002 0.75
v 19.95003 -0.1000002 0.75
vt 0.49609375 0.375
vt 0.4921875 0.375
vt 0.4921875 0.40625
vt 0.49609375 0.40625
f 399/1177 395/1178 394/1179 398/1180
vt 0.490234375 0.375
vt 0.486328125 0.375
vt 0.486328125 0.40625
vt 0.490234375 0.40625
f 396/1181 400/1182 397/1183 393/1184
vt 0.4921875 0.40625
vt 0.490234375 0.40625
vt 0.490234375 0.46875
vt 0.4921875 0.46875
f 394/1185 393/1186 397/1187 398/1188
vt 0.494140625 0.46875
vt 0.4921875 0.46875
vt 0.4921875 0.40625
vt 0.494140625 0.40625
f 399/1189 400/1190 396/1191 395/1192
vt 0.4921875 0.375
vt 0.490234375 0.375
vt 0.490234375 0.40625
vt 0.4921875 0.40625
f 395/1193 396/1194 393/1195 394/1196
vt 0.498046875 0.375
vt 0.49609375 0.375
vt 0.49609375 0.40625
vt 0.498046875 0.40625
f 400/1197 399/1198 398/1199 397/1200
o gunModel50
v 19.95003 -0.1 -0.45
v 20.15003 -0.1 -0.45
v 20.15003 -0.8 -0.35
v 19.95003 -0.8 -0.35
v 19.95003 -0.1 0.75
v 20.15003 -0.1 0.75
v 20.15003 -0.8 0.85
v 19.95003 -0.8 0.85
vt 0.51171875 0.375
vt 0.5078125 0.375
vt 0.5078125 0.40625
vt 0.51171875 0.40625
f 407/1201 403/1202 402/1203 406/1204
vt 0.505859375 0.375
vt 0.501953125 0.375
vt 0.501953125 0.40625
vt 0.505859375 0.40625
f 404/1205 408/1206 405/1207 401/1208
vt 0.5078125 0.40625
vt 0.505859375 0.40625
vt 0.505859375 0.46875
vt 0.5078125 0.46875
f 402/1209 401/1210 405/1211 406/1212
vt 0.509765625 0.46875
vt 0.5078125 0.46875
vt 0.5078125 0.40625
vt 0.509765625 0.40625
f 407/1213 408/1214 404/1215 403/1216
vt 0.5078125 0.375
vt 0.505859375 0.375
vt 0.505859375 0.40625
vt 0.5078125 0.40625
f 403/1217 404/1218 401/1219 402/1220
vt 0.513671875 0.375
vt 0.51171875 0.375
vt 0.51171875 0.40625
vt 0.513671875 0.40625
f 408/1221 407/1222 406/1223 405/1224
o gunModel51
v 19.95003 -0.8 -0.35
v 20.15003 -0.8 -0.35
v 20.15003 -1.25 -0.65
v 19.95003 -1.25 -0.65
v 19.95003 -0.8 0.85
v 20.15003 -0.8 0.85
v 20.15003 -1.35 0.5
v 19.95003 -1.35 0.5
vt 0.52734375 0.375
vt 0.5234375 0.375
vt 0.5234375 0.40625
vt 0.52734375 0.40625
f 415/1225 411/1226 410/1227 414/1228
vt 0.521484375 0.375
vt 0.517578125 0.375
vt 0.517578125 0.40625
vt 0.521484375 0.40625
f 412/1229 416/1230 413/1231 409/1232
vt 0.5234375 0.40625
vt 0.521484375 0.40625
vt 0.521484375 0.46875
vt 0.5234375 0.46875
f 410/1233 409/1234 413/1235 414/1236
vt 0.525390625 0.46875
vt 0.5234375 0.46875
vt 0.5234375 0.40625
vt 0.525390625 0.40625
f 415/1237 416/1238 412/1239 411/1240
vt 0.5234375 0.375
vt 0.521484375 0.375
vt 0.521484375 0.40625
vt 0.5234375 0.40625
f 411/1241 412/1242 409/1243 410/1244
vt 0.529296875 0.375
vt 0.52734375 0.375
vt 0.52734375 0.40625
vt 0.529296875 0.40625
f 416/1245 415/1246 414/1247 413/1248
o gunModel52
v 19.95003 -0.45 -0.15
v 20.15003 -0.45 -0.15
v 20.15003 -1.6 -0.15
v 19.95003 -1.6 -0.15
v 19.95003 -0.25 0.35
v 20.15003 -0.25 0.35
v 20.15003 -1.35 0.5
v 19.95003 -1.35 0.5
vt 0.5390625 0.375
vt 0.537109375 0.375
vt 0.537109375 0.4375
vt 0.5390625 0.4375
f 423/1249 419/1250 418/1251 422/1252
vt 0.53515625 0.375
vt 0.533203125 0.375
vt 0.533203125 0.4375
vt 0.53515625 0.4375
f 420/1253 424/1254 421/1255 417/1256
vt 0.537109375 0.4375
vt 0.53515625 0.4375
vt 0.53515625 0.46875
vt 0.537109375 0.46875
f 418/1257 417/1258 421/1259 422/1260
vt 0.5390625 0.46875
vt 0.537109375 0.46875
vt 0.537109375 0.4375
vt 0.5390625 0.4375
f 423/1261 424/1262 420/1263 419/1264
vt 0.537109375 0.375
vt 0.53515625 0.375
vt 0.53515625 0.4375
vt 0.537109375 0.4375
f 419/1265 420/1266 417/1267 418/1268
vt 0.541015625 0.375
vt 0.5390625 0.375
vt 0.5390625 0.4375
vt 0.541015625 0.4375
f 424/1269 423/1270 422/1271 421/1272
o gunModel53
v 19.95003 -0.25 -0.6999999
v 20.15003 -0.25 -0.6999999
v 20.15003 -1.3 -0.8999999
v 19.95003 -1.3 -0.8999999
v 19.95003 -0.45 -0.1499999
v 20.15003 -0.45 -0.1499999
v 20.15003 -1.6 -0.1499999
v 19.95003 -1.6 -0.1499999
vt 0.5546875 0.375
vt 0.552734375 0.375
vt 0.552734375 0.4375
vt 0.5546875 0.4375
f 431/1273 427/1274 426/1275 430/1276
vt 0.55078125 0.375
vt 0.548828125 0.375
vt 0.548828125 0.4375
vt 0.55078125 0.4375
f 428/1277 432/1278 429/1279 425/1280
vt 0.552734375 0.4375
vt 0.55078125 0.4375
vt 0.55078125 0.46875
vt 0.552734375 0.46875
f 426/1281 425/1282 429/1283 430/1284
vt 0.5546875 0.46875
vt 0.552734375 0.46875
vt 0.552734375 0.4375
vt 0.5546875 0.4375
f 431/1285 432/1286 428/1287 427/1288
vt 0.552734375 0.375
vt 0.55078125 0.375
vt 0.55078125 0.4375
vt 0.552734375 0.4375
f 427/1289 428/1290 425/1291 426/1292
vt 0.556640625 0.375
vt 0.5546875 0.375
vt 0.5546875 0.4375
vt 0.556640625 0.4375
f 432/1293 431/1294 430/1295 429/1296
o gunModel54
v 19.95003 -0.8 -1.2
v 20.15003 -0.8 -1.2
v 20.15003 -1.3 -0.9
v 19.95003 -1.3 -0.9
v 19.95003 -0.8 0
v 20.15003 -0.8 0
v 20.15003 -1.25 0.3
v 19.95003 -1.25 0.3
vt 0.57421875 0.375
vt 0.5703125 0.375
vt 0.5703125 0.40625
vt 0.57421875 0.40625
f 439/1297 435/1298 434/1299 438/1300
vt 0.568359375 0.375
vt 0.564453125 0.375
vt 0.564453125 0.40625
vt 0.568359375 0.40625
f 436/1301 440/1302 437/1303 433/1304
vt 0.5703125 0.40625
vt 0.568359375 0.40625
vt 0.568359375 0.46875
vt 0.5703125 0.46875
f 434/1305 433/1306 437/1307 438/1308
vt 0.572265625 0.46875
vt 0.5703125 0.46875
vt 0.5703125 0.40625
vt 0.572265625 0.40625
f 439/1309 440/1310 436/1311 435/1312
vt 0.5703125 0.375
vt 0.568359375 0.375
vt 0.568359375 0.40625
vt 0.5703125 0.40625
f 435/1313 436/1314 433/1315 434/1316
vt 0.576171875 0.375
vt 0.57421875 0.375
vt 0.57421875 0.40625
vt 0.576171875 0.40625
f 440/1317 439/1318 438/1319 437/1320
o gunModel55
v 19.95003 -0.1 -1.1
v 20.15003 -0.1 -1.1
v 20.15003 -0.8 -1.2
v 19.95003 -0.8 -1.2
v 19.95003 -0.1 0.1
v 20.15003 -0.1 0.1
v 20.15003 -0.8 0
v 19.95003 -0.8 0
vt 0.58984375 0.375
vt 0.5859375 0.375
vt 0.5859375 0.40625
vt 0.58984375 0.40625
f 447/1321 443/1322 442/1323 446/1324
vt 0.583984375 0.375
vt 0.580078125 0.375
vt 0.580078125 0.40625
vt 0.583984375 0.40625
f 444/1325 448/1326 445/1327 441/1328
vt 0.5859375 0.40625
vt 0.583984375 0.40625
vt 0.583984375 0.46875
vt 0.5859375 0.46875
f 442/1329 441/1330 445/1331 446/1332
vt 0.587890625 0.46875
vt 0.5859375 0.46875
vt 0.5859375 0.40625
vt 0.587890625 0.40625
f 447/1333 448/1334 444/1335 443/1336
vt 0.5859375 0.375
vt 0.583984375 0.375
vt 0.583984375 0.40625
vt 0.5859375 0.40625
f 443/1337 444/1338 441/1339 442/1340
vt 0.591796875 0.375
vt 0.58984375 0.375
vt 0.58984375 0.40625
vt 0.591796875 0.40625
f 448/1341 447/1342 446/1343 445/1344
o gunModel56
v 19.95003 0.3999998 -0.55
v 20.15003 0.3999998 -0.55
v 20.15003 -0.1000002 -1.1
v 19.95003 -0.1000002 -1.1
v 19.95003 0.2499998 0.1
v 20.15003 0.2499998 0.1
v 20.15003 -0.1000002 0.1
v 19.95003 -0.1000002 0.1
vt 0.60546875 0.375
vt 0.6015625 0.375
vt 0.6015625 0.40625
vt 0.60546875 0.40625
f 455/1345 451/1346 450/1347 454/1348
vt 0.599609375 0.375
vt 0.595703125 0.375
vt 0.595703125 0.40625
vt 0.599609375 0.40625
f 452/1349 456/1350 453/1351 449/1352
vt 0.6015625 0.40625
vt 0.599609375 0.40625
vt 0.599609375 0.46875
vt 0.6015625 0.46875
f 450/1353 449/1354 453/1355 454/1356
vt 0.603515625 0.46875
vt 0.6015625 0.46875
vt 0.6015625 0.40625
vt 0.603515625 0.40625
f 455/1357 456/1358 452/1359 451/1360
vt 0.6015625 0.375
vt 0.599609375 0.375
vt 0.599609375 0.40625
vt 0.6015625 0.40625
f 451/1361 452/1362 449/1363 450/1364
vt 0.607421875 0.375
vt 0.60546875 0.375
vt 0.60546875 0.40625
vt 0.607421875 0.40625
f 456/1365 455/1366 454/1367 453/1368
o gunModel57
v -9.899983 3.400001 -0.55
v -8.899983 3.400001 -0.55
v -8.899983 2.800001 -0.55
v -9.899983 2.800001 -0.55
v -9.899983 3.400001 0.2
v -8.899983 3.400001 0.2
v -8.899983 2.800001 0.2
v -9.899983 2.800001 0.2
vt 0.6171875 0.40625
vt 0.615234375 0.40625
vt 0.615234375 0.4375
vt 0.6171875 0.4375
f 463/1369 459/1370 458/1371 462/1372
vt 0.61328125 0.40625
vt 0.611328125 0.40625
vt 0.611328125 0.4375
vt 0.61328125 0.4375
f 460/1373 464/1374 461/1375 457/1376
vt 0.615234375 0.4375
vt 0.61328125 0.4375
vt 0.61328125 0.46875
vt 0.615234375 0.46875
f 458/1377 457/1378 461/1379 462/1380
vt 0.6171875 0.46875
vt 0.615234375 0.46875
vt 0.615234375 0.4375
vt 0.6171875 0.4375
f 463/1381 464/1382 460/1383 459/1384
vt 0.615234375 0.40625
vt 0.61328125 0.40625
vt 0.61328125 0.4375
vt 0.615234375 0.4375
f 459/1385 460/1386 457/1387 458/1388
vt 0.619140625 0.40625
vt 0.6171875 0.40625
vt 0.6171875 0.4375
vt 0.619140625 0.4375
f 464/1389 463/1390 462/1391 461/1392
o gunModel58
v -6.899992 3.400001 -0.55
v -5.899992 3.400001 -0.55
v -5.899992 2.800001 -0.55
v -6.899992 2.800001 -0.55
v -6.899992 3.400001 0.25
v -5.899992 3.400001 0.25
v -5.899992 2.800001 0.25
v -6.899992 2.800001 0.25
vt 0.6328125 0.40625
vt 0.630859375 0.40625
vt 0.630859375 0.4375
vt 0.6328125 0.4375
f 471/1393 467/1394 466/1395 470/1396
vt 0.62890625 0.40625
vt 0.626953125 0.40625
vt 0.626953125 0.4375
vt 0.62890625 0.4375
f 468/1397 472/1398 469/1399 465/1400
vt 0.630859375 0.4375
vt 0.62890625 0.4375
vt 0.62890625 0.46875
vt 0.630859375 0.46875
f 466/1401 465/1402 469/1403 470/1404
vt 0.6328125 0.46875
vt 0.630859375 0.46875
vt 0.630859375 0.4375
vt 0.6328125 0.4375
f 471/1405 472/1406 468/1407 467/1408
vt 0.630859375 0.40625
vt 0.62890625 0.40625
vt 0.62890625 0.4375
vt 0.630859375 0.4375
f 467/1409 468/1410 465/1411 466/1412
vt 0.634765625 0.40625
vt 0.6328125 0.40625
vt 0.6328125 0.4375
vt 0.634765625 0.4375
f 472/1413 471/1414 470/1415 469/1416
o gunModel59
v -8.899983 3.400001 -0.6
v -6.899983 3.400001 -0.6
v -6.899983 2.800001 -0.6
v -8.899983 2.800001 -0.6
v -8.899983 3.400001 0.3
v -6.899983 3.400001 0.3
v -6.899983 2.800001 0.3
v -8.899983 2.800001 0.3
vt 0.650390625 0.40625
vt 0.6484375 0.40625
vt 0.6484375 0.4375
vt 0.650390625 0.4375
f 479/1417 475/1418 474/1419 478/1420
vt 0.64453125 0.40625
vt 0.642578125 0.40625
vt 0.642578125 0.4375
vt 0.64453125 0.4375
f 476/1421 480/1422 477/1423 473/1424
vt 0.6484375 0.4375
vt 0.64453125 0.4375
vt 0.64453125 0.46875
vt 0.6484375 0.46875
f 474/1425 473/1426 477/1427 478/1428
vt 0.65234375 0.46875
vt 0.6484375 0.46875
vt 0.6484375 0.4375
vt 0.65234375 0.4375
f 479/1429 480/1430 476/1431 475/1432
vt 0.6484375 0.40625
vt 0.64453125 0.40625
vt 0.64453125 0.4375
vt 0.6484375 0.4375
f 475/1433 476/1434 473/1435 474/1436
vt 0.654296875 0.40625
vt 0.650390625 0.40625
vt 0.650390625 0.4375
vt 0.654296875 0.4375
f 480/1437 479/1438 478/1439 477/1440
o gunModel60
v 2.699999 2.250001 -1.25
v 2.899999 2.250001 -1.25
v 2.899999 1.550001 -1.35
v 2.699999 1.550001 -1.35
v 2.699999 2.250001 0.85
v 2.899999 2.250001 0.85
v 2.899999 1.550001 0.95
v 2.699999 1.550001 0.95
vt 0.66796875 0.375
vt 0.6640625 0.375
vt 0.6640625 0.40625
vt 0.66796875 0.40625
f 487/1441 483/1442 482/1443 486/1444
vt 0.662109375 0.375
vt 0.658203125 0.375
vt 0.658203125 0.40625
vt 0.662109375 0.40625
f 484/1445 488/1446 485/1447 481/1448
vt 0.6640625 0.40625
vt 0.662109375 0.40625
vt 0.662109375 0.46875
vt 0.6640625 0.46875
f 482/1449 481/1450 485/1451 486/1452
vt 0.666015625 0.46875
vt 0.6640625 0.46875
vt 0.6640625 0.40625
vt 0.666015625 0.40625
f 487/1453 488/1454 484/1455 483/1456
vt 0.6640625 0.375
vt 0.662109375 0.375
vt 0.662109375 0.40625
vt 0.6640625 0.40625
f 483/1457 484/1458 481/1459 482/1460
vt 0.669921875 0.375
vt 0.66796875 0.375
vt 0.66796875 0.40625
vt 0.669921875 0.40625
f 488/1461 487/1462 486/1463 485/1464
o gunModel61
v 2.699999 2.850001 -0.7
v 2.899999 2.850001 -0.7
v 2.899999 2.250001 -1.25
v 2.699999 2.250001 -1.25
v 2.699999 2.850001 0.3
v 2.899999 2.850001 0.3
v 2.899999 2.250001 0.85
v 2.699999 2.250001 0.85
vt 0.68359375 0.375
vt 0.6796875 0.375
vt 0.6796875 0.40625
vt 0.68359375 0.40625
f 495/1465 491/1466 490/1467 494/1468
vt 0.677734375 0.375
vt 0.673828125 0.375
vt 0.673828125 0.40625
vt 0.677734375 0.40625
f 492/1469 496/1470 493/1471 489/1472
vt 0.6796875 0.40625
vt 0.677734375 0.40625
vt 0.677734375 0.46875
vt 0.6796875 0.46875
f 490/1473 489/1474 493/1475 494/1476
vt 0.681640625 0.46875
vt 0.6796875 0.46875
vt 0.6796875 0.40625
vt 0.681640625 0.40625
f 495/1477 496/1478 492/1479 491/1480
vt 0.6796875 0.375
vt 0.677734375 0.375
vt 0.677734375 0.40625
vt 0.6796875 0.40625
f 491/1481 492/1482 489/1483 490/1484
vt 0.685546875 0.375
vt 0.68359375 0.375
vt 0.68359375 0.40625
vt 0.685546875 0.40625
f 496/1485 495/1486 494/1487 493/1488
o gunModel62
v 2.699999 1.55 -1.35
v 2.899999 1.55 -1.35
v 2.899999 1 -0.9500001
v 2.699999 1 -0.9500001
v 2.699999 1.55 0.9499999
v 2.899999 1.55 0.9499999
v 2.899999 1 0.5999999
v 2.699999 1 0.5999999
vt 0.69921875 0.375
vt 0.6953125 0.375
vt 0.6953125 0.40625
vt 0.69921875 0.40625
f 503/1489 499/1490 498/1491 502/1492
vt 0.693359375 0.375
vt 0.689453125 0.375
vt 0.689453125 0.40625
vt 0.693359375 0.40625
f 500/1493 504/1494 501/1495 497/1496
vt 0.6953125 0.40625
vt 0.693359375 0.40625
vt 0.693359375 0.46875
vt 0.6953125 0.46875
f 498/1497 497/1498 501/1499 502/1500
vt 0.697265625 0.46875
vt 0.6953125 0.46875
vt 0.6953125 0.40625
vt 0.697265625 0.40625
f 503/1501 504/1502 500/1503 499/1504
vt 0.6953125 0.375
vt 0.693359375 0.375
vt 0.693359375 0.40625
vt 0.6953125 0.40625
f 499/1505 500/1506 497/1507 498/1508
vt 0.701171875 0.375
vt 0.69921875 0.375
vt 0.69921875 0.40625
vt 0.701171875 0.40625
f 504/1509 503/1510 502/1511 501/1512
o gunModel63
v 2.699999 1 -0.95
v 2.899999 1 -0.95
v 2.899999 0.75 -0.45
v 2.699999 0.75 -0.45
v 2.699999 1 0.6
v 2.899999 1 0.6
v 2.899999 0.75 0.05
v 2.699999 0.75 0.05
vt 0.71484375 0.375
vt 0.7109375 0.375
vt 0.7109375 0.40625
vt 0.71484375 0.40625
f 511/1513 507/1514 506/1515 510/1516
vt 0.708984375 0.375
vt 0.705078125 0.375
vt 0.705078125 0.40625
vt 0.708984375 0.40625
f 508/1517 512/1518 509/1519 505/1520
vt 0.7109375 0.40625
vt 0.708984375 0.40625
vt 0.708984375 0.46875
vt 0.7109375 0.46875
f 506/1521 505/1522 509/1523 510/1524
vt 0.712890625 0.46875
vt 0.7109375 0.46875
vt 0.7109375 0.40625
vt 0.712890625 0.40625
f 511/1525 512/1526 508/1527 507/1528
vt 0.7109375 0.375
vt 0.708984375 0.375
vt 0.708984375 0.40625
vt 0.7109375 0.40625
f 507/1529 508/1530 505/1531 506/1532
vt 0.716796875 0.375
vt 0.71484375 0.375
vt 0.71484375 0.40625
vt 0.716796875 0.40625
f 512/1533 511/1534 510/1535 509/1536
o gunModel64
v 5.199996 2.250001 -1.25
v 5.399996 2.250001 -1.25
v 5.399996 1.550001 -1.35
v 5.199996 1.550001 -1.35
v 5.199996 2.250001 0.85
v 5.399996 2.250001 0.85
v 5.399996 1.550001 0.95
v 5.199996 1.550001 0.95
vt 0.73046875 0.375
vt 0.7265625 0.375
vt 0.7265625 0.40625
vt 0.73046875 0.40625
f 519/1537 515/1538 514/1539 518/1540
vt 0.724609375 0.375
vt 0.720703125 0.375
vt 0.720703125 0.40625
vt 0.724609375 0.40625
f 516/1541 520/1542 517/1543 513/1544
vt 0.7265625 0.40625
vt 0.724609375 0.40625
vt 0.724609375 0.46875
vt 0.7265625 0.46875
f 514/1545 513/1546 517/1547 518/1548
vt 0.728515625 0.46875
vt 0.7265625 0.46875
vt 0.7265625 0.40625
vt 0.728515625 0.40625
f 519/1549 520/1550 516/1551 515/1552
vt 0.7265625 0.375
vt 0.724609375 0.375
vt 0.724609375 0.40625
vt 0.7265625 0.40625
f 515/1553 516/1554 513/1555 514/1556
vt 0.732421875 0.375
vt 0.73046875 0.375
vt 0.73046875 0.40625
vt 0.732421875 0.40625
f 520/1557 519/1558 518/1559 517/1560
o gunModel65
v 5.199996 1.55 -1.35
v 5.399996 1.55 -1.35
v 5.399996 1 -0.9500001
v 5.199996 1 -0.9500001
v 5.199996 1.55 0.9499999
v 5.399996 1.55 0.9499999
v 5.399996 1 0.5999999
v 5.199996 1 0.5999999
vt 0.74609375 0.375
vt 0.7421875 0.375
vt 0.7421875 0.40625
vt 0.74609375 0.40625
f 527/1561 523/1562 522/1563 526/1564
vt 0.740234375 0.375
vt 0.736328125 0.375
vt 0.736328125 0.40625
vt 0.740234375 0.40625
f 524/1565 528/1566 525/1567 521/1568
vt 0.7421875 0.40625
vt 0.740234375 0.40625
vt 0.740234375 0.46875
vt 0.7421875 0.46875
f 522/1569 521/1570 525/1571 526/1572
vt 0.744140625 0.46875
vt 0.7421875 0.46875
vt 0.7421875 0.40625
vt 0.744140625 0.40625
f 527/1573 528/1574 524/1575 523/1576
vt 0.7421875 0.375
vt 0.740234375 0.375
vt 0.740234375 0.40625
vt 0.7421875 0.40625
f 523/1577 524/1578 521/1579 522/1580
vt 0.748046875 0.375
vt 0.74609375 0.375
vt 0.74609375 0.40625
vt 0.748046875 0.40625
f 528/1581 527/1582 526/1583 525/1584
o gunModel66
v 5.199996 1 -0.95
v 5.399996 1 -0.95
v 5.399996 0.75 -0.45
v 5.199996 0.75 -0.45
v 5.199996 1 0.6
v 5.399996 1 0.6
v 5.399996 0.75 0.05
v 5.199996 0.75 0.05
vt 0.76171875 0.375
vt 0.7578125 0.375
vt 0.7578125 0.40625
vt 0.76171875 0.40625
f 535/1585 531/1586 530/1587 534/1588
vt 0.755859375 0.375
vt 0.751953125 0.375
vt 0.751953125 0.40625
vt 0.755859375 0.40625
f 532/1589 536/1590 533/1591 529/1592
vt 0.7578125 0.40625
vt 0.755859375 0.40625
vt 0.755859375 0.46875
vt 0.7578125 0.46875
f 530/1593 529/1594 533/1595 534/1596
vt 0.759765625 0.46875
vt 0.7578125 0.46875
vt 0.7578125 0.40625
vt 0.759765625 0.40625
f 535/1597 536/1598 532/1599 531/1600
vt 0.7578125 0.375
vt 0.755859375 0.375
vt 0.755859375 0.40625
vt 0.7578125 0.40625
f 531/1601 532/1602 529/1603 530/1604
vt 0.763671875 0.375
vt 0.76171875 0.375
vt 0.76171875 0.40625
vt 0.763671875 0.40625
f 536/1605 535/1606 534/1607 533/1608
o gunModel67
v 5.199996 2.950001 -0.8
v 5.399996 2.950001 -0.8
v 5.399996 2.450001 -0.8
v 5.199996 2.450001 -0.8
v 5.199996 2.950001 0.5
v 5.399996 2.950001 0.5
v 5.399996 2.450001 0.5
v 5.199996 2.450001 0.5
vt 0.7734375 0.40625
vt 0.771484375 0.40625
vt 0.771484375 0.4375
vt 0.7734375 0.4375
f 543/1609 539/1610 538/1611 542/1612
vt 0.76953125 0.40625
vt 0.767578125 0.40625
vt 0.767578125 0.4375
vt 0.76953125 0.4375
f 540/1613 544/1614 541/1615 537/1616
vt 0.771484375 0.4375
vt 0.76953125 0.4375
vt 0.76953125 0.46875
vt 0.771484375 0.46875
f 538/1617 537/1618 541/1619 542/1620
vt 0.7734375 0.46875
vt 0.771484375 0.46875
vt 0.771484375 0.4375
vt 0.7734375 0.4375
f 543/1621 544/1622 540/1623 539/1624
vt 0.771484375 0.40625
vt 0.76953125 0.40625
vt 0.76953125 0.4375
vt 0.771484375 0.4375
f 539/1625 540/1626 537/1627 538/1628
vt 0.775390625 0.40625
vt 0.7734375 0.40625
vt 0.7734375 0.4375
vt 0.775390625 0.4375
f 544/1629 543/1630 542/1631 541/1632
o gunModel68
v 2.699999 2.950001 -0.8
v 2.899999 2.950001 -0.8
v 2.899999 2.450001 -0.8
v 2.699999 2.450001 -0.8
v 2.699999 2.950001 0.5
v 2.899999 2.950001 0.5
v 2.899999 2.450001 0.5
v 2.699999 2.450001 0.5
vt 0.7890625 0.40625
vt 0.787109375 0.40625
vt 0.787109375 0.4375
vt 0.7890625 0.4375
f 551/1633 547/1634 546/1635 550/1636
vt 0.78515625 0.40625
vt 0.783203125 0.40625
vt 0.783203125 0.4375
vt 0.78515625 0.4375
f 548/1637 552/1638 549/1639 545/1640
vt 0.787109375 0.4375
vt 0.78515625 0.4375
vt 0.78515625 0.46875
vt 0.787109375 0.46875
f 546/1641 545/1642 549/1643 550/1644
vt 0.7890625 0.46875
vt 0.787109375 0.46875
vt 0.787109375 0.4375
vt 0.7890625 0.4375
f 551/1645 552/1646 548/1647 547/1648
vt 0.787109375 0.40625
vt 0.78515625 0.40625
vt 0.78515625 0.4375
vt 0.787109375 0.4375
f 547/1649 548/1650 545/1651 546/1652
vt 0.791015625 0.40625
vt 0.7890625 0.40625
vt 0.7890625 0.4375
vt 0.791015625 0.4375
f 552/1653 551/1654 550/1655 549/1656
o gunModel69
v 5.199996 2.850001 -0.7
v 5.399996 2.850001 -0.7
v 5.399996 2.250001 -1.25
v 5.199996 2.250001 -1.25
v 5.199996 2.850001 0.3
v 5.399996 2.850001 0.3
v 5.399996 2.250001 0.85
v 5.199996 2.250001 0.85
vt 0.80859375 0.375
vt 0.8046875 0.375
vt 0.8046875 0.40625
vt 0.80859375 0.40625
f 559/1657 555/1658 554/1659 558/1660
vt 0.802734375 0.375
vt 0.798828125 0.375
vt 0.798828125 0.40625
vt 0.802734375 0.40625
f 556/1661 560/1662 557/1663 553/1664
vt 0.8046875 0.40625
vt 0.802734375 0.40625
vt 0.802734375 0.46875
vt 0.8046875 0.46875
f 554/1665 553/1666 557/1667 558/1668
vt 0.806640625 0.46875
vt 0.8046875 0.46875
vt 0.8046875 0.40625
vt 0.806640625 0.40625
f 559/1669 560/1670 556/1671 555/1672
vt 0.8046875 0.375
vt 0.802734375 0.375
vt 0.802734375 0.40625
vt 0.8046875 0.40625
f 555/1673 556/1674 553/1675 554/1676
vt 0.810546875 0.375
vt 0.80859375 0.375
vt 0.80859375 0.40625
vt 0.810546875 0.40625
f 560/1677 559/1678 558/1679 557/1680
o gunModel70
v 0.5999974 2.850001 -0.7
v 0.9999974 2.850001 -0.7
v 0.9999974 2.250001 -1.2
v 0.5999974 2.250001 -1.2
v 0.5999974 2.850001 0.4
v 0.9999974 2.850001 0.4
v 0.9999974 2.250001 0.9
v 0.5999974 2.250001 0.9
vt 0.82421875 0.375
vt 0.8203125 0.375
vt 0.8203125 0.40625
vt 0.82421875 0.40625
f 567/1681 563/1682 562/1683 566/1684
vt 0.818359375 0.375
vt 0.814453125 0.375
vt 0.814453125 0.40625
vt 0.818359375 0.40625
f 564/1685 568/1686 565/1687 561/1688
vt 0.8203125 0.40625
vt 0.818359375 0.40625
vt 0.818359375 0.46875
vt 0.8203125 0.46875
f 562/1689 561/1690 565/1691 566/1692
vt 0.822265625 0.46875
vt 0.8203125 0.46875
vt 0.8203125 0.40625
vt 0.822265625 0.40625
f 567/1693 568/1694 564/1695 563/1696
vt 0.8203125 0.375
vt 0.818359375 0.375
vt 0.818359375 0.40625
vt 0.8203125 0.40625
f 563/1697 564/1698 561/1699 562/1700
vt 0.826171875 0.375
vt 0.82421875 0.375
vt 0.82421875 0.40625
vt 0.826171875 0.40625
f 568/1701 567/1702 566/1703 565/1704
o gunModel71
v -0.3000026 2.800001 -0.65
v 1.899997 2.800001 -0.65
v 1.099997 2.250001 -1.15
v 0.4999974 2.250001 -1.15
v -0.3000026 2.800001 0.35
v 1.899997 2.800001 0.35
v 1.099997 2.250001 0.85
v 0.4999974 2.250001 0.85
vt 0.83984375 0.375
vt 0.8359375 0.375
vt 0.8359375 0.40625
vt 0.83984375 0.40625
f 575/1705 571/1706 570/1707 574/1708
vt 0.833984375 0.375
vt 0.830078125 0.375
vt 0.830078125 0.40625
vt 0.833984375 0.40625
f 572/1709 576/1710 573/1711 569/1712
vt 0.8359375 0.40625
vt 0.833984375 0.40625
vt 0.833984375 0.46875
vt 0.8359375 0.46875
f 570/1713 569/1714 573/1715 574/1716
vt 0.837890625 0.46875
vt 0.8359375 0.46875
vt 0.8359375 0.40625
vt 0.837890625 0.40625
f 575/1717 576/1718 572/1719 571/1720
vt 0.8359375 0.375
vt 0.833984375 0.375
vt 0.833984375 0.40625
vt 0.8359375 0.40625
f 571/1721 572/1722 569/1723 570/1724
vt 0.841796875 0.375
vt 0.83984375 0.375
vt 0.83984375 0.40625
vt 0.841796875 0.40625
f 576/1725 575/1726 574/1727 573/1728
o gunModel72
v 15.70002 2.850001 -0.7
v 15.90002 2.850001 -0.7
v 15.90002 2.250001 -1.25
v 15.70002 2.250001 -1.25
v 15.70002 2.850001 0.3
v 15.90002 2.850001 0.3
v 15.90002 2.250001 0.85
v 15.70002 2.250001 0.85
vt 0.85546875 0.375
vt 0.8515625 0.375
vt 0.8515625 0.40625
vt 0.85546875 0.40625
f 583/1729 579/1730 578/1731 582/1732
vt 0.849609375 0.375
vt 0.845703125 0.375
vt 0.845703125 0.40625
vt 0.849609375 0.40625
f 580/1733 584/1734 581/1735 577/1736
vt 0.8515625 0.40625
vt 0.849609375 0.40625
vt 0.849609375 0.46875
vt 0.8515625 0.46875
f 578/1737 577/1738 581/1739 582/1740
vt 0.853515625 0.46875
vt 0.8515625 0.46875
vt 0.8515625 0.40625
vt 0.853515625 0.40625
f 583/1741 584/1742 580/1743 579/1744
vt 0.8515625 0.375
vt 0.849609375 0.375
vt 0.849609375 0.40625
vt 0.8515625 0.40625
f 579/1745 580/1746 577/1747 578/1748
vt 0.857421875 0.375
vt 0.85546875 0.375
vt 0.85546875 0.40625
vt 0.857421875 0.40625
f 584/1749 583/1750 582/1751 581/1752
o gunModel73
v 15.70002 2.950001 -0.8
v 15.90002 2.950001 -0.8
v 15.90002 2.450001 -0.8
v 15.70002 2.450001 -0.8
v 15.70002 2.950001 0.5
v 15.90002 2.950001 0.5
v 15.90002 2.450001 0.5
v 15.70002 2.450001 0.5
vt 0.8671875 0.40625
vt 0.865234375 0.40625
vt 0.865234375 0.4375
vt 0.8671875 0.4375
f 591/1753 587/1754 586/1755 590/1756
vt 0.86328125 0.40625
vt 0.861328125 0.40625
vt 0.861328125 0.4375
vt 0.86328125 0.4375
f 588/1757 592/1758 589/1759 585/1760
vt 0.865234375 0.4375
vt 0.86328125 0.4375
vt 0.86328125 0.46875
vt 0.865234375 0.46875
f 586/1761 585/1762 589/1763 590/1764
vt 0.8671875 0.46875
vt 0.865234375 0.46875
vt 0.865234375 0.4375
vt 0.8671875 0.4375
f 591/1765 592/1766 588/1767 587/1768
vt 0.865234375 0.40625
vt 0.86328125 0.40625
vt 0.86328125 0.4375
vt 0.865234375 0.4375
f 587/1769 588/1770 585/1771 586/1772
vt 0.869140625 0.40625
vt 0.8671875 0.40625
vt 0.8671875 0.4375
vt 0.869140625 0.4375
f 592/1773 591/1774 590/1775 589/1776
o gunModel74
v 15.70002 2.250001 -1.25
v 15.90002 2.250001 -1.25
v 15.90002 1.550001 -1.35
v 15.70002 1.550001 -1.35
v 15.70002 2.250001 0.85
v 15.90002 2.250001 0.85
v 15.90002 1.550001 0.95
v 15.70002 1.550001 0.95
vt 0.88671875 0.375
vt 0.8828125 0.375
vt 0.8828125 0.40625
vt 0.88671875 0.40625
f 599/1777 595/1778 594/1779 598/1780
vt 0.880859375 0.375
vt 0.876953125 0.375
vt 0.876953125 0.40625
vt 0.880859375 0.40625
f 596/1781 600/1782 597/1783 593/1784
vt 0.8828125 0.40625
vt 0.880859375 0.40625
vt 0.880859375 0.46875
vt 0.8828125 0.46875
f 594/1785 593/1786 597/1787 598/1788
vt 0.884765625 0.46875
vt 0.8828125 0.46875
vt 0.8828125 0.40625
vt 0.884765625 0.40625
f 599/1789 600/1790 596/1791 595/1792
vt 0.8828125 0.375
vt 0.880859375 0.375
vt 0.880859375 0.40625
vt 0.8828125 0.40625
f 595/1793 596/1794 593/1795 594/1796
vt 0.888671875 0.375
vt 0.88671875 0.375
vt 0.88671875 0.40625
vt 0.888671875 0.40625
f 600/1797 599/1798 598/1799 597/1800
o gunModel75
v 15.70002 1.55 -1.35
v 15.90002 1.55 -1.35
v 15.90002 1 -0.9500001
v 15.70002 1 -0.9500001
v 15.70002 1.55 0.9499999
v 15.90002 1.55 0.9499999
v 15.90002 1 0.5999999
v 15.70002 1 0.5999999
vt 0.90234375 0.375
vt 0.8984375 0.375
vt 0.8984375 0.40625
vt 0.90234375 0.40625
f 607/1801 603/1802 602/1803 606/1804
vt 0.896484375 0.375
vt 0.892578125 0.375
vt 0.892578125 0.40625
vt 0.896484375 0.40625
f 604/1805 608/1806 605/1807 601/1808
vt 0.8984375 0.40625
vt 0.896484375 0.40625
vt 0.896484375 0.46875
vt 0.8984375 0.46875
f 602/1809 601/1810 605/1811 606/1812
vt 0.900390625 0.46875
vt 0.8984375 0.46875
vt 0.8984375 0.40625
vt 0.900390625 0.40625
f 607/1813 608/1814 604/1815 603/1816
vt 0.8984375 0.375
vt 0.896484375 0.375
vt 0.896484375 0.40625
vt 0.8984375 0.40625
f 603/1817 604/1818 601/1819 602/1820
vt 0.904296875 0.375
vt 0.90234375 0.375
vt 0.90234375 0.40625
vt 0.904296875 0.40625
f 608/1821 607/1822 606/1823 605/1824
o gunModel76
v 15.70002 1 -0.95
v 15.90002 1 -0.95
v 15.90002 0.75 -0.45
v 15.70002 0.75 -0.45
v 15.70002 1 0.6
v 15.90002 1 0.6
v 15.90002 0.75 0.05
v 15.70002 0.75 0.05
vt 0.91796875 0.375
vt 0.9140625 0.375
vt 0.9140625 0.40625
vt 0.91796875 0.40625
f 615/1825 611/1826 610/1827 614/1828
vt 0.912109375 0.375
vt 0.908203125 0.375
vt 0.908203125 0.40625
vt 0.912109375 0.40625
f 612/1829 616/1830 613/1831 609/1832
vt 0.9140625 0.40625
vt 0.912109375 0.40625
vt 0.912109375 0.46875
vt 0.9140625 0.46875
f 610/1833 609/1834 613/1835 614/1836
vt 0.916015625 0.46875
vt 0.9140625 0.46875
vt 0.9140625 0.40625
vt 0.916015625 0.40625
f 615/1837 616/1838 612/1839 611/1840
vt 0.9140625 0.375
vt 0.912109375 0.375
vt 0.912109375 0.40625
vt 0.9140625 0.40625
f 611/1841 612/1842 609/1843 610/1844
vt 0.919921875 0.375
vt 0.91796875 0.375
vt 0.91796875 0.40625
vt 0.919921875 0.40625
f 616/1845 615/1846 614/1847 613/1848
o gunModel77
v 6.099995 2.300001 0.6
v 14.79999 2.300001 0.6
v 14.79999 1.600001 0.7
v 6.099995 1.600001 0.7
v 6.099995 2.300001 0.8
v 14.79999 2.300001 0.8
v 14.79999 1.600001 0.9
v 6.099995 1.600001 0.9
vt 0.9453125 0.40625
vt 0.943359375 0.40625
vt 0.943359375 0.4375
vt 0.9453125 0.4375
f 623/1849 619/1850 618/1851 622/1852
vt 0.92578125 0.40625
vt 0.923828125 0.40625
vt 0.923828125 0.4375
vt 0.92578125 0.4375
f 620/1853 624/1854 621/1855 617/1856
vt 0.943359375 0.4375
vt 0.92578125 0.4375
vt 0.92578125 0.46875
vt 0.943359375 0.46875
f 618/1857 617/1858 621/1859 622/1860
vt 0.9609375 0.46875
vt 0.943359375 0.46875
vt 0.943359375 0.4375
vt 0.9609375 0.4375
f 623/1861 624/1862 620/1863 619/1864
vt 0.943359375 0.40625
vt 0.92578125 0.40625
vt 0.92578125 0.4375
vt 0.943359375 0.4375
f 619/1865 620/1866 617/1867 618/1868
vt 0.962890625 0.40625
vt 0.9453125 0.40625
vt 0.9453125 0.4375
vt 0.962890625 0.4375
f 624/1869 623/1870 622/1871 621/1872
o gunModel78
v 6.099995 2.600001 0.2
v 14.79999 2.600001 0.2
v 14.79999 2.300001 0.6
v 6.099995 2.300001 0.6
v 6.099995 2.600001 0.5
v 14.79999 2.600001 0.5
v 14.79999 2.300001 0.8
v 6.099995 2.300001 0.8
vt 0.0234375 0.15625
vt 0.021484375 0.15625
vt 0.021484375 0.1875
vt 0.0234375 0.1875
f 631/1873 627/1874 626/1875 630/1876
vt 0.00390625 0.15625
vt 0.001953125 0.15625
vt 0.001953125 0.1875
vt 0.00390625 0.1875
f 628/1877 632/1878 629/1879 625/1880
vt 0.021484375 0.1875
vt 0.00390625 0.1875
vt 0.00390625 0.21875
vt 0.021484375 0.21875
f 626/1881 625/1882 629/1883 630/1884
vt 0.0390625 0.21875
vt 0.021484375 0.21875
vt 0.021484375 0.1875
vt 0.0390625 0.1875
f 631/1885 632/1886 628/1887 627/1888
vt 0.021484375 0.15625
vt 0.00390625 0.15625
vt 0.00390625 0.1875
vt 0.021484375 0.1875
f 627/1889 628/1890 625/1891 626/1892
vt 0.041015625 0.15625
vt 0.0234375 0.15625
vt 0.0234375 0.1875
vt 0.041015625 0.1875
f 632/1893 631/1894 630/1895 629/1896
o gunModel79
v 6.099995 1.6 0.7
v 14.79999 1.6 0.7
v 14.79999 1.3 0.3
v 6.099995 1.3 0.3
v 6.099995 1.6 0.9
v 14.79999 1.6 0.9
v 14.79999 1.3 0.7
v 6.099995 1.3 0.7
vt 0.0703125 0.15625
vt 0.068359375 0.15625
vt 0.068359375 0.1875
vt 0.0703125 0.1875
f 639/1897 635/1898 634/1899 638/1900
vt 0.05078125 0.15625
vt 0.048828125 0.15625
vt 0.048828125 0.1875
vt 0.05078125 0.1875
f 636/1901 640/1902 637/1903 633/1904
vt 0.068359375 0.1875
vt 0.05078125 0.1875
vt 0.05078125 0.21875
vt 0.068359375 0.21875
f 634/1905 633/1906 637/1907 638/1908
vt 0.0859375 0.21875
vt 0.068359375 0.21875
vt 0.068359375 0.1875
vt 0.0859375 0.1875
f 639/1909 640/1910 636/1911 635/1912
vt 0.068359375 0.15625
vt 0.05078125 0.15625
vt 0.05078125 0.1875
vt 0.068359375 0.1875
f 635/1913 636/1914 633/1915 634/1916
vt 0.087890625 0.15625
vt 0.0703125 0.15625
vt 0.0703125 0.1875
vt 0.087890625 0.1875
f 640/1917 639/1918 638/1919 637/1920
o gunModel80
v 2.499999 4.7 -0.45
v 2.649999 4.7 -0.45
v 2.649999 3.2 -0.45
v 2.499999 3.2 -0.45
v 2.499999 4.7 0.15
v 2.649999 4.7 0.15
v 2.649999 3.2 0.15
v 2.499999 3.2 0.15
vt 0.9765625 0.375
vt 0.974609375 0.375
vt 0.974609375 0.4375
vt 0.9765625 0.4375
f 647/1921 643/1922 642/1923 646/1924
vt 0.97265625 0.375
vt 0.970703125 0.375
vt 0.970703125 0.4375
vt 0.97265625 0.4375
f 644/1925 648/1926 645/1927 641/1928
vt 0.974609375 0.4375
vt 0.97265625 0.4375
vt 0.97265625 0.46875
vt 0.974609375 0.46875
f 642/1929 641/1930 645/1931 646/1932
vt 0.9765625 0.46875
vt 0.974609375 0.46875
vt 0.974609375 0.4375
vt 0.9765625 0.4375
f 647/1933 648/1934 644/1935 643/1936
vt 0.974609375 0.375
vt 0.97265625 0.375
vt 0.97265625 0.4375
vt 0.974609375 0.4375
f 643/1937 644/1938 641/1939 642/1940
vt 0.978515625 0.375
vt 0.9765625 0.375
vt 0.9765625 0.4375
vt 0.978515625 0.4375
f 648/1941 647/1942 646/1943 645/1944
o gunModel81
v 2.499999 4.850001 -0.1
v 2.649999 4.850001 -0.1
v 2.649999 4.700001 -0.1
v 2.499999 4.700001 -0.1
v 2.499999 4.850001 0.15
v 2.649999 4.850001 0.15
v 2.649999 4.700001 0.15
v 2.499999 4.700001 0.15
vt 0.9921875 0.40625
vt 0.990234375 0.40625
vt 0.990234375 0.4375
vt 0.9921875 0.4375
f 655/1945 651/1946 650/1947 654/1948
vt 0.98828125 0.40625
vt 0.986328125 0.40625
vt 0.986328125 0.4375
vt 0.98828125 0.4375
f 652/1949 656/1950 653/1951 649/1952
vt 0.990234375 0.4375
vt 0.98828125 0.4375
vt 0.98828125 0.46875
vt 0.990234375 0.46875
f 650/1953 649/1954 653/1955 654/1956
vt 0.9921875 0.46875
vt 0.990234375 0.46875
vt 0.990234375 0.4375
vt 0.9921875 0.4375
f 655/1957 656/1958 652/1959 651/1960
vt 0.990234375 0.40625
vt 0.98828125 0.40625
vt 0.98828125 0.4375
vt 0.990234375 0.4375
f 651/1961 652/1962 649/1963 650/1964
vt 0.994140625 0.40625
vt 0.9921875 0.40625
vt 0.9921875 0.4375
vt 0.994140625 0.4375
f 656/1965 655/1966 654/1967 653/1968
o gunModel82
v 2.499999 4.850001 -0.45
v 2.649999 4.850001 -0.45
v 2.649999 4.700001 -0.45
v 2.499999 4.700001 -0.45
v 2.499999 4.850001 -0.2
v 2.649999 4.850001 -0.2
v 2.649999 4.700001 -0.2
v 2.499999 4.700001 -0.2
vt 0.1015625 0.15625
vt 0.099609375 0.15625
vt 0.099609375 0.1875
vt 0.1015625 0.1875
f 663/1969 659/1970 658/1971 662/1972
vt 0.09765625 0.15625
vt 0.095703125 0.15625
vt 0.095703125 0.1875
vt 0.09765625 0.1875
f 660/1973 664/1974 661/1975 657/1976
vt 0.099609375 0.1875
vt 0.09765625 0.1875
vt 0.09765625 0.21875
vt 0.099609375 0.21875
f 658/1977 657/1978 661/1979 662/1980
vt 0.1015625 0.21875
vt 0.099609375 0.21875
vt 0.099609375 0.1875
vt 0.1015625 0.1875
f 663/1981 664/1982 660/1983 659/1984
vt 0.099609375 0.15625
vt 0.09765625 0.15625
vt 0.09765625 0.1875
vt 0.099609375 0.1875
f 659/1985 660/1986 657/1987 658/1988
vt 0.103515625 0.15625
vt 0.1015625 0.15625
vt 0.1015625 0.1875
vt 0.103515625 0.1875
f 664/1989 663/1990 662/1991 661/1992
o gunModel83
v 19.55003 3.000001 0.1
v 20.05003 3.000001 0.1
v 20.30003 2.800001 0.1
v 19.30003 2.800001 0.1
v 19.55003 3.000001 0.2
v 20.05003 3.000001 0.2
v 20.30003 2.800001 0.2
v 19.30003 2.800001 0.2
vt 0.1171875 0.15625
vt 0.115234375 0.15625
vt 0.115234375 0.1875
vt 0.1171875 0.1875
f 671/1993 667/1994 666/1995 670/1996
vt 0.11328125 0.15625
vt 0.111328125 0.15625
vt 0.111328125 0.1875
vt 0.11328125 0.1875
f 668/1997 672/1998 669/1999 665/2000
vt 0.115234375 0.1875
vt 0.11328125 0.1875
vt 0.11328125 0.21875
vt 0.115234375 0.21875
f 666/2001 665/2002 669/2003 670/2004
vt 0.1171875 0.21875
vt 0.115234375 0.21875
vt 0.115234375 0.1875
vt 0.1171875 0.1875
f 671/2005 672/2006 668/2007 667/2008
vt 0.115234375 0.15625
vt 0.11328125 0.15625
vt 0.11328125 0.1875
vt 0.115234375 0.1875
f 667/2009 668/2010 665/2011 666/2012
vt 0.119140625 0.15625
vt 0.1171875 0.15625
vt 0.1171875 0.1875
vt 0.119140625 0.1875
f 672/2013 671/2014 670/2015 669/2016
o gunModel84
v 19.55003 3.000001 -0.5499999
v 20.05003 3.000001 -0.5499999
v 20.30003 2.800001 -0.5499999
v 19.30003 2.800001 -0.5499999
v 19.55003 3.000001 -0.4499999
v 20.05003 3.000001 -0.4499999
v 20.30003 2.800001 -0.4499999
v 19.30003 2.800001 -0.4499999
vt 0.1328125 0.15625
vt 0.130859375 0.15625
vt 0.130859375 0.1875
vt 0.1328125 0.1875
f 679/2017 675/2018 674/2019 678/2020
vt 0.12890625 0.15625
vt 0.126953125 0.15625
vt 0.126953125 0.1875
vt 0.12890625 0.1875
f 676/2021 680/2022 677/2023 673/2024
vt 0.130859375 0.1875
vt 0.12890625 0.1875
vt 0.12890625 0.21875
vt 0.130859375 0.21875
f 674/2025 673/2026 677/2027 678/2028
vt 0.1328125 0.21875
vt 0.130859375 0.21875
vt 0.130859375 0.1875
vt 0.1328125 0.1875
f 679/2029 680/2030 676/2031 675/2032
vt 0.130859375 0.15625
vt 0.12890625 0.15625
vt 0.12890625 0.1875
vt 0.130859375 0.1875
f 675/2033 676/2034 673/2035 674/2036
vt 0.134765625 0.15625
vt 0.1328125 0.15625
vt 0.1328125 0.1875
vt 0.134765625 0.1875
f 680/2037 679/2038 678/2039 677/2040
o gunModel85
v 19.65003 3.000001 -0.4500001
v 19.95003 3.000001 -0.4500001
v 19.95003 2.800001 -0.4500001
v 19.65003 2.800001 -0.4500001
v 19.65003 3.000001 0.0999999
v 19.95003 3.000001 0.0999999
v 19.95003 2.800001 0.0999999
v 19.65003 2.800001 0.0999999
vt 0.1484375 0.15625
vt 0.146484375 0.15625
vt 0.146484375 0.1875
vt 0.1484375 0.1875
f 687/2041 683/2042 682/2043 686/2044
vt 0.14453125 0.15625
vt 0.142578125 0.15625
vt 0.142578125 0.1875
vt 0.14453125 0.1875
f 684/2045 688/2046 685/2047 681/2048
vt 0.146484375 0.1875
vt 0.14453125 0.1875
vt 0.14453125 0.21875
vt 0.146484375 0.21875
f 682/2049 681/2050 685/2051 686/2052
vt 0.1484375 0.21875
vt 0.146484375 0.21875
vt 0.146484375 0.1875
vt 0.1484375 0.1875
f 687/2053 688/2054 684/2055 683/2056
vt 0.146484375 0.15625
vt 0.14453125 0.15625
vt 0.14453125 0.1875
vt 0.146484375 0.1875
f 683/2057 684/2058 681/2059 682/2060
vt 0.150390625 0.15625
vt 0.1484375 0.15625
vt 0.1484375 0.1875
vt 0.150390625 0.1875
f 688/2061 687/2062 686/2063 685/2064
o gunModel86
v 19.65003 3.200001 -0.4500001
v 19.75003 3.200001 -0.4500001
v 19.75003 3.000001 -0.4500001
v 19.65003 3.000001 -0.4500001
v 19.65003 3.200001 0.0999999
v 19.75003 3.200001 0.0999999
v 19.75003 3.000001 0.0999999
v 19.65003 3.000001 0.0999999
vt 0.1640625 0.15625
vt 0.162109375 0.15625
vt 0.162109375 0.1875
vt 0.1640625 0.1875
f 695/2065 691/2066 690/2067 694/2068
vt 0.16015625 0.15625
vt 0.158203125 0.15625
vt 0.158203125 0.1875
vt 0.16015625 0.1875
f 692/2069 696/2070 693/2071 689/2072
vt 0.162109375 0.1875
vt 0.16015625 0.1875
vt 0.16015625 0.21875
vt 0.162109375 0.21875
f 690/2073 689/2074 693/2075 694/2076
vt 0.1640625 0.21875
vt 0.162109375 0.21875
vt 0.162109375 0.1875
vt 0.1640625 0.1875
f 695/2077 696/2078 692/2079 691/2080
vt 0.162109375 0.15625
vt 0.16015625 0.15625
vt 0.16015625 0.1875
vt 0.162109375 0.1875
f 691/2081 692/2082 689/2083 690/2084
vt 0.166015625 0.15625
vt 0.1640625 0.15625
vt 0.1640625 0.1875
vt 0.166015625 0.1875
f 696/2085 695/2086 694/2087 693/2088
o gunModel87
v 19.65003 5.000001 0
v 19.75003 5.000001 0
v 19.75003 3.200001 0
v 19.65003 3.200001 0
v 19.65003 5.000001 0.1
v 19.75003 5.000001 0.1
v 19.75003 3.200001 0.1
v 19.65003 3.200001 0.1
vt 0.1796875 0.125
vt 0.177734375 0.125
vt 0.177734375 0.1875
vt 0.1796875 0.1875
f 703/2089 699/2090 698/2091 702/2092
vt 0.17578125 0.125
vt 0.173828125 0.125
vt 0.173828125 0.1875
vt 0.17578125 0.1875
f 700/2093 704/2094 701/2095 697/2096
vt 0.177734375 0.1875
vt 0.17578125 0.1875
vt 0.17578125 0.21875
vt 0.177734375 0.21875
f 698/2097 697/2098 701/2099 702/2100
vt 0.1796875 0.21875
vt 0.177734375 0.21875
vt 0.177734375 0.1875
vt 0.1796875 0.1875
f 703/2101 704/2102 700/2103 699/2104
vt 0.177734375 0.125
vt 0.17578125 0.125
vt 0.17578125 0.1875
vt 0.177734375 0.1875
f 699/2105 700/2106 697/2107 698/2108
vt 0.181640625 0.125
vt 0.1796875 0.125
vt 0.1796875 0.1875
vt 0.181640625 0.1875
f 704/2109 703/2110 702/2111 701/2112
o gunModel88
v 19.65003 5.000001 -0.45
v 19.75003 5.000001 -0.45
v 19.75003 3.200001 -0.45
v 19.65003 3.200001 -0.45
v 19.65003 5.000001 -0.35
v 19.75003 5.000001 -0.35
v 19.75003 3.200001 -0.35
v 19.65003 3.200001 -0.35
vt 0.1953125 0.125
vt 0.193359375 0.125
vt 0.193359375 0.1875
vt 0.1953125 0.1875
f 711/2113 707/2114 706/2115 710/2116
vt 0.19140625 0.125
vt 0.189453125 0.125
vt 0.189453125 0.1875
vt 0.19140625 0.1875
f 708/2117 712/2118 709/2119 705/2120
vt 0.193359375 0.1875
vt 0.19140625 0.1875
vt 0.19140625 0.21875
vt 0.193359375 0.21875
f 706/2121 705/2122 709/2123 710/2124
vt 0.1953125 0.21875
vt 0.193359375 0.21875
vt 0.193359375 0.1875
vt 0.1953125 0.1875
f 711/2125 712/2126 708/2127 707/2128
vt 0.193359375 0.125
vt 0.19140625 0.125
vt 0.19140625 0.1875
vt 0.193359375 0.1875
f 707/2129 708/2130 705/2131 706/2132
vt 0.197265625 0.125
vt 0.1953125 0.125
vt 0.1953125 0.1875
vt 0.197265625 0.1875
f 712/2133 711/2134 710/2135 709/2136
o gunModel89
v 19.65003 5.100001 -0.4500001
v 19.75003 5.100001 -0.4500001
v 19.75003 5.000001 -0.4500001
v 19.65003 5.000001 -0.4500001
v 19.65003 5.100001 0.0999999
v 19.75003 5.100001 0.0999999
v 19.75003 5.000001 0.0999999
v 19.65003 5.000001 0.0999999
vt 0.2109375 0.15625
vt 0.208984375 0.15625
vt 0.208984375 0.1875
vt 0.2109375 0.1875
f 719/2137 715/2138 714/2139 718/2140
vt 0.20703125 0.15625
vt 0.205078125 0.15625
vt 0.205078125 0.1875
vt 0.20703125 0.1875
f 716/2141 720/2142 717/2143 713/2144
vt 0.208984375 0.1875
vt 0.20703125 0.1875
vt 0.20703125 0.21875
vt 0.208984375 0.21875
f 714/2145 713/2146 717/2147 718/2148
vt 0.2109375 0.21875
vt 0.208984375 0.21875
vt 0.208984375 0.1875
vt 0.2109375 0.1875
f 719/2149 720/2150 716/2151 715/2152
vt 0.208984375 0.15625
vt 0.20703125 0.15625
vt 0.20703125 0.1875
vt 0.208984375 0.1875
f 715/2153 716/2154 713/2155 714/2156
vt 0.212890625 0.15625
vt 0.2109375 0.15625
vt 0.2109375 0.1875
vt 0.212890625 0.1875
f 720/2157 719/2158 718/2159 717/2160
o gunModel90
v 19.65003 4.550001 -0.35
v 19.75003 4.550001 -0.35
v 19.75003 4.450001 -0.35
v 19.65003 4.450001 -0.35
v 19.65003 4.550001 0
v 19.75003 4.550001 0
v 19.75003 4.450001 0
v 19.65003 4.450001 0
vt 0.2265625 0.15625
vt 0.224609375 0.15625
vt 0.224609375 0.1875
vt 0.2265625 0.1875
f 727/2161 723/2162 722/2163 726/2164
vt 0.22265625 0.15625
vt 0.220703125 0.15625
vt 0.220703125 0.1875
vt 0.22265625 0.1875
f 724/2165 728/2166 725/2167 721/2168
vt 0.224609375 0.1875
vt 0.22265625 0.1875
vt 0.22265625 0.21875
vt 0.224609375 0.21875
f 722/2169 721/2170 725/2171 726/2172
vt 0.2265625 0.21875
vt 0.224609375 0.21875
vt 0.224609375 0.1875
vt 0.2265625 0.1875
f 727/2173 728/2174 724/2175 723/2176
vt 0.224609375 0.15625
vt 0.22265625 0.15625
vt 0.22265625 0.1875
vt 0.224609375 0.1875
f 723/2177 724/2178 721/2179 722/2180
vt 0.228515625 0.15625
vt 0.2265625 0.15625
vt 0.2265625 0.1875
vt 0.228515625 0.1875
f 728/2181 727/2182 726/2183 725/2184
o gunModel91
v 19.65003 4.100001 -0.35
v 19.75003 4.100001 -0.35
v 19.75003 4.000001 -0.35
v 19.65003 4.000001 -0.35
v 19.65003 4.100001 0
v 19.75003 4.100001 0
v 19.75003 4.000001 0
v 19.65003 4.000001 0
vt 0.2421875 0.15625
vt 0.240234375 0.15625
vt 0.240234375 0.1875
vt 0.2421875 0.1875
f 735/2185 731/2186 730/2187 734/2188
vt 0.23828125 0.15625
vt 0.236328125 0.15625
vt 0.236328125 0.1875
vt 0.23828125 0.1875
f 732/2189 736/2190 733/2191 729/2192
vt 0.240234375 0.1875
vt 0.23828125 0.1875
vt 0.23828125 0.21875
vt 0.240234375 0.21875
f 730/2193 729/2194 733/2195 734/2196
vt 0.2421875 0.21875
vt 0.240234375 0.21875
vt 0.240234375 0.1875
vt 0.2421875 0.1875
f 735/2197 736/2198 732/2199 731/2200
vt 0.240234375 0.15625
vt 0.23828125 0.15625
vt 0.23828125 0.1875
vt 0.240234375 0.1875
f 731/2201 732/2202 729/2203 730/2204
vt 0.244140625 0.15625
vt 0.2421875 0.15625
vt 0.2421875 0.1875
vt 0.244140625 0.1875
f 736/2205 735/2206 734/2207 733/2208
o gunModel92
v 19.65003 3.650001 -0.35
v 19.75003 3.650001 -0.35
v 19.75003 3.550001 -0.35
v 19.65003 3.550001 -0.35
v 19.65003 3.650001 0
v 19.75003 3.650001 0
v 19.75003 3.550001 0
v 19.65003 3.550001 0
vt 0.2578125 0.15625
vt 0.255859375 0.15625
vt 0.255859375 0.1875
vt 0.2578125 0.1875
f 743/2209 739/2210 738/2211 742/2212
vt 0.25390625 0.15625
vt 0.251953125 0.15625
vt 0.251953125 0.1875
vt 0.25390625 0.1875
f 740/2213 744/2214 741/2215 737/2216
vt 0.255859375 0.1875
vt 0.25390625 0.1875
vt 0.25390625 0.21875
vt 0.255859375 0.21875
f 738/2217 737/2218 741/2219 742/2220
vt 0.2578125 0.21875
vt 0.255859375 0.21875
vt 0.255859375 0.1875
vt 0.2578125 0.1875
f 743/2221 744/2222 740/2223 739/2224
vt 0.255859375 0.15625
vt 0.25390625 0.15625
vt 0.25390625 0.1875
vt 0.255859375 0.1875
f 739/2225 740/2226 737/2227 738/2228
vt 0.259765625 0.15625
vt 0.2578125 0.15625
vt 0.2578125 0.1875
vt 0.259765625 0.1875
f 744/2229 743/2230 742/2231 741/2232
o gunModel93
v 19.65003 3.300001 -0.35
v 19.75003 3.300001 -0.35
v 19.75003 3.200001 -0.35
v 19.65003 3.200001 -0.35
v 19.65003 3.300001 0
v 19.75003 3.300001 0
v 19.75003 3.200001 0
v 19.65003 3.200001 0
vt 0.2734375 0.15625
vt 0.271484375 0.15625
vt 0.271484375 0.1875
vt 0.2734375 0.1875
f 751/2233 747/2234 746/2235 750/2236
vt 0.26953125 0.15625
vt 0.267578125 0.15625
vt 0.267578125 0.1875
vt 0.26953125 0.1875
f 748/2237 752/2238 749/2239 745/2240
vt 0.271484375 0.1875
vt 0.26953125 0.1875
vt 0.26953125 0.21875
vt 0.271484375 0.21875
f 746/2241 745/2242 749/2243 750/2244
vt 0.2734375 0.21875
vt 0.271484375 0.21875
vt 0.271484375 0.1875
vt 0.2734375 0.1875
f 751/2245 752/2246 748/2247 747/2248
vt 0.271484375 0.15625
vt 0.26953125 0.15625
vt 0.26953125 0.1875
vt 0.271484375 0.1875
f 747/2249 748/2250 745/2251 746/2252
vt 0.275390625 0.15625
vt 0.2734375 0.15625
vt 0.2734375 0.1875
vt 0.275390625 0.1875
f 752/2253 751/2254 750/2255 749/2256
o gunModel94
v 19.65003 4.750001 -0.18
v 19.75003 4.750001 -0.18
v 19.75003 4.550001 -0.22
v 19.65003 4.550001 -0.22
v 19.65003 4.750001 -0.16
v 19.75003 4.750001 -0.16
v 19.75003 4.550001 -0.12
v 19.65003 4.550001 -0.12
vt 0.2890625 0.15625
vt 0.287109375 0.15625
vt 0.287109375 0.1875
vt 0.2890625 0.1875
f 759/2257 755/2258 754/2259 758/2260
vt 0.28515625 0.15625
vt 0.283203125 0.15625
vt 0.283203125 0.1875
vt 0.28515625 0.1875
f 756/2261 760/2262 757/2263 753/2264
vt 0.287109375 0.1875
vt 0.28515625 0.1875
vt 0.28515625 0.21875
vt 0.287109375 0.21875
f 754/2265 753/2266 757/2267 758/2268
vt 0.2890625 0.21875
vt 0.287109375 0.21875
vt 0.287109375 0.1875
vt 0.2890625 0.1875
f 759/2269 760/2270 756/2271 755/2272
vt 0.287109375 0.15625
vt 0.28515625 0.15625
vt 0.28515625 0.1875
vt 0.287109375 0.1875
f 755/2273 756/2274 753/2275 754/2276
vt 0.291015625 0.15625
vt 0.2890625 0.15625
vt 0.2890625 0.1875
vt 0.291015625 0.1875
f 760/2277 759/2278 758/2279 757/2280
o gunModel95
v 19.65003 4.3 -0.18
v 19.75003 4.3 -0.18
v 19.75003 4.1 -0.22
v 19.65003 4.1 -0.22
v 19.65003 4.3 -0.16
v 19.75003 4.3 -0.16
v 19.75003 4.1 -0.12
v 19.65003 4.1 -0.12
vt 0.3046875 0.15625
vt 0.302734375 0.15625
vt 0.302734375 0.1875
vt 0.3046875 0.1875
f 767/2281 763/2282 762/2283 766/2284
vt 0.30078125 0.15625
vt 0.298828125 0.15625
vt 0.298828125 0.1875
vt 0.30078125 0.1875
f 764/2285 768/2286 765/2287 761/2288
vt 0.302734375 0.1875
vt 0.30078125 0.1875
vt 0.30078125 0.21875
vt 0.302734375 0.21875
f 762/2289 761/2290 765/2291 766/2292
vt 0.3046875 0.21875
vt 0.302734375 0.21875
vt 0.302734375 0.1875
vt 0.3046875 0.1875
f 767/2293 768/2294 764/2295 763/2296
vt 0.302734375 0.15625
vt 0.30078125 0.15625
vt 0.30078125 0.1875
vt 0.302734375 0.1875
f 763/2297 764/2298 761/2299 762/2300
vt 0.306640625 0.15625
vt 0.3046875 0.15625
vt 0.3046875 0.1875
vt 0.306640625 0.1875
f 768/2301 767/2302 766/2303 765/2304
o gunModel96
v 19.65003 3.850001 -0.18
v 19.75003 3.850001 -0.18
v 19.75003 3.650001 -0.22
v 19.65003 3.650001 -0.22
v 19.65003 3.850001 -0.16
v 19.75003 3.850001 -0.16
v 19.75003 3.650001 -0.12
v 19.65003 3.650001 -0.12
vt 0.3203125 0.15625
vt 0.318359375 0.15625
vt 0.318359375 0.1875
vt 0.3203125 0.1875
f 775/2305 771/2306 770/2307 774/2308
vt 0.31640625 0.15625
vt 0.314453125 0.15625
vt 0.314453125 0.1875
vt 0.31640625 0.1875
f 772/2309 776/2310 773/2311 769/2312
vt 0.318359375 0.1875
vt 0.31640625 0.1875
vt 0.31640625 0.21875
vt 0.318359375 0.21875
f 770/2313 769/2314 773/2315 774/2316
vt 0.3203125 0.21875
vt 0.318359375 0.21875
vt 0.318359375 0.1875
vt 0.3203125 0.1875
f 775/2317 776/2318 772/2319 771/2320
vt 0.318359375 0.15625
vt 0.31640625 0.15625
vt 0.31640625 0.1875
vt 0.318359375 0.1875
f 771/2321 772/2322 769/2323 770/2324
vt 0.322265625 0.15625
vt 0.3203125 0.15625
vt 0.3203125 0.1875
vt 0.322265625 0.1875
f 776/2325 775/2326 774/2327 773/2328
o gunModel97
v 19.65003 3.750001 -0.35
v 19.75003 3.750001 -0.35
v 19.75003 3.650001 -0.35
v 19.65003 3.650001 -0.35
v 19.65003 3.750001 -0.29
v 19.75003 3.750001 -0.29
v 19.75003 3.650001 -0.25
v 19.65003 3.650001 -0.25
vt 0.3359375 0.15625
vt 0.333984375 0.15625
vt 0.333984375 0.1875
vt 0.3359375 0.1875
f 783/2329 779/2330 778/2331 782/2332
vt 0.33203125 0.15625
vt 0.330078125 0.15625
vt 0.330078125 0.1875
vt 0.33203125 0.1875
f 780/2333 784/2334 781/2335 777/2336
vt 0.333984375 0.1875
vt 0.33203125 0.1875
vt 0.33203125 0.21875
vt 0.333984375 0.21875
f 778/2337 777/2338 781/2339 782/2340
vt 0.3359375 0.21875
vt 0.333984375 0.21875
vt 0.333984375 0.1875
vt 0.3359375 0.1875
f 783/2341 784/2342 780/2343 779/2344
vt 0.333984375 0.15625
vt 0.33203125 0.15625
vt 0.33203125 0.1875
vt 0.333984375 0.1875
f 779/2345 780/2346 777/2347 778/2348
vt 0.337890625 0.15625
vt 0.3359375 0.15625
vt 0.3359375 0.1875
vt 0.337890625 0.1875
f 784/2349 783/2350 782/2351 781/2352
o gunModel98
v 19.65003 3.750001 -0.06
v 19.75003 3.750001 -0.06
v 19.75003 3.650001 -0.1
v 19.65003 3.650001 -0.1
v 19.65003 3.750001 0
v 19.75003 3.750001 0
v 19.75003 3.650001 0
v 19.65003 3.650001 0
vt 0.3515625 0.15625
vt 0.349609375 0.15625
vt 0.349609375 0.1875
vt 0.3515625 0.1875
f 791/2353 787/2354 786/2355 790/2356
vt 0.34765625 0.15625
vt 0.345703125 0.15625
vt 0.345703125 0.1875
vt 0.34765625 0.1875
f 788/2357 792/2358 789/2359 785/2360
vt 0.349609375 0.1875
vt 0.34765625 0.1875
vt 0.34765625 0.21875
vt 0.349609375 0.21875
f 786/2361 785/2362 789/2363 790/2364
vt 0.3515625 0.21875
vt 0.349609375 0.21875
vt 0.349609375 0.1875
vt 0.3515625 0.1875
f 791/2365 792/2366 788/2367 787/2368
vt 0.349609375 0.15625
vt 0.34765625 0.15625
vt 0.34765625 0.1875
vt 0.349609375 0.1875
f 787/2369 788/2370 785/2371 786/2372
vt 0.353515625 0.15625
vt 0.3515625 0.15625
vt 0.3515625 0.1875
vt 0.353515625 0.1875
f 792/2373 791/2374 790/2375 789/2376
o gunModel99
v 19.65003 3.510001 -0.18
v 19.75003 3.510001 -0.18
v 19.75003 3.310001 -0.22
v 19.65003 3.310001 -0.22
v 19.65003 3.510001 -0.16
v 19.75003 3.510001 -0.16
v 19.75003 3.310001 -0.12
v 19.65003 3.310001 -0.12
vt 0.3671875 0.15625
vt 0.365234375 0.15625
vt 0.365234375 0.1875
vt 0.3671875 0.1875
f 799/2377 795/2378 794/2379 798/2380
vt 0.36328125 0.15625
vt 0.361328125 0.15625
vt 0.361328125 0.1875
vt 0.36328125 0.1875
f 796/2381 800/2382 797/2383 793/2384
vt 0.365234375 0.1875
vt 0.36328125 0.1875
vt 0.36328125 0.21875
vt 0.365234375 0.21875
f 794/2385 793/2386 797/2387 798/2388
vt 0.3671875 0.21875
vt 0.365234375 0.21875
vt 0.365234375 0.1875
vt 0.3671875 0.1875
f 799/2389 800/2390 796/2391 795/2392
vt 0.365234375 0.15625
vt 0.36328125 0.15625
vt 0.36328125 0.1875
vt 0.365234375 0.1875
f 795/2393 796/2394 793/2395 794/2396
vt 0.369140625 0.15625
vt 0.3671875 0.15625
vt 0.3671875 0.1875
vt 0.369140625 0.1875
f 800/2397 799/2398 798/2399 797/2400
o gunModel100
v 3.149999 3.6 -0.45
v 4.049999 3.6 -0.45
v 4.049999 2.8 -0.45
v 3.149999 2.8 -0.45
v 3.149999 3.6 0.15
v 4.049999 3.6 0.15
v 4.049999 2.8 0.15
v 3.149999 2.8 0.15
vt 0.3828125 0.15625
vt 0.380859375 0.15625
vt 0.380859375 0.1875
vt 0.3828125 0.1875
f 807/2401 803/2402 802/2403 806/2404
vt 0.37890625 0.15625
vt 0.376953125 0.15625
vt 0.376953125 0.1875
vt 0.37890625 0.1875
f 804/2405 808/2406 805/2407 801/2408
vt 0.380859375 0.1875
vt 0.37890625 0.1875
vt 0.37890625 0.21875
vt 0.380859375 0.21875
f 802/2409 801/2410 805/2411 806/2412
vt 0.3828125 0.21875
vt 0.380859375 0.21875
vt 0.380859375 0.1875
vt 0.3828125 0.1875
f 807/2413 808/2414 804/2415 803/2416
vt 0.380859375 0.15625
vt 0.37890625 0.15625
vt 0.37890625 0.1875
vt 0.380859375 0.1875
f 803/2417 804/2418 801/2419 802/2420
vt 0.384765625 0.15625
vt 0.3828125 0.15625
vt 0.3828125 0.1875
vt 0.384765625 0.1875
f 808/2421 807/2422 806/2423 805/2424
o gunModel101
v 3.249999 3.650001 -0.4
v 3.949999 3.650001 -0.4
v 3.949999 2.850001 -0.4
v 3.249999 2.850001 -0.4
v 3.249999 3.650001 0.1
v 3.949999 3.650001 0.1
v 3.949999 2.850001 0.1
v 3.249999 2.850001 0.1
vt 0.3984375 0.15625
vt 0.396484375 0.15625
vt 0.396484375 0.1875
vt 0.3984375 0.1875
f 815/2425 811/2426 810/2427 814/2428
vt 0.39453125 0.15625
vt 0.392578125 0.15625
vt 0.392578125 0.1875
vt 0.39453125 0.1875
f 812/2429 816/2430 813/2431 809/2432
vt 0.396484375 0.1875
vt 0.39453125 0.1875
vt 0.39453125 0.21875
vt 0.396484375 0.21875
f 810/2433 809/2434 813/2435 814/2436
vt 0.3984375 0.21875
vt 0.396484375 0.21875
vt 0.396484375 0.1875
vt 0.3984375 0.1875
f 815/2437 816/2438 812/2439 811/2440
vt 0.396484375 0.15625
vt 0.39453125 0.15625
vt 0.39453125 0.1875
vt 0.396484375 0.1875
f 811/2441 812/2442 809/2443 810/2444
vt 0.400390625 0.15625
vt 0.3984375 0.15625
vt 0.3984375 0.1875
vt 0.400390625 0.1875
f 816/2445 815/2446 814/2447 813/2448
o gunModel102
v 17.70003 2.650001 -0.5
v 17.90003 2.650001 -0.5
v 17.90003 2.250001 -1.05
v 17.70003 2.250001 -1.05
v 17.70003 2.650001 0.1
v 17.90003 2.650001 0.1
v 17.90003 2.250001 0.65
v 17.70003 2.250001 0.65
vt 0.41796875 0.125
vt 0.4140625 0.125
vt 0.4140625 0.15625
vt 0.41796875 0.15625
f 823/2449 819/2450 818/2451 822/2452
vt 0.412109375 0.125
vt 0.408203125 0.125
vt 0.408203125 0.15625
vt 0.412109375 0.15625
f 820/2453 824/2454 821/2455 817/2456
vt 0.4140625 0.15625
vt 0.412109375 0.15625
vt 0.412109375 0.21875
vt 0.4140625 0.21875
f 818/2457 817/2458 821/2459 822/2460
vt 0.416015625 0.21875
vt 0.4140625 0.21875
vt 0.4140625 0.15625
vt 0.416015625 0.15625
f 823/2461 824/2462 820/2463 819/2464
vt 0.4140625 0.125
vt 0.412109375 0.125
vt 0.412109375 0.15625
vt 0.4140625 0.15625
f 819/2465 820/2466 817/2467 818/2468
vt 0.419921875 0.125
vt 0.41796875 0.125
vt 0.41796875 0.15625
vt 0.419921875 0.15625
f 824/2469 823/2470 822/2471 821/2472
o gunModel103
v 17.70003 2.250001 -1.05
v 17.90003 2.250001 -1.05
v 17.90003 1.550001 -1.15
v 17.70003 1.550001 -1.15
v 17.70003 2.250001 0.65
v 17.90003 2.250001 0.65
v 17.90003 1.550001 0.75
v 17.70003 1.550001 0.75
vt 0.43359375 0.125
vt 0.4296875 0.125
vt 0.4296875 0.15625
vt 0.43359375 0.15625
f 831/2473 827/2474 826/2475 830/2476
vt 0.427734375 0.125
vt 0.423828125 0.125
vt 0.423828125 0.15625
vt 0.427734375 0.15625
f 828/2477 832/2478 829/2479 825/2480
vt 0.4296875 0.15625
vt 0.427734375 0.15625
vt 0.427734375 0.21875
vt 0.4296875 0.21875
f 826/2481 825/2482 829/2483 830/2484
vt 0.431640625 0.21875
vt 0.4296875 0.21875
vt 0.4296875 0.15625
vt 0.431640625 0.15625
f 831/2485 832/2486 828/2487 827/2488
vt 0.4296875 0.125
vt 0.427734375 0.125
vt 0.427734375 0.15625
vt 0.4296875 0.15625
f 827/2489 828/2490 825/2491 826/2492
vt 0.435546875 0.125
vt 0.43359375 0.125
vt 0.43359375 0.15625
vt 0.435546875 0.15625
f 832/2493 831/2494 830/2495 829/2496
o gunModel104
v 17.70003 1.55 -1.15
v 17.90003 1.55 -1.15
v 17.90003 1.05 -0.7500001
v 17.70003 1.05 -0.7500001
v 17.70003 1.55 0.7499999
v 17.90003 1.55 0.7499999
v 17.90003 1.05 0.3999999
v 17.70003 1.05 0.3999999
vt 0.44921875 0.125
vt 0.4453125 0.125
vt 0.4453125 0.15625
vt 0.44921875 0.15625
f 839/2497 835/2498 834/2499 838/2500
vt 0.443359375 0.125
vt 0.439453125 0.125
vt 0.439453125 0.15625
vt 0.443359375 0.15625
f 836/2501 840/2502 837/2503 833/2504
vt 0.4453125 0.15625
vt 0.443359375 0.15625
vt 0.443359375 0.21875
vt 0.4453125 0.21875
f 834/2505 833/2506 837/2507 838/2508
vt 0.447265625 0.21875
vt 0.4453125 0.21875
vt 0.4453125 0.15625
vt 0.447265625 0.15625
f 839/2509 840/2510 836/2511 835/2512
vt 0.4453125 0.125
vt 0.443359375 0.125
vt 0.443359375 0.15625
vt 0.4453125 0.15625
f 835/2513 836/2514 833/2515 834/2516
vt 0.451171875 0.125
vt 0.44921875 0.125
vt 0.44921875 0.15625
vt 0.451171875 0.15625
f 840/2517 839/2518 838/2519 837/2520
o gunModel105
v 17.70003 1.1 -0.75
v 17.90003 1.1 -0.75
v 17.90003 0.95 -0.35
v 17.70003 0.95 -0.35
v 17.70003 1.1 0.4
v 17.90003 1.1 0.4
v 17.90003 0.95 -0.05
v 17.70003 0.95 -0.05
vt 0.46484375 0.125
vt 0.4609375 0.125
vt 0.4609375 0.15625
vt 0.46484375 0.15625
f 847/2521 843/2522 842/2523 846/2524
vt 0.458984375 0.125
vt 0.455078125 0.125
vt 0.455078125 0.15625
vt 0.458984375 0.15625
f 844/2525 848/2526 845/2527 841/2528
vt 0.4609375 0.15625
vt 0.458984375 0.15625
vt 0.458984375 0.21875
vt 0.4609375 0.21875
f 842/2529 841/2530 845/2531 846/2532
vt 0.462890625 0.21875
vt 0.4609375 0.21875
vt 0.4609375 0.15625
vt 0.462890625 0.15625
f 847/2533 848/2534 844/2535 843/2536
vt 0.4609375 0.125
vt 0.458984375 0.125
vt 0.458984375 0.15625
vt 0.4609375 0.15625
f 843/2537 844/2538 841/2539 842/2540
vt 0.466796875 0.125
vt 0.46484375 0.125
vt 0.46484375 0.15625
vt 0.466796875 0.15625
f 848/2541 847/2542 846/2543 845/2544
o gunModel106
v -0.3000031 2.250001 -1.05
v -0.1000031 2.250001 -1.05
v -0.1000031 1.550001 -1.15
v -0.3000031 1.550001 -1.15
v -0.3000031 2.250001 0.65
v -0.1000031 2.250001 0.65
v -0.1000031 1.550001 0.75
v -0.3000031 1.550001 0.75
vt 0.48046875 0.125
vt 0.4765625 0.125
vt 0.4765625 0.15625
vt 0.48046875 0.15625
f 855/2545 851/2546 850/2547 854/2548
vt 0.474609375 0.125
vt 0.470703125 0.125
vt 0.470703125 0.15625
vt 0.474609375 0.15625
f 852/2549 856/2550 853/2551 849/2552
vt 0.4765625 0.15625
vt 0.474609375 0.15625
vt 0.474609375 0.21875
vt 0.4765625 0.21875
f 850/2553 849/2554 853/2555 854/2556
vt 0.478515625 0.21875
vt 0.4765625 0.21875
vt 0.4765625 0.15625
vt 0.478515625 0.15625
f 855/2557 856/2558 852/2559 851/2560
vt 0.4765625 0.125
vt 0.474609375 0.125
vt 0.474609375 0.15625
vt 0.4765625 0.15625
f 851/2561 852/2562 849/2563 850/2564
vt 0.482421875 0.125
vt 0.48046875 0.125
vt 0.48046875 0.15625
vt 0.482421875 0.15625
f 856/2565 855/2566 854/2567 853/2568
o gunModel107
v -0.3000031 2.650001 -0.5
v -0.1000031 2.650001 -0.5
v -0.1000031 2.250001 -1.05
v -0.3000031 2.250001 -1.05
v -0.3000031 2.650001 0.1
v -0.1000031 2.650001 0.1
v -0.1000031 2.250001 0.65
v -0.3000031 2.250001 0.65
vt 0.49609375 0.125
vt 0.4921875 0.125
vt 0.4921875 0.15625
vt 0.49609375 0.15625
f 863/2569 859/2570 858/2571 862/2572
vt 0.490234375 0.125
vt 0.486328125 0.125
vt 0.486328125 0.15625
vt 0.490234375 0.15625
f 860/2573 864/2574 861/2575 857/2576
vt 0.4921875 0.15625
vt 0.490234375 0.15625
vt 0.490234375 0.21875
vt 0.4921875 0.21875
f 858/2577 857/2578 861/2579 862/2580
vt 0.494140625 0.21875
vt 0.4921875 0.21875
vt 0.4921875 0.15625
vt 0.494140625 0.15625
f 863/2581 864/2582 860/2583 859/2584
vt 0.4921875 0.125
vt 0.490234375 0.125
vt 0.490234375 0.15625
vt 0.4921875 0.15625
f 859/2585 860/2586 857/2587 858/2588
vt 0.498046875 0.125
vt 0.49609375 0.125
vt 0.49609375 0.15625
vt 0.498046875 0.15625
f 864/2589 863/2590 862/2591 861/2592
o gunModel108
v -0.3000031 1.55 -1.15
v -0.1000031 1.55 -1.15
v -0.1000031 1.05 -0.7500001
v -0.3000031 1.05 -0.7500001
v -0.3000031 1.55 0.7499999
v -0.1000031 1.55 0.7499999
v -0.1000031 1.05 0.3999999
v -0.3000031 1.05 0.3999999
vt 0.51171875 0.125
vt 0.5078125 0.125
vt 0.5078125 0.15625
vt 0.51171875 0.15625
f 871/2593 867/2594 866/2595 870/2596
vt 0.505859375 0.125
vt 0.501953125 0.125
vt 0.501953125 0.15625
vt 0.505859375 0.15625
f 868/2597 872/2598 869/2599 865/2600
vt 0.5078125 0.15625
vt 0.505859375 0.15625
vt 0.505859375 0.21875
vt 0.5078125 0.21875
f 866/2601 865/2602 869/2603 870/2604
vt 0.509765625 0.21875
vt 0.5078125 0.21875
vt 0.5078125 0.15625
vt 0.509765625 0.15625
f 871/2605 872/2606 868/2607 867/2608
vt 0.5078125 0.125
vt 0.505859375 0.125
vt 0.505859375 0.15625
vt 0.5078125 0.15625
f 867/2609 868/2610 865/2611 866/2612
vt 0.513671875 0.125
vt 0.51171875 0.125
vt 0.51171875 0.15625
vt 0.513671875 0.15625
f 872/2613 871/2614 870/2615 869/2616
