# Converted from Decimation Beardie model: m1919a6.bmodel
# Coordinates retain the original Beardie model units.
mtllib m1919a6.mtl
usemtl m1919a6_material
o gunModel0
v 2.2 3.699997 -0.88
v 13.2 3.699997 -0.88
v 13.2 0.699997 -0.88
v 2.2 0.699997 -0.88
v 2.2 3.699997 0.58
v 13.2 3.699997 0.58
v 13.2 0.699997 0.58
v 2.2 0.699997 0.58
vt 0.02734375 0.921875
vt 0.025390625 0.921875
vt 0.025390625 0.96875
vt 0.02734375 0.96875
f 7/1 3/2 2/3 6/4
vt 0.00390625 0.921875
vt 0.001953125 0.921875
vt 0.001953125 0.96875
vt 0.00390625 0.96875
f 4/5 8/6 5/7 1/8
vt 0.025390625 0.96875
vt 0.00390625 0.96875
vt 0.00390625 0.984375
vt 0.025390625 0.984375
f 2/9 1/10 5/11 6/12
vt 0.046875 0.984375
vt 0.025390625 0.984375
vt 0.025390625 0.96875
vt 0.046875 0.96875
f 7/13 8/14 4/15 3/16
vt 0.025390625 0.921875
vt 0.00390625 0.921875
vt 0.00390625 0.96875
vt 0.025390625 0.96875
f 3/17 4/18 1/19 2/20
vt 0.048828125 0.921875
vt 0.02734375 0.921875
vt 0.02734375 0.96875
vt 0.048828125 0.96875
f 8/21 7/22 6/23 5/24
o gunModel1
v 2.2 1.249998 -0.95
v 7.7 1.249998 -0.95
v 7.7 0.649998 -0.95
v 2.2 0.649998 -0.95
v 2.2 1.249998 0.65
v 7.7 1.249998 0.65
v 7.7 0.649998 0.65
v 2.2 0.649998 0.65
vt 0.078125 0.953125
vt 0.076171875 0.953125
vt 0.076171875 0.96875
vt 0.078125 0.96875
f 15/25 11/26 10/27 14/28
vt 0.06640625 0.953125
vt 0.064453125 0.953125
vt 0.064453125 0.96875
vt 0.06640625 0.96875
f 12/29 16/30 13/31 9/32
vt 0.076171875 0.96875
vt 0.06640625 0.96875
vt 0.06640625 0.984375
vt 0.076171875 0.984375
f 10/33 9/34 13/35 14/36
vt 0.0859375 0.984375
vt 0.076171875 0.984375
vt 0.076171875 0.96875
vt 0.0859375 0.96875
f 15/37 16/38 12/39 11/40
vt 0.076171875 0.953125
vt 0.06640625 0.953125
vt 0.06640625 0.96875
vt 0.076171875 0.96875
f 11/41 12/42 9/43 10/44
vt 0.087890625 0.953125
vt 0.078125 0.953125
vt 0.078125 0.96875
vt 0.087890625 0.96875
f 16/45 15/46 14/47 13/48
o gunModel2
v 6.200001 3.749996 -0.95
v 11.95 3.749996 -0.95
v 11.95 3.349996 -0.95
v 6.300001 3.349996 -0.95
v 6.200001 3.749996 0.35
v 11.95 3.749996 0.35
v 11.95 3.349996 0.35
v 6.300001 3.349996 0.35
vt 0.109375 0.953125
vt 0.107421875 0.953125
vt 0.107421875 0.96875
vt 0.109375 0.96875
f 23/49 19/50 18/51 22/52
vt 0.09765625 0.953125
vt 0.095703125 0.953125
vt 0.095703125 0.96875
vt 0.09765625 0.96875
f 20/53 24/54 21/55 17/56
vt 0.107421875 0.96875
vt 0.09765625 0.96875
vt 0.09765625 0.984375
vt 0.107421875 0.984375
f 18/57 17/58 21/59 22/60
vt 0.1171875 0.984375
vt 0.107421875 0.984375
vt 0.107421875 0.96875
vt 0.1171875 0.96875
f 23/61 24/62 20/63 19/64
vt 0.107421875 0.953125
vt 0.09765625 0.953125
vt 0.09765625 0.96875
vt 0.107421875 0.96875
f 19/65 20/66 17/67 18/68
vt 0.119140625 0.953125
vt 0.109375 0.953125
vt 0.109375 0.96875
vt 0.119140625 0.96875
f 24/69 23/70 22/71 21/72
o gunModel3
v 10.2 3.749996 -0.65
v 10.85 3.749996 -0.65
v 10.85 3.349996 -0.65
v 10.3 3.349996 -0.65
v 10.2 3.749996 0.6
v 10.85 3.749996 0.75
v 10.85 3.349996 0.75
v 10.3 3.349996 0.6
vt 0.1328125 0.953125
vt 0.130859375 0.953125
vt 0.130859375 0.96875
vt 0.1328125 0.96875
f 31/73 27/74 26/75 30/76
vt 0.12890625 0.953125
vt 0.126953125 0.953125
vt 0.126953125 0.96875
vt 0.12890625 0.96875
f 28/77 32/78 29/79 25/80
vt 0.130859375 0.96875
vt 0.12890625 0.96875
vt 0.12890625 0.984375
vt 0.130859375 0.984375
f 26/81 25/82 29/83 30/84
vt 0.1328125 0.984375
vt 0.130859375 0.984375
vt 0.130859375 0.96875
vt 0.1328125 0.96875
f 31/85 32/86 28/87 27/88
vt 0.130859375 0.953125
vt 0.12890625 0.953125
vt 0.12890625 0.96875
vt 0.130859375 0.96875
f 27/89 28/90 25/91 26/92
vt 0.134765625 0.953125
vt 0.1328125 0.953125
vt 0.1328125 0.96875
vt 0.134765625 0.96875
f 32/93 31/94 30/95 29/96
o gunModel4
v 2.899999 3.749996 0.05
v 4.499999 3.749996 0.05
v 4.499999 3.149996 0.05
v 2.899999 3.149996 0.05
v 2.899999 3.749996 0.65
v 4.499999 3.749996 0.65
v 4.499999 3.149996 0.65
v 2.899999 3.149996 0.65
vt 0.1484375 0.953125
vt 0.146484375 0.953125
vt 0.146484375 0.96875
vt 0.1484375 0.96875
f 39/97 35/98 34/99 38/100
vt 0.14453125 0.953125
vt 0.142578125 0.953125
vt 0.142578125 0.96875
vt 0.14453125 0.96875
f 36/101 40/102 37/103 33/104
vt 0.146484375 0.96875
vt 0.14453125 0.96875
vt 0.14453125 0.984375
vt 0.146484375 0.984375
f 34/105 33/106 37/107 38/108
vt 0.1484375 0.984375
vt 0.146484375 0.984375
vt 0.146484375 0.96875
vt 0.1484375 0.96875
f 39/109 40/110 36/111 35/112
vt 0.146484375 0.953125
vt 0.14453125 0.953125
vt 0.14453125 0.96875
vt 0.146484375 0.96875
f 35/113 36/114 33/115 34/116
vt 0.150390625 0.953125
vt 0.1484375 0.953125
vt 0.1484375 0.96875
vt 0.150390625 0.96875
f 40/117 39/118 38/119 37/120
o gunModel5
v 2.899999 3.1 0.05
v 4.499999 3.1 0.05
v 3.899999 2.2 0.05
v 3.499999 2.2 0.05
v 2.899999 3.1 0.65
v 4.499999 3.1 0.65
v 3.899999 2.2 0.65
v 3.499999 2.2 0.65
vt 0.1640625 0.953125
vt 0.162109375 0.953125
vt 0.162109375 0.96875
vt 0.1640625 0.96875
f 47/121 43/122 42/123 46/124
vt 0.16015625 0.953125
vt 0.158203125 0.953125
vt 0.158203125 0.96875
vt 0.16015625 0.96875
f 44/125 48/126 45/127 41/128
vt 0.162109375 0.96875
vt 0.16015625 0.96875
vt 0.16015625 0.984375
vt 0.162109375 0.984375
f 42/129 41/130 45/131 46/132
vt 0.1640625 0.984375
vt 0.162109375 0.984375
vt 0.162109375 0.96875
vt 0.1640625 0.96875
f 47/133 48/134 44/135 43/136
vt 0.162109375 0.953125
vt 0.16015625 0.953125
vt 0.16015625 0.96875
vt 0.162109375 0.96875
f 43/137 44/138 41/139 42/140
vt 0.166015625 0.953125
vt 0.1640625 0.953125
vt 0.1640625 0.96875
vt 0.166015625 0.96875
f 48/141 47/142 46/143 45/144
o gunModel6
v 11.75 3.849996 -1.1
v 12.25 3.849996 -1.1
v 12.25 3.249996 -1.1
v 11.75 3.249996 -1.1
v 11.75 3.849996 -0.85
v 12.25 3.849996 -0.85
v 12.25 3.249996 -0.85
v 11.75 3.249996 -0.85
vt 0.1796875 0.953125
vt 0.177734375 0.953125
vt 0.177734375 0.96875
vt 0.1796875 0.96875
f 55/145 51/146 50/147 54/148
vt 0.17578125 0.953125
vt 0.173828125 0.953125
vt 0.173828125 0.96875
vt 0.17578125 0.96875
f 52/149 56/150 53/151 49/152
vt 0.177734375 0.96875
vt 0.17578125 0.96875
vt 0.17578125 0.984375
vt 0.177734375 0.984375
f 50/153 49/154 53/155 54/156
vt 0.1796875 0.984375
vt 0.177734375 0.984375
vt 0.177734375 0.96875
vt 0.1796875 0.96875
f 55/157 56/158 52/159 51/160
vt 0.177734375 0.953125
vt 0.17578125 0.953125
vt 0.17578125 0.96875
vt 0.177734375 0.96875
f 51/161 52/162 49/163 50/164
vt 0.181640625 0.953125
vt 0.1796875 0.953125
vt 0.1796875 0.96875
vt 0.181640625 0.96875
f 56/165 55/166 54/167 53/168
o gunModel7
v 12.25 3.849996 -1.1
v 12.55 3.749996 -1.1
v 12.55 3.349996 -1.1
v 12.25 3.249996 -1.1
v 12.25 3.849996 -0.85
v 12.55 3.749996 -0.85
v 12.55 3.349996 -0.85
v 12.25 3.249996 -0.85
vt 0.1953125 0.953125
vt 0.193359375 0.953125
vt 0.193359375 0.96875
vt 0.1953125 0.96875
f 63/169 59/170 58/171 62/172
vt 0.19140625 0.953125
vt 0.189453125 0.953125
vt 0.189453125 0.96875
vt 0.19140625 0.96875
f 60/173 64/174 61/175 57/176
vt 0.193359375 0.96875
vt 0.19140625 0.96875
vt 0.19140625 0.984375
vt 0.193359375 0.984375
f 58/177 57/178 61/179 62/180
vt 0.1953125 0.984375
vt 0.193359375 0.984375
vt 0.193359375 0.96875
vt 0.1953125 0.96875
f 63/181 64/182 60/183 59/184
vt 0.193359375 0.953125
vt 0.19140625 0.953125
vt 0.19140625 0.96875
vt 0.193359375 0.96875
f 59/185 60/186 57/187 58/188
vt 0.197265625 0.953125
vt 0.1953125 0.953125
vt 0.1953125 0.96875
vt 0.197265625 0.96875
f 64/189 63/190 62/191 61/192
o gunModel8
v 11.75 3.299996 -1.1
v 12.25 3.299996 -1.1
v 11.95 3.149996 -1.1
v 11.75 3.149996 -1.1
v 11.75 3.299996 0.5
v 12.15 3.299996 0.5
v 11.95 3.149996 0.5
v 11.75 3.149996 0.5
vt 0.2109375 0.953125
vt 0.208984375 0.953125
vt 0.208984375 0.96875
vt 0.2109375 0.96875
f 71/193 67/194 66/195 70/196
vt 0.20703125 0.953125
vt 0.205078125 0.953125
vt 0.205078125 0.96875
vt 0.20703125 0.96875
f 68/197 72/198 69/199 65/200
vt 0.208984375 0.96875
vt 0.20703125 0.96875
vt 0.20703125 0.984375
vt 0.208984375 0.984375
f 66/201 65/202 69/203 70/204
vt 0.2109375 0.984375
vt 0.208984375 0.984375
vt 0.208984375 0.96875
vt 0.2109375 0.96875
f 71/205 72/206 68/207 67/208
vt 0.208984375 0.953125
vt 0.20703125 0.953125
vt 0.20703125 0.96875
vt 0.208984375 0.96875
f 67/209 68/210 65/211 66/212
vt 0.212890625 0.953125
vt 0.2109375 0.953125
vt 0.2109375 0.96875
vt 0.212890625 0.96875
f 72/213 71/214 70/215 69/216
o gunModel9
v 11.75 3.399997 -1.1
v 11.95 3.399997 -1.1
v 11.95 2.999997 -1.1
v 11.75 2.999997 -1.1
v 11.75 3.399997 0.5
v 11.95 3.399997 0.5
v 11.95 2.999997 0.5
v 11.75 2.999997 0.5
vt 0.2265625 0.953125
vt 0.224609375 0.953125
vt 0.224609375 0.96875
vt 0.2265625 0.96875
f 79/217 75/218 74/219 78/220
vt 0.22265625 0.953125
vt 0.220703125 0.953125
vt 0.220703125 0.96875
vt 0.22265625 0.96875
f 76/221 80/222 77/223 73/224
vt 0.224609375 0.96875
vt 0.22265625 0.96875
vt 0.22265625 0.984375
vt 0.224609375 0.984375
f 74/225 73/226 77/227 78/228
vt 0.2265625 0.984375
vt 0.224609375 0.984375
vt 0.224609375 0.96875
vt 0.2265625 0.96875
f 79/229 80/230 76/231 75/232
vt 0.224609375 0.953125
vt 0.22265625 0.953125
vt 0.22265625 0.96875
vt 0.224609375 0.96875
f 75/233 76/234 73/235 74/236
vt 0.228515625 0.953125
vt 0.2265625 0.953125
vt 0.2265625 0.96875
vt 0.228515625 0.96875
f 80/237 79/238 78/239 77/240
o gunModel10
v 10.2 2.87 -0.65
v 12.42 2.87 -0.65
v 12.42 2.63 -0.65
v 10.2 2.63 -0.65
v 10.2 2.87 0.75
v 12.42 2.87 0.75
v 12.42 2.63 0.75
v 10.2 2.63 0.75
vt 0.244140625 0.953125
vt 0.2421875 0.953125
vt 0.2421875 0.96875
vt 0.244140625 0.96875
f 87/241 83/242 82/243 86/244
vt 0.23828125 0.953125
vt 0.236328125 0.953125
vt 0.236328125 0.96875
vt 0.23828125 0.96875
f 84/245 88/246 85/247 81/248
vt 0.2421875 0.96875
vt 0.23828125 0.96875
vt 0.23828125 0.984375
vt 0.2421875 0.984375
f 82/249 81/250 85/251 86/252
vt 0.24609375 0.984375
vt 0.2421875 0.984375
vt 0.2421875 0.96875
vt 0.24609375 0.96875
f 87/253 88/254 84/255 83/256
vt 0.2421875 0.953125
vt 0.23828125 0.953125
vt 0.23828125 0.96875
vt 0.2421875 0.96875
f 83/257 84/258 81/259 82/260
vt 0.248046875 0.953125
vt 0.244140625 0.953125
vt 0.244140625 0.96875
vt 0.248046875 0.96875
f 88/261 87/262 86/263 85/264
o gunModel11
v 6.300001 3.749996 0.35
v 11.95 3.749996 0.35
v 11.95 3.499996 0.35
v 6.400001 3.499996 0.35
v 6.300001 3.749996 0.6
v 11.95 3.749996 0.6
v 11.95 3.499996 0.6
v 6.400001 3.499996 0.6
vt 0.265625 0.953125
vt 0.263671875 0.953125
vt 0.263671875 0.96875
vt 0.265625 0.96875
f 95/265 91/266 90/267 94/268
vt 0.25390625 0.953125
vt 0.251953125 0.953125
vt 0.251953125 0.96875
vt 0.25390625 0.96875
f 92/269 96/270 93/271 89/272
vt 0.263671875 0.96875
vt 0.25390625 0.96875
vt 0.25390625 0.984375
vt 0.263671875 0.984375
f 90/273 89/274 93/275 94/276
vt 0.2734375 0.984375
vt 0.263671875 0.984375
vt 0.263671875 0.96875
vt 0.2734375 0.96875
f 95/277 96/278 92/279 91/280
vt 0.263671875 0.953125
vt 0.25390625 0.953125
vt 0.25390625 0.96875
vt 0.263671875 0.96875
f 91/281 92/282 89/283 90/284
vt 0.275390625 0.953125
vt 0.265625 0.953125
vt 0.265625 0.96875
vt 0.275390625 0.96875
f 96/285 95/286 94/287 93/288
o gunModel12
v 11.65 3.749996 -1.05
v 12.1 3.749996 -1.05
v 12.1 3.349996 -1.05
v 11.65 3.349996 -1.05
v 11.65 3.749996 0.75
v 12.1 3.749996 0.6
v 12.1 3.349996 0.6
v 11.65 3.349996 0.75
vt 0.2890625 0.953125
vt 0.287109375 0.953125
vt 0.287109375 0.96875
vt 0.2890625 0.96875
f 103/289 99/290 98/291 102/292
vt 0.28515625 0.953125
vt 0.283203125 0.953125
vt 0.283203125 0.96875
vt 0.28515625 0.96875
f 100/293 104/294 101/295 97/296
vt 0.287109375 0.96875
vt 0.28515625 0.96875
vt 0.28515625 0.984375
vt 0.287109375 0.984375
f 98/297 97/298 101/299 102/300
vt 0.2890625 0.984375
vt 0.287109375 0.984375
vt 0.287109375 0.96875
vt 0.2890625 0.96875
f 103/301 104/302 100/303 99/304
vt 0.287109375 0.953125
vt 0.28515625 0.953125
vt 0.28515625 0.96875
vt 0.287109375 0.96875
f 99/305 100/306 97/307 98/308
vt 0.291015625 0.953125
vt 0.2890625 0.953125
vt 0.2890625 0.96875
vt 0.291015625 0.96875
f 104/309 103/310 102/311 101/312
o gunModel13
v 10.85 3.749996 0.55
v 11.65 3.749996 0.55
v 11.65 3.499996 0.55
v 10.85 3.499996 0.55
v 10.85 3.749996 0.75
v 11.65 3.749996 0.75
v 11.65 3.499996 0.5
v 10.85 3.499996 0.5
vt 0.3046875 0.953125
vt 0.302734375 0.953125
vt 0.302734375 0.96875
vt 0.3046875 0.96875
f 111/313 107/314 106/315 110/316
vt 0.30078125 0.953125
vt 0.298828125 0.953125
vt 0.298828125 0.96875
vt 0.30078125 0.96875
f 108/317 112/318 109/319 105/320
vt 0.302734375 0.96875
vt 0.30078125 0.96875
vt 0.30078125 0.984375
vt 0.302734375 0.984375
f 106/321 105/322 109/323 110/324
vt 0.3046875 0.984375
vt 0.302734375 0.984375
vt 0.302734375 0.96875
vt 0.3046875 0.96875
f 111/325 112/326 108/327 107/328
vt 0.302734375 0.953125
vt 0.30078125 0.953125
vt 0.30078125 0.96875
vt 0.302734375 0.96875
f 107/329 108/330 105/331 106/332
vt 0.306640625 0.953125
vt 0.3046875 0.953125
vt 0.3046875 0.96875
vt 0.306640625 0.96875
f 112/333 111/334 110/335 109/336
o gunModel14
v 10.21 3.349998 -0.65
v 10.39 3.349998 -0.65
v 10.39 2.849998 -0.65
v 10.21 2.849998 -0.65
v 10.21 3.349998 0.75
v 10.39 3.349998 0.75
v 10.39 2.849998 0.75
v 10.21 2.849998 0.75
vt 0.3203125 0.953125
vt 0.318359375 0.953125
vt 0.318359375 0.96875
vt 0.3203125 0.96875
f 119/337 115/338 114/339 118/340
vt 0.31640625 0.953125
vt 0.314453125 0.953125
vt 0.314453125 0.96875
vt 0.31640625 0.96875
f 116/341 120/342 117/343 113/344
vt 0.318359375 0.96875
vt 0.31640625 0.96875
vt 0.31640625 0.984375
vt 0.318359375 0.984375
f 114/345 113/346 117/347 118/348
vt 0.3203125 0.984375
vt 0.318359375 0.984375
vt 0.318359375 0.96875
vt 0.3203125 0.96875
f 119/349 120/350 116/351 115/352
vt 0.318359375 0.953125
vt 0.31640625 0.953125
vt 0.31640625 0.96875
vt 0.318359375 0.96875
f 115/353 116/354 113/355 114/356
vt 0.322265625 0.953125
vt 0.3203125 0.953125
vt 0.3203125 0.96875
vt 0.322265625 0.96875
f 120/357 119/358 118/359 117/360
o gunModel15
v 12.23 3.349998 -0.65
v 12.41 3.349998 -0.65
v 12.41 2.749998 -0.65
v 12.23 2.749998 -0.65
v 12.23 3.349998 0.75
v 12.41 3.349998 0.75
v 12.41 2.749998 0.75
v 12.23 2.749998 0.75
vt 0.3359375 0.953125
vt 0.333984375 0.953125
vt 0.333984375 0.96875
vt 0.3359375 0.96875
f 127/361 123/362 122/363 126/364
vt 0.33203125 0.953125
vt 0.330078125 0.953125
vt 0.330078125 0.96875
vt 0.33203125 0.96875
f 124/365 128/366 125/367 121/368
vt 0.333984375 0.96875
vt 0.33203125 0.96875
vt 0.33203125 0.984375
vt 0.333984375 0.984375
f 122/369 121/370 125/371 126/372
vt 0.3359375 0.984375
vt 0.333984375 0.984375
vt 0.333984375 0.96875
vt 0.3359375 0.96875
f 127/373 128/374 124/375 123/376
vt 0.333984375 0.953125
vt 0.33203125 0.953125
vt 0.33203125 0.96875
vt 0.333984375 0.96875
f 123/377 124/378 121/379 122/380
vt 0.337890625 0.953125
vt 0.3359375 0.953125
vt 0.3359375 0.96875
vt 0.337890625 0.96875
f 128/381 127/382 126/383 125/384
o gunModel16
v 11.88 3.199998 -0.7
v 12.18 3.199998 -0.7
v 12.18 2.899998 -0.7
v 11.88 2.899998 -0.7
v 11.88 3.199998 0.7
v 12.18 3.199998 0.7
v 12.18 2.899998 0.7
v 11.88 2.899998 0.7
vt 0.3515625 0.953125
vt 0.349609375 0.953125
vt 0.349609375 0.96875
vt 0.3515625 0.96875
f 135/385 131/386 130/387 134/388
vt 0.34765625 0.953125
vt 0.345703125 0.953125
vt 0.345703125 0.96875
vt 0.34765625 0.96875
f 132/389 136/390 133/391 129/392
vt 0.349609375 0.96875
vt 0.34765625 0.96875
vt 0.34765625 0.984375
vt 0.349609375 0.984375
f 130/393 129/394 133/395 134/396
vt 0.3515625 0.984375
vt 0.349609375 0.984375
vt 0.349609375 0.96875
vt 0.3515625 0.96875
f 135/397 136/398 132/399 131/400
vt 0.349609375 0.953125
vt 0.34765625 0.953125
vt 0.34765625 0.96875
vt 0.349609375 0.96875
f 131/401 132/402 129/403 130/404
vt 0.353515625 0.953125
vt 0.3515625 0.953125
vt 0.3515625 0.96875
vt 0.353515625 0.96875
f 136/405 135/406 134/407 133/408
o gunModel17
v 11.7 3.649996 -1.15
v 11.9 3.649996 -1.15
v 11.9 3.449996 -1.15
v 11.7 3.449996 -1.15
v 11.7 3.649996 0.8
v 11.9 3.649996 0.7
v 11.9 3.449996 0.7
v 11.7 3.449996 0.8
vt 0.3671875 0.953125
vt 0.365234375 0.953125
vt 0.365234375 0.96875
vt 0.3671875 0.96875
f 143/409 139/410 138/411 142/412
vt 0.36328125 0.953125
vt 0.361328125 0.953125
vt 0.361328125 0.96875
vt 0.36328125 0.96875
f 140/413 144/414 141/415 137/416
vt 0.365234375 0.96875
vt 0.36328125 0.96875
vt 0.36328125 0.984375
vt 0.365234375 0.984375
f 138/417 137/418 141/419 142/420
vt 0.3671875 0.984375
vt 0.365234375 0.984375
vt 0.365234375 0.96875
vt 0.3671875 0.96875
f 143/421 144/422 140/423 139/424
vt 0.365234375 0.953125
vt 0.36328125 0.953125
vt 0.36328125 0.96875
vt 0.365234375 0.96875
f 139/425 140/426 137/427 138/428
vt 0.369140625 0.953125
vt 0.3671875 0.953125
vt 0.3671875 0.96875
vt 0.369140625 0.96875
f 144/429 143/430 142/431 141/432
o gunModel18
v 10.3 3.349998 -0.5
v 12.3 3.349998 -0.5
v 12.3 2.749998 -0.5
v 10.3 2.749998 -0.5
v 10.3 3.349998 0.6
v 12.3 3.349998 0.6
v 12.3 2.749998 0.6
v 10.3 2.749998 0.6
vt 0.384765625 0.953125
vt 0.3828125 0.953125
vt 0.3828125 0.96875
vt 0.384765625 0.96875
f 151/433 147/434 146/435 150/436
vt 0.37890625 0.953125
vt 0.376953125 0.953125
vt 0.376953125 0.96875
vt 0.37890625 0.96875
f 148/437 152/438 149/439 145/440
vt 0.3828125 0.96875
vt 0.37890625 0.96875
vt 0.37890625 0.984375
vt 0.3828125 0.984375
f 146/441 145/442 149/443 150/444
vt 0.38671875 0.984375
vt 0.3828125 0.984375
vt 0.3828125 0.96875
vt 0.38671875 0.96875
f 151/445 152/446 148/447 147/448
vt 0.3828125 0.953125
vt 0.37890625 0.953125
vt 0.37890625 0.96875
vt 0.3828125 0.96875
f 147/449 148/450 145/451 146/452
vt 0.388671875 0.953125
vt 0.384765625 0.953125
vt 0.384765625 0.96875
vt 0.388671875 0.96875
f 152/453 151/454 150/455 149/456
o gunModel19
v 11.15 3.129998 -0.67
v 11.45 3.129998 -0.67
v 11.45 2.829998 -0.67
v 11.15 2.829998 -0.67
v 11.15 3.129998 0.58
v 11.45 3.129998 0.58
v 11.45 2.829998 0.73
v 11.15 2.829998 0.73
vt 0.3984375 0.953125
vt 0.396484375 0.953125
vt 0.396484375 0.96875
vt 0.3984375 0.96875
f 159/457 155/458 154/459 158/460
vt 0.39453125 0.953125
vt 0.392578125 0.953125
vt 0.392578125 0.96875
vt 0.39453125 0.96875
f 156/461 160/462 157/463 153/464
vt 0.396484375 0.96875
vt 0.39453125 0.96875
vt 0.39453125 0.984375
vt 0.396484375 0.984375
f 154/465 153/466 157/467 158/468
vt 0.3984375 0.984375
vt 0.396484375 0.984375
vt 0.396484375 0.96875
vt 0.3984375 0.96875
f 159/469 160/470 156/471 155/472
vt 0.396484375 0.953125
vt 0.39453125 0.953125
vt 0.39453125 0.96875
vt 0.396484375 0.96875
f 155/473 156/474 153/475 154/476
vt 0.400390625 0.953125
vt 0.3984375 0.953125
vt 0.3984375 0.96875
vt 0.400390625 0.96875
f 160/477 159/478 158/479 157/480
o gunModel20
v -3.200001 3.1 -0.8
v 1.799999 3.1 -0.8
v 1.799999 1.95 -0.8
v -3.200001 1.9 -0.8
v -3.200001 3.1 0.5
v 1.799999 3.1 0.5
v 1.799999 1.95 0.5
v -3.200001 1.9 0.5
vt 0.421875 0.953125
vt 0.419921875 0.953125
vt 0.419921875 0.96875
vt 0.421875 0.96875
f 167/481 163/482 162/483 166/484
vt 0.41015625 0.953125
vt 0.408203125 0.953125
vt 0.408203125 0.96875
vt 0.41015625 0.96875
f 164/485 168/486 165/487 161/488
vt 0.419921875 0.96875
vt 0.41015625 0.96875
vt 0.41015625 0.984375
vt 0.419921875 0.984375
f 162/489 161/490 165/491 166/492
vt 0.4296875 0.984375
vt 0.419921875 0.984375
vt 0.419921875 0.96875
vt 0.4296875 0.96875
f 167/493 168/494 164/495 163/496
vt 0.419921875 0.953125
vt 0.41015625 0.953125
vt 0.41015625 0.96875
vt 0.419921875 0.96875
f 163/497 164/498 161/499 162/500
vt 0.431640625 0.953125
vt 0.421875 0.953125
vt 0.421875 0.96875
vt 0.431640625 0.96875
f 168/501 167/502 166/503 165/504
o gunModel21
v -7.999998 3.6 -0.8
v -3.199998 3.1 -0.8
v -3.199998 1.9 -0.8
v -7.999998 1.9 -0.8
v -7.999998 3.6 0.5
v -3.199998 3.1 0.5
v -3.199998 1.9 0.5
v -7.999998 1.9 0.5
vt 0.453125 0.953125
vt 0.451171875 0.953125
vt 0.451171875 0.96875
vt 0.453125 0.96875
f 175/505 171/506 170/507 174/508
vt 0.44140625 0.953125
vt 0.439453125 0.953125
vt 0.439453125 0.96875
vt 0.44140625 0.96875
f 172/509 176/510 173/511 169/512
vt 0.451171875 0.96875
vt 0.44140625 0.96875
vt 0.44140625 0.984375
vt 0.451171875 0.984375
f 170/513 169/514 173/515 174/516
vt 0.4609375 0.984375
vt 0.451171875 0.984375
vt 0.451171875 0.96875
vt 0.4609375 0.96875
f 175/517 176/518 172/519 171/520
vt 0.451171875 0.953125
vt 0.44140625 0.953125
vt 0.44140625 0.96875
vt 0.451171875 0.96875
f 171/521 172/522 169/523 170/524
vt 0.462890625 0.953125
vt 0.453125 0.953125
vt 0.453125 0.96875
vt 0.462890625 0.96875
f 176/525 175/526 174/527 173/528
o gunModel22
v -7.999998 1.899998 -0.8
v -2.699998 1.899998 -0.8
v -2.699998 1.699998 -0.8
v -7.499998 0.199998 -0.8
v -7.999998 1.899998 0.5
v -2.699998 1.899998 0.5
v -2.699998 1.699998 0.5
v -7.499998 0.199998 0.5
vt 0.484375 0.953125
vt 0.482421875 0.953125
vt 0.482421875 0.96875
vt 0.484375 0.96875
f 183/529 179/530 178/531 182/532
vt 0.47265625 0.953125
vt 0.470703125 0.953125
vt 0.470703125 0.96875
vt 0.47265625 0.96875
f 180/533 184/534 181/535 177/536
vt 0.482421875 0.96875
vt 0.47265625 0.96875
vt 0.47265625 0.984375
vt 0.482421875 0.984375
f 178/537 177/538 181/539 182/540
vt 0.4921875 0.984375
vt 0.482421875 0.984375
vt 0.482421875 0.96875
vt 0.4921875 0.96875
f 183/541 184/542 180/543 179/544
vt 0.482421875 0.953125
vt 0.47265625 0.953125
vt 0.47265625 0.96875
vt 0.482421875 0.96875
f 179/545 180/546 177/547 178/548
vt 0.494140625 0.953125
vt 0.484375 0.953125
vt 0.484375 0.96875
vt 0.494140625 0.96875
f 184/549 183/550 182/551 181/552
o gunModel23
v -7.499999 0.1999995 -0.8
v -5.299999 0.8999995 -0.8
v -6.499999 -0.8000005 -0.8
v -7.499999 -0.8000005 -0.8
v -7.499999 0.1999995 0.5
v -5.299999 0.8999995 0.5
v -6.499999 -0.8000005 0.5
v -7.499999 -0.8000005 0.5
vt 0.5078125 0.953125
vt 0.505859375 0.953125
vt 0.505859375 0.96875
vt 0.5078125 0.96875
f 191/553 187/554 186/555 190/556
vt 0.50390625 0.953125
vt 0.501953125 0.953125
vt 0.501953125 0.96875
vt 0.50390625 0.96875
f 188/557 192/558 189/559 185/560
vt 0.505859375 0.96875
vt 0.50390625 0.96875
vt 0.50390625 0.984375
vt 0.505859375 0.984375
f 186/561 185/562 189/563 190/564
vt 0.5078125 0.984375
vt 0.505859375 0.984375
vt 0.505859375 0.96875
vt 0.5078125 0.96875
f 191/565 192/566 188/567 187/568
vt 0.505859375 0.953125
vt 0.50390625 0.953125
vt 0.50390625 0.96875
vt 0.505859375 0.96875
f 187/569 188/570 185/571 186/572
vt 0.509765625 0.953125
vt 0.5078125 0.953125
vt 0.5078125 0.96875
vt 0.509765625 0.96875
f 192/573 191/574 190/575 189/576
o gunModel24
v -10.5 3.799998 -0.8
v -8 3.599998 -0.8
v -8 2.399998 -0.8
v -10.5 3.699998 -0.8
v -10.5 3.799998 0.5
v -8 3.599998 0.5
v -8 2.399998 0.5
v -10.5 3.699998 0.5
vt 0.52734375 0.953125
vt 0.525390625 0.953125
vt 0.525390625 0.96875
vt 0.52734375 0.96875
f 199/577 195/578 194/579 198/580
vt 0.51953125 0.953125
vt 0.517578125 0.953125
vt 0.517578125 0.96875
vt 0.51953125 0.96875
f 196/581 200/582 197/583 193/584
vt 0.525390625 0.96875
vt 0.51953125 0.96875
vt 0.51953125 0.984375
vt 0.525390625 0.984375
f 194/585 193/586 197/587 198/588
vt 0.53125 0.984375
vt 0.525390625 0.984375
vt 0.525390625 0.96875
vt 0.53125 0.96875
f 199/589 200/590 196/591 195/592
vt 0.525390625 0.953125
vt 0.51953125 0.953125
vt 0.51953125 0.96875
vt 0.525390625 0.96875
f 195/593 196/594 193/595 194/596
vt 0.533203125 0.953125
vt 0.52734375 0.953125
vt 0.52734375 0.96875
vt 0.533203125 0.96875
f 200/597 199/598 198/599 197/600
o gunModel25
v -11.2 3.799996 -0.8
v -10.5 3.799996 -0.8
v -10.2 3.599996 -0.8
v -11.1 3.599996 -0.8
v -11.2 3.799996 0.5
v -10.5 3.799996 0.5
v -10.2 3.599996 0.5
v -11.1 3.599996 0.5
vt 0.556640625 0.953125
vt 0.5546875 0.953125
vt 0.5546875 0.96875
vt 0.556640625 0.96875
f 207/601 203/602 202/603 206/604
vt 0.55078125 0.953125
vt 0.548828125 0.953125
vt 0.548828125 0.96875
vt 0.55078125 0.96875
f 204/605 208/606 205/607 201/608
vt 0.5546875 0.96875
vt 0.55078125 0.96875
vt 0.55078125 0.984375
vt 0.5546875 0.984375
f 202/609 201/610 205/611 206/612
vt 0.55859375 0.984375
vt 0.5546875 0.984375
vt 0.5546875 0.96875
vt 0.55859375 0.96875
f 207/613 208/614 204/615 203/616
vt 0.5546875 0.953125
vt 0.55078125 0.953125
vt 0.55078125 0.96875
vt 0.5546875 0.96875
f 203/617 204/618 201/619 202/620
vt 0.560546875 0.953125
vt 0.556640625 0.953125
vt 0.556640625 0.96875
vt 0.560546875 0.96875
f 208/621 207/622 206/623 205/624
o gunModel26
v -8.749998 2.769999 -0.8
v -7.999998 2.399999 -0.8
v -7.999998 1.899999 -0.8
v -8.599998 2.599999 -0.8
v -8.749998 2.769999 0.5
v -7.999998 2.399999 0.5
v -7.999998 1.899999 0.5
v -8.599998 2.599999 0.5
vt 0.5703125 0.953125
vt 0.568359375 0.953125
vt 0.568359375 0.96875
vt 0.5703125 0.96875
f 215/625 211/626 210/627 214/628
vt 0.56640625 0.953125
vt 0.564453125 0.953125
vt 0.564453125 0.96875
vt 0.56640625 0.96875
f 212/629 216/630 213/631 209/632
vt 0.568359375 0.96875
vt 0.56640625 0.96875
vt 0.56640625 0.984375
vt 0.568359375 0.984375
f 210/633 209/634 213/635 214/636
vt 0.5703125 0.984375
vt 0.568359375 0.984375
vt 0.568359375 0.96875
vt 0.5703125 0.96875
f 215/637 216/638 212/639 211/640
vt 0.568359375 0.953125
vt 0.56640625 0.953125
vt 0.56640625 0.96875
vt 0.568359375 0.96875
f 211/641 212/642 209/643 210/644
vt 0.572265625 0.953125
vt 0.5703125 0.953125
vt 0.5703125 0.96875
vt 0.572265625 0.96875
f 216/645 215/646 214/647 213/648
o gunModel27
v -2.700001 1.899998 -0.8
v -1.650001 1.899998 -0.8
v -1.650001 1.899998 -0.8
v -2.700001 1.699998 -0.8
v -2.700001 1.899998 0.5
v -1.650001 1.899998 0.5
v -1.650001 1.899998 0.5
v -2.700001 1.699998 0.5
vt 0.5859375 0.953125
vt 0.583984375 0.953125
vt 0.583984375 0.96875
vt 0.5859375 0.96875
f 223/649 219/650 218/651 222/652
vt 0.58203125 0.953125
vt 0.580078125 0.953125
vt 0.580078125 0.96875
vt 0.58203125 0.96875
f 220/653 224/654 221/655 217/656
vt 0.583984375 0.96875
vt 0.58203125 0.96875
vt 0.58203125 0.984375
vt 0.583984375 0.984375
f 218/657 217/658 221/659 222/660
vt 0.5859375 0.984375
vt 0.583984375 0.984375
vt 0.583984375 0.96875
vt 0.5859375 0.96875
f 223/661 224/662 220/663 219/664
vt 0.583984375 0.953125
vt 0.58203125 0.953125
vt 0.58203125 0.96875
vt 0.583984375 0.96875
f 219/665 220/666 217/667 218/668
vt 0.587890625 0.953125
vt 0.5859375 0.953125
vt 0.5859375 0.96875
vt 0.587890625 0.96875
f 224/669 223/670 222/671 221/672
o gunModel28
v -5.299999 0.8999995 -0.8
v -3.699999 1.399999 -0.8
v -4.899999 0.4499995 -0.8
v -6.499999 -0.8000005 -0.8
v -5.299999 0.8999995 0.5
v -3.699999 1.399999 0.5
v -4.899999 0.4499995 0.5
v -6.499999 -0.8000005 0.5
vt 0.6015625 0.953125
vt 0.599609375 0.953125
vt 0.599609375 0.96875
vt 0.6015625 0.96875
f 231/673 227/674 226/675 230/676
vt 0.59765625 0.953125
vt 0.595703125 0.953125
vt 0.595703125 0.96875
vt 0.59765625 0.96875
f 228/677 232/678 229/679 225/680
vt 0.599609375 0.96875
vt 0.59765625 0.96875
vt 0.59765625 0.984375
vt 0.599609375 0.984375
f 226/681 225/682 229/683 230/684
vt 0.6015625 0.984375
vt 0.599609375 0.984375
vt 0.599609375 0.96875
vt 0.6015625 0.96875
f 231/685 232/686 228/687 227/688
vt 0.599609375 0.953125
vt 0.59765625 0.953125
vt 0.59765625 0.96875
vt 0.599609375 0.96875
f 227/689 228/690 225/691 226/692
vt 0.603515625 0.953125
vt 0.6015625 0.953125
vt 0.6015625 0.96875
vt 0.603515625 0.96875
f 232/693 231/694 230/695 229/696
o gunModel29
v -8.099997 0.1999995 -0.9
v -7.499997 0.1999995 -0.9
v -7.499997 -0.8000005 -0.9
v -8.099997 -0.8000005 -0.9
v -8.099997 0.1999995 0.6
v -7.499997 0.1999995 0.6
v -7.499997 -0.8000005 0.6
v -8.099997 -0.8000005 0.6
vt 0.6171875 0.953125
vt 0.615234375 0.953125
vt 0.615234375 0.96875
vt 0.6171875 0.96875
f 239/697 235/698 234/699 238/700
vt 0.61328125 0.953125
vt 0.611328125 0.953125
vt 0.611328125 0.96875
vt 0.61328125 0.96875
f 236/701 240/702 237/703 233/704
vt 0.615234375 0.96875
vt 0.61328125 0.96875
vt 0.61328125 0.984375
vt 0.615234375 0.984375
f 234/705 233/706 237/707 238/708
vt 0.6171875 0.984375
vt 0.615234375 0.984375
vt 0.615234375 0.96875
vt 0.6171875 0.96875
f 239/709 240/710 236/711 235/712
vt 0.615234375 0.953125
vt 0.61328125 0.953125
vt 0.61328125 0.96875
vt 0.615234375 0.96875
f 235/713 236/714 233/715 234/716
vt 0.619140625 0.953125
vt 0.6171875 0.953125
vt 0.6171875 0.96875
vt 0.619140625 0.96875
f 240/717 239/718 238/719 237/720
o gunModel30
v -8.599997 1.899999 -0.9
v -7.999997 1.899999 -0.9
v -7.499997 0.199999 -0.9
v -8.099997 0.199999 -0.9
v -8.599997 1.899999 0.6
v -7.999997 1.899999 0.6
v -7.499997 0.199999 0.6
v -8.099997 0.199999 0.6
vt 0.6328125 0.9375
vt 0.630859375 0.9375
vt 0.630859375 0.96875
vt 0.6328125 0.96875
f 247/721 243/722 242/723 246/724
vt 0.62890625 0.9375
vt 0.626953125 0.9375
vt 0.626953125 0.96875
vt 0.62890625 0.96875
f 244/725 248/726 245/727 241/728
vt 0.630859375 0.96875
vt 0.62890625 0.96875
vt 0.62890625 0.984375
vt 0.630859375 0.984375
f 242/729 241/730 245/731 246/732
vt 0.6328125 0.984375
vt 0.630859375 0.984375
vt 0.630859375 0.96875
vt 0.6328125 0.96875
f 247/733 248/734 244/735 243/736
vt 0.630859375 0.9375
vt 0.62890625 0.9375
vt 0.62890625 0.96875
vt 0.630859375 0.96875
f 243/737 244/738 241/739 242/740
vt 0.634765625 0.9375
vt 0.6328125 0.9375
vt 0.6328125 0.96875
vt 0.634765625 0.96875
f 248/741 247/742 246/743 245/744
o gunModel31
v -9.299997 2.749999 -0.9
v -8.649997 2.749999 -0.9
v -7.999997 1.899999 -0.9
v -8.599997 1.899999 -0.9
v -9.299997 2.749999 0.6
v -8.649997 2.749999 0.6
v -7.999997 1.899999 0.6
v -8.599997 1.899999 0.6
vt 0.6484375 0.953125
vt 0.646484375 0.953125
vt 0.646484375 0.96875
vt 0.6484375 0.96875
f 255/745 251/746 250/747 254/748
vt 0.64453125 0.953125
vt 0.642578125 0.953125
vt 0.642578125 0.96875
vt 0.64453125 0.96875
f 252/749 256/750 253/751 249/752
vt 0.646484375 0.96875
vt 0.64453125 0.96875
vt 0.64453125 0.984375
vt 0.646484375 0.984375
f 250/753 249/754 253/755 254/756
vt 0.6484375 0.984375
vt 0.646484375 0.984375
vt 0.646484375 0.96875
vt 0.6484375 0.96875
f 255/757 256/758 252/759 251/760
vt 0.646484375 0.953125
vt 0.64453125 0.953125
vt 0.64453125 0.96875
vt 0.646484375 0.96875
f 251/761 252/762 249/763 250/764
vt 0.650390625 0.953125
vt 0.6484375 0.953125
vt 0.6484375 0.96875
vt 0.650390625 0.96875
f 256/765 255/766 254/767 253/768
o gunModel32
v -10.95 3.599997 -0.9
v -10.25 3.599997 -0.9
v -8.649998 2.749997 -0.9
v -9.299998 2.749997 -0.9
v -10.95 3.599997 0.6
v -10.25 3.599997 0.6
v -8.649998 2.749997 0.6
v -9.299998 2.749997 0.6
vt 0.6640625 0.953125
vt 0.662109375 0.953125
vt 0.662109375 0.96875
vt 0.6640625 0.96875
f 263/769 259/770 258/771 262/772
vt 0.66015625 0.953125
vt 0.658203125 0.953125
vt 0.658203125 0.96875
vt 0.66015625 0.96875
f 260/773 264/774 261/775 257/776
vt 0.662109375 0.96875
vt 0.66015625 0.96875
vt 0.66015625 0.984375
vt 0.662109375 0.984375
f 258/777 257/778 261/779 262/780
vt 0.6640625 0.984375
vt 0.662109375 0.984375
vt 0.662109375 0.96875
vt 0.6640625 0.96875
f 263/781 264/782 260/783 259/784
vt 0.662109375 0.953125
vt 0.66015625 0.953125
vt 0.66015625 0.96875
vt 0.662109375 0.96875
f 259/785 260/786 257/787 258/788
vt 0.666015625 0.953125
vt 0.6640625 0.953125
vt 0.6640625 0.96875
vt 0.666015625 0.96875
f 264/789 263/790 262/791 261/792
o gunModel33
v -11.8 3.849997 -0.9
v -11.15 3.849997 -0.9
v -10.6 3.399997 -0.9
v -11.6 3.399997 -0.9
v -11.8 3.849997 0.6
v -11.15 3.849997 0.6
v -10.6 3.399997 0.6
v -11.6 3.399997 0.6
vt 0.6796875 0.953125
vt 0.677734375 0.953125
vt 0.677734375 0.96875
vt 0.6796875 0.96875
f 271/793 267/794 266/795 270/796
vt 0.67578125 0.953125
vt 0.673828125 0.953125
vt 0.673828125 0.96875
vt 0.67578125 0.96875
f 268/797 272/798 269/799 265/800
vt 0.677734375 0.96875
vt 0.67578125 0.96875
vt 0.67578125 0.984375
vt 0.677734375 0.984375
f 266/801 265/802 269/803 270/804
vt 0.6796875 0.984375
vt 0.677734375 0.984375
vt 0.677734375 0.96875
vt 0.6796875 0.96875
f 271/805 272/806 268/807 267/808
vt 0.677734375 0.953125
vt 0.67578125 0.953125
vt 0.67578125 0.96875
vt 0.677734375 0.96875
f 267/809 268/810 265/811 266/812
vt 0.681640625 0.953125
vt 0.6796875 0.953125
vt 0.6796875 0.96875
vt 0.681640625 0.96875
f 272/813 271/814 270/815 269/816
o gunModel34
v -11.6 3.399997 -0.9
v -10.6 3.399997 -0.9
v -10.2 3.199997 -0.9
v -11.15 3.249997 -0.9
v -11.6 3.399997 0.6
v -10.6 3.399997 0.6
v -10.2 3.199997 0.6
v -11.15 3.249997 0.6
vt 0.6953125 0.953125
vt 0.693359375 0.953125
vt 0.693359375 0.96875
vt 0.6953125 0.96875
f 279/817 275/818 274/819 278/820
vt 0.69140625 0.953125
vt 0.689453125 0.953125
vt 0.689453125 0.96875
vt 0.69140625 0.96875
f 276/821 280/822 277/823 273/824
vt 0.693359375 0.96875
vt 0.69140625 0.96875
vt 0.69140625 0.984375
vt 0.693359375 0.984375
f 274/825 273/826 277/827 278/828
vt 0.6953125 0.984375
vt 0.693359375 0.984375
vt 0.693359375 0.96875
vt 0.6953125 0.96875
f 279/829 280/830 276/831 275/832
vt 0.693359375 0.953125
vt 0.69140625 0.953125
vt 0.69140625 0.96875
vt 0.693359375 0.96875
f 275/833 276/834 273/835 274/836
vt 0.697265625 0.953125
vt 0.6953125 0.953125
vt 0.6953125 0.96875
vt 0.697265625 0.96875
f 280/837 279/838 278/839 277/840
o gunModel35
v 1.8 3.12 -0.85
v 2.8 3.12 -0.85
v 2.8 1.92 -0.85
v 1.8 1.92 -0.85
v 1.8 3.12 0.55
v 2.8 3.12 0.55
v 2.8 1.92 0.55
v 1.8 1.92 0.55
vt 0.7109375 0.953125
vt 0.708984375 0.953125
vt 0.708984375 0.96875
vt 0.7109375 0.96875
f 287/841 283/842 282/843 286/844
vt 0.70703125 0.953125
vt 0.705078125 0.953125
vt 0.705078125 0.96875
vt 0.70703125 0.96875
f 284/845 288/846 285/847 281/848
vt 0.708984375 0.96875
vt 0.70703125 0.96875
vt 0.70703125 0.984375
vt 0.708984375 0.984375
f 282/849 281/850 285/851 286/852
vt 0.7109375 0.984375
vt 0.708984375 0.984375
vt 0.708984375 0.96875
vt 0.7109375 0.96875
f 287/853 288/854 284/855 283/856
vt 0.708984375 0.953125
vt 0.70703125 0.953125
vt 0.70703125 0.96875
vt 0.708984375 0.96875
f 283/857 284/858 281/859 282/860
vt 0.712890625 0.953125
vt 0.7109375 0.953125
vt 0.7109375 0.96875
vt 0.712890625 0.96875
f 288/861 287/862 286/863 285/864
o gunModel36
v 6.200001 2.8 -0.91
v 9.950001 2.8 -0.91
v 9.950001 2.4 -0.91
v 6.200001 2.4 -0.91
v 6.200001 2.8 0.39
v 9.950001 2.8 0.39
v 9.950001 2.4 0.39
v 6.200001 2.4 0.39
vt 0.73046875 0.953125
vt 0.728515625 0.953125
vt 0.728515625 0.96875
vt 0.73046875 0.96875
f 295/865 291/866 290/867 294/868
vt 0.72265625 0.953125
vt 0.720703125 0.953125
vt 0.720703125 0.96875
vt 0.72265625 0.96875
f 292/869 296/870 293/871 289/872
vt 0.728515625 0.96875
vt 0.72265625 0.96875
vt 0.72265625 0.984375
vt 0.728515625 0.984375
f 290/873 289/874 293/875 294/876
vt 0.734375 0.984375
vt 0.728515625 0.984375
vt 0.728515625 0.96875
vt 0.734375 0.96875
f 295/877 296/878 292/879 291/880
vt 0.728515625 0.953125
vt 0.72265625 0.953125
vt 0.72265625 0.96875
vt 0.728515625 0.96875
f 291/881 292/882 289/883 290/884
vt 0.736328125 0.953125
vt 0.73046875 0.953125
vt 0.73046875 0.96875
vt 0.736328125 0.96875
f 296/885 295/886 294/887 293/888
o gunModel37
v 9.350002 2.8 -1.5
v 9.850002 2.8 -1.5
v 9.850002 2.35 -1.5
v 9.350002 2.35 -1.5
v 9.500002 2.75 -0.7
v 9.700002 2.75 -0.7
v 9.700002 2.5 -0.7
v 9.500002 2.5 -0.7
vt 0.7578125 0.953125
vt 0.755859375 0.953125
vt 0.755859375 0.96875
vt 0.7578125 0.96875
f 303/889 299/890 298/891 302/892
vt 0.75390625 0.953125
vt 0.751953125 0.953125
vt 0.751953125 0.96875
vt 0.75390625 0.96875
f 300/893 304/894 301/895 297/896
vt 0.755859375 0.96875
vt 0.75390625 0.96875
vt 0.75390625 0.984375
vt 0.755859375 0.984375
f 298/897 297/898 301/899 302/900
vt 0.7578125 0.984375
vt 0.755859375 0.984375
vt 0.755859375 0.96875
vt 0.7578125 0.96875
f 303/901 304/902 300/903 299/904
vt 0.755859375 0.953125
vt 0.75390625 0.953125
vt 0.75390625 0.96875
vt 0.755859375 0.96875
f 299/905 300/906 297/907 298/908
vt 0.759765625 0.953125
vt 0.7578125 0.953125
vt 0.7578125 0.96875
vt 0.759765625 0.96875
f 304/909 303/910 302/911 301/912
o gunModel38
v 10.45 3.349998 -0.91
v 11.75 3.349998 -0.91
v 11.75 2.749998 -0.91
v 10.45 2.749998 -0.91
v 10.45 3.349998 0.39
v 11.75 3.349998 0.39
v 11.75 2.749998 0.39
v 10.45 2.749998 0.39
vt 0.7734375 0.953125
vt 0.771484375 0.953125
vt 0.771484375 0.96875
vt 0.7734375 0.96875
f 311/913 307/914 306/915 310/916
vt 0.76953125 0.953125
vt 0.767578125 0.953125
vt 0.767578125 0.96875
vt 0.76953125 0.96875
f 308/917 312/918 309/919 305/920
vt 0.771484375 0.96875
vt 0.76953125 0.96875
vt 0.76953125 0.984375
vt 0.771484375 0.984375
f 306/921 305/922 309/923 310/924
vt 0.7734375 0.984375
vt 0.771484375 0.984375
vt 0.771484375 0.96875
vt 0.7734375 0.96875
f 311/925 312/926 308/927 307/928
vt 0.771484375 0.953125
vt 0.76953125 0.953125
vt 0.76953125 0.96875
vt 0.771484375 0.96875
f 307/929 308/930 305/931 306/932
vt 0.775390625 0.953125
vt 0.7734375 0.953125
vt 0.7734375 0.96875
vt 0.775390625 0.96875
f 312/933 311/934 310/935 309/936
o gunModel39
v 2.599999 3.899997 -0.65
v 6.699999 3.899997 -0.65
v 6.699999 3.699997 -0.65
v 2.599999 3.699997 -0.65
v 2.599999 3.899997 0.35
v 6.699999 3.899997 0.35
v 6.699999 3.699997 0.35
v 2.599999 3.699997 0.35
vt 0.79296875 0.953125
vt 0.791015625 0.953125
vt 0.791015625 0.96875
vt 0.79296875 0.96875
f 319/937 315/938 314/939 318/940
vt 0.78515625 0.953125
vt 0.783203125 0.953125
vt 0.783203125 0.96875
vt 0.78515625 0.96875
f 316/941 320/942 317/943 313/944
vt 0.791015625 0.96875
vt 0.78515625 0.96875
vt 0.78515625 0.984375
vt 0.791015625 0.984375
f 314/945 313/946 317/947 318/948
vt 0.796875 0.984375
vt 0.791015625 0.984375
vt 0.791015625 0.96875
vt 0.796875 0.96875
f 319/949 320/950 316/951 315/952
vt 0.791015625 0.953125
vt 0.78515625 0.953125
vt 0.78515625 0.96875
vt 0.791015625 0.96875
f 315/953 316/954 313/955 314/956
vt 0.798828125 0.953125
vt 0.79296875 0.953125
vt 0.79296875 0.96875
vt 0.798828125 0.96875
f 320/957 319/958 318/959 317/960
o gunModel40
v 2.599999 4.299998 -0.45
v 6.149999 4.299998 -0.45
v 6.349999 3.899998 -0.65
v 2.599999 3.899998 -0.65
v 2.599999 4.299998 0.15
v 6.149999 4.299998 0.15
v 6.349999 3.899998 0.35
v 2.599999 3.899998 0.35
vt 0.822265625 0.953125
vt 0.8203125 0.953125
vt 0.8203125 0.96875
vt 0.822265625 0.96875
f 327/961 323/962 322/963 326/964
vt 0.81640625 0.953125
vt 0.814453125 0.953125
vt 0.814453125 0.96875
vt 0.81640625 0.96875
f 324/965 328/966 325/967 321/968
vt 0.8203125 0.96875
vt 0.81640625 0.96875
vt 0.81640625 0.984375
vt 0.8203125 0.984375
f 322/969 321/970 325/971 326/972
vt 0.82421875 0.984375
vt 0.8203125 0.984375
vt 0.8203125 0.96875
vt 0.82421875 0.96875
f 327/973 328/974 324/975 323/976
vt 0.8203125 0.953125
vt 0.81640625 0.953125
vt 0.81640625 0.96875
vt 0.8203125 0.96875
f 323/977 324/978 321/979 322/980
vt 0.826171875 0.953125
vt 0.822265625 0.953125
vt 0.822265625 0.96875
vt 0.826171875 0.96875
f 328/981 327/982 326/983 325/984
o gunModel41
v 6.300001 3.899997 -0.8
v 6.700001 3.899997 -0.8
v 6.700001 3.699997 -0.8
v 6.300001 3.699997 -0.8
v 6.300001 3.899997 0.5
v 6.700001 3.899997 0.5
v 6.700001 3.699997 0.5
v 6.300001 3.699997 0.5
vt 0.8359375 0.953125
vt 0.833984375 0.953125
vt 0.833984375 0.96875
vt 0.8359375 0.96875
f 335/985 331/986 330/987 334/988
vt 0.83203125 0.953125
vt 0.830078125 0.953125
vt 0.830078125 0.96875
vt 0.83203125 0.96875
f 332/989 336/990 333/991 329/992
vt 0.833984375 0.96875
vt 0.83203125 0.96875
vt 0.83203125 0.984375
vt 0.833984375 0.984375
f 330/993 329/994 333/995 334/996
vt 0.8359375 0.984375
vt 0.833984375 0.984375
vt 0.833984375 0.96875
vt 0.8359375 0.96875
f 335/997 336/998 332/999 331/1000
vt 0.833984375 0.953125
vt 0.83203125 0.953125
vt 0.83203125 0.96875
vt 0.833984375 0.96875
f 331/1001 332/1002 329/1003 330/1004
vt 0.837890625 0.953125
vt 0.8359375 0.953125
vt 0.8359375 0.96875
vt 0.837890625 0.96875
f 336/1005 335/1006 334/1007 333/1008
o gunModel42
v 9.100002 4.199997 -0.85
v 9.500002 4.199997 -0.85
v 9.500002 3.599997 -0.85
v 9.100002 3.599997 -0.85
v 9.100002 4.199997 -0.45
v 9.500002 4.199997 -0.45
v 9.500002 3.599997 -0.45
v 9.100002 3.599997 -0.45
vt 0.8515625 0.953125
vt 0.849609375 0.953125
vt 0.849609375 0.96875
vt 0.8515625 0.96875
f 343/1009 339/1010 338/1011 342/1012
vt 0.84765625 0.953125
vt 0.845703125 0.953125
vt 0.845703125 0.96875
vt 0.84765625 0.96875
f 340/1013 344/1014 341/1015 337/1016
vt 0.849609375 0.96875
vt 0.84765625 0.96875
vt 0.84765625 0.984375
vt 0.849609375 0.984375
f 338/1017 337/1018 341/1019 342/1020
vt 0.8515625 0.984375
vt 0.849609375 0.984375
vt 0.849609375 0.96875
vt 0.8515625 0.96875
f 343/1021 344/1022 340/1023 339/1024
vt 0.849609375 0.953125
vt 0.84765625 0.953125
vt 0.84765625 0.96875
vt 0.849609375 0.96875
f 339/1025 340/1026 337/1027 338/1028
vt 0.853515625 0.953125
vt 0.8515625 0.953125
vt 0.8515625 0.96875
vt 0.853515625 0.96875
f 344/1029 343/1030 342/1031 341/1032
o gunModel43
v 2.599999 4.399998 -0.65
v 4.499999 4.399998 -0.65
v 4.499999 4.299998 -0.65
v 2.599999 4.299998 -0.65
v 2.599999 4.399998 0.35
v 4.499999 4.399998 0.35
v 4.499999 4.299998 0.35
v 2.599999 4.299998 0.35
vt 0.8671875 0.953125
vt 0.865234375 0.953125
vt 0.865234375 0.96875
vt 0.8671875 0.96875
f 351/1033 347/1034 346/1035 350/1036
vt 0.86328125 0.953125
vt 0.861328125 0.953125
vt 0.861328125 0.96875
vt 0.86328125 0.96875
f 348/1037 352/1038 349/1039 345/1040
vt 0.865234375 0.96875
vt 0.86328125 0.96875
vt 0.86328125 0.984375
vt 0.865234375 0.984375
f 346/1041 345/1042 349/1043 350/1044
vt 0.8671875 0.984375
vt 0.865234375 0.984375
vt 0.865234375 0.96875
vt 0.8671875 0.96875
f 351/1045 352/1046 348/1047 347/1048
vt 0.865234375 0.953125
vt 0.86328125 0.953125
vt 0.86328125 0.96875
vt 0.865234375 0.96875
f 347/1049 348/1050 345/1051 346/1052
vt 0.869140625 0.953125
vt 0.8671875 0.953125
vt 0.8671875 0.96875
vt 0.869140625 0.96875
f 352/1053 351/1054 350/1055 349/1056
o gunModel44
v 2.599999 4.849998 0.25
v 4.499999 4.849998 0.25
v 4.499999 4.349998 0.25
v 2.599999 4.349998 0.25
v 2.599999 4.849998 0.35
v 4.499999 4.849998 0.35
v 4.499999 4.349998 0.35
v 2.599999 4.349998 0.35
vt 0.8828125 0.953125
vt 0.880859375 0.953125
vt 0.880859375 0.96875
vt 0.8828125 0.96875
f 359/1057 355/1058 354/1059 358/1060
vt 0.87890625 0.953125
vt 0.876953125 0.953125
vt 0.876953125 0.96875
vt 0.87890625 0.96875
f 356/1061 360/1062 357/1063 353/1064
vt 0.880859375 0.96875
vt 0.87890625 0.96875
vt 0.87890625 0.984375
vt 0.880859375 0.984375
f 354/1065 353/1066 357/1067 358/1068
vt 0.8828125 0.984375
vt 0.880859375 0.984375
vt 0.880859375 0.96875
vt 0.8828125 0.96875
f 359/1069 360/1070 356/1071 355/1072
vt 0.880859375 0.953125
vt 0.87890625 0.953125
vt 0.87890625 0.96875
vt 0.880859375 0.96875
f 355/1073 356/1074 353/1075 354/1076
vt 0.884765625 0.953125
vt 0.8828125 0.953125
vt 0.8828125 0.96875
vt 0.884765625 0.96875
f 360/1077 359/1078 358/1079 357/1080
o gunModel45
v 2.599999 4.849998 -0.65
v 4.499999 4.849998 -0.65
v 4.499999 4.349998 -0.65
v 2.599999 4.349998 -0.65
v 2.599999 4.849998 -0.55
v 4.499999 4.849998 -0.55
v 4.499999 4.349998 -0.55
v 2.599999 4.349998 -0.55
vt 0.8984375 0.953125
vt 0.896484375 0.953125
vt 0.896484375 0.96875
vt 0.8984375 0.96875
f 367/1081 363/1082 362/1083 366/1084
vt 0.89453125 0.953125
vt 0.892578125 0.953125
vt 0.892578125 0.96875
vt 0.89453125 0.96875
f 364/1085 368/1086 365/1087 361/1088
vt 0.896484375 0.96875
vt 0.89453125 0.96875
vt 0.89453125 0.984375
vt 0.896484375 0.984375
f 362/1089 361/1090 365/1091 366/1092
vt 0.8984375 0.984375
vt 0.896484375 0.984375
vt 0.896484375 0.96875
vt 0.8984375 0.96875
f 367/1093 368/1094 364/1095 363/1096
vt 0.896484375 0.953125
vt 0.89453125 0.953125
vt 0.89453125 0.96875
vt 0.896484375 0.96875
f 363/1097 364/1098 361/1099 362/1100
vt 0.900390625 0.953125
vt 0.8984375 0.953125
vt 0.8984375 0.96875
vt 0.900390625 0.96875
f 368/1101 367/1102 366/1103 365/1104
o gunModel46
v 2.4 4.149997 -0.35
v 4.95 4.149997 -0.35
v 5.15 3.699997 -0.35
v 2.4 3.699997 -0.35
v 2.4 4.149997 0.05
v 4.95 4.149997 0.05
v 5.15 3.699997 0.05
v 2.4 3.699997 0.05
vt 0.9140625 0.953125
vt 0.912109375 0.953125
vt 0.912109375 0.96875
vt 0.9140625 0.96875
f 375/1105 371/1106 370/1107 374/1108
vt 0.91015625 0.953125
vt 0.908203125 0.953125
vt 0.908203125 0.96875
vt 0.91015625 0.96875
f 372/1109 376/1110 373/1111 369/1112
vt 0.912109375 0.96875
vt 0.91015625 0.96875
vt 0.91015625 0.984375
vt 0.912109375 0.984375
f 370/1113 369/1114 373/1115 374/1116
vt 0.9140625 0.984375
vt 0.912109375 0.984375
vt 0.912109375 0.96875
vt 0.9140625 0.96875
f 375/1117 376/1118 372/1119 371/1120
vt 0.912109375 0.953125
vt 0.91015625 0.953125
vt 0.91015625 0.96875
vt 0.912109375 0.96875
f 371/1121 372/1122 369/1123 370/1124
vt 0.916015625 0.953125
vt 0.9140625 0.953125
vt 0.9140625 0.96875
vt 0.916015625 0.96875
f 376/1125 375/1126 374/1127 373/1128
o gunModel47
v 12.95 2.499999 -0.8
v 26.95 2.499999 -0.8
v 26.95 1.899999 -0.8
v 12.95 1.899999 -0.8
v 12.95 2.499999 0.5
v 26.95 2.499999 0.5
v 26.95 1.899999 0.5
v 12.95 1.899999 0.5
vt 0.955078125 0.953125
vt 0.953125 0.953125
vt 0.953125 0.96875
vt 0.955078125 0.96875
f 383/1129 379/1130 378/1131 382/1132
vt 0.92578125 0.953125
vt 0.923828125 0.953125
vt 0.923828125 0.96875
vt 0.92578125 0.96875
f 380/1133 384/1134 381/1135 377/1136
vt 0.953125 0.96875
vt 0.92578125 0.96875
vt 0.92578125 0.984375
vt 0.953125 0.984375
f 378/1137 377/1138 381/1139 382/1140
vt 0.98046875 0.984375
vt 0.953125 0.984375
vt 0.953125 0.96875
vt 0.98046875 0.96875
f 383/1141 384/1142 380/1143 379/1144
vt 0.953125 0.953125
vt 0.92578125 0.953125
vt 0.92578125 0.96875
vt 0.953125 0.96875
f 379/1145 380/1146 377/1147 378/1148
vt 0.982421875 0.953125
vt 0.955078125 0.953125
vt 0.955078125 0.96875
vt 0.982421875 0.96875
f 384/1149 383/1150 382/1151 381/1152
o gunModel48
v 12.95 1.899999 -0.8
v 26.95 1.899999 -0.8
v 26.95 1.449999 -0.4
v 12.95 1.449999 -0.4
v 12.95 1.899999 0.5
v 26.95 1.899999 0.5
v 26.95 1.449999 0.1
v 12.95 1.449999 0.1
vt 0.033203125 0.828125
vt 0.03125 0.828125
vt 0.03125 0.84375
vt 0.033203125 0.84375
f 391/1153 387/1154 386/1155 390/1156
vt 0.00390625 0.828125
vt 0.001953125 0.828125
vt 0.001953125 0.84375
vt 0.00390625 0.84375
f 388/1157 392/1158 389/1159 385/1160
vt 0.03125 0.84375
vt 0.00390625 0.84375
vt 0.00390625 0.859375
vt 0.03125 0.859375
f 386/1161 385/1162 389/1163 390/1164
vt 0.05859375 0.859375
vt 0.03125 0.859375
vt 0.03125 0.84375
vt 0.05859375 0.84375
f 391/1165 392/1166 388/1167 387/1168
vt 0.03125 0.828125
vt 0.00390625 0.828125
vt 0.00390625 0.84375
vt 0.03125 0.84375
f 387/1169 388/1170 385/1171 386/1172
vt 0.060546875 0.828125
vt 0.033203125 0.828125
vt 0.033203125 0.84375
vt 0.060546875 0.84375
f 392/1173 391/1174 390/1175 389/1176
o gunModel49
v 26.39999 3 -0.4
v 27.79999 3 -0.4
v 27.79999 2.5 -0.9
v 26.39999 2.5 -0.9
v 26.39999 3 0.1
v 27.79999 3 0.1
v 27.79999 2.5 0.6
v 26.39999 2.5 0.6
vt 0.9921875 0.953125
vt 0.990234375 0.953125
vt 0.990234375 0.96875
vt 0.9921875 0.96875
f 399/1177 395/1178 394/1179 398/1180
vt 0.98828125 0.953125
vt 0.986328125 0.953125
vt 0.986328125 0.96875
vt 0.98828125 0.96875
f 396/1181 400/1182 397/1183 393/1184
vt 0.990234375 0.96875
vt 0.98828125 0.96875
vt 0.98828125 0.984375
vt 0.990234375 0.984375
f 394/1185 393/1186 397/1187 398/1188
vt 0.9921875 0.984375
vt 0.990234375 0.984375
vt 0.990234375 0.96875
vt 0.9921875 0.96875
f 399/1189 400/1190 396/1191 395/1192
vt 0.990234375 0.953125
vt 0.98828125 0.953125
vt 0.98828125 0.96875
vt 0.990234375 0.96875
f 395/1193 396/1194 393/1195 394/1196
vt 0.994140625 0.953125
vt 0.9921875 0.953125
vt 0.9921875 0.96875
vt 0.994140625 0.96875
f 400/1197 399/1198 398/1199 397/1200
o gunModel50
v 26.39999 1.899999 -0.9
v 27.79999 1.899999 -0.9
v 27.79999 1.399999 -0.4
v 26.39999 1.399999 -0.4
v 26.39999 1.899999 0.6
v 27.79999 1.899999 0.6
v 27.79999 1.399999 0.1
v 26.39999 1.399999 0.1
vt 0.0703125 0.828125
vt 0.068359375 0.828125
vt 0.068359375 0.84375
vt 0.0703125 0.84375
f 407/1201 403/1202 402/1203 406/1204
vt 0.06640625 0.828125
vt 0.064453125 0.828125
vt 0.064453125 0.84375
vt 0.06640625 0.84375
f 404/1205 408/1206 405/1207 401/1208
vt 0.068359375 0.84375
vt 0.06640625 0.84375
vt 0.06640625 0.859375
vt 0.068359375 0.859375
f 402/1209 401/1210 405/1211 406/1212
vt 0.0703125 0.859375
vt 0.068359375 0.859375
vt 0.068359375 0.84375
vt 0.0703125 0.84375
f 407/1213 408/1214 404/1215 403/1216
vt 0.068359375 0.828125
vt 0.06640625 0.828125
vt 0.06640625 0.84375
vt 0.068359375 0.84375
f 403/1217 404/1218 401/1219 402/1220
vt 0.072265625 0.828125
vt 0.0703125 0.828125
vt 0.0703125 0.84375
vt 0.072265625 0.84375
f 408/1221 407/1222 406/1223 405/1224
o gunModel51
v 26.39999 2.499999 -0.9
v 27.79999 2.499999 -0.9
v 27.79999 1.899999 -0.9
v 26.39999 1.899999 -0.9
v 26.39999 2.499999 0.6
v 27.79999 2.499999 0.6
v 27.79999 1.899999 0.6
v 26.39999 1.899999 0.6
vt 0.0859375 0.828125
vt 0.083984375 0.828125
vt 0.083984375 0.84375
vt 0.0859375 0.84375
f 415/1225 411/1226 410/1227 414/1228
vt 0.08203125 0.828125
vt 0.080078125 0.828125
vt 0.080078125 0.84375
vt 0.08203125 0.84375
f 412/1229 416/1230 413/1231 409/1232
vt 0.083984375 0.84375
vt 0.08203125 0.84375
vt 0.08203125 0.859375
vt 0.083984375 0.859375
f 410/1233 409/1234 413/1235 414/1236
vt 0.0859375 0.859375
vt 0.083984375 0.859375
vt 0.083984375 0.84375
vt 0.0859375 0.84375
f 415/1237 416/1238 412/1239 411/1240
vt 0.083984375 0.828125
vt 0.08203125 0.828125
vt 0.08203125 0.84375
vt 0.083984375 0.84375
f 411/1241 412/1242 409/1243 410/1244
vt 0.087890625 0.828125
vt 0.0859375 0.828125
vt 0.0859375 0.84375
vt 0.087890625 0.84375
f 416/1245 415/1246 414/1247 413/1248
o gunModel52
v 26.8 2.85 -0.35
v 28.8 2.85 -0.35
v 28.8 2.5 -0.75
v 26.8 2.5 -0.75
v 26.8 2.85 0.05
v 28.8 2.85 0.05
v 28.8 2.5 0.45
v 26.8 2.5 0.45
vt 0.103515625 0.828125
vt 0.1015625 0.828125
vt 0.1015625 0.84375
vt 0.103515625 0.84375
f 423/1249 419/1250 418/1251 422/1252
vt 0.09765625 0.828125
vt 0.095703125 0.828125
vt 0.095703125 0.84375
vt 0.09765625 0.84375
f 420/1253 424/1254 421/1255 417/1256
vt 0.1015625 0.84375
vt 0.09765625 0.84375
vt 0.09765625 0.859375
vt 0.1015625 0.859375
f 418/1257 417/1258 421/1259 422/1260
vt 0.10546875 0.859375
vt 0.1015625 0.859375
vt 0.1015625 0.84375
vt 0.10546875 0.84375
f 423/1261 424/1262 420/1263 419/1264
vt 0.1015625 0.828125
vt 0.09765625 0.828125
vt 0.09765625 0.84375
vt 0.1015625 0.84375
f 419/1265 420/1266 417/1267 418/1268
vt 0.107421875 0.828125
vt 0.103515625 0.828125
vt 0.103515625 0.84375
vt 0.107421875 0.84375
f 424/1269 423/1270 422/1271 421/1272
o gunModel53
v 26.8 1.899999 -0.75
v 28.8 1.899999 -0.75
v 28.8 1.549999 -0.35
v 26.8 1.549999 -0.35
v 26.8 1.899999 0.45
v 28.8 1.899999 0.45
v 28.8 1.549999 0.05
v 26.8 1.549999 0.05
vt 0.119140625 0.828125
vt 0.1171875 0.828125
vt 0.1171875 0.84375
vt 0.119140625 0.84375
f 431/1273 427/1274 426/1275 430/1276
vt 0.11328125 0.828125
vt 0.111328125 0.828125
vt 0.111328125 0.84375
vt 0.11328125 0.84375
f 428/1277 432/1278 429/1279 425/1280
vt 0.1171875 0.84375
vt 0.11328125 0.84375
vt 0.11328125 0.859375
vt 0.1171875 0.859375
f 426/1281 425/1282 429/1283 430/1284
vt 0.12109375 0.859375
vt 0.1171875 0.859375
vt 0.1171875 0.84375
vt 0.12109375 0.84375
f 431/1285 432/1286 428/1287 427/1288
vt 0.1171875 0.828125
vt 0.11328125 0.828125
vt 0.11328125 0.84375
vt 0.1171875 0.84375
f 427/1289 428/1290 425/1291 426/1292
vt 0.123046875 0.828125
vt 0.119140625 0.828125
vt 0.119140625 0.84375
vt 0.123046875 0.84375
f 432/1293 431/1294 430/1295 429/1296
o gunModel54
v 27.39999 2.499999 -0.75
v 28.79999 2.499999 -0.75
v 28.79999 1.899999 -0.75
v 27.39999 1.899999 -0.75
v 27.39999 2.499999 0.45
v 28.79999 2.499999 0.45
v 28.79999 1.899999 0.45
v 27.39999 1.899999 0.45
vt 0.1328125 0.828125
vt 0.130859375 0.828125
vt 0.130859375 0.84375
vt 0.1328125 0.84375
f 439/1297 435/1298 434/1299 438/1300
vt 0.12890625 0.828125
vt 0.126953125 0.828125
vt 0.126953125 0.84375
vt 0.12890625 0.84375
f 436/1301 440/1302 437/1303 433/1304
vt 0.130859375 0.84375
vt 0.12890625 0.84375
vt 0.12890625 0.859375
vt 0.130859375 0.859375
f 434/1305 433/1306 437/1307 438/1308
vt 0.1328125 0.859375
vt 0.130859375 0.859375
vt 0.130859375 0.84375
vt 0.1328125 0.84375
f 439/1309 440/1310 436/1311 435/1312
vt 0.130859375 0.828125
vt 0.12890625 0.828125
vt 0.12890625 0.84375
vt 0.130859375 0.84375
f 435/1313 436/1314 433/1315 434/1316
vt 0.134765625 0.828125
vt 0.1328125 0.828125
vt 0.1328125 0.84375
vt 0.134765625 0.84375
f 440/1317 439/1318 438/1319 437/1320
o gunModel55
v 17.04999 3 -0.4
v 17.14999 3 -0.4
v 17.14999 2.5 -0.9
v 17.04999 2.5 -0.9
v 17.04999 3 0.1
v 17.14999 3 0.1
v 17.14999 2.5 0.6
v 17.04999 2.5 0.6
vt 0.1484375 0.828125
vt 0.146484375 0.828125
vt 0.146484375 0.84375
vt 0.1484375 0.84375
f 447/1321 443/1322 442/1323 446/1324
vt 0.14453125 0.828125
vt 0.142578125 0.828125
vt 0.142578125 0.84375
vt 0.14453125 0.84375
f 444/1325 448/1326 445/1327 441/1328
vt 0.146484375 0.84375
vt 0.14453125 0.84375
vt 0.14453125 0.859375
vt 0.146484375 0.859375
f 442/1329 441/1330 445/1331 446/1332
vt 0.1484375 0.859375
vt 0.146484375 0.859375
vt 0.146484375 0.84375
vt 0.1484375 0.84375
f 447/1333 448/1334 444/1335 443/1336
vt 0.146484375 0.828125
vt 0.14453125 0.828125
vt 0.14453125 0.84375
vt 0.146484375 0.84375
f 443/1337 444/1338 441/1339 442/1340
vt 0.150390625 0.828125
vt 0.1484375 0.828125
vt 0.1484375 0.84375
vt 0.150390625 0.84375
f 448/1341 447/1342 446/1343 445/1344
o gunModel56
v 17.04999 2.499999 -0.9
v 17.14999 2.499999 -0.9
v 17.14999 1.899999 -0.9
v 17.04999 1.899999 -0.9
v 17.04999 2.499999 0.6
v 17.14999 2.499999 0.6
v 17.14999 1.899999 0.6
v 17.04999 1.899999 0.6
vt 0.1640625 0.828125
vt 0.162109375 0.828125
vt 0.162109375 0.84375
vt 0.1640625 0.84375
f 455/1345 451/1346 450/1347 454/1348
vt 0.16015625 0.828125
vt 0.158203125 0.828125
vt 0.158203125 0.84375
vt 0.16015625 0.84375
f 452/1349 456/1350 453/1351 449/1352
vt 0.162109375 0.84375
vt 0.16015625 0.84375
vt 0.16015625 0.859375
vt 0.162109375 0.859375
f 450/1353 449/1354 453/1355 454/1356
vt 0.1640625 0.859375
vt 0.162109375 0.859375
vt 0.162109375 0.84375
vt 0.1640625 0.84375
f 455/1357 456/1358 452/1359 451/1360
vt 0.162109375 0.828125
vt 0.16015625 0.828125
vt 0.16015625 0.84375
vt 0.162109375 0.84375
f 451/1361 452/1362 449/1363 450/1364
vt 0.166015625 0.828125
vt 0.1640625 0.828125
vt 0.1640625 0.84375
vt 0.166015625 0.84375
f 456/1365 455/1366 454/1367 453/1368
o gunModel57
v 12.95 2.95 -0.4
v 26.95 2.95 -0.4
v 26.95 2.5 -0.8
v 12.95 2.5 -0.8
v 12.95 2.95 0.1
v 26.95 2.95 0.1
v 26.95 2.5 0.5
v 12.95 2.5 0.5
vt 0.205078125 0.828125
vt 0.203125 0.828125
vt 0.203125 0.84375
vt 0.205078125 0.84375
f 463/1369 459/1370 458/1371 462/1372
vt 0.17578125 0.828125
vt 0.173828125 0.828125
vt 0.173828125 0.84375
vt 0.17578125 0.84375
f 460/1373 464/1374 461/1375 457/1376
vt 0.203125 0.84375
vt 0.17578125 0.84375
vt 0.17578125 0.859375
vt 0.203125 0.859375
f 458/1377 457/1378 461/1379 462/1380
vt 0.23046875 0.859375
vt 0.203125 0.859375
vt 0.203125 0.84375
vt 0.23046875 0.84375
f 463/1381 464/1382 460/1383 459/1384
vt 0.203125 0.828125
vt 0.17578125 0.828125
vt 0.17578125 0.84375
vt 0.203125 0.84375
f 459/1385 460/1386 457/1387 458/1388
vt 0.232421875 0.828125
vt 0.205078125 0.828125
vt 0.205078125 0.84375
vt 0.232421875 0.84375
f 464/1389 463/1390 462/1391 461/1392
o gunModel58
v 17.04999 1.899999 -0.9
v 17.14999 1.899999 -0.9
v 17.14999 1.399999 -0.4
v 17.04999 1.399999 -0.4
v 17.04999 1.899999 0.6
v 17.14999 1.899999 0.6
v 17.14999 1.399999 0.1
v 17.04999 1.399999 0.1
vt 0.2421875 0.828125
vt 0.240234375 0.828125
vt 0.240234375 0.84375
vt 0.2421875 0.84375
f 471/1393 467/1394 466/1395 470/1396
vt 0.23828125 0.828125
vt 0.236328125 0.828125
vt 0.236328125 0.84375
vt 0.23828125 0.84375
f 468/1397 472/1398 469/1399 465/1400
vt 0.240234375 0.84375
vt 0.23828125 0.84375
vt 0.23828125 0.859375
vt 0.240234375 0.859375
f 466/1401 465/1402 469/1403 470/1404
vt 0.2421875 0.859375
vt 0.240234375 0.859375
vt 0.240234375 0.84375
vt 0.2421875 0.84375
f 471/1405 472/1406 468/1407 467/1408
vt 0.240234375 0.828125
vt 0.23828125 0.828125
vt 0.23828125 0.84375
vt 0.240234375 0.84375
f 467/1409 468/1410 465/1411 466/1412
vt 0.244140625 0.828125
vt 0.2421875 0.828125
vt 0.2421875 0.84375
vt 0.244140625 0.84375
f 472/1413 471/1414 470/1415 469/1416
o gunModel59
v 13.85 3 -0.4
v 13.95 3 -0.4
v 13.95 2.5 -0.9
v 13.85 2.5 -0.9
v 13.85 3 0.1
v 13.95 3 0.1
v 13.95 2.5 0.6
v 13.85 2.5 0.6
vt 0.2578125 0.828125
vt 0.255859375 0.828125
vt 0.255859375 0.84375
vt 0.2578125 0.84375
f 479/1417 475/1418 474/1419 478/1420
vt 0.25390625 0.828125
vt 0.251953125 0.828125
vt 0.251953125 0.84375
vt 0.25390625 0.84375
f 476/1421 480/1422 477/1423 473/1424
vt 0.255859375 0.84375
vt 0.25390625 0.84375
vt 0.25390625 0.859375
vt 0.255859375 0.859375
f 474/1425 473/1426 477/1427 478/1428
vt 0.2578125 0.859375
vt 0.255859375 0.859375
vt 0.255859375 0.84375
vt 0.2578125 0.84375
f 479/1429 480/1430 476/1431 475/1432
vt 0.255859375 0.828125
vt 0.25390625 0.828125
vt 0.25390625 0.84375
vt 0.255859375 0.84375
f 475/1433 476/1434 473/1435 474/1436
vt 0.259765625 0.828125
vt 0.2578125 0.828125
vt 0.2578125 0.84375
vt 0.259765625 0.84375
f 480/1437 479/1438 478/1439 477/1440
o gunModel60
v 13.85 2.499999 -0.9
v 13.95 2.499999 -0.9
v 13.95 1.899999 -0.9
v 13.85 1.899999 -0.9
v 13.85 2.499999 0.6
v 13.95 2.499999 0.6
v 13.95 1.899999 0.6
v 13.85 1.899999 0.6
vt 0.2734375 0.828125
vt 0.271484375 0.828125
vt 0.271484375 0.84375
vt 0.2734375 0.84375
f 487/1441 483/1442 482/1443 486/1444
vt 0.26953125 0.828125
vt 0.267578125 0.828125
vt 0.267578125 0.84375
vt 0.26953125 0.84375
f 484/1445 488/1446 485/1447 481/1448
vt 0.271484375 0.84375
vt 0.26953125 0.84375
vt 0.26953125 0.859375
vt 0.271484375 0.859375
f 482/1449 481/1450 485/1451 486/1452
vt 0.2734375 0.859375
vt 0.271484375 0.859375
vt 0.271484375 0.84375
vt 0.2734375 0.84375
f 487/1453 488/1454 484/1455 483/1456
vt 0.271484375 0.828125
vt 0.26953125 0.828125
vt 0.26953125 0.84375
vt 0.271484375 0.84375
f 483/1457 484/1458 481/1459 482/1460
vt 0.275390625 0.828125
vt 0.2734375 0.828125
vt 0.2734375 0.84375
vt 0.275390625 0.84375
f 488/1461 487/1462 486/1463 485/1464
o gunModel61
v 13.85 1.899999 -0.9
v 13.95 1.899999 -0.9
v 13.95 1.399999 -0.4
v 13.85 1.399999 -0.4
v 13.85 1.899999 0.6
v 13.95 1.899999 0.6
v 13.95 1.399999 0.1
v 13.85 1.399999 0.1
vt 0.2890625 0.828125
vt 0.287109375 0.828125
vt 0.287109375 0.84375
vt 0.2890625 0.84375
f 495/1465 491/1466 490/1467 494/1468
vt 0.28515625 0.828125
vt 0.283203125 0.828125
vt 0.283203125 0.84375
vt 0.28515625 0.84375
f 492/1469 496/1470 493/1471 489/1472
vt 0.287109375 0.84375
vt 0.28515625 0.84375
vt 0.28515625 0.859375
vt 0.287109375 0.859375
f 490/1473 489/1474 493/1475 494/1476
vt 0.2890625 0.859375
vt 0.287109375 0.859375
vt 0.287109375 0.84375
vt 0.2890625 0.84375
f 495/1477 496/1478 492/1479 491/1480
vt 0.287109375 0.828125
vt 0.28515625 0.828125
vt 0.28515625 0.84375
vt 0.287109375 0.84375
f 491/1481 492/1482 489/1483 490/1484
vt 0.291015625 0.828125
vt 0.2890625 0.828125
vt 0.2890625 0.84375
vt 0.291015625 0.84375
f 496/1485 495/1486 494/1487 493/1488
o gunModel62
v 13.85 2.499999 0.1
v 13.95 2.499999 0.1
v 13.95 1.899999 0.1
v 13.85 1.899999 0.1
v 13.85 2.299999 2.6
v 13.95 2.299999 2.6
v 13.95 2.099999 2.6
v 13.85 2.099999 2.6
vt 0.30859375 0.8125
vt 0.3046875 0.8125
vt 0.3046875 0.828125
vt 0.30859375 0.828125
f 503/1489 499/1490 498/1491 502/1492
vt 0.302734375 0.8125
vt 0.298828125 0.8125
vt 0.298828125 0.828125
vt 0.302734375 0.828125
f 500/1493 504/1494 501/1495 497/1496
vt 0.3046875 0.828125
vt 0.302734375 0.828125
vt 0.302734375 0.859375
vt 0.3046875 0.859375
f 498/1497 497/1498 501/1499 502/1500
vt 0.306640625 0.859375
vt 0.3046875 0.859375
vt 0.3046875 0.828125
vt 0.306640625 0.828125
f 503/1501 504/1502 500/1503 499/1504
vt 0.3046875 0.8125
vt 0.302734375 0.8125
vt 0.302734375 0.828125
vt 0.3046875 0.828125
f 499/1505 500/1506 497/1507 498/1508
vt 0.310546875 0.8125
vt 0.30859375 0.8125
vt 0.30859375 0.828125
vt 0.310546875 0.828125
f 504/1509 503/1510 502/1511 501/1512
o gunModel63
v 17.04999 2.499999 0.1
v 17.14999 2.499999 0.1
v 17.14999 1.899999 0.1
v 17.04999 1.899999 0.1
v 17.04999 2.299999 2.6
v 17.14999 2.299999 2.6
v 17.14999 2.099999 2.6
v 17.04999 2.099999 2.6
vt 0.32421875 0.8125
vt 0.3203125 0.8125
vt 0.3203125 0.828125
vt 0.32421875 0.828125
f 511/1513 507/1514 506/1515 510/1516
vt 0.318359375 0.8125
vt 0.314453125 0.8125
vt 0.314453125 0.828125
vt 0.318359375 0.828125
f 508/1517 512/1518 509/1519 505/1520
vt 0.3203125 0.828125
vt 0.318359375 0.828125
vt 0.318359375 0.859375
vt 0.3203125 0.859375
f 506/1521 505/1522 509/1523 510/1524
vt 0.322265625 0.859375
vt 0.3203125 0.859375
vt 0.3203125 0.828125
vt 0.322265625 0.828125
f 511/1525 512/1526 508/1527 507/1528
vt 0.3203125 0.8125
vt 0.318359375 0.8125
vt 0.318359375 0.828125
vt 0.3203125 0.828125
f 507/1529 508/1530 505/1531 506/1532
vt 0.326171875 0.8125
vt 0.32421875 0.8125
vt 0.32421875 0.828125
vt 0.326171875 0.828125
f 512/1533 511/1534 510/1535 509/1536
o gunModel64
v 13.95 2.349999 1.95
v 14.95 2.349999 1.85
v 14.95 2.049999 1.85
v 13.95 2.049999 1.95
v 13.95 2.349999 2.55
v 14.95 2.349999 2.65
v 14.95 2.049999 2.65
v 13.95 2.049999 2.55
vt 0.3359375 0.828125
vt 0.333984375 0.828125
vt 0.333984375 0.84375
vt 0.3359375 0.84375
f 519/1537 515/1538 514/1539 518/1540
vt 0.33203125 0.828125
vt 0.330078125 0.828125
vt 0.330078125 0.84375
vt 0.33203125 0.84375
f 516/1541 520/1542 517/1543 513/1544
vt 0.333984375 0.84375
vt 0.33203125 0.84375
vt 0.33203125 0.859375
vt 0.333984375 0.859375
f 514/1545 513/1546 517/1547 518/1548
vt 0.3359375 0.859375
vt 0.333984375 0.859375
vt 0.333984375 0.84375
vt 0.3359375 0.84375
f 519/1549 520/1550 516/1551 515/1552
vt 0.333984375 0.828125
vt 0.33203125 0.828125
vt 0.33203125 0.84375
vt 0.333984375 0.84375
f 515/1553 516/1554 513/1555 514/1556
vt 0.337890625 0.828125
vt 0.3359375 0.828125
vt 0.3359375 0.84375
vt 0.337890625 0.84375
f 520/1557 519/1558 518/1559 517/1560
o gunModel65
v 16.05 2.349999 1.85
v 17.05 2.349999 1.95
v 17.05 2.049999 1.95
v 16.05 2.049999 1.85
v 16.05 2.349999 2.65
v 17.05 2.349999 2.55
v 17.05 2.049999 2.55
v 16.05 2.049999 2.65
vt 0.3515625 0.828125
vt 0.349609375 0.828125
vt 0.349609375 0.84375
vt 0.3515625 0.84375
f 527/1561 523/1562 522/1563 526/1564
vt 0.34765625 0.828125
vt 0.345703125 0.828125
vt 0.345703125 0.84375
vt 0.34765625 0.84375
f 524/1565 528/1566 525/1567 521/1568
vt 0.349609375 0.84375
vt 0.34765625 0.84375
vt 0.34765625 0.859375
vt 0.349609375 0.859375
f 522/1569 521/1570 525/1571 526/1572
vt 0.3515625 0.859375
vt 0.349609375 0.859375
vt 0.349609375 0.84375
vt 0.3515625 0.84375
f 527/1573 528/1574 524/1575 523/1576
vt 0.349609375 0.828125
vt 0.34765625 0.828125
vt 0.34765625 0.84375
vt 0.349609375 0.84375
f 523/1577 524/1578 521/1579 522/1580
vt 0.353515625 0.828125
vt 0.3515625 0.828125
vt 0.3515625 0.84375
vt 0.353515625 0.84375
f 528/1581 527/1582 526/1583 525/1584
o gunModel66
v 14.95 2.349999 1.85
v 16.05 2.349999 1.85
v 16.05 2.049999 1.85
v 14.95 2.049999 1.85
v 14.95 2.349999 2.65
v 16.05 2.349999 2.65
v 16.05 2.049999 2.65
v 14.95 2.049999 2.65
vt 0.3671875 0.828125
vt 0.365234375 0.828125
vt 0.365234375 0.84375
vt 0.3671875 0.84375
f 535/1585 531/1586 530/1587 534/1588
vt 0.36328125 0.828125
vt 0.361328125 0.828125
vt 0.361328125 0.84375
vt 0.36328125 0.84375
f 532/1589 536/1590 533/1591 529/1592
vt 0.365234375 0.84375
vt 0.36328125 0.84375
vt 0.36328125 0.859375
vt 0.365234375 0.859375
f 530/1593 529/1594 533/1595 534/1596
vt 0.3671875 0.859375
vt 0.365234375 0.859375
vt 0.365234375 0.84375
vt 0.3671875 0.84375
f 535/1597 536/1598 532/1599 531/1600
vt 0.365234375 0.828125
vt 0.36328125 0.828125
vt 0.36328125 0.84375
vt 0.365234375 0.84375
f 531/1601 532/1602 529/1603 530/1604
vt 0.369140625 0.828125
vt 0.3671875 0.828125
vt 0.3671875 0.84375
vt 0.369140625 0.84375
f 536/1605 535/1606 534/1607 533/1608
o gunModel67
v 14.95 2.65 2.05
v 16.05 2.65 2.05
v 16.05 2.35 1.85
v 14.95 2.35 1.85
v 14.95 2.65 2.45
v 16.05 2.65 2.45
v 16.05 2.35 2.65
v 14.95 2.35 2.65
vt 0.3828125 0.828125
vt 0.380859375 0.828125
vt 0.380859375 0.84375
vt 0.3828125 0.84375
f 543/1609 539/1610 538/1611 542/1612
vt 0.37890625 0.828125
vt 0.376953125 0.828125
vt 0.376953125 0.84375
vt 0.37890625 0.84375
f 540/1613 544/1614 541/1615 537/1616
vt 0.380859375 0.84375
vt 0.37890625 0.84375
vt 0.37890625 0.859375
vt 0.380859375 0.859375
f 538/1617 537/1618 541/1619 542/1620
vt 0.3828125 0.859375
vt 0.380859375 0.859375
vt 0.380859375 0.84375
vt 0.3828125 0.84375
f 543/1621 544/1622 540/1623 539/1624
vt 0.380859375 0.828125
vt 0.37890625 0.828125
vt 0.37890625 0.84375
vt 0.380859375 0.84375
f 539/1625 540/1626 537/1627 538/1628
vt 0.384765625 0.828125
vt 0.3828125 0.828125
vt 0.3828125 0.84375
vt 0.384765625 0.84375
f 544/1629 543/1630 542/1631 541/1632
o gunModel68
v 14.95 2.049999 1.85
v 16.05 2.049999 1.85
v 16.05 1.749999 2.05
v 14.95 1.749999 2.05
v 14.95 2.049999 2.65
v 16.05 2.049999 2.65
v 16.05 1.749999 2.45
v 14.95 1.749999 2.45
vt 0.3984375 0.828125
vt 0.396484375 0.828125
vt 0.396484375 0.84375
vt 0.3984375 0.84375
f 551/1633 547/1634 546/1635 550/1636
vt 0.39453125 0.828125
vt 0.392578125 0.828125
vt 0.392578125 0.84375
vt 0.39453125 0.84375
f 548/1637 552/1638 549/1639 545/1640
vt 0.396484375 0.84375
vt 0.39453125 0.84375
vt 0.39453125 0.859375
vt 0.396484375 0.859375
f 546/1641 545/1642 549/1643 550/1644
vt 0.3984375 0.859375
vt 0.396484375 0.859375
vt 0.396484375 0.84375
vt 0.3984375 0.84375
f 551/1645 552/1646 548/1647 547/1648
vt 0.396484375 0.828125
vt 0.39453125 0.828125
vt 0.39453125 0.84375
vt 0.396484375 0.84375
f 547/1649 548/1650 545/1651 546/1652
vt 0.400390625 0.828125
vt 0.3984375 0.828125
vt 0.3984375 0.84375
vt 0.400390625 0.84375
f 552/1653 551/1654 550/1655 549/1656
o gunModel69
v 16.05 2.65 2.05
v 17.05 2.5 2.15
v 17.05 2.35 1.95
v 16.05 2.35 1.85
v 16.05 2.65 2.45
v 17.05 2.5 2.35
v 17.05 2.35 2.55
v 16.05 2.35 2.65
vt 0.4140625 0.828125
vt 0.412109375 0.828125
vt 0.412109375 0.84375
vt 0.4140625 0.84375
f 559/1657 555/1658 554/1659 558/1660
vt 0.41015625 0.828125
vt 0.408203125 0.828125
vt 0.408203125 0.84375
vt 0.41015625 0.84375
f 556/1661 560/1662 557/1663 553/1664
vt 0.412109375 0.84375
vt 0.41015625 0.84375
vt 0.41015625 0.859375
vt 0.412109375 0.859375
f 554/1665 553/1666 557/1667 558/1668
vt 0.4140625 0.859375
vt 0.412109375 0.859375
vt 0.412109375 0.84375
vt 0.4140625 0.84375
f 559/1669 560/1670 556/1671 555/1672
vt 0.412109375 0.828125
vt 0.41015625 0.828125
vt 0.41015625 0.84375
vt 0.412109375 0.84375
f 555/1673 556/1674 553/1675 554/1676
vt 0.416015625 0.828125
vt 0.4140625 0.828125
vt 0.4140625 0.84375
vt 0.416015625 0.84375
f 560/1677 559/1678 558/1679 557/1680
o gunModel70
v 16.05 2.049999 1.85
v 17.05 2.049999 1.95
v 17.05 1.899999 2.15
v 16.05 1.749999 2.05
v 16.05 2.049999 2.65
v 17.05 2.049999 2.55
v 17.05 1.899999 2.35
v 16.05 1.749999 2.45
vt 0.4296875 0.828125
vt 0.427734375 0.828125
vt 0.427734375 0.84375
vt 0.4296875 0.84375
f 567/1681 563/1682 562/1683 566/1684
vt 0.42578125 0.828125
vt 0.423828125 0.828125
vt 0.423828125 0.84375
vt 0.42578125 0.84375
f 564/1685 568/1686 565/1687 561/1688
vt 0.427734375 0.84375
vt 0.42578125 0.84375
vt 0.42578125 0.859375
vt 0.427734375 0.859375
f 562/1689 561/1690 565/1691 566/1692
vt 0.4296875 0.859375
vt 0.427734375 0.859375
vt 0.427734375 0.84375
vt 0.4296875 0.84375
f 567/1693 568/1694 564/1695 563/1696
vt 0.427734375 0.828125
vt 0.42578125 0.828125
vt 0.42578125 0.84375
vt 0.427734375 0.84375
f 563/1697 564/1698 561/1699 562/1700
vt 0.431640625 0.828125
vt 0.4296875 0.828125
vt 0.4296875 0.84375
vt 0.431640625 0.84375
f 568/1701 567/1702 566/1703 565/1704
o gunModel71
v 13.95 2.5 2.15
v 14.95 2.65 2.05
v 14.95 2.35 1.85
v 13.95 2.35 1.95
v 13.95 2.5 2.35
v 14.95 2.65 2.45
v 14.95 2.35 2.65
v 13.95 2.35 2.55
vt 0.4453125 0.828125
vt 0.443359375 0.828125
vt 0.443359375 0.84375
vt 0.4453125 0.84375
f 575/1705 571/1706 570/1707 574/1708
vt 0.44140625 0.828125
vt 0.439453125 0.828125
vt 0.439453125 0.84375
vt 0.44140625 0.84375
f 572/1709 576/1710 573/1711 569/1712
vt 0.443359375 0.84375
vt 0.44140625 0.84375
vt 0.44140625 0.859375
vt 0.443359375 0.859375
f 570/1713 569/1714 573/1715 574/1716
vt 0.4453125 0.859375
vt 0.443359375 0.859375
vt 0.443359375 0.84375
vt 0.4453125 0.84375
f 575/1717 576/1718 572/1719 571/1720
vt 0.443359375 0.828125
vt 0.44140625 0.828125
vt 0.44140625 0.84375
vt 0.443359375 0.84375
f 571/1721 572/1722 569/1723 570/1724
vt 0.447265625 0.828125
vt 0.4453125 0.828125
vt 0.4453125 0.84375
vt 0.447265625 0.84375
f 576/1725 575/1726 574/1727 573/1728
o gunModel72
v 13.95 2.049999 1.95
v 14.95 2.049999 1.85
v 14.95 1.749999 2.05
v 13.95 1.899999 2.15
v 13.95 2.049999 2.55
v 14.95 2.049999 2.65
v 14.95 1.749999 2.45
v 13.95 1.899999 2.35
vt 0.4609375 0.828125
vt 0.458984375 0.828125
vt 0.458984375 0.84375
vt 0.4609375 0.84375
f 583/1729 579/1730 578/1731 582/1732
vt 0.45703125 0.828125
vt 0.455078125 0.828125
vt 0.455078125 0.84375
vt 0.45703125 0.84375
f 580/1733 584/1734 581/1735 577/1736
vt 0.458984375 0.84375
vt 0.45703125 0.84375
vt 0.45703125 0.859375
vt 0.458984375 0.859375
f 578/1737 577/1738 581/1739 582/1740
vt 0.4609375 0.859375
vt 0.458984375 0.859375
vt 0.458984375 0.84375
vt 0.4609375 0.84375
f 583/1741 584/1742 580/1743 579/1744
vt 0.458984375 0.828125
vt 0.45703125 0.828125
vt 0.45703125 0.84375
vt 0.458984375 0.84375
f 579/1745 580/1746 577/1747 578/1748
vt 0.462890625 0.828125
vt 0.4609375 0.828125
vt 0.4609375 0.84375
vt 0.462890625 0.84375
f 584/1749 583/1750 582/1751 581/1752
o gunModel73
v 13.2 3.699997 -0.88
v 13.5 3.699997 -0.88
v 13.5 2.949997 -0.88
v 13.2 2.949997 -0.88
v 13.2 3.699997 0.58
v 13.5 3.699997 0.58
v 13.5 2.949997 0.58
v 13.2 2.949997 0.58
vt 0.4765625 0.828125
vt 0.474609375 0.828125
vt 0.474609375 0.84375
vt 0.4765625 0.84375
f 591/1753 587/1754 586/1755 590/1756
vt 0.47265625 0.828125
vt 0.470703125 0.828125
vt 0.470703125 0.84375
vt 0.47265625 0.84375
f 588/1757 592/1758 589/1759 585/1760
vt 0.474609375 0.84375
vt 0.47265625 0.84375
vt 0.47265625 0.859375
vt 0.474609375 0.859375
f 586/1761 585/1762 589/1763 590/1764
vt 0.4765625 0.859375
vt 0.474609375 0.859375
vt 0.474609375 0.84375
vt 0.4765625 0.84375
f 591/1765 592/1766 588/1767 587/1768
vt 0.474609375 0.828125
vt 0.47265625 0.828125
vt 0.47265625 0.84375
vt 0.474609375 0.84375
f 587/1769 588/1770 585/1771 586/1772
vt 0.478515625 0.828125
vt 0.4765625 0.828125
vt 0.4765625 0.84375
vt 0.478515625 0.84375
f 592/1773 591/1774 590/1775 589/1776
o gunModel74
v 13.2 4.549997 -0.4
v 13.5 4.549997 -0.4
v 13.5 3.699997 -0.4
v 13.2 3.699997 -0.4
v 13.2 4.549997 0.1
v 13.5 4.549997 0.1
v 13.5 3.699997 0.1
v 13.2 3.699997 0.1
vt 0.4921875 0.828125
vt 0.490234375 0.828125
vt 0.490234375 0.84375
vt 0.4921875 0.84375
f 599/1777 595/1778 594/1779 598/1780
vt 0.48828125 0.828125
vt 0.486328125 0.828125
vt 0.486328125 0.84375
vt 0.48828125 0.84375
f 596/1781 600/1782 597/1783 593/1784
vt 0.490234375 0.84375
vt 0.48828125 0.84375
vt 0.48828125 0.859375
vt 0.490234375 0.859375
f 594/1785 593/1786 597/1787 598/1788
vt 0.4921875 0.859375
vt 0.490234375 0.859375
vt 0.490234375 0.84375
vt 0.4921875 0.84375
f 599/1789 600/1790 596/1791 595/1792
vt 0.490234375 0.828125
vt 0.48828125 0.828125
vt 0.48828125 0.84375
vt 0.490234375 0.84375
f 595/1793 596/1794 593/1795 594/1796
vt 0.494140625 0.828125
vt 0.4921875 0.828125
vt 0.4921875 0.84375
vt 0.494140625 0.84375
f 600/1797 599/1798 598/1799 597/1800
o gunModel75
v 13.21 4.779998 -0.19
v 13.49 4.679998 -0.19
v 13.49 4.479998 -0.19
v 13.21 4.479998 -0.19
v 13.21 4.779998 -0.11
v 13.49 4.679998 -0.11
v 13.49 4.479998 -0.11
v 13.21 4.479998 -0.11
vt 0.5078125 0.828125
vt 0.505859375 0.828125
vt 0.505859375 0.84375
vt 0.5078125 0.84375
f 607/1801 603/1802 602/1803 606/1804
vt 0.50390625 0.828125
vt 0.501953125 0.828125
vt 0.501953125 0.84375
vt 0.50390625 0.84375
f 604/1805 608/1806 605/1807 601/1808
vt 0.505859375 0.84375
vt 0.50390625 0.84375
vt 0.50390625 0.859375
vt 0.505859375 0.859375
f 602/1809 601/1810 605/1811 606/1812
vt 0.5078125 0.859375
vt 0.505859375 0.859375
vt 0.505859375 0.84375
vt 0.5078125 0.84375
f 607/1813 608/1814 604/1815 603/1816
vt 0.505859375 0.828125
vt 0.50390625 0.828125
vt 0.50390625 0.84375
vt 0.505859375 0.84375
f 603/1817 604/1818 601/1819 602/1820
vt 0.509765625 0.828125
vt 0.5078125 0.828125
vt 0.5078125 0.84375
vt 0.509765625 0.84375
f 608/1821 607/1822 606/1823 605/1824
o gunModel76
v 2.8 4.799998 0.35
v 3.2 4.799998 0.35
v 3.2 4.399998 0.35
v 2.8 4.399998 0.35
v 2.8 4.799998 0.45
v 3.2 4.799998 0.45
v 3.2 4.399998 0.45
v 2.8 4.399998 0.45
vt 0.5234375 0.828125
vt 0.521484375 0.828125
vt 0.521484375 0.84375
vt 0.5234375 0.84375
f 615/1825 611/1826 610/1827 614/1828
vt 0.51953125 0.828125
vt 0.517578125 0.828125
vt 0.517578125 0.84375
vt 0.51953125 0.84375
f 612/1829 616/1830 613/1831 609/1832
vt 0.521484375 0.84375
vt 0.51953125 0.84375
vt 0.51953125 0.859375
vt 0.521484375 0.859375
f 610/1833 609/1834 613/1835 614/1836
vt 0.5234375 0.859375
vt 0.521484375 0.859375
vt 0.521484375 0.84375
vt 0.5234375 0.84375
f 615/1837 616/1838 612/1839 611/1840
vt 0.521484375 0.828125
vt 0.51953125 0.828125
vt 0.51953125 0.84375
vt 0.521484375 0.84375
f 611/1841 612/1842 609/1843 610/1844
vt 0.525390625 0.828125
vt 0.5234375 0.828125
vt 0.5234375 0.84375
vt 0.525390625 0.84375
f 616/1845 615/1846 614/1847 613/1848
o gunModel77
v 2.8 4.799998 -0.75
v 3.2 4.799998 -0.75
v 3.2 4.399998 -0.75
v 2.8 4.399998 -0.75
v 2.8 4.799998 -0.65
v 3.2 4.799998 -0.65
v 3.2 4.399998 -0.65
v 2.8 4.399998 -0.65
vt 0.5390625 0.828125
vt 0.537109375 0.828125
vt 0.537109375 0.84375
vt 0.5390625 0.84375
f 623/1849 619/1850 618/1851 622/1852
vt 0.53515625 0.828125
vt 0.533203125 0.828125
vt 0.533203125 0.84375
vt 0.53515625 0.84375
f 620/1853 624/1854 621/1855 617/1856
vt 0.537109375 0.84375
vt 0.53515625 0.84375
vt 0.53515625 0.859375
vt 0.537109375 0.859375
f 618/1857 617/1858 621/1859 622/1860
vt 0.5390625 0.859375
vt 0.537109375 0.859375
vt 0.537109375 0.84375
vt 0.5390625 0.84375
f 623/1861 624/1862 620/1863 619/1864
vt 0.537109375 0.828125
vt 0.53515625 0.828125
vt 0.53515625 0.84375
vt 0.537109375 0.84375
f 619/1865 620/1866 617/1867 618/1868
vt 0.541015625 0.828125
vt 0.5390625 0.828125
vt 0.5390625 0.84375
vt 0.541015625 0.84375
f 624/1869 623/1870 622/1871 621/1872
o gunModel78
v 2.75 4.699997 -0.45
v 2.85 4.699997 -0.45
v 2.85 4.349997 -0.45
v 2.75 4.349997 -0.45
v 2.75 4.699997 0.15
v 2.85 4.699997 0.15
v 2.85 4.349997 0.15
v 2.75 4.349997 0.15
vt 0.5546875 0.828125
vt 0.552734375 0.828125
vt 0.552734375 0.84375
vt 0.5546875 0.84375
f 631/1873 627/1874 626/1875 630/1876
vt 0.55078125 0.828125
vt 0.548828125 0.828125
vt 0.548828125 0.84375
vt 0.55078125 0.84375
f 628/1877 632/1878 629/1879 625/1880
vt 0.552734375 0.84375
vt 0.55078125 0.84375
vt 0.55078125 0.859375
vt 0.552734375 0.859375
f 626/1881 625/1882 629/1883 630/1884
vt 0.5546875 0.859375
vt 0.552734375 0.859375
vt 0.552734375 0.84375
vt 0.5546875 0.84375
f 631/1885 632/1886 628/1887 627/1888
vt 0.552734375 0.828125
vt 0.55078125 0.828125
vt 0.55078125 0.84375
vt 0.552734375 0.84375
f 627/1889 628/1890 625/1891 626/1892
vt 0.556640625 0.828125
vt 0.5546875 0.828125
vt 0.5546875 0.84375
vt 0.556640625 0.84375
f 632/1893 631/1894 630/1895 629/1896
o gunModel79
v 2.75 5.849999 -0.45
v 2.85 5.849999 -0.45
v 2.85 5.749999 -0.45
v 2.75 5.749999 -0.45
v 2.75 5.849999 0.15
v 2.85 5.849999 0.15
v 2.85 5.749999 0.15
v 2.75 5.749999 0.15
vt 0.5703125 0.828125
vt 0.568359375 0.828125
vt 0.568359375 0.84375
vt 0.5703125 0.84375
f 639/1897 635/1898 634/1899 638/1900
vt 0.56640625 0.828125
vt 0.564453125 0.828125
vt 0.564453125 0.84375
vt 0.56640625 0.84375
f 636/1901 640/1902 637/1903 633/1904
vt 0.568359375 0.84375
vt 0.56640625 0.84375
vt 0.56640625 0.859375
vt 0.568359375 0.859375
f 634/1905 633/1906 637/1907 638/1908
vt 0.5703125 0.859375
vt 0.568359375 0.859375
vt 0.568359375 0.84375
vt 0.5703125 0.84375
f 639/1909 640/1910 636/1911 635/1912
vt 0.568359375 0.828125
vt 0.56640625 0.828125
vt 0.56640625 0.84375
vt 0.568359375 0.84375
f 635/1913 636/1914 633/1915 634/1916
vt 0.572265625 0.828125
vt 0.5703125 0.828125
vt 0.5703125 0.84375
vt 0.572265625 0.84375
f 640/1917 639/1918 638/1919 637/1920
o gunModel80
v 2.75 5.849999 -0.45
v 2.85 5.849999 -0.45
v 2.85 4.549999 -0.45
v 2.75 4.549999 -0.45
v 2.75 5.849999 -0.35
v 2.85 5.849999 -0.35
v 2.85 4.549999 -0.35
v 2.75 4.549999 -0.35
vt 0.5859375 0.8125
vt 0.583984375 0.8125
vt 0.583984375 0.84375
vt 0.5859375 0.84375
f 647/1921 643/1922 642/1923 646/1924
vt 0.58203125 0.8125
vt 0.580078125 0.8125
vt 0.580078125 0.84375
vt 0.58203125 0.84375
f 644/1925 648/1926 645/1927 641/1928
vt 0.583984375 0.84375
vt 0.58203125 0.84375
vt 0.58203125 0.859375
vt 0.583984375 0.859375
f 642/1929 641/1930 645/1931 646/1932
vt 0.5859375 0.859375
vt 0.583984375 0.859375
vt 0.583984375 0.84375
vt 0.5859375 0.84375
f 647/1933 648/1934 644/1935 643/1936
vt 0.583984375 0.8125
vt 0.58203125 0.8125
vt 0.58203125 0.84375
vt 0.583984375 0.84375
f 643/1937 644/1938 641/1939 642/1940
vt 0.587890625 0.8125
vt 0.5859375 0.8125
vt 0.5859375 0.84375
vt 0.587890625 0.84375
f 648/1941 647/1942 646/1943 645/1944
o gunModel81
v 2.75 5.849999 0.05
v 2.85 5.849999 0.05
v 2.85 4.549999 0.05
v 2.75 4.549999 0.05
v 2.75 5.849999 0.15
v 2.85 5.849999 0.15
v 2.85 4.549999 0.15
v 2.75 4.549999 0.15
vt 0.6015625 0.8125
vt 0.599609375 0.8125
vt 0.599609375 0.84375
vt 0.6015625 0.84375
f 655/1945 651/1946 650/1947 654/1948
vt 0.59765625 0.8125
vt 0.595703125 0.8125
vt 0.595703125 0.84375
vt 0.59765625 0.84375
f 652/1949 656/1950 653/1951 649/1952
vt 0.599609375 0.84375
vt 0.59765625 0.84375
vt 0.59765625 0.859375
vt 0.599609375 0.859375
f 650/1953 649/1954 653/1955 654/1956
vt 0.6015625 0.859375
vt 0.599609375 0.859375
vt 0.599609375 0.84375
vt 0.6015625 0.84375
f 655/1957 656/1958 652/1959 651/1960
vt 0.599609375 0.8125
vt 0.59765625 0.8125
vt 0.59765625 0.84375
vt 0.599609375 0.84375
f 651/1961 652/1962 649/1963 650/1964
vt 0.603515625 0.8125
vt 0.6015625 0.8125
vt 0.6015625 0.84375
vt 0.603515625 0.84375
f 656/1965 655/1966 654/1967 653/1968
o gunModel82
v 2.75 4.849996 -0.08
v 2.85 4.849996 -0.08
v 2.85 4.699996 -0.08
v 2.75 4.699996 -0.08
v 2.75 4.849996 0.12
v 2.85 4.849996 0.12
v 2.85 4.699996 0.12
v 2.75 4.699996 0.12
vt 0.6171875 0.828125
vt 0.615234375 0.828125
vt 0.615234375 0.84375
vt 0.6171875 0.84375
f 663/1969 659/1970 658/1971 662/1972
vt 0.61328125 0.828125
vt 0.611328125 0.828125
vt 0.611328125 0.84375
vt 0.61328125 0.84375
f 660/1973 664/1974 661/1975 657/1976
vt 0.615234375 0.84375
vt 0.61328125 0.84375
vt 0.61328125 0.859375
vt 0.615234375 0.859375
f 658/1977 657/1978 661/1979 662/1980
vt 0.6171875 0.859375
vt 0.615234375 0.859375
vt 0.615234375 0.84375
vt 0.6171875 0.84375
f 663/1981 664/1982 660/1983 659/1984
vt 0.615234375 0.828125
vt 0.61328125 0.828125
vt 0.61328125 0.84375
vt 0.615234375 0.84375
f 659/1985 660/1986 657/1987 658/1988
vt 0.619140625 0.828125
vt 0.6171875 0.828125
vt 0.6171875 0.84375
vt 0.619140625 0.84375
f 664/1989 663/1990 662/1991 661/1992
o gunModel83
v 2.75 4.849996 -0.43
v 2.85 4.849996 -0.43
v 2.85 4.699996 -0.43
v 2.75 4.699996 -0.43
v 2.75 4.849996 -0.23
v 2.85 4.849996 -0.23
v 2.85 4.699996 -0.23
v 2.75 4.699996 -0.23
vt 0.6328125 0.828125
vt 0.630859375 0.828125
vt 0.630859375 0.84375
vt 0.6328125 0.84375
f 671/1993 667/1994 666/1995 670/1996
vt 0.62890625 0.828125
vt 0.626953125 0.828125
vt 0.626953125 0.84375
vt 0.62890625 0.84375
f 668/1997 672/1998 669/1999 665/2000
vt 0.630859375 0.84375
vt 0.62890625 0.84375
vt 0.62890625 0.859375
vt 0.630859375 0.859375
f 666/2001 665/2002 669/2003 670/2004
vt 0.6328125 0.859375
vt 0.630859375 0.859375
vt 0.630859375 0.84375
vt 0.6328125 0.84375
f 671/2005 672/2006 668/2007 667/2008
vt 0.630859375 0.828125
vt 0.62890625 0.828125
vt 0.62890625 0.84375
vt 0.630859375 0.84375
f 667/2009 668/2010 665/2011 666/2012
vt 0.634765625 0.828125
vt 0.6328125 0.828125
vt 0.6328125 0.84375
vt 0.634765625 0.84375
f 672/2013 671/2014 670/2015 669/2016
o gunModel84
v 1.3 3.15 -0.85
v 1.5 3.15 -0.85
v 1.5 1.25 -0.85
v 1.3 1.25 -0.85
v 1.3 3.15 0.55
v 1.5 3.15 0.55
v 1.5 1.25 0.55
v 1.3 1.25 0.55
vt 0.6484375 0.828125
vt 0.646484375 0.828125
vt 0.646484375 0.84375
vt 0.6484375 0.84375
f 679/2017 675/2018 674/2019 678/2020
vt 0.64453125 0.828125
vt 0.642578125 0.828125
vt 0.642578125 0.84375
vt 0.64453125 0.84375
f 676/2021 680/2022 677/2023 673/2024
vt 0.646484375 0.84375
vt 0.64453125 0.84375
vt 0.64453125 0.859375
vt 0.646484375 0.859375
f 674/2025 673/2026 677/2027 678/2028
vt 0.6484375 0.859375
vt 0.646484375 0.859375
vt 0.646484375 0.84375
vt 0.6484375 0.84375
f 679/2029 680/2030 676/2031 675/2032
vt 0.646484375 0.828125
vt 0.64453125 0.828125
vt 0.64453125 0.84375
vt 0.646484375 0.84375
f 675/2033 676/2034 673/2035 674/2036
vt 0.650390625 0.828125
vt 0.6484375 0.828125
vt 0.6484375 0.84375
vt 0.650390625 0.84375
f 680/2037 679/2038 678/2039 677/2040
o gunModel85
v 0.7 3.15 -0.85
v 0.9 3.15 -0.85
v 0.9 1.25 -0.85
v 0.7 1.25 -0.85
v 0.7 3.15 0.55
v 0.9 3.15 0.55
v 0.9 1.25 0.55
v 0.7 1.25 0.55
vt 0.6640625 0.828125
vt 0.662109375 0.828125
vt 0.662109375 0.84375
vt 0.6640625 0.84375
f 687/2041 683/2042 682/2043 686/2044
vt 0.66015625 0.828125
vt 0.658203125 0.828125
vt 0.658203125 0.84375
vt 0.66015625 0.84375
f 684/2045 688/2046 685/2047 681/2048
vt 0.662109375 0.84375
vt 0.66015625 0.84375
vt 0.66015625 0.859375
vt 0.662109375 0.859375
f 682/2049 681/2050 685/2051 686/2052
vt 0.6640625 0.859375
vt 0.662109375 0.859375
vt 0.662109375 0.84375
vt 0.6640625 0.84375
f 687/2053 688/2054 684/2055 683/2056
vt 0.662109375 0.828125
vt 0.66015625 0.828125
vt 0.66015625 0.84375
vt 0.662109375 0.84375
f 683/2057 684/2058 681/2059 682/2060
vt 0.666015625 0.828125
vt 0.6640625 0.828125
vt 0.6640625 0.84375
vt 0.666015625 0.84375
f 688/2061 687/2062 686/2063 685/2064
o gunModel86
v -0.1999999 1.949999 -0.83
v 0.7000001 1.949999 -0.83
v 0.4500001 0.799999 -0.83
v -0.9999999 0.799999 -0.83
v -0.1999999 1.949999 0.53
v 0.7000001 1.949999 0.53
v 0.4500001 0.799999 0.53
v -0.9999999 0.799999 0.53
vt 0.6796875 0.828125
vt 0.677734375 0.828125
vt 0.677734375 0.84375
vt 0.6796875 0.84375
f 695/2065 691/2066 690/2067 694/2068
vt 0.67578125 0.828125
vt 0.673828125 0.828125
vt 0.673828125 0.84375
vt 0.67578125 0.84375
f 692/2069 696/2070 693/2071 689/2072
vt 0.677734375 0.84375
vt 0.67578125 0.84375
vt 0.67578125 0.859375
vt 0.677734375 0.859375
f 690/2073 689/2074 693/2075 694/2076
vt 0.6796875 0.859375
vt 0.677734375 0.859375
vt 0.677734375 0.84375
vt 0.6796875 0.84375
f 695/2077 696/2078 692/2079 691/2080
vt 0.677734375 0.828125
vt 0.67578125 0.828125
vt 0.67578125 0.84375
vt 0.677734375 0.84375
f 691/2081 692/2082 689/2083 690/2084
vt 0.681640625 0.828125
vt 0.6796875 0.828125
vt 0.6796875 0.84375
vt 0.681640625 0.84375
f 696/2085 695/2086 694/2087 693/2088
o gunModel87
v -0.9999999 0.7999986 -0.83
v 0.4500001 0.7999986 -0.83
v 0.3500001 -0.2000014 -0.83
v -1.1 -0.2000014 -0.83
v -0.9999999 0.7999986 0.53
v 0.4500001 0.7999986 0.53
v 0.3500001 -0.2000014 0.53
v -1.1 -0.2000014 0.53
vt 0.6953125 0.828125
vt 0.693359375 0.828125
vt 0.693359375 0.84375
vt 0.6953125 0.84375
f 703/2089 699/2090 698/2091 702/2092
vt 0.69140625 0.828125
vt 0.689453125 0.828125
vt 0.689453125 0.84375
vt 0.69140625 0.84375
f 700/2093 704/2094 701/2095 697/2096
vt 0.693359375 0.84375
vt 0.69140625 0.84375
vt 0.69140625 0.859375
vt 0.693359375 0.859375
f 698/2097 697/2098 701/2099 702/2100
vt 0.6953125 0.859375
vt 0.693359375 0.859375
vt 0.693359375 0.84375
vt 0.6953125 0.84375
f 703/2101 704/2102 700/2103 699/2104
vt 0.693359375 0.828125
vt 0.69140625 0.828125
vt 0.69140625 0.84375
vt 0.693359375 0.84375
f 699/2105 700/2106 697/2107 698/2108
vt 0.697265625 0.828125
vt 0.6953125 0.828125
vt 0.6953125 0.84375
vt 0.697265625 0.84375
f 704/2109 703/2110 702/2111 701/2112
o gunModel88
v -1.1 -0.2000012 -0.83
v 0.3500001 -0.2000012 -0.83
v 0.2000001 -0.7000012 -0.83
v -0.8999999 -0.7000012 -0.83
v -1.1 -0.2000012 0.53
v 0.3500001 -0.2000012 0.53
v 0.2000001 -0.7000012 0.53
v -0.8999999 -0.7000012 0.53
vt 0.7109375 0.828125
vt 0.708984375 0.828125
vt 0.708984375 0.84375
vt 0.7109375 0.84375
f 711/2113 707/2114 706/2115 710/2116
vt 0.70703125 0.828125
vt 0.705078125 0.828125
vt 0.705078125 0.84375
vt 0.70703125 0.84375
f 708/2117 712/2118 709/2119 705/2120
vt 0.708984375 0.84375
vt 0.70703125 0.84375
vt 0.70703125 0.859375
vt 0.708984375 0.859375
f 706/2121 705/2122 709/2123 710/2124
vt 0.7109375 0.859375
vt 0.708984375 0.859375
vt 0.708984375 0.84375
vt 0.7109375 0.84375
f 711/2125 712/2126 708/2127 707/2128
vt 0.708984375 0.828125
vt 0.70703125 0.828125
vt 0.70703125 0.84375
vt 0.708984375 0.84375
f 707/2129 708/2130 705/2131 706/2132
vt 0.712890625 0.828125
vt 0.7109375 0.828125
vt 0.7109375 0.84375
vt 0.712890625 0.84375
f 712/2133 711/2134 710/2135 709/2136
o gunModel89
v 0.9 2.449999 -0.75
v 1.3 2.449999 -0.75
v 1.3 1.449999 -0.75
v 0.9 1.449999 -0.75
v 0.9 2.449999 0.45
v 1.3 2.449999 0.45
v 1.3 1.449999 0.45
v 0.9 1.449999 0.45
vt 0.7265625 0.828125
vt 0.724609375 0.828125
vt 0.724609375 0.84375
vt 0.7265625 0.84375
f 719/2137 715/2138 714/2139 718/2140
vt 0.72265625 0.828125
vt 0.720703125 0.828125
vt 0.720703125 0.84375
vt 0.72265625 0.84375
f 716/2141 720/2142 717/2143 713/2144
vt 0.724609375 0.84375
vt 0.72265625 0.84375
vt 0.72265625 0.859375
vt 0.724609375 0.859375
f 714/2145 713/2146 717/2147 718/2148
vt 0.7265625 0.859375
vt 0.724609375 0.859375
vt 0.724609375 0.84375
vt 0.7265625 0.84375
f 719/2149 720/2150 716/2151 715/2152
vt 0.724609375 0.828125
vt 0.72265625 0.828125
vt 0.72265625 0.84375
vt 0.724609375 0.84375
f 715/2153 716/2154 713/2155 714/2156
vt 0.728515625 0.828125
vt 0.7265625 0.828125
vt 0.7265625 0.84375
vt 0.728515625 0.84375
f 720/2157 719/2158 718/2159 717/2160
o gunModel90
v 2 1.199998 -0.25
v 2.4 1.049998 -0.25
v 2.4 0.949998 -0.25
v 2 1.099998 -0.25
v 2 1.199998 -0.05
v 2.4 1.049998 -0.05
v 2.4 0.949998 -0.05
v 2 1.099998 -0.05
vt 0.7421875 0.828125
vt 0.740234375 0.828125
vt 0.740234375 0.84375
vt 0.7421875 0.84375
f 727/2161 723/2162 722/2163 726/2164
vt 0.73828125 0.828125
vt 0.736328125 0.828125
vt 0.736328125 0.84375
vt 0.73828125 0.84375
f 724/2165 728/2166 725/2167 721/2168
vt 0.740234375 0.84375
vt 0.73828125 0.84375
vt 0.73828125 0.859375
vt 0.740234375 0.859375
f 722/2169 721/2170 725/2171 726/2172
vt 0.7421875 0.859375
vt 0.740234375 0.859375
vt 0.740234375 0.84375
vt 0.7421875 0.84375
f 727/2173 728/2174 724/2175 723/2176
vt 0.740234375 0.828125
vt 0.73828125 0.828125
vt 0.73828125 0.84375
vt 0.740234375 0.84375
f 723/2177 724/2178 721/2179 722/2180
vt 0.744140625 0.828125
vt 0.7421875 0.828125
vt 0.7421875 0.84375
vt 0.744140625 0.84375
f 728/2181 727/2182 726/2183 725/2184
o gunModel91
v 1.6 1.049998 -0.25
v 2 1.199998 -0.25
v 2 1.099998 -0.25
v 1.6 0.949998 -0.25
v 1.6 1.049998 -0.05
v 2 1.199998 -0.05
v 2 1.099998 -0.05
v 1.6 0.949998 -0.05
vt 0.7578125 0.828125
vt 0.755859375 0.828125
vt 0.755859375 0.84375
vt 0.7578125 0.84375
f 735/2185 731/2186 730/2187 734/2188
vt 0.75390625 0.828125
vt 0.751953125 0.828125
vt 0.751953125 0.84375
vt 0.75390625 0.84375
f 732/2189 736/2190 733/2191 729/2192
vt 0.755859375 0.84375
vt 0.75390625 0.84375
vt 0.75390625 0.859375
vt 0.755859375 0.859375
f 730/2193 729/2194 733/2195 734/2196
vt 0.7578125 0.859375
vt 0.755859375 0.859375
vt 0.755859375 0.84375
vt 0.7578125 0.84375
f 735/2197 736/2198 732/2199 731/2200
vt 0.755859375 0.828125
vt 0.75390625 0.828125
vt 0.75390625 0.84375
vt 0.755859375 0.84375
f 731/2201 732/2202 729/2203 730/2204
vt 0.759765625 0.828125
vt 0.7578125 0.828125
vt 0.7578125 0.84375
vt 0.759765625 0.84375
f 736/2205 735/2206 734/2207 733/2208
o gunModel92
v 1.432101 0.6532052 -0.25
v 1.602063 1.04514 -0.25
v 1.673997 0.9756741 -0.25
v 1.504035 0.5837394 -0.25
v 1.432101 0.6532052 -0.05
v 1.602063 1.04514 -0.05
v 1.673997 0.9756741 -0.05
v 1.504035 0.5837394 -0.05
vt 0.7734375 0.828125
vt 0.771484375 0.828125
vt 0.771484375 0.84375
vt 0.7734375 0.84375
f 743/2209 739/2210 738/2211 742/2212
vt 0.76953125 0.828125
vt 0.767578125 0.828125
vt 0.767578125 0.84375
vt 0.76953125 0.84375
f 740/2213 744/2214 741/2215 737/2216
vt 0.771484375 0.84375
vt 0.76953125 0.84375
vt 0.76953125 0.859375
vt 0.771484375 0.859375
f 738/2217 737/2218 741/2219 742/2220
vt 0.7734375 0.859375
vt 0.771484375 0.859375
vt 0.771484375 0.84375
vt 0.7734375 0.84375
f 743/2221 744/2222 740/2223 739/2224
vt 0.771484375 0.828125
vt 0.76953125 0.828125
vt 0.76953125 0.84375
vt 0.771484375 0.84375
f 739/2225 740/2226 737/2227 738/2228
vt 0.775390625 0.828125
vt 0.7734375 0.828125
vt 0.7734375 0.84375
vt 0.775390625 0.84375
f 744/2229 743/2230 742/2231 741/2232
o gunModel93
v 24.89999 1.549998 -0.45
v 27.09999 1.549998 -0.45
v 27.09999 0.949998 -0.45
v 24.89999 0.949998 -0.45
v 24.89999 1.549998 0.15
v 27.09999 1.549998 0.15
v 27.09999 0.949998 0.15
v 24.89999 0.949998 0.15
vt 0.7890625 0.828125
vt 0.787109375 0.828125
vt 0.787109375 0.84375
vt 0.7890625 0.84375
f 751/2233 747/2234 746/2235 750/2236
vt 0.78515625 0.828125
vt 0.783203125 0.828125
vt 0.783203125 0.84375
vt 0.78515625 0.84375
f 748/2237 752/2238 749/2239 745/2240
vt 0.787109375 0.84375
vt 0.78515625 0.84375
vt 0.78515625 0.859375
vt 0.787109375 0.859375
f 746/2241 745/2242 749/2243 750/2244
vt 0.7890625 0.859375
vt 0.787109375 0.859375
vt 0.787109375 0.84375
vt 0.7890625 0.84375
f 751/2245 752/2246 748/2247 747/2248
vt 0.787109375 0.828125
vt 0.78515625 0.828125
vt 0.78515625 0.84375
vt 0.787109375 0.84375
f 747/2249 748/2250 745/2251 746/2252
vt 0.791015625 0.828125
vt 0.7890625 0.828125
vt 0.7890625 0.84375
vt 0.791015625 0.84375
f 752/2253 751/2254 750/2255 749/2256
o gunModel94
v 18.89999 1.349998 0.15
v 25.09999 1.549998 0.15
v 25.09999 0.949998 0.15
v 18.89999 0.749998 0.15
v 18.89999 1.349998 0.35
v 25.09999 1.549998 0.35
v 25.09999 0.949998 0.35
v 18.89999 0.749998 0.35
vt 0.8125 0.828125
vt 0.810546875 0.828125
vt 0.810546875 0.84375
vt 0.8125 0.84375
f 759/2257 755/2258 754/2259 758/2260
vt 0.80078125 0.828125
vt 0.798828125 0.828125
vt 0.798828125 0.84375
vt 0.80078125 0.84375
f 756/2261 760/2262 757/2263 753/2264
vt 0.810546875 0.84375
vt 0.80078125 0.84375
vt 0.80078125 0.859375
vt 0.810546875 0.859375
f 754/2265 753/2266 757/2267 758/2268
vt 0.8203125 0.859375
vt 0.810546875 0.859375
vt 0.810546875 0.84375
vt 0.8203125 0.84375
f 759/2269 760/2270 756/2271 755/2272
vt 0.810546875 0.828125
vt 0.80078125 0.828125
vt 0.80078125 0.84375
vt 0.810546875 0.84375
f 755/2273 756/2274 753/2275 754/2276
vt 0.822265625 0.828125
vt 0.8125 0.828125
vt 0.8125 0.84375
vt 0.822265625 0.84375
f 760/2277 759/2278 758/2279 757/2280
o gunModel95
v 18.89999 1.349998 -0.65
v 25.09999 1.549998 -0.65
v 25.09999 0.949998 -0.65
v 18.89999 0.749998 -0.65
v 18.89999 1.349998 -0.45
v 25.09999 1.549998 -0.45
v 25.09999 0.949998 -0.45
v 18.89999 0.749998 -0.45
vt 0.84375 0.828125
vt 0.841796875 0.828125
vt 0.841796875 0.84375
vt 0.84375 0.84375
f 767/2281 763/2282 762/2283 766/2284
vt 0.83203125 0.828125
vt 0.830078125 0.828125
vt 0.830078125 0.84375
vt 0.83203125 0.84375
f 764/2285 768/2286 765/2287 761/2288
vt 0.841796875 0.84375
vt 0.83203125 0.84375
vt 0.83203125 0.859375
vt 0.841796875 0.859375
f 762/2289 761/2290 765/2291 766/2292
vt 0.8515625 0.859375
vt 0.841796875 0.859375
vt 0.841796875 0.84375
vt 0.8515625 0.84375
f 767/2293 768/2294 764/2295 763/2296
vt 0.841796875 0.828125
vt 0.83203125 0.828125
vt 0.83203125 0.84375
vt 0.841796875 0.84375
f 763/2297 764/2298 761/2299 762/2300
vt 0.853515625 0.828125
vt 0.84375 0.828125
vt 0.84375 0.84375
vt 0.853515625 0.84375
f 768/2301 767/2302 766/2303 765/2304
o gunModel96
v 18.79999 1.399999 -1.15
v 18.99999 1.399999 -1.15
v 18.99999 0.399999 -1.15
v 18.79999 0.399999 -1.15
v 18.79999 1.399999 -0.45
v 18.99999 1.399999 -0.45
v 18.99999 0.399999 -0.45
v 18.79999 0.399999 -0.45
vt 0.8671875 0.828125
vt 0.865234375 0.828125
vt 0.865234375 0.84375
vt 0.8671875 0.84375
f 775/2305 771/2306 770/2307 774/2308
vt 0.86328125 0.828125
vt 0.861328125 0.828125
vt 0.861328125 0.84375
vt 0.86328125 0.84375
f 772/2309 776/2310 773/2311 769/2312
vt 0.865234375 0.84375
vt 0.86328125 0.84375
vt 0.86328125 0.859375
vt 0.865234375 0.859375
f 770/2313 769/2314 773/2315 774/2316
vt 0.8671875 0.859375
vt 0.865234375 0.859375
vt 0.865234375 0.84375
vt 0.8671875 0.84375
f 775/2317 776/2318 772/2319 771/2320
vt 0.865234375 0.828125
vt 0.86328125 0.828125
vt 0.86328125 0.84375
vt 0.865234375 0.84375
f 771/2321 772/2322 769/2323 770/2324
vt 0.869140625 0.828125
vt 0.8671875 0.828125
vt 0.8671875 0.84375
vt 0.869140625 0.84375
f 776/2325 775/2326 774/2327 773/2328
o gunModel97
v 18.79999 1.399999 0.15
v 18.99999 1.399999 0.15
v 18.99999 0.399999 0.15
v 18.79999 0.399999 0.15
v 18.79999 1.399999 0.85
v 18.99999 1.399999 0.85
v 18.99999 0.399999 0.85
v 18.79999 0.399999 0.85
vt 0.8828125 0.828125
vt 0.880859375 0.828125
vt 0.880859375 0.84375
vt 0.8828125 0.84375
f 783/2329 779/2330 778/2331 782/2332
vt 0.87890625 0.828125
vt 0.876953125 0.828125
vt 0.876953125 0.84375
vt 0.87890625 0.84375
f 780/2333 784/2334 781/2335 777/2336
vt 0.880859375 0.84375
vt 0.87890625 0.84375
vt 0.87890625 0.859375
vt 0.880859375 0.859375
f 778/2337 777/2338 781/2339 782/2340
vt 0.8828125 0.859375
vt 0.880859375 0.859375
vt 0.880859375 0.84375
vt 0.8828125 0.84375
f 783/2341 784/2342 780/2343 779/2344
vt 0.880859375 0.828125
vt 0.87890625 0.828125
vt 0.87890625 0.84375
vt 0.880859375 0.84375
f 779/2345 780/2346 777/2347 778/2348
vt 0.884765625 0.828125
vt 0.8828125 0.828125
vt 0.8828125 0.84375
vt 0.884765625 0.84375
f 784/2349 783/2350 782/2351 781/2352
o gunModel98
v 12.2 1.249998 -0.95
v 13.2 1.249998 -0.95
v 13.2 0.649998 -0.95
v 12.2 0.649998 -0.95
v 12.2 1.249998 0.65
v 13.2 1.249998 0.65
v 13.2 0.649998 0.65
v 12.2 0.649998 0.65
vt 0.8984375 0.828125
vt 0.896484375 0.828125
vt 0.896484375 0.84375
vt 0.8984375 0.84375
f 791/2353 787/2354 786/2355 790/2356
vt 0.89453125 0.828125
vt 0.892578125 0.828125
vt 0.892578125 0.84375
vt 0.89453125 0.84375
f 788/2357 792/2358 789/2359 785/2360
vt 0.896484375 0.84375
vt 0.89453125 0.84375
vt 0.89453125 0.859375
vt 0.896484375 0.859375
f 786/2361 785/2362 789/2363 790/2364
vt 0.8984375 0.859375
vt 0.896484375 0.859375
vt 0.896484375 0.84375
vt 0.8984375 0.84375
f 791/2365 792/2366 788/2367 787/2368
vt 0.896484375 0.828125
vt 0.89453125 0.828125
vt 0.89453125 0.84375
vt 0.896484375 0.84375
f 787/2369 788/2370 785/2371 786/2372
vt 0.900390625 0.828125
vt 0.8984375 0.828125
vt 0.8984375 0.84375
vt 0.900390625 0.84375
f 792/2373 791/2374 790/2375 789/2376
o gunModel99
v 12.5 1.599999 -0.95
v 12.9 1.599999 -0.95
v 13.2 1.249999 -0.95
v 12.2 1.249999 -0.95
v 12.5 1.599999 0.65
v 12.9 1.599999 0.65
v 13.2 1.249999 0.65
v 12.2 1.249999 0.65
vt 0.9140625 0.828125
vt 0.912109375 0.828125
vt 0.912109375 0.84375
vt 0.9140625 0.84375
f 799/2377 795/2378 794/2379 798/2380
vt 0.91015625 0.828125
vt 0.908203125 0.828125
vt 0.908203125 0.84375
vt 0.91015625 0.84375
f 796/2381 800/2382 797/2383 793/2384
vt 0.912109375 0.84375
vt 0.91015625 0.84375
vt 0.91015625 0.859375
vt 0.912109375 0.859375
f 794/2385 793/2386 797/2387 798/2388
vt 0.9140625 0.859375
vt 0.912109375 0.859375
vt 0.912109375 0.84375
vt 0.9140625 0.84375
f 799/2389 800/2390 796/2391 795/2392
vt 0.912109375 0.828125
vt 0.91015625 0.828125
vt 0.91015625 0.84375
vt 0.912109375 0.84375
f 795/2393 796/2394 793/2395 794/2396
vt 0.916015625 0.828125
vt 0.9140625 0.828125
vt 0.9140625 0.84375
vt 0.916015625 0.84375
f 800/2397 799/2398 798/2399 797/2400
o ammoModel0
v 10.1 1.799998 0.7499999
v 12.4 1.799998 0.7499999
v 12.4 -1.200002 0.7499999
v 10.1 -1.200002 0.7499999
v 10.1 1.799998 6.75
v 12.4 1.799998 6.75
v 12.4 -1.200002 6.75
v 10.1 -1.200002 6.75
vt 0.9375 0.71875
vt 0.92578125 0.71875
vt 0.92578125 0.765625
vt 0.9375 0.765625
f 807/2401 803/2402 802/2403 806/2404
vt 0.919921875 0.71875
vt 0.908203125 0.71875
vt 0.908203125 0.765625
vt 0.919921875 0.765625
f 804/2405 808/2406 805/2407 801/2408
vt 0.92578125 0.765625
vt 0.919921875 0.765625
vt 0.919921875 0.859375
vt 0.92578125 0.859375
f 802/2409 801/2410 805/2411 806/2412
vt 0.931640625 0.859375
vt 0.92578125 0.859375
vt 0.92578125 0.765625
vt 0.931640625 0.765625
f 807/2413 808/2414 804/2415 803/2416
vt 0.92578125 0.71875
vt 0.919921875 0.71875
vt 0.919921875 0.765625
vt 0.92578125 0.765625
f 803/2417 804/2418 801/2419 802/2420
vt 0.943359375 0.71875
vt 0.9375 0.71875
vt 0.9375 0.765625
vt 0.943359375 0.765625
f 808/2421 807/2422 806/2423 805/2424
o ammoModel1
v 10.05 2.799998 0.7499999
v 10.25 2.799998 0.7499999
v 10.25 -1.200002 0.7499999
v 10.05 -1.200002 0.7499999
v 10.05 2.799998 6.75
v 10.25 2.799998 6.75
v 10.25 -1.200002 6.75
v 10.05 -1.200002 6.75
vt 0.98046875 0.703125
vt 0.96875 0.703125
vt 0.96875 0.765625
vt 0.98046875 0.765625
f 815/2425 811/2426 810/2427 814/2428
vt 0.966796875 0.703125
vt 0.955078125 0.703125
vt 0.955078125 0.765625
vt 0.966796875 0.765625
f 812/2429 816/2430 813/2431 809/2432
vt 0.96875 0.765625
vt 0.966796875 0.765625
vt 0.966796875 0.859375
vt 0.96875 0.859375
f 810/2433 809/2434 813/2435 814/2436
vt 0.970703125 0.859375
vt 0.96875 0.859375
vt 0.96875 0.765625
vt 0.970703125 0.765625
f 815/2437 816/2438 812/2439 811/2440
vt 0.96875 0.703125
vt 0.966796875 0.703125
vt 0.966796875 0.765625
vt 0.96875 0.765625
f 811/2441 812/2442 809/2443 810/2444
vt 0.982421875 0.703125
vt 0.98046875 0.703125
vt 0.98046875 0.765625
vt 0.982421875 0.765625
f 816/2445 815/2446 814/2447 813/2448
o ammoModel2
v 12.25 2.799998 0.7499999
v 12.45 2.799998 0.7499999
v 12.45 -1.200002 0.7499999
v 12.25 -1.200002 0.7499999
v 12.25 2.799998 6.75
v 12.45 2.799998 6.75
v 12.45 -1.200002 6.75
v 12.25 -1.200002 6.75
vt 0.02734375 0.578125
vt 0.015625 0.578125
vt 0.015625 0.640625
vt 0.02734375 0.640625
f 823/2449 819/2450 818/2451 822/2452
vt 0.013671875 0.578125
vt 0.001953125 0.578125
vt 0.001953125 0.640625
vt 0.013671875 0.640625
f 820/2453 824/2454 821/2455 817/2456
vt 0.015625 0.640625
vt 0.013671875 0.640625
vt 0.013671875 0.734375
vt 0.015625 0.734375
f 818/2457 817/2458 821/2459 822/2460
vt 0.017578125 0.734375
vt 0.015625 0.734375
vt 0.015625 0.640625
vt 0.017578125 0.640625
f 823/2461 824/2462 820/2463 819/2464
vt 0.015625 0.578125
vt 0.013671875 0.578125
vt 0.013671875 0.640625
vt 0.015625 0.640625
f 819/2465 820/2466 817/2467 818/2468
vt 0.029296875 0.578125
vt 0.02734375 0.578125
vt 0.02734375 0.640625
vt 0.029296875 0.640625
f 824/2469 823/2470 822/2471 821/2472
o ammoModel3
v 10.3 2.799998 0.7499999
v 12.3 2.799998 0.7499999
v 12.3 0.799998 0.7499999
v 10.3 0.799998 0.7499999
v 10.3 2.799998 0.9499999
v 12.3 2.799998 0.9499999
v 12.3 0.799998 0.9499999
v 10.3 0.799998 0.9499999
vt 0.947265625 0.8125
vt 0.9453125 0.8125
vt 0.9453125 0.84375
vt 0.947265625 0.84375
f 831/2473 827/2474 826/2475 830/2476
vt 0.94140625 0.8125
vt 0.939453125 0.8125
vt 0.939453125 0.84375
vt 0.94140625 0.84375
f 828/2477 832/2478 829/2479 825/2480
vt 0.9453125 0.84375
vt 0.94140625 0.84375
vt 0.94140625 0.859375
vt 0.9453125 0.859375
f 826/2481 825/2482 829/2483 830/2484
vt 0.94921875 0.859375
vt 0.9453125 0.859375
vt 0.9453125 0.84375
vt 0.94921875 0.84375
f 831/2485 832/2486 828/2487 827/2488
vt 0.9453125 0.8125
vt 0.94140625 0.8125
vt 0.94140625 0.84375
vt 0.9453125 0.84375
f 827/2489 828/2490 825/2491 826/2492
vt 0.951171875 0.8125
vt 0.947265625 0.8125
vt 0.947265625 0.84375
vt 0.951171875 0.84375
f 832/2493 831/2494 830/2495 829/2496
o ammoModel4
v 10.3 2.799998 6.55
v 12.3 2.799998 6.55
v 12.3 0.799998 6.55
v 10.3 0.799998 6.55
v 10.3 2.799998 6.75
v 12.3 2.799998 6.75
v 12.3 0.799998 6.75
v 10.3 0.799998 6.75
vt 0.994140625 0.8125
vt 0.9921875 0.8125
vt 0.9921875 0.84375
vt 0.994140625 0.84375
f 839/2497 835/2498 834/2499 838/2500
vt 0.98828125 0.8125
vt 0.986328125 0.8125
vt 0.986328125 0.84375
vt 0.98828125 0.84375
f 836/2501 840/2502 837/2503 833/2504
vt 0.9921875 0.84375
vt 0.98828125 0.84375
vt 0.98828125 0.859375
vt 0.9921875 0.859375
f 834/2505 833/2506 837/2507 838/2508
vt 0.99609375 0.859375
vt 0.9921875 0.859375
vt 0.9921875 0.84375
vt 0.99609375 0.84375
f 839/2509 840/2510 836/2511 835/2512
vt 0.9921875 0.8125
vt 0.98828125 0.8125
vt 0.98828125 0.84375
vt 0.9921875 0.84375
f 835/2513 836/2514 833/2515 834/2516
vt 0.998046875 0.8125
vt 0.994140625 0.8125
vt 0.994140625 0.84375
vt 0.998046875 0.84375
f 840/2517 839/2518 838/2519 837/2520
o ammoModel5
v 10.05 2.599024 6.777903
v 12.55 2.599024 6.777903
v 12.55 2.798537 6.791854
v 10.05 2.798537 6.791854
v 10.05 3.017565 0.7925186
v 12.55 3.017565 0.7925186
v 12.55 3.217078 0.80647
v 10.05 3.217078 0.80647
vt 0.0625 0.625
vt 0.05078125 0.625
vt 0.05078125 0.640625
vt 0.0625 0.640625
f 847/2521 843/2522 842/2523 846/2524
vt 0.044921875 0.625
vt 0.033203125 0.625
vt 0.033203125 0.640625
vt 0.044921875 0.640625
f 844/2525 848/2526 845/2527 841/2528
vt 0.05078125 0.640625
vt 0.044921875 0.640625
vt 0.044921875 0.734375
vt 0.05078125 0.734375
f 842/2529 841/2530 845/2531 846/2532
vt 0.056640625 0.734375
vt 0.05078125 0.734375
vt 0.05078125 0.640625
vt 0.056640625 0.640625
f 847/2533 848/2534 844/2535 843/2536
vt 0.05078125 0.625
vt 0.044921875 0.625
vt 0.044921875 0.640625
vt 0.05078125 0.640625
f 843/2537 844/2538 841/2539 842/2540
vt 0.068359375 0.625
vt 0.0625 0.625
vt 0.0625 0.640625
vt 0.068359375 0.640625
f 848/2541 847/2542 846/2543 845/2544
o ammoModel6
v 11.42 3.009999 0.7899999
v 11.57 2.979999 0.7999999
v 11.57 2.949999 0.7699999
v 11.42 2.949999 0.7299999
v 11.42 3.009999 0.9099999
v 11.57 2.979999 0.8999999
v 11.57 2.949999 0.9299999
v 11.42 2.949999 0.9699999
vt 0.9609375 0.828125
vt 0.958984375 0.828125
vt 0.958984375 0.84375
vt 0.9609375 0.84375
f 855/2545 851/2546 850/2547 854/2548
vt 0.95703125 0.828125
vt 0.955078125 0.828125
vt 0.955078125 0.84375
vt 0.95703125 0.84375
f 852/2549 856/2550 853/2551 849/2552
vt 0.958984375 0.84375
vt 0.95703125 0.84375
vt 0.95703125 0.859375
vt 0.958984375 0.859375
f 850/2553 849/2554 853/2555 854/2556
vt 0.9609375 0.859375
vt 0.958984375 0.859375
vt 0.958984375 0.84375
vt 0.9609375 0.84375
f 855/2557 856/2558 852/2559 851/2560
vt 0.958984375 0.828125
vt 0.95703125 0.828125
vt 0.95703125 0.84375
vt 0.958984375 0.84375
f 851/2561 852/2562 849/2563 850/2564
vt 0.962890625 0.828125
vt 0.9609375 0.828125
vt 0.9609375 0.84375
vt 0.962890625 0.84375
f 856/2565 855/2566 854/2567 853/2568
o ammoModel7
v 11.95 2.969999 0.8099999
v 12.25 2.909999 0.8399999
v 12.25 2.909999 0.8399999
v 11.95 2.929999 0.7749999
v 11.95 2.969999 0.8899999
v 12.25 2.909999 0.8599999
v 12.25 2.909999 0.8599999
v 11.95 2.929999 0.9249999
vt 0.0078125 0.703125
vt 0.005859375 0.703125
vt 0.005859375 0.71875
vt 0.0078125 0.71875
f 863/2569 859/2570 858/2571 862/2572
vt 0.00390625 0.703125
vt 0.001953125 0.703125
vt 0.001953125 0.71875
vt 0.00390625 0.71875
f 860/2573 864/2574 861/2575 857/2576
vt 0.005859375 0.71875
vt 0.00390625 0.71875
vt 0.00390625 0.734375
vt 0.005859375 0.734375
f 858/2577 857/2578 861/2579 862/2580
vt 0.0078125 0.734375
vt 0.005859375 0.734375
vt 0.005859375 0.71875
vt 0.0078125 0.71875
f 863/2581 864/2582 860/2583 859/2584
vt 0.005859375 0.703125
vt 0.00390625 0.703125
vt 0.00390625 0.71875
vt 0.005859375 0.71875
f 859/2585 860/2586 857/2587 858/2588
vt 0.009765625 0.703125
vt 0.0078125 0.703125
vt 0.0078125 0.71875
vt 0.009765625 0.71875
f 864/2589 863/2590 862/2591 861/2592
o ammoModel8
v 11.95 2.929999 0.7749999
v 12.25 2.909999 0.8399999
v 12.25 2.889999 0.8399999
v 11.95 2.869999 0.7749999
v 11.95 2.929999 0.9249999
v 12.25 2.909999 0.8599999
v 12.25 2.889999 0.8599999
v 11.95 2.869999 0.9249999
vt 0.0390625 0.703125
vt 0.037109375 0.703125
vt 0.037109375 0.71875
vt 0.0390625 0.71875
f 871/2593 867/2594 866/2595 870/2596
vt 0.03515625 0.703125
vt 0.033203125 0.703125
vt 0.033203125 0.71875
vt 0.03515625 0.71875
f 868/2597 872/2598 869/2599 865/2600
vt 0.037109375 0.71875
vt 0.03515625 0.71875
vt 0.03515625 0.734375
vt 0.037109375 0.734375
f 866/2601 865/2602 869/2603 870/2604
vt 0.0390625 0.734375
vt 0.037109375 0.734375
vt 0.037109375 0.71875
vt 0.0390625 0.71875
f 871/2605 872/2606 868/2607 867/2608
vt 0.037109375 0.703125
vt 0.03515625 0.703125
vt 0.03515625 0.71875
vt 0.037109375 0.71875
f 867/2609 868/2610 865/2611 866/2612
vt 0.041015625 0.703125
vt 0.0390625 0.703125
vt 0.0390625 0.71875
vt 0.041015625 0.71875
f 872/2613 871/2614 870/2615 869/2616
o ammoModel9
v 11.95 2.869999 0.7749999
v 12.25 2.889999 0.8399999
v 12.25 2.889999 0.8399999
v 11.95 2.829999 0.8099999
v 11.95 2.869999 0.9249999
v 12.25 2.889999 0.8599999
v 12.25 2.889999 0.8599999
v 11.95 2.829999 0.8899999
vt 0.0703125 0.703125
vt 0.068359375 0.703125
vt 0.068359375 0.71875
vt 0.0703125 0.71875
f 879/2617 875/2618 874/2619 878/2620
vt 0.06640625 0.703125
vt 0.064453125 0.703125
vt 0.064453125 0.71875
vt 0.06640625 0.71875
f 876/2621 880/2622 877/2623 873/2624
vt 0.068359375 0.71875
vt 0.06640625 0.71875
vt 0.06640625 0.734375
vt 0.068359375 0.734375
f 874/2625 873/2626 877/2627 878/2628
vt 0.0703125 0.734375
vt 0.068359375 0.734375
vt 0.068359375 0.71875
vt 0.0703125 0.71875
f 879/2629 880/2630 876/2631 875/2632
vt 0.068359375 0.703125
vt 0.06640625 0.703125
vt 0.06640625 0.71875
vt 0.068359375 0.71875
f 875/2633 876/2634 873/2635 874/2636
vt 0.072265625 0.703125
vt 0.0703125 0.703125
vt 0.0703125 0.71875
vt 0.072265625 0.71875
f 880/2637 879/2638 878/2639 877/2640
o ammoModel10
v 11.75 2.869999 0.7749999
v 11.95 2.869999 0.7749999
v 11.95 2.829999 0.8099999
v 11.75 2.829999 0.8099999
v 11.75 2.869999 0.9249999
v 11.95 2.869999 0.9249999
v 11.95 2.829999 0.8899999
v 11.75 2.829999 0.8899999
vt 0.0859375 0.703125
vt 0.083984375 0.703125
vt 0.083984375 0.71875
vt 0.0859375 0.71875
f 887/2641 883/2642 882/2643 886/2644
vt 0.08203125 0.703125
vt 0.080078125 0.703125
vt 0.080078125 0.71875
vt 0.08203125 0.71875
f 884/2645 888/2646 885/2647 881/2648
vt 0.083984375 0.71875
vt 0.08203125 0.71875
vt 0.08203125 0.734375
vt 0.083984375 0.734375
f 882/2649 881/2650 885/2651 886/2652
vt 0.0859375 0.734375
vt 0.083984375 0.734375
vt 0.083984375 0.71875
vt 0.0859375 0.71875
f 887/2653 888/2654 884/2655 883/2656
vt 0.083984375 0.703125
vt 0.08203125 0.703125
vt 0.08203125 0.71875
vt 0.083984375 0.71875
f 883/2657 884/2658 881/2659 882/2660
vt 0.087890625 0.703125
vt 0.0859375 0.703125
vt 0.0859375 0.71875
vt 0.087890625 0.71875
f 888/2661 887/2662 886/2663 885/2664
o ammoModel11
v 11.75 2.929999 0.7749999
v 11.95 2.929999 0.7749999
v 11.95 2.869999 0.7749999
v 11.75 2.869999 0.7749999
v 11.75 2.929999 0.9249999
v 11.95 2.929999 0.9249999
v 11.95 2.869999 0.9249999
v 11.75 2.869999 0.9249999
vt 0.1015625 0.703125
vt 0.099609375 0.703125
vt 0.099609375 0.71875
vt 0.1015625 0.71875
f 895/2665 891/2666 890/2667 894/2668
vt 0.09765625 0.703125
vt 0.095703125 0.703125
vt 0.095703125 0.71875
vt 0.09765625 0.71875
f 892/2669 896/2670 893/2671 889/2672
vt 0.099609375 0.71875
vt 0.09765625 0.71875
vt 0.09765625 0.734375
vt 0.099609375 0.734375
f 890/2673 889/2674 893/2675 894/2676
vt 0.1015625 0.734375
vt 0.099609375 0.734375
vt 0.099609375 0.71875
vt 0.1015625 0.71875
f 895/2677 896/2678 892/2679 891/2680
vt 0.099609375 0.703125
vt 0.09765625 0.703125
vt 0.09765625 0.71875
vt 0.099609375 0.71875
f 891/2681 892/2682 889/2683 890/2684
vt 0.103515625 0.703125
vt 0.1015625 0.703125
vt 0.1015625 0.71875
vt 0.103515625 0.71875
f 896/2685 895/2686 894/2687 893/2688
o ammoModel12
v 11.75 2.969999 0.8099999
v 11.95 2.969999 0.8099999
v 11.95 2.929999 0.7749999
v 11.75 2.929999 0.7749999
v 11.75 2.969999 0.8899999
v 11.95 2.969999 0.8899999
v 11.95 2.929999 0.9249999
v 11.75 2.929999 0.9249999
vt 0.1171875 0.703125
vt 0.115234375 0.703125
vt 0.115234375 0.71875
vt 0.1171875 0.71875
f 903/2689 899/2690 898/2691 902/2692
vt 0.11328125 0.703125
vt 0.111328125 0.703125
vt 0.111328125 0.71875
vt 0.11328125 0.71875
f 900/2693 904/2694 901/2695 897/2696
vt 0.115234375 0.71875
vt 0.11328125 0.71875
vt 0.11328125 0.734375
vt 0.115234375 0.734375
f 898/2697 897/2698 901/2699 902/2700
vt 0.1171875 0.734375
vt 0.115234375 0.734375
vt 0.115234375 0.71875
vt 0.1171875 0.71875
f 903/2701 904/2702 900/2703 899/2704
vt 0.115234375 0.703125
vt 0.11328125 0.703125
vt 0.11328125 0.71875
vt 0.115234375 0.71875
f 899/2705 900/2706 897/2707 898/2708
vt 0.119140625 0.703125
vt 0.1171875 0.703125
vt 0.1171875 0.71875
vt 0.119140625 0.71875
f 904/2709 903/2710 902/2711 901/2712
o ammoModel13
v 11.55 2.979999 0.7999999
v 11.75 2.979999 0.7999999
v 11.75 2.949999 0.7699999
v 11.55 2.949999 0.7699999
v 11.55 2.979999 0.8999999
v 11.75 2.979999 0.8999999
v 11.75 2.949999 0.9299999
v 11.55 2.949999 0.9299999
vt 0.1328125 0.703125
vt 0.130859375 0.703125
vt 0.130859375 0.71875
vt 0.1328125 0.71875
f 911/2713 907/2714 906/2715 910/2716
vt 0.12890625 0.703125
vt 0.126953125 0.703125
vt 0.126953125 0.71875
vt 0.12890625 0.71875
f 908/2717 912/2718 909/2719 905/2720
vt 0.130859375 0.71875
vt 0.12890625 0.71875
vt 0.12890625 0.734375
vt 0.130859375 0.734375
f 906/2721 905/2722 909/2723 910/2724
vt 0.1328125 0.734375
vt 0.130859375 0.734375
vt 0.130859375 0.71875
vt 0.1328125 0.71875
f 911/2725 912/2726 908/2727 907/2728
vt 0.130859375 0.703125
vt 0.12890625 0.703125
vt 0.12890625 0.71875
vt 0.130859375 0.71875
f 907/2729 908/2730 905/2731 906/2732
vt 0.134765625 0.703125
vt 0.1328125 0.703125
vt 0.1328125 0.71875
vt 0.134765625 0.71875
f 912/2733 911/2734 910/2735 909/2736
o ammoModel14
v 11.55 2.949999 0.7699999
v 11.75 2.949999 0.7699999
v 11.75 2.849999 0.7699999
v 11.55 2.849999 0.7699999
v 11.55 2.949999 0.9299999
v 11.75 2.949999 0.9299999
v 11.75 2.849999 0.9299999
v 11.55 2.849999 0.9299999
vt 0.1484375 0.703125
vt 0.146484375 0.703125
vt 0.146484375 0.71875
vt 0.1484375 0.71875
f 919/2737 915/2738 914/2739 918/2740
vt 0.14453125 0.703125
vt 0.142578125 0.703125
vt 0.142578125 0.71875
vt 0.14453125 0.71875
f 916/2741 920/2742 917/2743 913/2744
vt 0.146484375 0.71875
vt 0.14453125 0.71875
vt 0.14453125 0.734375
vt 0.146484375 0.734375
f 914/2745 913/2746 917/2747 918/2748
vt 0.1484375 0.734375
vt 0.146484375 0.734375
vt 0.146484375 0.71875
vt 0.1484375 0.71875
f 919/2749 920/2750 916/2751 915/2752
vt 0.146484375 0.703125
vt 0.14453125 0.703125
vt 0.14453125 0.71875
vt 0.146484375 0.71875
f 915/2753 916/2754 913/2755 914/2756
vt 0.150390625 0.703125
vt 0.1484375 0.703125
vt 0.1484375 0.71875
vt 0.150390625 0.71875
f 920/2757 919/2758 918/2759 917/2760
o ammoModel15
v 11.55 2.849999 0.7699999
v 11.75 2.849999 0.7699999
v 11.75 2.819999 0.7999999
v 11.55 2.819999 0.7999999
v 11.55 2.849999 0.9299999
v 11.75 2.849999 0.9299999
v 11.75 2.819999 0.8999999
v 11.55 2.819999 0.8999999
vt 0.1640625 0.703125
vt 0.162109375 0.703125
vt 0.162109375 0.71875
vt 0.1640625 0.71875
f 927/2761 923/2762 922/2763 926/2764
vt 0.16015625 0.703125
vt 0.158203125 0.703125
vt 0.158203125 0.71875
vt 0.16015625 0.71875
f 924/2765 928/2766 925/2767 921/2768
vt 0.162109375 0.71875
vt 0.16015625 0.71875
vt 0.16015625 0.734375
vt 0.162109375 0.734375
f 922/2769 921/2770 925/2771 926/2772
vt 0.1640625 0.734375
vt 0.162109375 0.734375
vt 0.162109375 0.71875
vt 0.1640625 0.71875
f 927/2773 928/2774 924/2775 923/2776
vt 0.162109375 0.703125
vt 0.16015625 0.703125
vt 0.16015625 0.71875
vt 0.162109375 0.71875
f 923/2777 924/2778 921/2779 922/2780
vt 0.166015625 0.703125
vt 0.1640625 0.703125
vt 0.1640625 0.71875
vt 0.166015625 0.71875
f 928/2781 927/2782 926/2783 925/2784
o ammoModel16
v 11.42 2.849999 0.7299999
v 11.57 2.849999 0.7699999
v 11.57 2.819999 0.8099999
v 11.42 2.789999 0.7899999
v 11.42 2.849999 0.9699999
v 11.57 2.849999 0.9299999
v 11.57 2.819999 0.8899999
v 11.42 2.789999 0.9099999
vt 0.1796875 0.703125
vt 0.177734375 0.703125
vt 0.177734375 0.71875
vt 0.1796875 0.71875
f 935/2785 931/2786 930/2787 934/2788
vt 0.17578125 0.703125
vt 0.173828125 0.703125
vt 0.173828125 0.71875
vt 0.17578125 0.71875
f 932/2789 936/2790 933/2791 929/2792
vt 0.177734375 0.71875
vt 0.17578125 0.71875
vt 0.17578125 0.734375
vt 0.177734375 0.734375
f 930/2793 929/2794 933/2795 934/2796
vt 0.1796875 0.734375
vt 0.177734375 0.734375
vt 0.177734375 0.71875
vt 0.1796875 0.71875
f 935/2797 936/2798 932/2799 931/2800
vt 0.177734375 0.703125
vt 0.17578125 0.703125
vt 0.17578125 0.71875
vt 0.177734375 0.71875
f 931/2801 932/2802 929/2803 930/2804
vt 0.181640625 0.703125
vt 0.1796875 0.703125
vt 0.1796875 0.71875
vt 0.181640625 0.71875
f 936/2805 935/2806 934/2807 933/2808
o ammoModel17
v 11.42 2.949999 0.7299999
v 11.57 2.949999 0.7699999
v 11.57 2.849999 0.7699999
v 11.42 2.849999 0.7299999
v 11.42 2.949999 0.9699999
v 11.57 2.949999 0.9299999
v 11.57 2.849999 0.9299999
v 11.42 2.849999 0.9699999
vt 0.1953125 0.703125
vt 0.193359375 0.703125
vt 0.193359375 0.71875
vt 0.1953125 0.71875
f 943/2809 939/2810 938/2811 942/2812
vt 0.19140625 0.703125
vt 0.189453125 0.703125
vt 0.189453125 0.71875
vt 0.19140625 0.71875
f 940/2813 944/2814 941/2815 937/2816
vt 0.193359375 0.71875
vt 0.19140625 0.71875
vt 0.19140625 0.734375
vt 0.193359375 0.734375
f 938/2817 937/2818 941/2819 942/2820
vt 0.1953125 0.734375
vt 0.193359375 0.734375
vt 0.193359375 0.71875
vt 0.1953125 0.71875
f 943/2821 944/2822 940/2823 939/2824
vt 0.193359375 0.703125
vt 0.19140625 0.703125
vt 0.19140625 0.71875
vt 0.193359375 0.71875
f 939/2825 940/2826 937/2827 938/2828
vt 0.197265625 0.703125
vt 0.1953125 0.703125
vt 0.1953125 0.71875
vt 0.197265625 0.71875
f 944/2829 943/2830 942/2831 941/2832
o ammoModel18
v 10.2 3.009999 0.7999999
v 11.42 3.009999 0.7999999
v 11.42 2.949999 0.7299999
v 10.2 2.949999 0.7299999
v 10.2 3.009999 0.8999999
v 11.42 3.009999 0.8999999
v 11.42 2.949999 0.9699999
v 10.2 2.949999 0.9699999
vt 0.2109375 0.703125
vt 0.208984375 0.703125
vt 0.208984375 0.71875
vt 0.2109375 0.71875
f 951/2833 947/2834 946/2835 950/2836
vt 0.20703125 0.703125
vt 0.205078125 0.703125
vt 0.205078125 0.71875
vt 0.20703125 0.71875
f 948/2837 952/2838 949/2839 945/2840
vt 0.208984375 0.71875
vt 0.20703125 0.71875
vt 0.20703125 0.734375
vt 0.208984375 0.734375
f 946/2841 945/2842 949/2843 950/2844
vt 0.2109375 0.734375
vt 0.208984375 0.734375
vt 0.208984375 0.71875
vt 0.2109375 0.71875
f 951/2845 952/2846 948/2847 947/2848
vt 0.208984375 0.703125
vt 0.20703125 0.703125
vt 0.20703125 0.71875
vt 0.208984375 0.71875
f 947/2849 948/2850 945/2851 946/2852
vt 0.212890625 0.703125
vt 0.2109375 0.703125
vt 0.2109375 0.71875
vt 0.212890625 0.71875
f 952/2853 951/2854 950/2855 949/2856
o ammoModel19
v 10.2 2.949999 0.7299999
v 11.42 2.949999 0.7299999
v 11.42 2.849999 0.7299999
v 10.2 2.849999 0.7299999
v 10.2 2.949999 0.9699999
v 11.42 2.949999 0.9699999
v 11.42 2.849999 0.9699999
v 10.2 2.849999 0.9699999
vt 0.2265625 0.703125
vt 0.224609375 0.703125
vt 0.224609375 0.71875
vt 0.2265625 0.71875
f 959/2857 955/2858 954/2859 958/2860
vt 0.22265625 0.703125
vt 0.220703125 0.703125
vt 0.220703125 0.71875
vt 0.22265625 0.71875
f 956/2861 960/2862 957/2863 953/2864
vt 0.224609375 0.71875
vt 0.22265625 0.71875
vt 0.22265625 0.734375
vt 0.224609375 0.734375
f 954/2865 953/2866 957/2867 958/2868
vt 0.2265625 0.734375
vt 0.224609375 0.734375
vt 0.224609375 0.71875
vt 0.2265625 0.71875
f 959/2869 960/2870 956/2871 955/2872
vt 0.224609375 0.703125
vt 0.22265625 0.703125
vt 0.22265625 0.71875
vt 0.224609375 0.71875
f 955/2873 956/2874 953/2875 954/2876
vt 0.228515625 0.703125
vt 0.2265625 0.703125
vt 0.2265625 0.71875
vt 0.228515625 0.71875
f 960/2877 959/2878 958/2879 957/2880
o ammoModel20
v 10.2 2.849999 0.7299999
v 11.42 2.849999 0.7299999
v 11.42 2.789999 0.7999999
v 10.2 2.789999 0.7999999
v 10.2 2.849999 0.9699999
v 11.42 2.849999 0.9699999
v 11.42 2.789999 0.8999999
v 10.2 2.789999 0.8999999
vt 0.2421875 0.703125
vt 0.240234375 0.703125
vt 0.240234375 0.71875
vt 0.2421875 0.71875
f 967/2881 963/2882 962/2883 966/2884
vt 0.23828125 0.703125
vt 0.236328125 0.703125
vt 0.236328125 0.71875
vt 0.23828125 0.71875
f 964/2885 968/2886 965/2887 961/2888
vt 0.240234375 0.71875
vt 0.23828125 0.71875
vt 0.23828125 0.734375
vt 0.240234375 0.734375
f 962/2889 961/2890 965/2891 966/2892
vt 0.2421875 0.734375
vt 0.240234375 0.734375
vt 0.240234375 0.71875
vt 0.2421875 0.71875
f 967/2893 968/2894 964/2895 963/2896
vt 0.240234375 0.703125
vt 0.23828125 0.703125
vt 0.23828125 0.71875
vt 0.240234375 0.71875
f 963/2897 964/2898 961/2899 962/2900
vt 0.244140625 0.703125
vt 0.2421875 0.703125
vt 0.2421875 0.71875
vt 0.244140625 0.71875
f 968/2901 967/2902 966/2903 965/2904
o ammoModel21
v 11.42 2.859999 0.99
v 11.57 2.829999 1
v 11.57 2.799999 0.97
v 11.42 2.799999 0.93
v 11.42 2.859999 1.11
v 11.57 2.829999 1.1
v 11.57 2.799999 1.13
v 11.42 2.799999 1.17
vt 0.2578125 0.703125
vt 0.255859375 0.703125
vt 0.255859375 0.71875
vt 0.2578125 0.71875
f 975/2905 971/2906 970/2907 974/2908
vt 0.25390625 0.703125
vt 0.251953125 0.703125
vt 0.251953125 0.71875
vt 0.25390625 0.71875
f 972/2909 976/2910 973/2911 969/2912
vt 0.255859375 0.71875
vt 0.25390625 0.71875
vt 0.25390625 0.734375
vt 0.255859375 0.734375
f 970/2913 969/2914 973/2915 974/2916
vt 0.2578125 0.734375
vt 0.255859375 0.734375
vt 0.255859375 0.71875
vt 0.2578125 0.71875
f 975/2917 976/2918 972/2919 971/2920
vt 0.255859375 0.703125
vt 0.25390625 0.703125
vt 0.25390625 0.71875
vt 0.255859375 0.71875
f 971/2921 972/2922 969/2923 970/2924
vt 0.259765625 0.703125
vt 0.2578125 0.703125
vt 0.2578125 0.71875
vt 0.259765625 0.71875
f 976/2925 975/2926 974/2927 973/2928
o ammoModel22
v 11.95 2.819999 1.01
v 12.25 2.759999 1.04
v 12.25 2.759999 1.04
v 11.95 2.779999 0.975
v 11.95 2.819999 1.09
v 12.25 2.759999 1.06
v 12.25 2.759999 1.06
v 11.95 2.779999 1.125
vt 0.2734375 0.703125
vt 0.271484375 0.703125
vt 0.271484375 0.71875
vt 0.2734375 0.71875
f 983/2929 979/2930 978/2931 982/2932
vt 0.26953125 0.703125
vt 0.267578125 0.703125
vt 0.267578125 0.71875
vt 0.26953125 0.71875
f 980/2933 984/2934 981/2935 977/2936
vt 0.271484375 0.71875
vt 0.26953125 0.71875
vt 0.26953125 0.734375
vt 0.271484375 0.734375
f 978/2937 977/2938 981/2939 982/2940
vt 0.2734375 0.734375
vt 0.271484375 0.734375
vt 0.271484375 0.71875
vt 0.2734375 0.71875
f 983/2941 984/2942 980/2943 979/2944
vt 0.271484375 0.703125
vt 0.26953125 0.703125
vt 0.26953125 0.71875
vt 0.271484375 0.71875
f 979/2945 980/2946 977/2947 978/2948
vt 0.275390625 0.703125
vt 0.2734375 0.703125
vt 0.2734375 0.71875
vt 0.275390625 0.71875
f 984/2949 983/2950 982/2951 981/2952
o ammoModel23
v 11.95 2.779999 0.975
v 12.25 2.759999 1.04
v 12.25 2.739999 1.04
v 11.95 2.719999 0.975
v 11.95 2.779999 1.125
v 12.25 2.759999 1.06
v 12.25 2.739999 1.06
v 11.95 2.719999 1.125
vt 0.2890625 0.703125
vt 0.287109375 0.703125
vt 0.287109375 0.71875
vt 0.2890625 0.71875
f 991/2953 987/2954 986/2955 990/2956
vt 0.28515625 0.703125
vt 0.283203125 0.703125
vt 0.283203125 0.71875
vt 0.28515625 0.71875
f 988/2957 992/2958 989/2959 985/2960
vt 0.287109375 0.71875
vt 0.28515625 0.71875
vt 0.28515625 0.734375
vt 0.287109375 0.734375
f 986/2961 985/2962 989/2963 990/2964
vt 0.2890625 0.734375
vt 0.287109375 0.734375
vt 0.287109375 0.71875
vt 0.2890625 0.71875
f 991/2965 992/2966 988/2967 987/2968
vt 0.287109375 0.703125
vt 0.28515625 0.703125
vt 0.28515625 0.71875
vt 0.287109375 0.71875
f 987/2969 988/2970 985/2971 986/2972
vt 0.291015625 0.703125
vt 0.2890625 0.703125
vt 0.2890625 0.71875
vt 0.291015625 0.71875
f 992/2973 991/2974 990/2975 989/2976
o ammoModel24
v 11.95 2.719999 0.975
v 12.25 2.739999 1.04
v 12.25 2.739999 1.04
v 11.95 2.679999 1.01
v 11.95 2.719999 1.125
v 12.25 2.739999 1.06
v 12.25 2.739999 1.06
v 11.95 2.679999 1.09
vt 0.3046875 0.703125
vt 0.302734375 0.703125
vt 0.302734375 0.71875
vt 0.3046875 0.71875
f 999/2977 995/2978 994/2979 998/2980
vt 0.30078125 0.703125
vt 0.298828125 0.703125
vt 0.298828125 0.71875
vt 0.30078125 0.71875
f 996/2981 1000/2982 997/2983 993/2984
vt 0.302734375 0.71875
vt 0.30078125 0.71875
vt 0.30078125 0.734375
vt 0.302734375 0.734375
f 994/2985 993/2986 997/2987 998/2988
vt 0.3046875 0.734375
vt 0.302734375 0.734375
vt 0.302734375 0.71875
vt 0.3046875 0.71875
f 999/2989 1000/2990 996/2991 995/2992
vt 0.302734375 0.703125
vt 0.30078125 0.703125
vt 0.30078125 0.71875
vt 0.302734375 0.71875
f 995/2993 996/2994 993/2995 994/2996
vt 0.306640625 0.703125
vt 0.3046875 0.703125
vt 0.3046875 0.71875
vt 0.306640625 0.71875
f 1000/2997 999/2998 998/2999 997/3000
o ammoModel25
v 11.75 2.719999 0.975
v 11.95 2.719999 0.975
v 11.95 2.679999 1.01
v 11.75 2.679999 1.01
v 11.75 2.719999 1.125
v 11.95 2.719999 1.125
v 11.95 2.679999 1.09
v 11.75 2.679999 1.09
vt 0.3203125 0.703125
vt 0.318359375 0.703125
vt 0.318359375 0.71875
vt 0.3203125 0.71875
f 1007/3001 1003/3002 1002/3003 1006/3004
vt 0.31640625 0.703125
vt 0.314453125 0.703125
vt 0.314453125 0.71875
vt 0.31640625 0.71875
f 1004/3005 1008/3006 1005/3007 1001/3008
vt 0.318359375 0.71875
vt 0.31640625 0.71875
vt 0.31640625 0.734375
vt 0.318359375 0.734375
f 1002/3009 1001/3010 1005/3011 1006/3012
vt 0.3203125 0.734375
vt 0.318359375 0.734375
vt 0.318359375 0.71875
vt 0.3203125 0.71875
f 1007/3013 1008/3014 1004/3015 1003/3016
vt 0.318359375 0.703125
vt 0.31640625 0.703125
vt 0.31640625 0.71875
vt 0.318359375 0.71875
f 1003/3017 1004/3018 1001/3019 1002/3020
vt 0.322265625 0.703125
vt 0.3203125 0.703125
vt 0.3203125 0.71875
vt 0.322265625 0.71875
f 1008/3021 1007/3022 1006/3023 1005/3024
o ammoModel26
v 11.75 2.779999 0.975
v 11.95 2.779999 0.975
v 11.95 2.719999 0.975
v 11.75 2.719999 0.975
v 11.75 2.779999 1.125
v 11.95 2.779999 1.125
v 11.95 2.719999 1.125
v 11.75 2.719999 1.125
vt 0.3359375 0.703125
vt 0.333984375 0.703125
vt 0.333984375 0.71875
vt 0.3359375 0.71875
f 1015/3025 1011/3026 1010/3027 1014/3028
vt 0.33203125 0.703125
vt 0.330078125 0.703125
vt 0.330078125 0.71875
vt 0.33203125 0.71875
f 1012/3029 1016/3030 1013/3031 1009/3032
vt 0.333984375 0.71875
vt 0.33203125 0.71875
vt 0.33203125 0.734375
vt 0.333984375 0.734375
f 1010/3033 1009/3034 1013/3035 1014/3036
vt 0.3359375 0.734375
vt 0.333984375 0.734375
vt 0.333984375 0.71875
vt 0.3359375 0.71875
f 1015/3037 1016/3038 1012/3039 1011/3040
vt 0.333984375 0.703125
vt 0.33203125 0.703125
vt 0.33203125 0.71875
vt 0.333984375 0.71875
f 1011/3041 1012/3042 1009/3043 1010/3044
vt 0.337890625 0.703125
vt 0.3359375 0.703125
vt 0.3359375 0.71875
vt 0.337890625 0.71875
f 1016/3045 1015/3046 1014/3047 1013/3048
o ammoModel27
v 11.75 2.819999 1.01
v 11.95 2.819999 1.01
v 11.95 2.779999 0.975
v 11.75 2.779999 0.975
v 11.75 2.819999 1.09
v 11.95 2.819999 1.09
v 11.95 2.779999 1.125
v 11.75 2.779999 1.125
vt 0.3515625 0.703125
vt 0.349609375 0.703125
vt 0.349609375 0.71875
vt 0.3515625 0.71875
f 1023/3049 1019/3050 1018/3051 1022/3052
vt 0.34765625 0.703125
vt 0.345703125 0.703125
vt 0.345703125 0.71875
vt 0.34765625 0.71875
f 1020/3053 1024/3054 1021/3055 1017/3056
vt 0.349609375 0.71875
vt 0.34765625 0.71875
vt 0.34765625 0.734375
vt 0.349609375 0.734375
f 1018/3057 1017/3058 1021/3059 1022/3060
vt 0.3515625 0.734375
vt 0.349609375 0.734375
vt 0.349609375 0.71875
vt 0.3515625 0.71875
f 1023/3061 1024/3062 1020/3063 1019/3064
vt 0.349609375 0.703125
vt 0.34765625 0.703125
vt 0.34765625 0.71875
vt 0.349609375 0.71875
f 1019/3065 1020/3066 1017/3067 1018/3068
vt 0.353515625 0.703125
vt 0.3515625 0.703125
vt 0.3515625 0.71875
vt 0.353515625 0.71875
f 1024/3069 1023/3070 1022/3071 1021/3072
o ammoModel28
v 11.55 2.829999 1
v 11.75 2.829999 1
v 11.75 2.799999 0.97
v 11.55 2.799999 0.97
v 11.55 2.829999 1.1
v 11.75 2.829999 1.1
v 11.75 2.799999 1.13
v 11.55 2.799999 1.13
vt 0.3671875 0.703125
vt 0.365234375 0.703125
vt 0.365234375 0.71875
vt 0.3671875 0.71875
f 1031/3073 1027/3074 1026/3075 1030/3076
vt 0.36328125 0.703125
vt 0.361328125 0.703125
vt 0.361328125 0.71875
vt 0.36328125 0.71875
f 1028/3077 1032/3078 1029/3079 1025/3080
vt 0.365234375 0.71875
vt 0.36328125 0.71875
vt 0.36328125 0.734375
vt 0.365234375 0.734375
f 1026/3081 1025/3082 1029/3083 1030/3084
vt 0.3671875 0.734375
vt 0.365234375 0.734375
vt 0.365234375 0.71875
vt 0.3671875 0.71875
f 1031/3085 1032/3086 1028/3087 1027/3088
vt 0.365234375 0.703125
vt 0.36328125 0.703125
vt 0.36328125 0.71875
vt 0.365234375 0.71875
f 1027/3089 1028/3090 1025/3091 1026/3092
vt 0.369140625 0.703125
vt 0.3671875 0.703125
vt 0.3671875 0.71875
vt 0.369140625 0.71875
f 1032/3093 1031/3094 1030/3095 1029/3096
o ammoModel29
v 11.55 2.799999 0.97
v 11.75 2.799999 0.97
v 11.75 2.699999 0.97
v 11.55 2.699999 0.97
v 11.55 2.799999 1.13
v 11.75 2.799999 1.13
v 11.75 2.699999 1.13
v 11.55 2.699999 1.13
vt 0.3828125 0.703125
vt 0.380859375 0.703125
vt 0.380859375 0.71875
vt 0.3828125 0.71875
f 1039/3097 1035/3098 1034/3099 1038/3100
vt 0.37890625 0.703125
vt 0.376953125 0.703125
vt 0.376953125 0.71875
vt 0.37890625 0.71875
f 1036/3101 1040/3102 1037/3103 1033/3104
vt 0.380859375 0.71875
vt 0.37890625 0.71875
vt 0.37890625 0.734375
vt 0.380859375 0.734375
f 1034/3105 1033/3106 1037/3107 1038/3108
vt 0.3828125 0.734375
vt 0.380859375 0.734375
vt 0.380859375 0.71875
vt 0.3828125 0.71875
f 1039/3109 1040/3110 1036/3111 1035/3112
vt 0.380859375 0.703125
vt 0.37890625 0.703125
vt 0.37890625 0.71875
vt 0.380859375 0.71875
f 1035/3113 1036/3114 1033/3115 1034/3116
vt 0.384765625 0.703125
vt 0.3828125 0.703125
vt 0.3828125 0.71875
vt 0.384765625 0.71875
f 1040/3117 1039/3118 1038/3119 1037/3120
o ammoModel30
v 11.55 2.699999 0.97
v 11.75 2.699999 0.97
v 11.75 2.669999 1
v 11.55 2.669999 1
v 11.55 2.699999 1.13
v 11.75 2.699999 1.13
v 11.75 2.669999 1.1
v 11.55 2.669999 1.1
vt 0.3984375 0.703125
vt 0.396484375 0.703125
vt 0.396484375 0.71875
vt 0.3984375 0.71875
f 1047/3121 1043/3122 1042/3123 1046/3124
vt 0.39453125 0.703125
vt 0.392578125 0.703125
vt 0.392578125 0.71875
vt 0.39453125 0.71875
f 1044/3125 1048/3126 1045/3127 1041/3128
vt 0.396484375 0.71875
vt 0.39453125 0.71875
vt 0.39453125 0.734375
vt 0.396484375 0.734375
f 1042/3129 1041/3130 1045/3131 1046/3132
vt 0.3984375 0.734375
vt 0.396484375 0.734375
vt 0.396484375 0.71875
vt 0.3984375 0.71875
f 1047/3133 1048/3134 1044/3135 1043/3136
vt 0.396484375 0.703125
vt 0.39453125 0.703125
vt 0.39453125 0.71875
vt 0.396484375 0.71875
f 1043/3137 1044/3138 1041/3139 1042/3140
vt 0.400390625 0.703125
vt 0.3984375 0.703125
vt 0.3984375 0.71875
vt 0.400390625 0.71875
f 1048/3141 1047/3142 1046/3143 1045/3144
o ammoModel31
v 11.42 2.699999 0.93
v 11.57 2.699999 0.97
v 11.57 2.669999 1.01
v 11.42 2.639999 0.99
v 11.42 2.699999 1.17
v 11.57 2.699999 1.13
v 11.57 2.669999 1.09
v 11.42 2.639999 1.11
vt 0.4140625 0.703125
vt 0.412109375 0.703125
vt 0.412109375 0.71875
vt 0.4140625 0.71875
f 1055/3145 1051/3146 1050/3147 1054/3148
vt 0.41015625 0.703125
vt 0.408203125 0.703125
vt 0.408203125 0.71875
vt 0.41015625 0.71875
f 1052/3149 1056/3150 1053/3151 1049/3152
vt 0.412109375 0.71875
vt 0.41015625 0.71875
vt 0.41015625 0.734375
vt 0.412109375 0.734375
f 1050/3153 1049/3154 1053/3155 1054/3156
vt 0.4140625 0.734375
vt 0.412109375 0.734375
vt 0.412109375 0.71875
vt 0.4140625 0.71875
f 1055/3157 1056/3158 1052/3159 1051/3160
vt 0.412109375 0.703125
vt 0.41015625 0.703125
vt 0.41015625 0.71875
vt 0.412109375 0.71875
f 1051/3161 1052/3162 1049/3163 1050/3164
vt 0.416015625 0.703125
vt 0.4140625 0.703125
vt 0.4140625 0.71875
vt 0.416015625 0.71875
f 1056/3165 1055/3166 1054/3167 1053/3168
o ammoModel32
v 11.42 2.799999 0.93
v 11.57 2.799999 0.97
v 11.57 2.699999 0.97
v 11.42 2.699999 0.93
v 11.42 2.799999 1.17
v 11.57 2.799999 1.13
v 11.57 2.699999 1.13
v 11.42 2.699999 1.17
vt 0.4296875 0.703125
vt 0.427734375 0.703125
vt 0.427734375 0.71875
vt 0.4296875 0.71875
f 1063/3169 1059/3170 1058/3171 1062/3172
vt 0.42578125 0.703125
vt 0.423828125 0.703125
vt 0.423828125 0.71875
vt 0.42578125 0.71875
f 1060/3173 1064/3174 1061/3175 1057/3176
vt 0.427734375 0.71875
vt 0.42578125 0.71875
vt 0.42578125 0.734375
vt 0.427734375 0.734375
f 1058/3177 1057/3178 1061/3179 1062/3180
vt 0.4296875 0.734375
vt 0.427734375 0.734375
vt 0.427734375 0.71875
vt 0.4296875 0.71875
f 1063/3181 1064/3182 1060/3183 1059/3184
vt 0.427734375 0.703125
vt 0.42578125 0.703125
vt 0.42578125 0.71875
vt 0.427734375 0.71875
f 1059/3185 1060/3186 1057/3187 1058/3188
vt 0.431640625 0.703125
vt 0.4296875 0.703125
vt 0.4296875 0.71875
vt 0.431640625 0.71875
f 1064/3189 1063/3190 1062/3191 1061/3192
o ammoModel33
v 10.2 2.859999 1
v 11.42 2.859999 1
v 11.42 2.799999 0.93
v 10.2 2.799999 0.93
v 10.2 2.859999 1.1
v 11.42 2.859999 1.1
v 11.42 2.799999 1.17
v 10.2 2.799999 1.17
vt 0.4453125 0.703125
vt 0.443359375 0.703125
vt 0.443359375 0.71875
vt 0.4453125 0.71875
f 1071/3193 1067/3194 1066/3195 1070/3196
vt 0.44140625 0.703125
vt 0.439453125 0.703125
vt 0.439453125 0.71875
vt 0.44140625 0.71875
f 1068/3197 1072/3198 1069/3199 1065/3200
vt 0.443359375 0.71875
vt 0.44140625 0.71875
vt 0.44140625 0.734375
vt 0.443359375 0.734375
f 1066/3201 1065/3202 1069/3203 1070/3204
vt 0.4453125 0.734375
vt 0.443359375 0.734375
vt 0.443359375 0.71875
vt 0.4453125 0.71875
f 1071/3205 1072/3206 1068/3207 1067/3208
vt 0.443359375 0.703125
vt 0.44140625 0.703125
vt 0.44140625 0.71875
vt 0.443359375 0.71875
f 1067/3209 1068/3210 1065/3211 1066/3212
vt 0.447265625 0.703125
vt 0.4453125 0.703125
vt 0.4453125 0.71875
vt 0.447265625 0.71875
f 1072/3213 1071/3214 1070/3215 1069/3216
o ammoModel34
v 10.2 2.799999 0.93
v 11.42 2.799999 0.93
v 11.42 2.699999 0.93
v 10.2 2.699999 0.93
v 10.2 2.799999 1.17
v 11.42 2.799999 1.17
v 11.42 2.699999 1.17
v 10.2 2.699999 1.17
vt 0.4609375 0.703125
vt 0.458984375 0.703125
vt 0.458984375 0.71875
vt 0.4609375 0.71875
f 1079/3217 1075/3218 1074/3219 1078/3220
vt 0.45703125 0.703125
vt 0.455078125 0.703125
vt 0.455078125 0.71875
vt 0.45703125 0.71875
f 1076/3221 1080/3222 1077/3223 1073/3224
vt 0.458984375 0.71875
vt 0.45703125 0.71875
vt 0.45703125 0.734375
vt 0.458984375 0.734375
f 1074/3225 1073/3226 1077/3227 1078/3228
vt 0.4609375 0.734375
vt 0.458984375 0.734375
vt 0.458984375 0.71875
vt 0.4609375 0.71875
f 1079/3229 1080/3230 1076/3231 1075/3232
vt 0.458984375 0.703125
vt 0.45703125 0.703125
vt 0.45703125 0.71875
vt 0.458984375 0.71875
f 1075/3233 1076/3234 1073/3235 1074/3236
vt 0.462890625 0.703125
vt 0.4609375 0.703125
vt 0.4609375 0.71875
vt 0.462890625 0.71875
f 1080/3237 1079/3238 1078/3239 1077/3240
o ammoModel35
v 10.2 2.699999 0.93
v 11.42 2.699999 0.93
v 11.42 2.639999 1
v 10.2 2.639999 1
v 10.2 2.699999 1.17
v 11.42 2.699999 1.17
v 11.42 2.639999 1.1
v 10.2 2.639999 1.1
vt 0.4765625 0.703125
vt 0.474609375 0.703125
vt 0.474609375 0.71875
vt 0.4765625 0.71875
f 1087/3241 1083/3242 1082/3243 1086/3244
vt 0.47265625 0.703125
vt 0.470703125 0.703125
vt 0.470703125 0.71875
vt 0.47265625 0.71875
f 1084/3245 1088/3246 1085/3247 1081/3248
vt 0.474609375 0.71875
vt 0.47265625 0.71875
vt 0.47265625 0.734375
vt 0.474609375 0.734375
f 1082/3249 1081/3250 1085/3251 1086/3252
vt 0.4765625 0.734375
vt 0.474609375 0.734375
vt 0.474609375 0.71875
vt 0.4765625 0.71875
f 1087/3253 1088/3254 1084/3255 1083/3256
vt 0.474609375 0.703125
vt 0.47265625 0.703125
vt 0.47265625 0.71875
vt 0.474609375 0.71875
f 1083/3257 1084/3258 1081/3259 1082/3260
vt 0.478515625 0.703125
vt 0.4765625 0.703125
vt 0.4765625 0.71875
vt 0.478515625 0.71875
f 1088/3261 1087/3262 1086/3263 1085/3264
o ammoModel36
v 11.42 2.859999 1.29
v 11.57 2.829999 1.3
v 11.57 2.799999 1.27
v 11.42 2.799999 1.23
v 11.42 2.859999 1.41
v 11.57 2.829999 1.4
v 11.57 2.799999 1.43
v 11.42 2.799999 1.47
vt 0.4921875 0.703125
vt 0.490234375 0.703125
vt 0.490234375 0.71875
vt 0.4921875 0.71875
f 1095/3265 1091/3266 1090/3267 1094/3268
vt 0.48828125 0.703125
vt 0.486328125 0.703125
vt 0.486328125 0.71875
vt 0.48828125 0.71875
f 1092/3269 1096/3270 1093/3271 1089/3272
vt 0.490234375 0.71875
vt 0.48828125 0.71875
vt 0.48828125 0.734375
vt 0.490234375 0.734375
f 1090/3273 1089/3274 1093/3275 1094/3276
vt 0.4921875 0.734375
vt 0.490234375 0.734375
vt 0.490234375 0.71875
vt 0.4921875 0.71875
f 1095/3277 1096/3278 1092/3279 1091/3280
vt 0.490234375 0.703125
vt 0.48828125 0.703125
vt 0.48828125 0.71875
vt 0.490234375 0.71875
f 1091/3281 1092/3282 1089/3283 1090/3284
vt 0.494140625 0.703125
vt 0.4921875 0.703125
vt 0.4921875 0.71875
vt 0.494140625 0.71875
f 1096/3285 1095/3286 1094/3287 1093/3288
o ammoModel37
v 11.95 2.819999 1.31
v 12.25 2.759999 1.34
v 12.25 2.759999 1.34
v 11.95 2.779999 1.275
v 11.95 2.819999 1.39
v 12.25 2.759999 1.36
v 12.25 2.759999 1.36
v 11.95 2.779999 1.425
vt 0.5078125 0.703125
vt 0.505859375 0.703125
vt 0.505859375 0.71875
vt 0.5078125 0.71875
f 1103/3289 1099/3290 1098/3291 1102/3292
vt 0.50390625 0.703125
vt 0.501953125 0.703125
vt 0.501953125 0.71875
vt 0.50390625 0.71875
f 1100/3293 1104/3294 1101/3295 1097/3296
vt 0.505859375 0.71875
vt 0.50390625 0.71875
vt 0.50390625 0.734375
vt 0.505859375 0.734375
f 1098/3297 1097/3298 1101/3299 1102/3300
vt 0.5078125 0.734375
vt 0.505859375 0.734375
vt 0.505859375 0.71875
vt 0.5078125 0.71875
f 1103/3301 1104/3302 1100/3303 1099/3304
vt 0.505859375 0.703125
vt 0.50390625 0.703125
vt 0.50390625 0.71875
vt 0.505859375 0.71875
f 1099/3305 1100/3306 1097/3307 1098/3308
vt 0.509765625 0.703125
vt 0.5078125 0.703125
vt 0.5078125 0.71875
vt 0.509765625 0.71875
f 1104/3309 1103/3310 1102/3311 1101/3312
o ammoModel38
v 11.95 2.779999 1.275
v 12.25 2.759999 1.34
v 12.25 2.739999 1.34
v 11.95 2.719999 1.275
v 11.95 2.779999 1.425
v 12.25 2.759999 1.36
v 12.25 2.739999 1.36
v 11.95 2.719999 1.425
vt 0.5234375 0.703125
vt 0.521484375 0.703125
vt 0.521484375 0.71875
vt 0.5234375 0.71875
f 1111/3313 1107/3314 1106/3315 1110/3316
vt 0.51953125 0.703125
vt 0.517578125 0.703125
vt 0.517578125 0.71875
vt 0.51953125 0.71875
f 1108/3317 1112/3318 1109/3319 1105/3320
vt 0.521484375 0.71875
vt 0.51953125 0.71875
vt 0.51953125 0.734375
vt 0.521484375 0.734375
f 1106/3321 1105/3322 1109/3323 1110/3324
vt 0.5234375 0.734375
vt 0.521484375 0.734375
vt 0.521484375 0.71875
vt 0.5234375 0.71875
f 1111/3325 1112/3326 1108/3327 1107/3328
vt 0.521484375 0.703125
vt 0.51953125 0.703125
vt 0.51953125 0.71875
vt 0.521484375 0.71875
f 1107/3329 1108/3330 1105/3331 1106/3332
vt 0.525390625 0.703125
vt 0.5234375 0.703125
vt 0.5234375 0.71875
vt 0.525390625 0.71875
f 1112/3333 1111/3334 1110/3335 1109/3336
o ammoModel39
v 11.95 2.719999 1.275
v 12.25 2.739999 1.34
v 12.25 2.739999 1.34
v 11.95 2.679999 1.31
v 11.95 2.719999 1.425
v 12.25 2.739999 1.36
v 12.25 2.739999 1.36
v 11.95 2.679999 1.39
vt 0.5390625 0.703125
vt 0.537109375 0.703125
vt 0.537109375 0.71875
vt 0.5390625 0.71875
f 1119/3337 1115/3338 1114/3339 1118/3340
vt 0.53515625 0.703125
vt 0.533203125 0.703125
vt 0.533203125 0.71875
vt 0.53515625 0.71875
f 1116/3341 1120/3342 1117/3343 1113/3344
vt 0.537109375 0.71875
vt 0.53515625 0.71875
vt 0.53515625 0.734375
vt 0.537109375 0.734375
f 1114/3345 1113/3346 1117/3347 1118/3348
vt 0.5390625 0.734375
vt 0.537109375 0.734375
vt 0.537109375 0.71875
vt 0.5390625 0.71875
f 1119/3349 1120/3350 1116/3351 1115/3352
vt 0.537109375 0.703125
vt 0.53515625 0.703125
vt 0.53515625 0.71875
vt 0.537109375 0.71875
f 1115/3353 1116/3354 1113/3355 1114/3356
vt 0.541015625 0.703125
vt 0.5390625 0.703125
vt 0.5390625 0.71875
vt 0.541015625 0.71875
f 1120/3357 1119/3358 1118/3359 1117/3360
o ammoModel40
v 11.75 2.719999 1.275
v 11.95 2.719999 1.275
v 11.95 2.679999 1.31
v 11.75 2.679999 1.31
v 11.75 2.719999 1.425
v 11.95 2.719999 1.425
v 11.95 2.679999 1.39
v 11.75 2.679999 1.39
vt 0.5546875 0.703125
vt 0.552734375 0.703125
vt 0.552734375 0.71875
vt 0.5546875 0.71875
f 1127/3361 1123/3362 1122/3363 1126/3364
vt 0.55078125 0.703125
vt 0.548828125 0.703125
vt 0.548828125 0.71875
vt 0.55078125 0.71875
f 1124/3365 1128/3366 1125/3367 1121/3368
vt 0.552734375 0.71875
vt 0.55078125 0.71875
vt 0.55078125 0.734375
vt 0.552734375 0.734375
f 1122/3369 1121/3370 1125/3371 1126/3372
vt 0.5546875 0.734375
vt 0.552734375 0.734375
vt 0.552734375 0.71875
vt 0.5546875 0.71875
f 1127/3373 1128/3374 1124/3375 1123/3376
vt 0.552734375 0.703125
vt 0.55078125 0.703125
vt 0.55078125 0.71875
vt 0.552734375 0.71875
f 1123/3377 1124/3378 1121/3379 1122/3380
vt 0.556640625 0.703125
vt 0.5546875 0.703125
vt 0.5546875 0.71875
vt 0.556640625 0.71875
f 1128/3381 1127/3382 1126/3383 1125/3384
o ammoModel41
v 11.75 2.779999 1.275
v 11.95 2.779999 1.275
v 11.95 2.719999 1.275
v 11.75 2.719999 1.275
v 11.75 2.779999 1.425
v 11.95 2.779999 1.425
v 11.95 2.719999 1.425
v 11.75 2.719999 1.425
vt 0.5703125 0.703125
vt 0.568359375 0.703125
vt 0.568359375 0.71875
vt 0.5703125 0.71875
f 1135/3385 1131/3386 1130/3387 1134/3388
vt 0.56640625 0.703125
vt 0.564453125 0.703125
vt 0.564453125 0.71875
vt 0.56640625 0.71875
f 1132/3389 1136/3390 1133/3391 1129/3392
vt 0.568359375 0.71875
vt 0.56640625 0.71875
vt 0.56640625 0.734375
vt 0.568359375 0.734375
f 1130/3393 1129/3394 1133/3395 1134/3396
vt 0.5703125 0.734375
vt 0.568359375 0.734375
vt 0.568359375 0.71875
vt 0.5703125 0.71875
f 1135/3397 1136/3398 1132/3399 1131/3400
vt 0.568359375 0.703125
vt 0.56640625 0.703125
vt 0.56640625 0.71875
vt 0.568359375 0.71875
f 1131/3401 1132/3402 1129/3403 1130/3404
vt 0.572265625 0.703125
vt 0.5703125 0.703125
vt 0.5703125 0.71875
vt 0.572265625 0.71875
f 1136/3405 1135/3406 1134/3407 1133/3408
o ammoModel42
v 11.75 2.819999 1.31
v 11.95 2.819999 1.31
v 11.95 2.779999 1.275
v 11.75 2.779999 1.275
v 11.75 2.819999 1.39
v 11.95 2.819999 1.39
v 11.95 2.779999 1.425
v 11.75 2.779999 1.425
vt 0.5859375 0.703125
vt 0.583984375 0.703125
vt 0.583984375 0.71875
vt 0.5859375 0.71875
f 1143/3409 1139/3410 1138/3411 1142/3412
vt 0.58203125 0.703125
vt 0.580078125 0.703125
vt 0.580078125 0.71875
vt 0.58203125 0.71875
f 1140/3413 1144/3414 1141/3415 1137/3416
vt 0.583984375 0.71875
vt 0.58203125 0.71875
vt 0.58203125 0.734375
vt 0.583984375 0.734375
f 1138/3417 1137/3418 1141/3419 1142/3420
vt 0.5859375 0.734375
vt 0.583984375 0.734375
vt 0.583984375 0.71875
vt 0.5859375 0.71875
f 1143/3421 1144/3422 1140/3423 1139/3424
vt 0.583984375 0.703125
vt 0.58203125 0.703125
vt 0.58203125 0.71875
vt 0.583984375 0.71875
f 1139/3425 1140/3426 1137/3427 1138/3428
vt 0.587890625 0.703125
vt 0.5859375 0.703125
vt 0.5859375 0.71875
vt 0.587890625 0.71875
f 1144/3429 1143/3430 1142/3431 1141/3432
o ammoModel43
v 11.55 2.829999 1.3
v 11.75 2.829999 1.3
v 11.75 2.799999 1.27
v 11.55 2.799999 1.27
v 11.55 2.829999 1.4
v 11.75 2.829999 1.4
v 11.75 2.799999 1.43
v 11.55 2.799999 1.43
vt 0.6015625 0.703125
vt 0.599609375 0.703125
vt 0.599609375 0.71875
vt 0.6015625 0.71875
f 1151/3433 1147/3434 1146/3435 1150/3436
vt 0.59765625 0.703125
vt 0.595703125 0.703125
vt 0.595703125 0.71875
vt 0.59765625 0.71875
f 1148/3437 1152/3438 1149/3439 1145/3440
vt 0.599609375 0.71875
vt 0.59765625 0.71875
vt 0.59765625 0.734375
vt 0.599609375 0.734375
f 1146/3441 1145/3442 1149/3443 1150/3444
vt 0.6015625 0.734375
vt 0.599609375 0.734375
vt 0.599609375 0.71875
vt 0.6015625 0.71875
f 1151/3445 1152/3446 1148/3447 1147/3448
vt 0.599609375 0.703125
vt 0.59765625 0.703125
vt 0.59765625 0.71875
vt 0.599609375 0.71875
f 1147/3449 1148/3450 1145/3451 1146/3452
vt 0.603515625 0.703125
vt 0.6015625 0.703125
vt 0.6015625 0.71875
vt 0.603515625 0.71875
f 1152/3453 1151/3454 1150/3455 1149/3456
o ammoModel44
v 11.55 2.799999 1.27
v 11.75 2.799999 1.27
v 11.75 2.699999 1.27
v 11.55 2.699999 1.27
v 11.55 2.799999 1.43
v 11.75 2.799999 1.43
v 11.75 2.699999 1.43
v 11.55 2.699999 1.43
vt 0.6171875 0.703125
vt 0.615234375 0.703125
vt 0.615234375 0.71875
vt 0.6171875 0.71875
f 1159/3457 1155/3458 1154/3459 1158/3460
vt 0.61328125 0.703125
vt 0.611328125 0.703125
vt 0.611328125 0.71875
vt 0.61328125 0.71875
f 1156/3461 1160/3462 1157/3463 1153/3464
vt 0.615234375 0.71875
vt 0.61328125 0.71875
vt 0.61328125 0.734375
vt 0.615234375 0.734375
f 1154/3465 1153/3466 1157/3467 1158/3468
vt 0.6171875 0.734375
vt 0.615234375 0.734375
vt 0.615234375 0.71875
vt 0.6171875 0.71875
f 1159/3469 1160/3470 1156/3471 1155/3472
vt 0.615234375 0.703125
vt 0.61328125 0.703125
vt 0.61328125 0.71875
vt 0.615234375 0.71875
f 1155/3473 1156/3474 1153/3475 1154/3476
vt 0.619140625 0.703125
vt 0.6171875 0.703125
vt 0.6171875 0.71875
vt 0.619140625 0.71875
f 1160/3477 1159/3478 1158/3479 1157/3480
o ammoModel45
v 11.55 2.699999 1.27
v 11.75 2.699999 1.27
v 11.75 2.669999 1.3
v 11.55 2.669999 1.3
v 11.55 2.699999 1.43
v 11.75 2.699999 1.43
v 11.75 2.669999 1.4
v 11.55 2.669999 1.4
vt 0.6328125 0.703125
vt 0.630859375 0.703125
vt 0.630859375 0.71875
vt 0.6328125 0.71875
f 1167/3481 1163/3482 1162/3483 1166/3484
vt 0.62890625 0.703125
vt 0.626953125 0.703125
vt 0.626953125 0.71875
vt 0.62890625 0.71875
f 1164/3485 1168/3486 1165/3487 1161/3488
vt 0.630859375 0.71875
vt 0.62890625 0.71875
vt 0.62890625 0.734375
vt 0.630859375 0.734375
f 1162/3489 1161/3490 1165/3491 1166/3492
vt 0.6328125 0.734375
vt 0.630859375 0.734375
vt 0.630859375 0.71875
vt 0.6328125 0.71875
f 1167/3493 1168/3494 1164/3495 1163/3496
vt 0.630859375 0.703125
vt 0.62890625 0.703125
vt 0.62890625 0.71875
vt 0.630859375 0.71875
f 1163/3497 1164/3498 1161/3499 1162/3500
vt 0.634765625 0.703125
vt 0.6328125 0.703125
vt 0.6328125 0.71875
vt 0.634765625 0.71875
f 1168/3501 1167/3502 1166/3503 1165/3504
o ammoModel46
v 11.42 2.699999 1.23
v 11.57 2.699999 1.27
v 11.57 2.669999 1.31
v 11.42 2.639999 1.29
v 11.42 2.699999 1.47
v 11.57 2.699999 1.43
v 11.57 2.669999 1.39
v 11.42 2.639999 1.41
vt 0.6484375 0.703125
vt 0.646484375 0.703125
vt 0.646484375 0.71875
vt 0.6484375 0.71875
f 1175/3505 1171/3506 1170/3507 1174/3508
vt 0.64453125 0.703125
vt 0.642578125 0.703125
vt 0.642578125 0.71875
vt 0.64453125 0.71875
f 1172/3509 1176/3510 1173/3511 1169/3512
vt 0.646484375 0.71875
vt 0.64453125 0.71875
vt 0.64453125 0.734375
vt 0.646484375 0.734375
f 1170/3513 1169/3514 1173/3515 1174/3516
vt 0.6484375 0.734375
vt 0.646484375 0.734375
vt 0.646484375 0.71875
vt 0.6484375 0.71875
f 1175/3517 1176/3518 1172/3519 1171/3520
vt 0.646484375 0.703125
vt 0.64453125 0.703125
vt 0.64453125 0.71875
vt 0.646484375 0.71875
f 1171/3521 1172/3522 1169/3523 1170/3524
vt 0.650390625 0.703125
vt 0.6484375 0.703125
vt 0.6484375 0.71875
vt 0.650390625 0.71875
f 1176/3525 1175/3526 1174/3527 1173/3528
o ammoModel47
v 11.42 2.799999 1.23
v 11.57 2.799999 1.27
v 11.57 2.699999 1.27
v 11.42 2.699999 1.23
v 11.42 2.799999 1.47
v 11.57 2.799999 1.43
v 11.57 2.699999 1.43
v 11.42 2.699999 1.47
vt 0.6640625 0.703125
vt 0.662109375 0.703125
vt 0.662109375 0.71875
vt 0.6640625 0.71875
f 1183/3529 1179/3530 1178/3531 1182/3532
vt 0.66015625 0.703125
vt 0.658203125 0.703125
vt 0.658203125 0.71875
vt 0.66015625 0.71875
f 1180/3533 1184/3534 1181/3535 1177/3536
vt 0.662109375 0.71875
vt 0.66015625 0.71875
vt 0.66015625 0.734375
vt 0.662109375 0.734375
f 1178/3537 1177/3538 1181/3539 1182/3540
vt 0.6640625 0.734375
vt 0.662109375 0.734375
vt 0.662109375 0.71875
vt 0.6640625 0.71875
f 1183/3541 1184/3542 1180/3543 1179/3544
vt 0.662109375 0.703125
vt 0.66015625 0.703125
vt 0.66015625 0.71875
vt 0.662109375 0.71875
f 1179/3545 1180/3546 1177/3547 1178/3548
vt 0.666015625 0.703125
vt 0.6640625 0.703125
vt 0.6640625 0.71875
vt 0.666015625 0.71875
f 1184/3549 1183/3550 1182/3551 1181/3552
o ammoModel48
v 10.2 2.859999 1.3
v 11.42 2.859999 1.3
v 11.42 2.799999 1.23
v 10.2 2.799999 1.23
v 10.2 2.859999 1.4
v 11.42 2.859999 1.4
v 11.42 2.799999 1.47
v 10.2 2.799999 1.47
vt 0.6796875 0.703125
vt 0.677734375 0.703125
vt 0.677734375 0.71875
vt 0.6796875 0.71875
f 1191/3553 1187/3554 1186/3555 1190/3556
vt 0.67578125 0.703125
vt 0.673828125 0.703125
vt 0.673828125 0.71875
vt 0.67578125 0.71875
f 1188/3557 1192/3558 1189/3559 1185/3560
vt 0.677734375 0.71875
vt 0.67578125 0.71875
vt 0.67578125 0.734375
vt 0.677734375 0.734375
f 1186/3561 1185/3562 1189/3563 1190/3564
vt 0.6796875 0.734375
vt 0.677734375 0.734375
vt 0.677734375 0.71875
vt 0.6796875 0.71875
f 1191/3565 1192/3566 1188/3567 1187/3568
vt 0.677734375 0.703125
vt 0.67578125 0.703125
vt 0.67578125 0.71875
vt 0.677734375 0.71875
f 1187/3569 1188/3570 1185/3571 1186/3572
vt 0.681640625 0.703125
vt 0.6796875 0.703125
vt 0.6796875 0.71875
vt 0.681640625 0.71875
f 1192/3573 1191/3574 1190/3575 1189/3576
o ammoModel49
v 10.2 2.799999 1.23
v 11.42 2.799999 1.23
v 11.42 2.699999 1.23
v 10.2 2.699999 1.23
v 10.2 2.799999 1.47
v 11.42 2.799999 1.47
v 11.42 2.699999 1.47
v 10.2 2.699999 1.47
vt 0.6953125 0.703125
vt 0.693359375 0.703125
vt 0.693359375 0.71875
vt 0.6953125 0.71875
f 1199/3577 1195/3578 1194/3579 1198/3580
vt 0.69140625 0.703125
vt 0.689453125 0.703125
vt 0.689453125 0.71875
vt 0.69140625 0.71875
f 1196/3581 1200/3582 1197/3583 1193/3584
vt 0.693359375 0.71875
vt 0.69140625 0.71875
vt 0.69140625 0.734375
vt 0.693359375 0.734375
f 1194/3585 1193/3586 1197/3587 1198/3588
vt 0.6953125 0.734375
vt 0.693359375 0.734375
vt 0.693359375 0.71875
vt 0.6953125 0.71875
f 1199/3589 1200/3590 1196/3591 1195/3592
vt 0.693359375 0.703125
vt 0.69140625 0.703125
vt 0.69140625 0.71875
vt 0.693359375 0.71875
f 1195/3593 1196/3594 1193/3595 1194/3596
vt 0.697265625 0.703125
vt 0.6953125 0.703125
vt 0.6953125 0.71875
vt 0.697265625 0.71875
f 1200/3597 1199/3598 1198/3599 1197/3600
o ammoModel50
v 10.2 2.699999 1.23
v 11.42 2.699999 1.23
v 11.42 2.639999 1.3
v 10.2 2.639999 1.3
v 10.2 2.699999 1.47
v 11.42 2.699999 1.47
v 11.42 2.639999 1.4
v 10.2 2.639999 1.4
vt 0.7109375 0.703125
vt 0.708984375 0.703125
vt 0.708984375 0.71875
vt 0.7109375 0.71875
f 1207/3601 1203/3602 1202/3603 1206/3604
vt 0.70703125 0.703125
vt 0.705078125 0.703125
vt 0.705078125 0.71875
vt 0.70703125 0.71875
f 1204/3605 1208/3606 1205/3607 1201/3608
vt 0.708984375 0.71875
vt 0.70703125 0.71875
vt 0.70703125 0.734375
vt 0.708984375 0.734375
f 1202/3609 1201/3610 1205/3611 1206/3612
vt 0.7109375 0.734375
vt 0.708984375 0.734375
vt 0.708984375 0.71875
vt 0.7109375 0.71875
f 1207/3613 1208/3614 1204/3615 1203/3616
vt 0.708984375 0.703125
vt 0.70703125 0.703125
vt 0.70703125 0.71875
vt 0.708984375 0.71875
f 1203/3617 1204/3618 1201/3619 1202/3620
vt 0.712890625 0.703125
vt 0.7109375 0.703125
vt 0.7109375 0.71875
vt 0.712890625 0.71875
f 1208/3621 1207/3622 1206/3623 1205/3624
o ammoModel51
v 11.42 2.709999 1.54
v 11.57 2.679999 1.55
v 11.57 2.649999 1.52
v 11.42 2.649999 1.48
v 11.42 2.709999 1.66
v 11.57 2.679999 1.65
v 11.57 2.649999 1.68
v 11.42 2.649999 1.72
vt 0.7265625 0.703125
vt 0.724609375 0.703125
vt 0.724609375 0.71875
vt 0.7265625 0.71875
f 1215/3625 1211/3626 1210/3627 1214/3628
vt 0.72265625 0.703125
vt 0.720703125 0.703125
vt 0.720703125 0.71875
vt 0.72265625 0.71875
f 1212/3629 1216/3630 1213/3631 1209/3632
vt 0.724609375 0.71875
vt 0.72265625 0.71875
vt 0.72265625 0.734375
vt 0.724609375 0.734375
f 1210/3633 1209/3634 1213/3635 1214/3636
vt 0.7265625 0.734375
vt 0.724609375 0.734375
vt 0.724609375 0.71875
vt 0.7265625 0.71875
f 1215/3637 1216/3638 1212/3639 1211/3640
vt 0.724609375 0.703125
vt 0.72265625 0.703125
vt 0.72265625 0.71875
vt 0.724609375 0.71875
f 1211/3641 1212/3642 1209/3643 1210/3644
vt 0.728515625 0.703125
vt 0.7265625 0.703125
vt 0.7265625 0.71875
vt 0.728515625 0.71875
f 1216/3645 1215/3646 1214/3647 1213/3648
o ammoModel52
v 11.95 2.669999 1.56
v 12.25 2.609999 1.59
v 12.25 2.609999 1.59
v 11.95 2.629999 1.525
v 11.95 2.669999 1.64
v 12.25 2.609999 1.61
v 12.25 2.609999 1.61
v 11.95 2.629999 1.675
vt 0.7421875 0.703125
vt 0.740234375 0.703125
vt 0.740234375 0.71875
vt 0.7421875 0.71875
f 1223/3649 1219/3650 1218/3651 1222/3652
vt 0.73828125 0.703125
vt 0.736328125 0.703125
vt 0.736328125 0.71875
vt 0.73828125 0.71875
f 1220/3653 1224/3654 1221/3655 1217/3656
vt 0.740234375 0.71875
vt 0.73828125 0.71875
vt 0.73828125 0.734375
vt 0.740234375 0.734375
f 1218/3657 1217/3658 1221/3659 1222/3660
vt 0.7421875 0.734375
vt 0.740234375 0.734375
vt 0.740234375 0.71875
vt 0.7421875 0.71875
f 1223/3661 1224/3662 1220/3663 1219/3664
vt 0.740234375 0.703125
vt 0.73828125 0.703125
vt 0.73828125 0.71875
vt 0.740234375 0.71875
f 1219/3665 1220/3666 1217/3667 1218/3668
vt 0.744140625 0.703125
vt 0.7421875 0.703125
vt 0.7421875 0.71875
vt 0.744140625 0.71875
f 1224/3669 1223/3670 1222/3671 1221/3672
o ammoModel53
v 11.95 2.629999 1.525
v 12.25 2.609999 1.59
v 12.25 2.589999 1.59
v 11.95 2.569999 1.525
v 11.95 2.629999 1.675
v 12.25 2.609999 1.61
v 12.25 2.589999 1.61
v 11.95 2.569999 1.675
vt 0.7578125 0.703125
vt 0.755859375 0.703125
vt 0.755859375 0.71875
vt 0.7578125 0.71875
f 1231/3673 1227/3674 1226/3675 1230/3676
vt 0.75390625 0.703125
vt 0.751953125 0.703125
vt 0.751953125 0.71875
vt 0.75390625 0.71875
f 1228/3677 1232/3678 1229/3679 1225/3680
vt 0.755859375 0.71875
vt 0.75390625 0.71875
vt 0.75390625 0.734375
vt 0.755859375 0.734375
f 1226/3681 1225/3682 1229/3683 1230/3684
vt 0.7578125 0.734375
vt 0.755859375 0.734375
vt 0.755859375 0.71875
vt 0.7578125 0.71875
f 1231/3685 1232/3686 1228/3687 1227/3688
vt 0.755859375 0.703125
vt 0.75390625 0.703125
vt 0.75390625 0.71875
vt 0.755859375 0.71875
f 1227/3689 1228/3690 1225/3691 1226/3692
vt 0.759765625 0.703125
vt 0.7578125 0.703125
vt 0.7578125 0.71875
vt 0.759765625 0.71875
f 1232/3693 1231/3694 1230/3695 1229/3696
o ammoModel54
v 11.95 2.569999 1.525
v 12.25 2.589999 1.59
v 12.25 2.589999 1.59
v 11.95 2.529999 1.56
v 11.95 2.569999 1.675
v 12.25 2.589999 1.61
v 12.25 2.589999 1.61
v 11.95 2.529999 1.64
vt 0.7734375 0.703125
vt 0.771484375 0.703125
vt 0.771484375 0.71875
vt 0.7734375 0.71875
f 1239/3697 1235/3698 1234/3699 1238/3700
vt 0.76953125 0.703125
vt 0.767578125 0.703125
vt 0.767578125 0.71875
vt 0.76953125 0.71875
f 1236/3701 1240/3702 1237/3703 1233/3704
vt 0.771484375 0.71875
vt 0.76953125 0.71875
vt 0.76953125 0.734375
vt 0.771484375 0.734375
f 1234/3705 1233/3706 1237/3707 1238/3708
vt 0.7734375 0.734375
vt 0.771484375 0.734375
vt 0.771484375 0.71875
vt 0.7734375 0.71875
f 1239/3709 1240/3710 1236/3711 1235/3712
vt 0.771484375 0.703125
vt 0.76953125 0.703125
vt 0.76953125 0.71875
vt 0.771484375 0.71875
f 1235/3713 1236/3714 1233/3715 1234/3716
vt 0.775390625 0.703125
vt 0.7734375 0.703125
vt 0.7734375 0.71875
vt 0.775390625 0.71875
f 1240/3717 1239/3718 1238/3719 1237/3720
o ammoModel55
v 11.75 2.569999 1.525
v 11.95 2.569999 1.525
v 11.95 2.529999 1.56
v 11.75 2.529999 1.56
v 11.75 2.569999 1.675
v 11.95 2.569999 1.675
v 11.95 2.529999 1.64
v 11.75 2.529999 1.64
vt 0.7890625 0.703125
vt 0.787109375 0.703125
vt 0.787109375 0.71875
vt 0.7890625 0.71875
f 1247/3721 1243/3722 1242/3723 1246/3724
vt 0.78515625 0.703125
vt 0.783203125 0.703125
vt 0.783203125 0.71875
vt 0.78515625 0.71875
f 1244/3725 1248/3726 1245/3727 1241/3728
vt 0.787109375 0.71875
vt 0.78515625 0.71875
vt 0.78515625 0.734375
vt 0.787109375 0.734375
f 1242/3729 1241/3730 1245/3731 1246/3732
vt 0.7890625 0.734375
vt 0.787109375 0.734375
vt 0.787109375 0.71875
vt 0.7890625 0.71875
f 1247/3733 1248/3734 1244/3735 1243/3736
vt 0.787109375 0.703125
vt 0.78515625 0.703125
vt 0.78515625 0.71875
vt 0.787109375 0.71875
f 1243/3737 1244/3738 1241/3739 1242/3740
vt 0.791015625 0.703125
vt 0.7890625 0.703125
vt 0.7890625 0.71875
vt 0.791015625 0.71875
f 1248/3741 1247/3742 1246/3743 1245/3744
o ammoModel56
v 11.75 2.629999 1.525
v 11.95 2.629999 1.525
v 11.95 2.569999 1.525
v 11.75 2.569999 1.525
v 11.75 2.629999 1.675
v 11.95 2.629999 1.675
v 11.95 2.569999 1.675
v 11.75 2.569999 1.675
vt 0.8046875 0.703125
vt 0.802734375 0.703125
vt 0.802734375 0.71875
vt 0.8046875 0.71875
f 1255/3745 1251/3746 1250/3747 1254/3748
vt 0.80078125 0.703125
vt 0.798828125 0.703125
vt 0.798828125 0.71875
vt 0.80078125 0.71875
f 1252/3749 1256/3750 1253/3751 1249/3752
vt 0.802734375 0.71875
vt 0.80078125 0.71875
vt 0.80078125 0.734375
vt 0.802734375 0.734375
f 1250/3753 1249/3754 1253/3755 1254/3756
vt 0.8046875 0.734375
vt 0.802734375 0.734375
vt 0.802734375 0.71875
vt 0.8046875 0.71875
f 1255/3757 1256/3758 1252/3759 1251/3760
vt 0.802734375 0.703125
vt 0.80078125 0.703125
vt 0.80078125 0.71875
vt 0.802734375 0.71875
f 1251/3761 1252/3762 1249/3763 1250/3764
vt 0.806640625 0.703125
vt 0.8046875 0.703125
vt 0.8046875 0.71875
vt 0.806640625 0.71875
f 1256/3765 1255/3766 1254/3767 1253/3768
o ammoModel57
v 11.75 2.669999 1.56
v 11.95 2.669999 1.56
v 11.95 2.629999 1.525
v 11.75 2.629999 1.525
v 11.75 2.669999 1.64
v 11.95 2.669999 1.64
v 11.95 2.629999 1.675
v 11.75 2.629999 1.675
vt 0.8203125 0.703125
vt 0.818359375 0.703125
vt 0.818359375 0.71875
vt 0.8203125 0.71875
f 1263/3769 1259/3770 1258/3771 1262/3772
vt 0.81640625 0.703125
vt 0.814453125 0.703125
vt 0.814453125 0.71875
vt 0.81640625 0.71875
f 1260/3773 1264/3774 1261/3775 1257/3776
vt 0.818359375 0.71875
vt 0.81640625 0.71875
vt 0.81640625 0.734375
vt 0.818359375 0.734375
f 1258/3777 1257/3778 1261/3779 1262/3780
vt 0.8203125 0.734375
vt 0.818359375 0.734375
vt 0.818359375 0.71875
vt 0.8203125 0.71875
f 1263/3781 1264/3782 1260/3783 1259/3784
vt 0.818359375 0.703125
vt 0.81640625 0.703125
vt 0.81640625 0.71875
vt 0.818359375 0.71875
f 1259/3785 1260/3786 1257/3787 1258/3788
vt 0.822265625 0.703125
vt 0.8203125 0.703125
vt 0.8203125 0.71875
vt 0.822265625 0.71875
f 1264/3789 1263/3790 1262/3791 1261/3792
o ammoModel58
v 11.55 2.679999 1.55
v 11.75 2.679999 1.55
v 11.75 2.649999 1.52
v 11.55 2.649999 1.52
v 11.55 2.679999 1.65
v 11.75 2.679999 1.65
v 11.75 2.649999 1.68
v 11.55 2.649999 1.68
vt 0.8359375 0.703125
vt 0.833984375 0.703125
vt 0.833984375 0.71875
vt 0.8359375 0.71875
f 1271/3793 1267/3794 1266/3795 1270/3796
vt 0.83203125 0.703125
vt 0.830078125 0.703125
vt 0.830078125 0.71875
vt 0.83203125 0.71875
f 1268/3797 1272/3798 1269/3799 1265/3800
vt 0.833984375 0.71875
vt 0.83203125 0.71875
vt 0.83203125 0.734375
vt 0.833984375 0.734375
f 1266/3801 1265/3802 1269/3803 1270/3804
vt 0.8359375 0.734375
vt 0.833984375 0.734375
vt 0.833984375 0.71875
vt 0.8359375 0.71875
f 1271/3805 1272/3806 1268/3807 1267/3808
vt 0.833984375 0.703125
vt 0.83203125 0.703125
vt 0.83203125 0.71875
vt 0.833984375 0.71875
f 1267/3809 1268/3810 1265/3811 1266/3812
vt 0.837890625 0.703125
vt 0.8359375 0.703125
vt 0.8359375 0.71875
vt 0.837890625 0.71875
f 1272/3813 1271/3814 1270/3815 1269/3816
o ammoModel59
v 11.55 2.649999 1.52
v 11.75 2.649999 1.52
v 11.75 2.549999 1.52
v 11.55 2.549999 1.52
v 11.55 2.649999 1.68
v 11.75 2.649999 1.68
v 11.75 2.549999 1.68
v 11.55 2.549999 1.68
vt 0.8515625 0.703125
vt 0.849609375 0.703125
vt 0.849609375 0.71875
vt 0.8515625 0.71875
f 1279/3817 1275/3818 1274/3819 1278/3820
vt 0.84765625 0.703125
vt 0.845703125 0.703125
vt 0.845703125 0.71875
vt 0.84765625 0.71875
f 1276/3821 1280/3822 1277/3823 1273/3824
vt 0.849609375 0.71875
vt 0.84765625 0.71875
vt 0.84765625 0.734375
vt 0.849609375 0.734375
f 1274/3825 1273/3826 1277/3827 1278/3828
vt 0.8515625 0.734375
vt 0.849609375 0.734375
vt 0.849609375 0.71875
vt 0.8515625 0.71875
f 1279/3829 1280/3830 1276/3831 1275/3832
vt 0.849609375 0.703125
vt 0.84765625 0.703125
vt 0.84765625 0.71875
vt 0.849609375 0.71875
f 1275/3833 1276/3834 1273/3835 1274/3836
vt 0.853515625 0.703125
vt 0.8515625 0.703125
vt 0.8515625 0.71875
vt 0.853515625 0.71875
f 1280/3837 1279/3838 1278/3839 1277/3840
o ammoModel60
v 11.55 2.549999 1.52
v 11.75 2.549999 1.52
v 11.75 2.519999 1.55
v 11.55 2.519999 1.55
v 11.55 2.549999 1.68
v 11.75 2.549999 1.68
v 11.75 2.519999 1.65
v 11.55 2.519999 1.65
vt 0.8671875 0.703125
vt 0.865234375 0.703125
vt 0.865234375 0.71875
vt 0.8671875 0.71875
f 1287/3841 1283/3842 1282/3843 1286/3844
vt 0.86328125 0.703125
vt 0.861328125 0.703125
vt 0.861328125 0.71875
vt 0.86328125 0.71875
f 1284/3845 1288/3846 1285/3847 1281/3848
vt 0.865234375 0.71875
vt 0.86328125 0.71875
vt 0.86328125 0.734375
vt 0.865234375 0.734375
f 1282/3849 1281/3850 1285/3851 1286/3852
vt 0.8671875 0.734375
vt 0.865234375 0.734375
vt 0.865234375 0.71875
vt 0.8671875 0.71875
f 1287/3853 1288/3854 1284/3855 1283/3856
vt 0.865234375 0.703125
vt 0.86328125 0.703125
vt 0.86328125 0.71875
vt 0.865234375 0.71875
f 1283/3857 1284/3858 1281/3859 1282/3860
vt 0.869140625 0.703125
vt 0.8671875 0.703125
vt 0.8671875 0.71875
vt 0.869140625 0.71875
f 1288/3861 1287/3862 1286/3863 1285/3864
o ammoModel61
v 11.42 2.549999 1.48
v 11.57 2.549999 1.52
v 11.57 2.519999 1.56
v 11.42 2.489999 1.54
v 11.42 2.549999 1.72
v 11.57 2.549999 1.68
v 11.57 2.519999 1.64
v 11.42 2.489999 1.66
vt 0.8828125 0.703125
vt 0.880859375 0.703125
vt 0.880859375 0.71875
vt 0.8828125 0.71875
f 1295/3865 1291/3866 1290/3867 1294/3868
vt 0.87890625 0.703125
vt 0.876953125 0.703125
vt 0.876953125 0.71875
vt 0.87890625 0.71875
f 1292/3869 1296/3870 1293/3871 1289/3872
vt 0.880859375 0.71875
vt 0.87890625 0.71875
vt 0.87890625 0.734375
vt 0.880859375 0.734375
f 1290/3873 1289/3874 1293/3875 1294/3876
vt 0.8828125 0.734375
vt 0.880859375 0.734375
vt 0.880859375 0.71875
vt 0.8828125 0.71875
f 1295/3877 1296/3878 1292/3879 1291/3880
vt 0.880859375 0.703125
vt 0.87890625 0.703125
vt 0.87890625 0.71875
vt 0.880859375 0.71875
f 1291/3881 1292/3882 1289/3883 1290/3884
vt 0.884765625 0.703125
vt 0.8828125 0.703125
vt 0.8828125 0.71875
vt 0.884765625 0.71875
f 1296/3885 1295/3886 1294/3887 1293/3888
o ammoModel62
v 11.42 2.649999 1.48
v 11.57 2.649999 1.52
v 11.57 2.549999 1.52
v 11.42 2.549999 1.48
v 11.42 2.649999 1.72
v 11.57 2.649999 1.68
v 11.57 2.549999 1.68
v 11.42 2.549999 1.72
vt 0.8984375 0.703125
vt 0.896484375 0.703125
vt 0.896484375 0.71875
vt 0.8984375 0.71875
f 1303/3889 1299/3890 1298/3891 1302/3892
vt 0.89453125 0.703125
vt 0.892578125 0.703125
vt 0.892578125 0.71875
vt 0.89453125 0.71875
f 1300/3893 1304/3894 1301/3895 1297/3896
vt 0.896484375 0.71875
vt 0.89453125 0.71875
vt 0.89453125 0.734375
vt 0.896484375 0.734375
f 1298/3897 1297/3898 1301/3899 1302/3900
vt 0.8984375 0.734375
vt 0.896484375 0.734375
vt 0.896484375 0.71875
vt 0.8984375 0.71875
f 1303/3901 1304/3902 1300/3903 1299/3904
vt 0.896484375 0.703125
vt 0.89453125 0.703125
vt 0.89453125 0.71875
vt 0.896484375 0.71875
f 1299/3905 1300/3906 1297/3907 1298/3908
vt 0.900390625 0.703125
vt 0.8984375 0.703125
vt 0.8984375 0.71875
vt 0.900390625 0.71875
f 1304/3909 1303/3910 1302/3911 1301/3912
o ammoModel63
v 10.2 2.709999 1.55
v 11.42 2.709999 1.55
v 11.42 2.649999 1.48
v 10.2 2.649999 1.48
v 10.2 2.709999 1.65
v 11.42 2.709999 1.65
v 11.42 2.649999 1.72
v 10.2 2.649999 1.72
vt 0.9921875 0.703125
vt 0.990234375 0.703125
vt 0.990234375 0.71875
vt 0.9921875 0.71875
f 1311/3913 1307/3914 1306/3915 1310/3916
vt 0.98828125 0.703125
vt 0.986328125 0.703125
vt 0.986328125 0.71875
vt 0.98828125 0.71875
f 1308/3917 1312/3918 1309/3919 1305/3920
vt 0.990234375 0.71875
vt 0.98828125 0.71875
vt 0.98828125 0.734375
vt 0.990234375 0.734375
f 1306/3921 1305/3922 1309/3923 1310/3924
vt 0.9921875 0.734375
vt 0.990234375 0.734375
vt 0.990234375 0.71875
vt 0.9921875 0.71875
f 1311/3925 1312/3926 1308/3927 1307/3928
vt 0.990234375 0.703125
vt 0.98828125 0.703125
vt 0.98828125 0.71875
vt 0.990234375 0.71875
f 1307/3929 1308/3930 1305/3931 1306/3932
vt 0.994140625 0.703125
vt 0.9921875 0.703125
vt 0.9921875 0.71875
vt 0.994140625 0.71875
f 1312/3933 1311/3934 1310/3935 1309/3936
o ammoModel64
v 10.2 2.649999 1.48
v 11.42 2.649999 1.48
v 11.42 2.549999 1.48
v 10.2 2.549999 1.48
v 10.2 2.649999 1.72
v 11.42 2.649999 1.72
v 11.42 2.549999 1.72
v 10.2 2.549999 1.72
vt 0.0390625 0.578125
vt 0.037109375 0.578125
vt 0.037109375 0.59375
vt 0.0390625 0.59375
f 1319/3937 1315/3938 1314/3939 1318/3940
vt 0.03515625 0.578125
vt 0.033203125 0.578125
vt 0.033203125 0.59375
vt 0.03515625 0.59375
f 1316/3941 1320/3942 1317/3943 1313/3944
vt 0.037109375 0.59375
vt 0.03515625 0.59375
vt 0.03515625 0.609375
vt 0.037109375 0.609375
f 1314/3945 1313/3946 1317/3947 1318/3948
vt 0.0390625 0.609375
vt 0.037109375 0.609375
vt 0.037109375 0.59375
vt 0.0390625 0.59375
f 1319/3949 1320/3950 1316/3951 1315/3952
vt 0.037109375 0.578125
vt 0.03515625 0.578125
vt 0.03515625 0.59375
vt 0.037109375 0.59375
f 1315/3953 1316/3954 1313/3955 1314/3956
vt 0.041015625 0.578125
vt 0.0390625 0.578125
vt 0.0390625 0.59375
vt 0.041015625 0.59375
f 1320/3957 1319/3958 1318/3959 1317/3960
o ammoModel65
v 10.2 2.549999 1.48
v 11.42 2.549999 1.48
v 11.42 2.489999 1.55
v 10.2 2.489999 1.55
v 10.2 2.549999 1.72
v 11.42 2.549999 1.72
v 11.42 2.489999 1.65
v 10.2 2.489999 1.65
vt 0.0546875 0.578125
vt 0.052734375 0.578125
vt 0.052734375 0.59375
vt 0.0546875 0.59375
f 1327/3961 1323/3962 1322/3963 1326/3964
vt 0.05078125 0.578125
vt 0.048828125 0.578125
vt 0.048828125 0.59375
vt 0.05078125 0.59375
f 1324/3965 1328/3966 1325/3967 1321/3968
vt 0.052734375 0.59375
vt 0.05078125 0.59375
vt 0.05078125 0.609375
vt 0.052734375 0.609375
f 1322/3969 1321/3970 1325/3971 1326/3972
vt 0.0546875 0.609375
vt 0.052734375 0.609375
vt 0.052734375 0.59375
vt 0.0546875 0.59375
f 1327/3973 1328/3974 1324/3975 1323/3976
vt 0.052734375 0.578125
vt 0.05078125 0.578125
vt 0.05078125 0.59375
vt 0.052734375 0.59375
f 1323/3977 1324/3978 1321/3979 1322/3980
vt 0.056640625 0.578125
vt 0.0546875 0.578125
vt 0.0546875 0.59375
vt 0.056640625 0.59375
f 1328/3981 1327/3982 1326/3983 1325/3984
o ammoModel66
v 11.42 2.609999 1.79
v 11.57 2.579999 1.8
v 11.57 2.549999 1.77
v 11.42 2.549999 1.73
v 11.42 2.609999 1.91
v 11.57 2.579999 1.9
v 11.57 2.549999 1.93
v 11.42 2.549999 1.97
vt 0.0703125 0.578125
vt 0.068359375 0.578125
vt 0.068359375 0.59375
vt 0.0703125 0.59375
f 1335/3985 1331/3986 1330/3987 1334/3988
vt 0.06640625 0.578125
vt 0.064453125 0.578125
vt 0.064453125 0.59375
vt 0.06640625 0.59375
f 1332/3989 1336/3990 1333/3991 1329/3992
vt 0.068359375 0.59375
vt 0.06640625 0.59375
vt 0.06640625 0.609375
vt 0.068359375 0.609375
f 1330/3993 1329/3994 1333/3995 1334/3996
vt 0.0703125 0.609375
vt 0.068359375 0.609375
vt 0.068359375 0.59375
vt 0.0703125 0.59375
f 1335/3997 1336/3998 1332/3999 1331/4000
vt 0.068359375 0.578125
vt 0.06640625 0.578125
vt 0.06640625 0.59375
vt 0.068359375 0.59375
f 1331/4001 1332/4002 1329/4003 1330/4004
vt 0.072265625 0.578125
vt 0.0703125 0.578125
vt 0.0703125 0.59375
vt 0.072265625 0.59375
f 1336/4005 1335/4006 1334/4007 1333/4008
o ammoModel67
v 11.95 2.569999 1.81
v 12.25 2.509999 1.84
v 12.25 2.509999 1.84
v 11.95 2.529999 1.775
v 11.95 2.569999 1.89
v 12.25 2.509999 1.86
v 12.25 2.509999 1.86
v 11.95 2.529999 1.925
vt 0.0859375 0.578125
vt 0.083984375 0.578125
vt 0.083984375 0.59375
vt 0.0859375 0.59375
f 1343/4009 1339/4010 1338/4011 1342/4012
vt 0.08203125 0.578125
vt 0.080078125 0.578125
vt 0.080078125 0.59375
vt 0.08203125 0.59375
f 1340/4013 1344/4014 1341/4015 1337/4016
vt 0.083984375 0.59375
vt 0.08203125 0.59375
vt 0.08203125 0.609375
vt 0.083984375 0.609375
f 1338/4017 1337/4018 1341/4019 1342/4020
vt 0.0859375 0.609375
vt 0.083984375 0.609375
vt 0.083984375 0.59375
vt 0.0859375 0.59375
f 1343/4021 1344/4022 1340/4023 1339/4024
vt 0.083984375 0.578125
vt 0.08203125 0.578125
vt 0.08203125 0.59375
vt 0.083984375 0.59375
f 1339/4025 1340/4026 1337/4027 1338/4028
vt 0.087890625 0.578125
vt 0.0859375 0.578125
vt 0.0859375 0.59375
vt 0.087890625 0.59375
f 1344/4029 1343/4030 1342/4031 1341/4032
o ammoModel68
v 11.95 2.529999 1.775
v 12.25 2.509999 1.84
v 12.25 2.489999 1.84
v 11.95 2.469999 1.775
v 11.95 2.529999 1.925
v 12.25 2.509999 1.86
v 12.25 2.489999 1.86
v 11.95 2.469999 1.925
vt 0.1015625 0.578125
vt 0.099609375 0.578125
vt 0.099609375 0.59375
vt 0.1015625 0.59375
f 1351/4033 1347/4034 1346/4035 1350/4036
vt 0.09765625 0.578125
vt 0.095703125 0.578125
vt 0.095703125 0.59375
vt 0.09765625 0.59375
f 1348/4037 1352/4038 1349/4039 1345/4040
vt 0.099609375 0.59375
vt 0.09765625 0.59375
vt 0.09765625 0.609375
vt 0.099609375 0.609375
f 1346/4041 1345/4042 1349/4043 1350/4044
vt 0.1015625 0.609375
vt 0.099609375 0.609375
vt 0.099609375 0.59375
vt 0.1015625 0.59375
f 1351/4045 1352/4046 1348/4047 1347/4048
vt 0.099609375 0.578125
vt 0.09765625 0.578125
vt 0.09765625 0.59375
vt 0.099609375 0.59375
f 1347/4049 1348/4050 1345/4051 1346/4052
vt 0.103515625 0.578125
vt 0.1015625 0.578125
vt 0.1015625 0.59375
vt 0.103515625 0.59375
f 1352/4053 1351/4054 1350/4055 1349/4056
o ammoModel69
v 11.95 2.469999 1.775
v 12.25 2.489999 1.84
v 12.25 2.489999 1.84
v 11.95 2.429999 1.81
v 11.95 2.469999 1.925
v 12.25 2.489999 1.86
v 12.25 2.489999 1.86
v 11.95 2.429999 1.89
vt 0.1171875 0.578125
vt 0.115234375 0.578125
vt 0.115234375 0.59375
vt 0.1171875 0.59375
f 1359/4057 1355/4058 1354/4059 1358/4060
vt 0.11328125 0.578125
vt 0.111328125 0.578125
vt 0.111328125 0.59375
vt 0.11328125 0.59375
f 1356/4061 1360/4062 1357/4063 1353/4064
vt 0.115234375 0.59375
vt 0.11328125 0.59375
vt 0.11328125 0.609375
vt 0.115234375 0.609375
f 1354/4065 1353/4066 1357/4067 1358/4068
vt 0.1171875 0.609375
vt 0.115234375 0.609375
vt 0.115234375 0.59375
vt 0.1171875 0.59375
f 1359/4069 1360/4070 1356/4071 1355/4072
vt 0.115234375 0.578125
vt 0.11328125 0.578125
vt 0.11328125 0.59375
vt 0.115234375 0.59375
f 1355/4073 1356/4074 1353/4075 1354/4076
vt 0.119140625 0.578125
vt 0.1171875 0.578125
vt 0.1171875 0.59375
vt 0.119140625 0.59375
f 1360/4077 1359/4078 1358/4079 1357/4080
o ammoModel70
v 11.75 2.469999 1.775
v 11.95 2.469999 1.775
v 11.95 2.429999 1.81
v 11.75 2.429999 1.81
v 11.75 2.469999 1.925
v 11.95 2.469999 1.925
v 11.95 2.429999 1.89
v 11.75 2.429999 1.89
vt 0.1328125 0.578125
vt 0.130859375 0.578125
vt 0.130859375 0.59375
vt 0.1328125 0.59375
f 1367/4081 1363/4082 1362/4083 1366/4084
vt 0.12890625 0.578125
vt 0.126953125 0.578125
vt 0.126953125 0.59375
vt 0.12890625 0.59375
f 1364/4085 1368/4086 1365/4087 1361/4088
vt 0.130859375 0.59375
vt 0.12890625 0.59375
vt 0.12890625 0.609375
vt 0.130859375 0.609375
f 1362/4089 1361/4090 1365/4091 1366/4092
vt 0.1328125 0.609375
vt 0.130859375 0.609375
vt 0.130859375 0.59375
vt 0.1328125 0.59375
f 1367/4093 1368/4094 1364/4095 1363/4096
vt 0.130859375 0.578125
vt 0.12890625 0.578125
vt 0.12890625 0.59375
vt 0.130859375 0.59375
f 1363/4097 1364/4098 1361/4099 1362/4100
vt 0.134765625 0.578125
vt 0.1328125 0.578125
vt 0.1328125 0.59375
vt 0.134765625 0.59375
f 1368/4101 1367/4102 1366/4103 1365/4104
o ammoModel71
v 11.75 2.529999 1.775
v 11.95 2.529999 1.775
v 11.95 2.469999 1.775
v 11.75 2.469999 1.775
v 11.75 2.529999 1.925
v 11.95 2.529999 1.925
v 11.95 2.469999 1.925
v 11.75 2.469999 1.925
vt 0.1484375 0.578125
vt 0.146484375 0.578125
vt 0.146484375 0.59375
vt 0.1484375 0.59375
f 1375/4105 1371/4106 1370/4107 1374/4108
vt 0.14453125 0.578125
vt 0.142578125 0.578125
vt 0.142578125 0.59375
vt 0.14453125 0.59375
f 1372/4109 1376/4110 1373/4111 1369/4112
vt 0.146484375 0.59375
vt 0.14453125 0.59375
vt 0.14453125 0.609375
vt 0.146484375 0.609375
f 1370/4113 1369/4114 1373/4115 1374/4116
vt 0.1484375 0.609375
vt 0.146484375 0.609375
vt 0.146484375 0.59375
vt 0.1484375 0.59375
f 1375/4117 1376/4118 1372/4119 1371/4120
vt 0.146484375 0.578125
vt 0.14453125 0.578125
vt 0.14453125 0.59375
vt 0.146484375 0.59375
f 1371/4121 1372/4122 1369/4123 1370/4124
vt 0.150390625 0.578125
vt 0.1484375 0.578125
vt 0.1484375 0.59375
vt 0.150390625 0.59375
f 1376/4125 1375/4126 1374/4127 1373/4128
o ammoModel72
v 11.75 2.569999 1.81
v 11.95 2.569999 1.81
v 11.95 2.529999 1.775
v 11.75 2.529999 1.775
v 11.75 2.569999 1.89
v 11.95 2.569999 1.89
v 11.95 2.529999 1.925
v 11.75 2.529999 1.925
vt 0.1640625 0.578125
vt 0.162109375 0.578125
vt 0.162109375 0.59375
vt 0.1640625 0.59375
f 1383/4129 1379/4130 1378/4131 1382/4132
vt 0.16015625 0.578125
vt 0.158203125 0.578125
vt 0.158203125 0.59375
vt 0.16015625 0.59375
f 1380/4133 1384/4134 1381/4135 1377/4136
vt 0.162109375 0.59375
vt 0.16015625 0.59375
vt 0.16015625 0.609375
vt 0.162109375 0.609375
f 1378/4137 1377/4138 1381/4139 1382/4140
vt 0.1640625 0.609375
vt 0.162109375 0.609375
vt 0.162109375 0.59375
vt 0.1640625 0.59375
f 1383/4141 1384/4142 1380/4143 1379/4144
vt 0.162109375 0.578125
vt 0.16015625 0.578125
vt 0.16015625 0.59375
vt 0.162109375 0.59375
f 1379/4145 1380/4146 1377/4147 1378/4148
vt 0.166015625 0.578125
vt 0.1640625 0.578125
vt 0.1640625 0.59375
vt 0.166015625 0.59375
f 1384/4149 1383/4150 1382/4151 1381/4152
o ammoModel73
v 11.55 2.579999 1.8
v 11.75 2.579999 1.8
v 11.75 2.549999 1.77
v 11.55 2.549999 1.77
v 11.55 2.579999 1.9
v 11.75 2.579999 1.9
v 11.75 2.549999 1.93
v 11.55 2.549999 1.93
vt 0.1796875 0.578125
vt 0.177734375 0.578125
vt 0.177734375 0.59375
vt 0.1796875 0.59375
f 1391/4153 1387/4154 1386/4155 1390/4156
vt 0.17578125 0.578125
vt 0.173828125 0.578125
vt 0.173828125 0.59375
vt 0.17578125 0.59375
f 1388/4157 1392/4158 1389/4159 1385/4160
vt 0.177734375 0.59375
vt 0.17578125 0.59375
vt 0.17578125 0.609375
vt 0.177734375 0.609375
f 1386/4161 1385/4162 1389/4163 1390/4164
vt 0.1796875 0.609375
vt 0.177734375 0.609375
vt 0.177734375 0.59375
vt 0.1796875 0.59375
f 1391/4165 1392/4166 1388/4167 1387/4168
vt 0.177734375 0.578125
vt 0.17578125 0.578125
vt 0.17578125 0.59375
vt 0.177734375 0.59375
f 1387/4169 1388/4170 1385/4171 1386/4172
vt 0.181640625 0.578125
vt 0.1796875 0.578125
vt 0.1796875 0.59375
vt 0.181640625 0.59375
f 1392/4173 1391/4174 1390/4175 1389/4176
o ammoModel74
v 11.55 2.549999 1.77
v 11.75 2.549999 1.77
v 11.75 2.449999 1.77
v 11.55 2.449999 1.77
v 11.55 2.549999 1.93
v 11.75 2.549999 1.93
v 11.75 2.449999 1.93
v 11.55 2.449999 1.93
vt 0.1953125 0.578125
vt 0.193359375 0.578125
vt 0.193359375 0.59375
vt 0.1953125 0.59375
f 1399/4177 1395/4178 1394/4179 1398/4180
vt 0.19140625 0.578125
vt 0.189453125 0.578125
vt 0.189453125 0.59375
vt 0.19140625 0.59375
f 1396/4181 1400/4182 1397/4183 1393/4184
vt 0.193359375 0.59375
vt 0.19140625 0.59375
vt 0.19140625 0.609375
vt 0.193359375 0.609375
f 1394/4185 1393/4186 1397/4187 1398/4188
vt 0.1953125 0.609375
vt 0.193359375 0.609375
vt 0.193359375 0.59375
vt 0.1953125 0.59375
f 1399/4189 1400/4190 1396/4191 1395/4192
vt 0.193359375 0.578125
vt 0.19140625 0.578125
vt 0.19140625 0.59375
vt 0.193359375 0.59375
f 1395/4193 1396/4194 1393/4195 1394/4196
vt 0.197265625 0.578125
vt 0.1953125 0.578125
vt 0.1953125 0.59375
vt 0.197265625 0.59375
f 1400/4197 1399/4198 1398/4199 1397/4200
o ammoModel75
v 11.55 2.449998 1.77
v 11.75 2.449998 1.77
v 11.75 2.419998 1.8
v 11.55 2.419998 1.8
v 11.55 2.449998 1.93
v 11.75 2.449998 1.93
v 11.75 2.419998 1.9
v 11.55 2.419998 1.9
vt 0.2109375 0.578125
vt 0.208984375 0.578125
vt 0.208984375 0.59375
vt 0.2109375 0.59375
f 1407/4201 1403/4202 1402/4203 1406/4204
vt 0.20703125 0.578125
vt 0.205078125 0.578125
vt 0.205078125 0.59375
vt 0.20703125 0.59375
f 1404/4205 1408/4206 1405/4207 1401/4208
vt 0.208984375 0.59375
vt 0.20703125 0.59375
vt 0.20703125 0.609375
vt 0.208984375 0.609375
f 1402/4209 1401/4210 1405/4211 1406/4212
vt 0.2109375 0.609375
vt 0.208984375 0.609375
vt 0.208984375 0.59375
vt 0.2109375 0.59375
f 1407/4213 1408/4214 1404/4215 1403/4216
vt 0.208984375 0.578125
vt 0.20703125 0.578125
vt 0.20703125 0.59375
vt 0.208984375 0.59375
f 1403/4217 1404/4218 1401/4219 1402/4220
vt 0.212890625 0.578125
vt 0.2109375 0.578125
vt 0.2109375 0.59375
vt 0.212890625 0.59375
f 1408/4221 1407/4222 1406/4223 1405/4224
o ammoModel76
v 11.42 2.449998 1.73
v 11.57 2.449998 1.77
v 11.57 2.419998 1.81
v 11.42 2.389998 1.79
v 11.42 2.449998 1.97
v 11.57 2.449998 1.93
v 11.57 2.419998 1.89
v 11.42 2.389998 1.91
vt 0.2265625 0.578125
vt 0.224609375 0.578125
vt 0.224609375 0.59375
vt 0.2265625 0.59375
f 1415/4225 1411/4226 1410/4227 1414/4228
vt 0.22265625 0.578125
vt 0.220703125 0.578125
vt 0.220703125 0.59375
vt 0.22265625 0.59375
f 1412/4229 1416/4230 1413/4231 1409/4232
vt 0.224609375 0.59375
vt 0.22265625 0.59375
vt 0.22265625 0.609375
vt 0.224609375 0.609375
f 1410/4233 1409/4234 1413/4235 1414/4236
vt 0.2265625 0.609375
vt 0.224609375 0.609375
vt 0.224609375 0.59375
vt 0.2265625 0.59375
f 1415/4237 1416/4238 1412/4239 1411/4240
vt 0.224609375 0.578125
vt 0.22265625 0.578125
vt 0.22265625 0.59375
vt 0.224609375 0.59375
f 1411/4241 1412/4242 1409/4243 1410/4244
vt 0.228515625 0.578125
vt 0.2265625 0.578125
vt 0.2265625 0.59375
vt 0.228515625 0.59375
f 1416/4245 1415/4246 1414/4247 1413/4248
o ammoModel77
v 11.42 2.549999 1.73
v 11.57 2.549999 1.77
v 11.57 2.449999 1.77
v 11.42 2.449999 1.73
v 11.42 2.549999 1.97
v 11.57 2.549999 1.93
v 11.57 2.449999 1.93
v 11.42 2.449999 1.97
vt 0.2421875 0.578125
vt 0.240234375 0.578125
vt 0.240234375 0.59375
vt 0.2421875 0.59375
f 1423/4249 1419/4250 1418/4251 1422/4252
vt 0.23828125 0.578125
vt 0.236328125 0.578125
vt 0.236328125 0.59375
vt 0.23828125 0.59375
f 1420/4253 1424/4254 1421/4255 1417/4256
vt 0.240234375 0.59375
vt 0.23828125 0.59375
vt 0.23828125 0.609375
vt 0.240234375 0.609375
f 1418/4257 1417/4258 1421/4259 1422/4260
vt 0.2421875 0.609375
vt 0.240234375 0.609375
vt 0.240234375 0.59375
vt 0.2421875 0.59375
f 1423/4261 1424/4262 1420/4263 1419/4264
vt 0.240234375 0.578125
vt 0.23828125 0.578125
vt 0.23828125 0.59375
vt 0.240234375 0.59375
f 1419/4265 1420/4266 1417/4267 1418/4268
vt 0.244140625 0.578125
vt 0.2421875 0.578125
vt 0.2421875 0.59375
vt 0.244140625 0.59375
f 1424/4269 1423/4270 1422/4271 1421/4272
o ammoModel78
v 10.2 2.609999 1.8
v 11.42 2.609999 1.8
v 11.42 2.549999 1.73
v 10.2 2.549999 1.73
v 10.2 2.609999 1.9
v 11.42 2.609999 1.9
v 11.42 2.549999 1.97
v 10.2 2.549999 1.97
vt 0.2578125 0.578125
vt 0.255859375 0.578125
vt 0.255859375 0.59375
vt 0.2578125 0.59375
f 1431/4273 1427/4274 1426/4275 1430/4276
vt 0.25390625 0.578125
vt 0.251953125 0.578125
vt 0.251953125 0.59375
vt 0.25390625 0.59375
f 1428/4277 1432/4278 1429/4279 1425/4280
vt 0.255859375 0.59375
vt 0.25390625 0.59375
vt 0.25390625 0.609375
vt 0.255859375 0.609375
f 1426/4281 1425/4282 1429/4283 1430/4284
vt 0.2578125 0.609375
vt 0.255859375 0.609375
vt 0.255859375 0.59375
vt 0.2578125 0.59375
f 1431/4285 1432/4286 1428/4287 1427/4288
vt 0.255859375 0.578125
vt 0.25390625 0.578125
vt 0.25390625 0.59375
vt 0.255859375 0.59375
f 1427/4289 1428/4290 1425/4291 1426/4292
vt 0.259765625 0.578125
vt 0.2578125 0.578125
vt 0.2578125 0.59375
vt 0.259765625 0.59375
f 1432/4293 1431/4294 1430/4295 1429/4296
o ammoModel79
v 10.2 2.549999 1.73
v 11.42 2.549999 1.73
v 11.42 2.449999 1.73
v 10.2 2.449999 1.73
v 10.2 2.549999 1.97
v 11.42 2.549999 1.97
v 11.42 2.449999 1.97
v 10.2 2.449999 1.97
vt 0.2734375 0.578125
vt 0.271484375 0.578125
vt 0.271484375 0.59375
vt 0.2734375 0.59375
f 1439/4297 1435/4298 1434/4299 1438/4300
vt 0.26953125 0.578125
vt 0.267578125 0.578125
vt 0.267578125 0.59375
vt 0.26953125 0.59375
f 1436/4301 1440/4302 1437/4303 1433/4304
vt 0.271484375 0.59375
vt 0.26953125 0.59375
vt 0.26953125 0.609375
vt 0.271484375 0.609375
f 1434/4305 1433/4306 1437/4307 1438/4308
vt 0.2734375 0.609375
vt 0.271484375 0.609375
vt 0.271484375 0.59375
vt 0.2734375 0.59375
f 1439/4309 1440/4310 1436/4311 1435/4312
vt 0.271484375 0.578125
vt 0.26953125 0.578125
vt 0.26953125 0.59375
vt 0.271484375 0.59375
f 1435/4313 1436/4314 1433/4315 1434/4316
vt 0.275390625 0.578125
vt 0.2734375 0.578125
vt 0.2734375 0.59375
vt 0.275390625 0.59375
f 1440/4317 1439/4318 1438/4319 1437/4320
o ammoModel80
v 10.2 2.449998 1.73
v 11.42 2.449998 1.73
v 11.42 2.389998 1.8
v 10.2 2.389998 1.8
v 10.2 2.449998 1.97
v 11.42 2.449998 1.97
v 11.42 2.389998 1.9
v 10.2 2.389998 1.9
vt 0.2890625 0.578125
vt 0.287109375 0.578125
vt 0.287109375 0.59375
vt 0.2890625 0.59375
f 1447/4321 1443/4322 1442/4323 1446/4324
vt 0.28515625 0.578125
vt 0.283203125 0.578125
vt 0.283203125 0.59375
vt 0.28515625 0.59375
f 1444/4325 1448/4326 1445/4327 1441/4328
vt 0.287109375 0.59375
vt 0.28515625 0.59375
vt 0.28515625 0.609375
vt 0.287109375 0.609375
f 1442/4329 1441/4330 1445/4331 1446/4332
vt 0.2890625 0.609375
vt 0.287109375 0.609375
vt 0.287109375 0.59375
vt 0.2890625 0.59375
f 1447/4333 1448/4334 1444/4335 1443/4336
vt 0.287109375 0.578125
vt 0.28515625 0.578125
vt 0.28515625 0.59375
vt 0.287109375 0.59375
f 1443/4337 1444/4338 1441/4339 1442/4340
vt 0.291015625 0.578125
vt 0.2890625 0.578125
vt 0.2890625 0.59375
vt 0.291015625 0.59375
f 1448/4341 1447/4342 1446/4343 1445/4344
o ammoModel81
v 11.42 2.609999 2.09
v 11.57 2.579999 2.1
v 11.57 2.549999 2.07
v 11.42 2.549999 2.03
v 11.42 2.609999 2.21
v 11.57 2.579999 2.2
v 11.57 2.549999 2.23
v 11.42 2.549999 2.27
vt 0.3046875 0.578125
vt 0.302734375 0.578125
vt 0.302734375 0.59375
vt 0.3046875 0.59375
f 1455/4345 1451/4346 1450/4347 1454/4348
vt 0.30078125 0.578125
vt 0.298828125 0.578125
vt 0.298828125 0.59375
vt 0.30078125 0.59375
f 1452/4349 1456/4350 1453/4351 1449/4352
vt 0.302734375 0.59375
vt 0.30078125 0.59375
vt 0.30078125 0.609375
vt 0.302734375 0.609375
f 1450/4353 1449/4354 1453/4355 1454/4356
vt 0.3046875 0.609375
vt 0.302734375 0.609375
vt 0.302734375 0.59375
vt 0.3046875 0.59375
f 1455/4357 1456/4358 1452/4359 1451/4360
vt 0.302734375 0.578125
vt 0.30078125 0.578125
vt 0.30078125 0.59375
vt 0.302734375 0.59375
f 1451/4361 1452/4362 1449/4363 1450/4364
vt 0.306640625 0.578125
vt 0.3046875 0.578125
vt 0.3046875 0.59375
vt 0.306640625 0.59375
f 1456/4365 1455/4366 1454/4367 1453/4368
o ammoModel82
v 11.95 2.569999 2.11
v 12.25 2.509999 2.14
v 12.25 2.509999 2.14
v 11.95 2.529999 2.075
v 11.95 2.569999 2.19
v 12.25 2.509999 2.16
v 12.25 2.509999 2.16
v 11.95 2.529999 2.225
vt 0.3203125 0.578125
vt 0.318359375 0.578125
vt 0.318359375 0.59375
vt 0.3203125 0.59375
f 1463/4369 1459/4370 1458/4371 1462/4372
vt 0.31640625 0.578125
vt 0.314453125 0.578125
vt 0.314453125 0.59375
vt 0.31640625 0.59375
f 1460/4373 1464/4374 1461/4375 1457/4376
vt 0.318359375 0.59375
vt 0.31640625 0.59375
vt 0.31640625 0.609375
vt 0.318359375 0.609375
f 1458/4377 1457/4378 1461/4379 1462/4380
vt 0.3203125 0.609375
vt 0.318359375 0.609375
vt 0.318359375 0.59375
vt 0.3203125 0.59375
f 1463/4381 1464/4382 1460/4383 1459/4384
vt 0.318359375 0.578125
vt 0.31640625 0.578125
vt 0.31640625 0.59375
vt 0.318359375 0.59375
f 1459/4385 1460/4386 1457/4387 1458/4388
vt 0.322265625 0.578125
vt 0.3203125 0.578125
vt 0.3203125 0.59375
vt 0.322265625 0.59375
f 1464/4389 1463/4390 1462/4391 1461/4392
o ammoModel83
v 11.95 2.529999 2.075
v 12.25 2.509999 2.14
v 12.25 2.489999 2.14
v 11.95 2.469999 2.075
v 11.95 2.529999 2.225
v 12.25 2.509999 2.16
v 12.25 2.489999 2.16
v 11.95 2.469999 2.225
vt 0.3359375 0.578125
vt 0.333984375 0.578125
vt 0.333984375 0.59375
vt 0.3359375 0.59375
f 1471/4393 1467/4394 1466/4395 1470/4396
vt 0.33203125 0.578125
vt 0.330078125 0.578125
vt 0.330078125 0.59375
vt 0.33203125 0.59375
f 1468/4397 1472/4398 1469/4399 1465/4400
vt 0.333984375 0.59375
vt 0.33203125 0.59375
vt 0.33203125 0.609375
vt 0.333984375 0.609375
f 1466/4401 1465/4402 1469/4403 1470/4404
vt 0.3359375 0.609375
vt 0.333984375 0.609375
vt 0.333984375 0.59375
vt 0.3359375 0.59375
f 1471/4405 1472/4406 1468/4407 1467/4408
vt 0.333984375 0.578125
vt 0.33203125 0.578125
vt 0.33203125 0.59375
vt 0.333984375 0.59375
f 1467/4409 1468/4410 1465/4411 1466/4412
vt 0.337890625 0.578125
vt 0.3359375 0.578125
vt 0.3359375 0.59375
vt 0.337890625 0.59375
f 1472/4413 1471/4414 1470/4415 1469/4416
o ammoModel84
v 11.95 2.469999 2.075
v 12.25 2.489999 2.14
v 12.25 2.489999 2.14
v 11.95 2.429999 2.11
v 11.95 2.469999 2.225
v 12.25 2.489999 2.16
v 12.25 2.489999 2.16
v 11.95 2.429999 2.19
vt 0.3515625 0.578125
vt 0.349609375 0.578125
vt 0.349609375 0.59375
vt 0.3515625 0.59375
f 1479/4417 1475/4418 1474/4419 1478/4420
vt 0.34765625 0.578125
vt 0.345703125 0.578125
vt 0.345703125 0.59375
vt 0.34765625 0.59375
f 1476/4421 1480/4422 1477/4423 1473/4424
vt 0.349609375 0.59375
vt 0.34765625 0.59375
vt 0.34765625 0.609375
vt 0.349609375 0.609375
f 1474/4425 1473/4426 1477/4427 1478/4428
vt 0.3515625 0.609375
vt 0.349609375 0.609375
vt 0.349609375 0.59375
vt 0.3515625 0.59375
f 1479/4429 1480/4430 1476/4431 1475/4432
vt 0.349609375 0.578125
vt 0.34765625 0.578125
vt 0.34765625 0.59375
vt 0.349609375 0.59375
f 1475/4433 1476/4434 1473/4435 1474/4436
vt 0.353515625 0.578125
vt 0.3515625 0.578125
vt 0.3515625 0.59375
vt 0.353515625 0.59375
f 1480/4437 1479/4438 1478/4439 1477/4440
o ammoModel85
v 11.75 2.469999 2.075
v 11.95 2.469999 2.075
v 11.95 2.429999 2.11
v 11.75 2.429999 2.11
v 11.75 2.469999 2.225
v 11.95 2.469999 2.225
v 11.95 2.429999 2.19
v 11.75 2.429999 2.19
vt 0.3671875 0.578125
vt 0.365234375 0.578125
vt 0.365234375 0.59375
vt 0.3671875 0.59375
f 1487/4441 1483/4442 1482/4443 1486/4444
vt 0.36328125 0.578125
vt 0.361328125 0.578125
vt 0.361328125 0.59375
vt 0.36328125 0.59375
f 1484/4445 1488/4446 1485/4447 1481/4448
vt 0.365234375 0.59375
vt 0.36328125 0.59375
vt 0.36328125 0.609375
vt 0.365234375 0.609375
f 1482/4449 1481/4450 1485/4451 1486/4452
vt 0.3671875 0.609375
vt 0.365234375 0.609375
vt 0.365234375 0.59375
vt 0.3671875 0.59375
f 1487/4453 1488/4454 1484/4455 1483/4456
vt 0.365234375 0.578125
vt 0.36328125 0.578125
vt 0.36328125 0.59375
vt 0.365234375 0.59375
f 1483/4457 1484/4458 1481/4459 1482/4460
vt 0.369140625 0.578125
vt 0.3671875 0.578125
vt 0.3671875 0.59375
vt 0.369140625 0.59375
f 1488/4461 1487/4462 1486/4463 1485/4464
o ammoModel86
v 11.75 2.529999 2.075
v 11.95 2.529999 2.075
v 11.95 2.469999 2.075
v 11.75 2.469999 2.075
v 11.75 2.529999 2.225
v 11.95 2.529999 2.225
v 11.95 2.469999 2.225
v 11.75 2.469999 2.225
vt 0.3828125 0.578125
vt 0.380859375 0.578125
vt 0.380859375 0.59375
vt 0.3828125 0.59375
f 1495/4465 1491/4466 1490/4467 1494/4468
vt 0.37890625 0.578125
vt 0.376953125 0.578125
vt 0.376953125 0.59375
vt 0.37890625 0.59375
f 1492/4469 1496/4470 1493/4471 1489/4472
vt 0.380859375 0.59375
vt 0.37890625 0.59375
vt 0.37890625 0.609375
vt 0.380859375 0.609375
f 1490/4473 1489/4474 1493/4475 1494/4476
vt 0.3828125 0.609375
vt 0.380859375 0.609375
vt 0.380859375 0.59375
vt 0.3828125 0.59375
f 1495/4477 1496/4478 1492/4479 1491/4480
vt 0.380859375 0.578125
vt 0.37890625 0.578125
vt 0.37890625 0.59375
vt 0.380859375 0.59375
f 1491/4481 1492/4482 1489/4483 1490/4484
vt 0.384765625 0.578125
vt 0.3828125 0.578125
vt 0.3828125 0.59375
vt 0.384765625 0.59375
f 1496/4485 1495/4486 1494/4487 1493/4488
o ammoModel87
v 11.75 2.569999 2.11
v 11.95 2.569999 2.11
v 11.95 2.529999 2.075
v 11.75 2.529999 2.075
v 11.75 2.569999 2.19
v 11.95 2.569999 2.19
v 11.95 2.529999 2.225
v 11.75 2.529999 2.225
vt 0.3984375 0.578125
vt 0.396484375 0.578125
vt 0.396484375 0.59375
vt 0.3984375 0.59375
f 1503/4489 1499/4490 1498/4491 1502/4492
vt 0.39453125 0.578125
vt 0.392578125 0.578125
vt 0.392578125 0.59375
vt 0.39453125 0.59375
f 1500/4493 1504/4494 1501/4495 1497/4496
vt 0.396484375 0.59375
vt 0.39453125 0.59375
vt 0.39453125 0.609375
vt 0.396484375 0.609375
f 1498/4497 1497/4498 1501/4499 1502/4500
vt 0.3984375 0.609375
vt 0.396484375 0.609375
vt 0.396484375 0.59375
vt 0.3984375 0.59375
f 1503/4501 1504/4502 1500/4503 1499/4504
vt 0.396484375 0.578125
vt 0.39453125 0.578125
vt 0.39453125 0.59375
vt 0.396484375 0.59375
f 1499/4505 1500/4506 1497/4507 1498/4508
vt 0.400390625 0.578125
vt 0.3984375 0.578125
vt 0.3984375 0.59375
vt 0.400390625 0.59375
f 1504/4509 1503/4510 1502/4511 1501/4512
o ammoModel88
v 11.55 2.579999 2.1
v 11.75 2.579999 2.1
v 11.75 2.549999 2.07
v 11.55 2.549999 2.07
v 11.55 2.579999 2.2
v 11.75 2.579999 2.2
v 11.75 2.549999 2.23
v 11.55 2.549999 2.23
vt 0.4140625 0.578125
vt 0.412109375 0.578125
vt 0.412109375 0.59375
vt 0.4140625 0.59375
f 1511/4513 1507/4514 1506/4515 1510/4516
vt 0.41015625 0.578125
vt 0.408203125 0.578125
vt 0.408203125 0.59375
vt 0.41015625 0.59375
f 1508/4517 1512/4518 1509/4519 1505/4520
vt 0.412109375 0.59375
vt 0.41015625 0.59375
vt 0.41015625 0.609375
vt 0.412109375 0.609375
f 1506/4521 1505/4522 1509/4523 1510/4524
vt 0.4140625 0.609375
vt 0.412109375 0.609375
vt 0.412109375 0.59375
vt 0.4140625 0.59375
f 1511/4525 1512/4526 1508/4527 1507/4528
vt 0.412109375 0.578125
vt 0.41015625 0.578125
vt 0.41015625 0.59375
vt 0.412109375 0.59375
f 1507/4529 1508/4530 1505/4531 1506/4532
vt 0.416015625 0.578125
vt 0.4140625 0.578125
vt 0.4140625 0.59375
vt 0.416015625 0.59375
f 1512/4533 1511/4534 1510/4535 1509/4536
o ammoModel89
v 11.55 2.549999 2.07
v 11.75 2.549999 2.07
v 11.75 2.449999 2.07
v 11.55 2.449999 2.07
v 11.55 2.549999 2.23
v 11.75 2.549999 2.23
v 11.75 2.449999 2.23
v 11.55 2.449999 2.23
vt 0.4296875 0.578125
vt 0.427734375 0.578125
vt 0.427734375 0.59375
vt 0.4296875 0.59375
f 1519/4537 1515/4538 1514/4539 1518/4540
vt 0.42578125 0.578125
vt 0.423828125 0.578125
vt 0.423828125 0.59375
vt 0.42578125 0.59375
f 1516/4541 1520/4542 1517/4543 1513/4544
vt 0.427734375 0.59375
vt 0.42578125 0.59375
vt 0.42578125 0.609375
vt 0.427734375 0.609375
f 1514/4545 1513/4546 1517/4547 1518/4548
vt 0.4296875 0.609375
vt 0.427734375 0.609375
vt 0.427734375 0.59375
vt 0.4296875 0.59375
f 1519/4549 1520/4550 1516/4551 1515/4552
vt 0.427734375 0.578125
vt 0.42578125 0.578125
vt 0.42578125 0.59375
vt 0.427734375 0.59375
f 1515/4553 1516/4554 1513/4555 1514/4556
vt 0.431640625 0.578125
vt 0.4296875 0.578125
vt 0.4296875 0.59375
vt 0.431640625 0.59375
f 1520/4557 1519/4558 1518/4559 1517/4560
o ammoModel90
v 11.55 2.449998 2.07
v 11.75 2.449998 2.07
v 11.75 2.419998 2.1
v 11.55 2.419998 2.1
v 11.55 2.449998 2.23
v 11.75 2.449998 2.23
v 11.75 2.419998 2.2
v 11.55 2.419998 2.2
vt 0.4453125 0.578125
vt 0.443359375 0.578125
vt 0.443359375 0.59375
vt 0.4453125 0.59375
f 1527/4561 1523/4562 1522/4563 1526/4564
vt 0.44140625 0.578125
vt 0.439453125 0.578125
vt 0.439453125 0.59375
vt 0.44140625 0.59375
f 1524/4565 1528/4566 1525/4567 1521/4568
vt 0.443359375 0.59375
vt 0.44140625 0.59375
vt 0.44140625 0.609375
vt 0.443359375 0.609375
f 1522/4569 1521/4570 1525/4571 1526/4572
vt 0.4453125 0.609375
vt 0.443359375 0.609375
vt 0.443359375 0.59375
vt 0.4453125 0.59375
f 1527/4573 1528/4574 1524/4575 1523/4576
vt 0.443359375 0.578125
vt 0.44140625 0.578125
vt 0.44140625 0.59375
vt 0.443359375 0.59375
f 1523/4577 1524/4578 1521/4579 1522/4580
vt 0.447265625 0.578125
vt 0.4453125 0.578125
vt 0.4453125 0.59375
vt 0.447265625 0.59375
f 1528/4581 1527/4582 1526/4583 1525/4584
o ammoModel91
v 11.42 2.449998 2.03
v 11.57 2.449998 2.07
v 11.57 2.419998 2.11
v 11.42 2.389998 2.09
v 11.42 2.449998 2.27
v 11.57 2.449998 2.23
v 11.57 2.419998 2.19
v 11.42 2.389998 2.21
vt 0.4609375 0.578125
vt 0.458984375 0.578125
vt 0.458984375 0.59375
vt 0.4609375 0.59375
f 1535/4585 1531/4586 1530/4587 1534/4588
vt 0.45703125 0.578125
vt 0.455078125 0.578125
vt 0.455078125 0.59375
vt 0.45703125 0.59375
f 1532/4589 1536/4590 1533/4591 1529/4592
vt 0.458984375 0.59375
vt 0.45703125 0.59375
vt 0.45703125 0.609375
vt 0.458984375 0.609375
f 1530/4593 1529/4594 1533/4595 1534/4596
vt 0.4609375 0.609375
vt 0.458984375 0.609375
vt 0.458984375 0.59375
vt 0.4609375 0.59375
f 1535/4597 1536/4598 1532/4599 1531/4600
vt 0.458984375 0.578125
vt 0.45703125 0.578125
vt 0.45703125 0.59375
vt 0.458984375 0.59375
f 1531/4601 1532/4602 1529/4603 1530/4604
vt 0.462890625 0.578125
vt 0.4609375 0.578125
vt 0.4609375 0.59375
vt 0.462890625 0.59375
f 1536/4605 1535/4606 1534/4607 1533/4608
o ammoModel92
v 11.42 2.549999 2.03
v 11.57 2.549999 2.07
v 11.57 2.449999 2.07
v 11.42 2.449999 2.03
v 11.42 2.549999 2.27
v 11.57 2.549999 2.23
v 11.57 2.449999 2.23
v 11.42 2.449999 2.27
vt 0.4765625 0.578125
vt 0.474609375 0.578125
vt 0.474609375 0.59375
vt 0.4765625 0.59375
f 1543/4609 1539/4610 1538/4611 1542/4612
vt 0.47265625 0.578125
vt 0.470703125 0.578125
vt 0.470703125 0.59375
vt 0.47265625 0.59375
f 1540/4613 1544/4614 1541/4615 1537/4616
vt 0.474609375 0.59375
vt 0.47265625 0.59375
vt 0.47265625 0.609375
vt 0.474609375 0.609375
f 1538/4617 1537/4618 1541/4619 1542/4620
vt 0.4765625 0.609375
vt 0.474609375 0.609375
vt 0.474609375 0.59375
vt 0.4765625 0.59375
f 1543/4621 1544/4622 1540/4623 1539/4624
vt 0.474609375 0.578125
vt 0.47265625 0.578125
vt 0.47265625 0.59375
vt 0.474609375 0.59375
f 1539/4625 1540/4626 1537/4627 1538/4628
vt 0.478515625 0.578125
vt 0.4765625 0.578125
vt 0.4765625 0.59375
vt 0.478515625 0.59375
f 1544/4629 1543/4630 1542/4631 1541/4632
o ammoModel93
v 10.2 2.609999 2.1
v 11.42 2.609999 2.1
v 11.42 2.549999 2.03
v 10.2 2.549999 2.03
v 10.2 2.609999 2.2
v 11.42 2.609999 2.2
v 11.42 2.549999 2.27
v 10.2 2.549999 2.27
vt 0.4921875 0.578125
vt 0.490234375 0.578125
vt 0.490234375 0.59375
vt 0.4921875 0.59375
f 1551/4633 1547/4634 1546/4635 1550/4636
vt 0.48828125 0.578125
vt 0.486328125 0.578125
vt 0.486328125 0.59375
vt 0.48828125 0.59375
f 1548/4637 1552/4638 1549/4639 1545/4640
vt 0.490234375 0.59375
vt 0.48828125 0.59375
vt 0.48828125 0.609375
vt 0.490234375 0.609375
f 1546/4641 1545/4642 1549/4643 1550/4644
vt 0.4921875 0.609375
vt 0.490234375 0.609375
vt 0.490234375 0.59375
vt 0.4921875 0.59375
f 1551/4645 1552/4646 1548/4647 1547/4648
vt 0.490234375 0.578125
vt 0.48828125 0.578125
vt 0.48828125 0.59375
vt 0.490234375 0.59375
f 1547/4649 1548/4650 1545/4651 1546/4652
vt 0.494140625 0.578125
vt 0.4921875 0.578125
vt 0.4921875 0.59375
vt 0.494140625 0.59375
f 1552/4653 1551/4654 1550/4655 1549/4656
o ammoModel94
v 10.2 2.549999 2.03
v 11.42 2.549999 2.03
v 11.42 2.449999 2.03
v 10.2 2.449999 2.03
v 10.2 2.549999 2.27
v 11.42 2.549999 2.27
v 11.42 2.449999 2.27
v 10.2 2.449999 2.27
vt 0.5078125 0.578125
vt 0.505859375 0.578125
vt 0.505859375 0.59375
vt 0.5078125 0.59375
f 1559/4657 1555/4658 1554/4659 1558/4660
vt 0.50390625 0.578125
vt 0.501953125 0.578125
vt 0.501953125 0.59375
vt 0.50390625 0.59375
f 1556/4661 1560/4662 1557/4663 1553/4664
vt 0.505859375 0.59375
vt 0.50390625 0.59375
vt 0.50390625 0.609375
vt 0.505859375 0.609375
f 1554/4665 1553/4666 1557/4667 1558/4668
vt 0.5078125 0.609375
vt 0.505859375 0.609375
vt 0.505859375 0.59375
vt 0.5078125 0.59375
f 1559/4669 1560/4670 1556/4671 1555/4672
vt 0.505859375 0.578125
vt 0.50390625 0.578125
vt 0.50390625 0.59375
vt 0.505859375 0.59375
f 1555/4673 1556/4674 1553/4675 1554/4676
vt 0.509765625 0.578125
vt 0.5078125 0.578125
vt 0.5078125 0.59375
vt 0.509765625 0.59375
f 1560/4677 1559/4678 1558/4679 1557/4680
o ammoModel95
v 10.2 2.449998 2.03
v 11.42 2.449998 2.03
v 11.42 2.389998 2.1
v 10.2 2.389998 2.1
v 10.2 2.449998 2.27
v 11.42 2.449998 2.27
v 11.42 2.389998 2.2
v 10.2 2.389998 2.2
vt 0.5234375 0.578125
vt 0.521484375 0.578125
vt 0.521484375 0.59375
vt 0.5234375 0.59375
f 1567/4681 1563/4682 1562/4683 1566/4684
vt 0.51953125 0.578125
vt 0.517578125 0.578125
vt 0.517578125 0.59375
vt 0.51953125 0.59375
f 1564/4685 1568/4686 1565/4687 1561/4688
vt 0.521484375 0.59375
vt 0.51953125 0.59375
vt 0.51953125 0.609375
vt 0.521484375 0.609375
f 1562/4689 1561/4690 1565/4691 1566/4692
vt 0.5234375 0.609375
vt 0.521484375 0.609375
vt 0.521484375 0.59375
vt 0.5234375 0.59375
f 1567/4693 1568/4694 1564/4695 1563/4696
vt 0.521484375 0.578125
vt 0.51953125 0.578125
vt 0.51953125 0.59375
vt 0.521484375 0.59375
f 1563/4697 1564/4698 1561/4699 1562/4700
vt 0.525390625 0.578125
vt 0.5234375 0.578125
vt 0.5234375 0.59375
vt 0.525390625 0.59375
f 1568/4701 1567/4702 1566/4703 1565/4704
o ammoModel96
v 11.42 2.609999 2.39
v 11.57 2.579999 2.4
v 11.57 2.549999 2.37
v 11.42 2.549999 2.33
v 11.42 2.609999 2.51
v 11.57 2.579999 2.5
v 11.57 2.549999 2.53
v 11.42 2.549999 2.57
vt 0.5390625 0.578125
vt 0.537109375 0.578125
vt 0.537109375 0.59375
vt 0.5390625 0.59375
f 1575/4705 1571/4706 1570/4707 1574/4708
vt 0.53515625 0.578125
vt 0.533203125 0.578125
vt 0.533203125 0.59375
vt 0.53515625 0.59375
f 1572/4709 1576/4710 1573/4711 1569/4712
vt 0.537109375 0.59375
vt 0.53515625 0.59375
vt 0.53515625 0.609375
vt 0.537109375 0.609375
f 1570/4713 1569/4714 1573/4715 1574/4716
vt 0.5390625 0.609375
vt 0.537109375 0.609375
vt 0.537109375 0.59375
vt 0.5390625 0.59375
f 1575/4717 1576/4718 1572/4719 1571/4720
vt 0.537109375 0.578125
vt 0.53515625 0.578125
vt 0.53515625 0.59375
vt 0.537109375 0.59375
f 1571/4721 1572/4722 1569/4723 1570/4724
vt 0.541015625 0.578125
vt 0.5390625 0.578125
vt 0.5390625 0.59375
vt 0.541015625 0.59375
f 1576/4725 1575/4726 1574/4727 1573/4728
o ammoModel97
v 11.95 2.569999 2.41
v 12.25 2.509999 2.44
v 12.25 2.509999 2.44
v 11.95 2.529999 2.375
v 11.95 2.569999 2.49
v 12.25 2.509999 2.46
v 12.25 2.509999 2.46
v 11.95 2.529999 2.525
vt 0.5546875 0.578125
vt 0.552734375 0.578125
vt 0.552734375 0.59375
vt 0.5546875 0.59375
f 1583/4729 1579/4730 1578/4731 1582/4732
vt 0.55078125 0.578125
vt 0.548828125 0.578125
vt 0.548828125 0.59375
vt 0.55078125 0.59375
f 1580/4733 1584/4734 1581/4735 1577/4736
vt 0.552734375 0.59375
vt 0.55078125 0.59375
vt 0.55078125 0.609375
vt 0.552734375 0.609375
f 1578/4737 1577/4738 1581/4739 1582/4740
vt 0.5546875 0.609375
vt 0.552734375 0.609375
vt 0.552734375 0.59375
vt 0.5546875 0.59375
f 1583/4741 1584/4742 1580/4743 1579/4744
vt 0.552734375 0.578125
vt 0.55078125 0.578125
vt 0.55078125 0.59375
vt 0.552734375 0.59375
f 1579/4745 1580/4746 1577/4747 1578/4748
vt 0.556640625 0.578125
vt 0.5546875 0.578125
vt 0.5546875 0.59375
vt 0.556640625 0.59375
f 1584/4749 1583/4750 1582/4751 1581/4752
o ammoModel98
v 11.95 2.529999 2.375
v 12.25 2.509999 2.44
v 12.25 2.489999 2.44
v 11.95 2.469999 2.375
v 11.95 2.529999 2.525
v 12.25 2.509999 2.46
v 12.25 2.489999 2.46
v 11.95 2.469999 2.525
vt 0.5703125 0.578125
vt 0.568359375 0.578125
vt 0.568359375 0.59375
vt 0.5703125 0.59375
f 1591/4753 1587/4754 1586/4755 1590/4756
vt 0.56640625 0.578125
vt 0.564453125 0.578125
vt 0.564453125 0.59375
vt 0.56640625 0.59375
f 1588/4757 1592/4758 1589/4759 1585/4760
vt 0.568359375 0.59375
vt 0.56640625 0.59375
vt 0.56640625 0.609375
vt 0.568359375 0.609375
f 1586/4761 1585/4762 1589/4763 1590/4764
vt 0.5703125 0.609375
vt 0.568359375 0.609375
vt 0.568359375 0.59375
vt 0.5703125 0.59375
f 1591/4765 1592/4766 1588/4767 1587/4768
vt 0.568359375 0.578125
vt 0.56640625 0.578125
vt 0.56640625 0.59375
vt 0.568359375 0.59375
f 1587/4769 1588/4770 1585/4771 1586/4772
vt 0.572265625 0.578125
vt 0.5703125 0.578125
vt 0.5703125 0.59375
vt 0.572265625 0.59375
f 1592/4773 1591/4774 1590/4775 1589/4776
o ammoModel99
v 11.95 2.469999 2.375
v 12.25 2.489999 2.44
v 12.25 2.489999 2.44
v 11.95 2.429999 2.41
v 11.95 2.469999 2.525
v 12.25 2.489999 2.46
v 12.25 2.489999 2.46
v 11.95 2.429999 2.49
vt 0.5859375 0.578125
vt 0.583984375 0.578125
vt 0.583984375 0.59375
vt 0.5859375 0.59375
f 1599/4777 1595/4778 1594/4779 1598/4780
vt 0.58203125 0.578125
vt 0.580078125 0.578125
vt 0.580078125 0.59375
vt 0.58203125 0.59375
f 1596/4781 1600/4782 1597/4783 1593/4784
vt 0.583984375 0.59375
vt 0.58203125 0.59375
vt 0.58203125 0.609375
vt 0.583984375 0.609375
f 1594/4785 1593/4786 1597/4787 1598/4788
vt 0.5859375 0.609375
vt 0.583984375 0.609375
vt 0.583984375 0.59375
vt 0.5859375 0.59375
f 1599/4789 1600/4790 1596/4791 1595/4792
vt 0.583984375 0.578125
vt 0.58203125 0.578125
vt 0.58203125 0.59375
vt 0.583984375 0.59375
f 1595/4793 1596/4794 1593/4795 1594/4796
vt 0.587890625 0.578125
vt 0.5859375 0.578125
vt 0.5859375 0.59375
vt 0.587890625 0.59375
f 1600/4797 1599/4798 1598/4799 1597/4800
o ammoModel100
v 11.75 2.469999 2.375
v 11.95 2.469999 2.375
v 11.95 2.429999 2.41
v 11.75 2.429999 2.41
v 11.75 2.469999 2.525
v 11.95 2.469999 2.525
v 11.95 2.429999 2.49
v 11.75 2.429999 2.49
vt 0.6015625 0.578125
vt 0.599609375 0.578125
vt 0.599609375 0.59375
vt 0.6015625 0.59375
f 1607/4801 1603/4802 1602/4803 1606/4804
vt 0.59765625 0.578125
vt 0.595703125 0.578125
vt 0.595703125 0.59375
vt 0.59765625 0.59375
f 1604/4805 1608/4806 1605/4807 1601/4808
vt 0.599609375 0.59375
vt 0.59765625 0.59375
vt 0.59765625 0.609375
vt 0.599609375 0.609375
f 1602/4809 1601/4810 1605/4811 1606/4812
vt 0.6015625 0.609375
vt 0.599609375 0.609375
vt 0.599609375 0.59375
vt 0.6015625 0.59375
f 1607/4813 1608/4814 1604/4815 1603/4816
vt 0.599609375 0.578125
vt 0.59765625 0.578125
vt 0.59765625 0.59375
vt 0.599609375 0.59375
f 1603/4817 1604/4818 1601/4819 1602/4820
vt 0.603515625 0.578125
vt 0.6015625 0.578125
vt 0.6015625 0.59375
vt 0.603515625 0.59375
f 1608/4821 1607/4822 1606/4823 1605/4824
o ammoModel101
v 11.75 2.529999 2.375
v 11.95 2.529999 2.375
v 11.95 2.469999 2.375
v 11.75 2.469999 2.375
v 11.75 2.529999 2.525
v 11.95 2.529999 2.525
v 11.95 2.469999 2.525
v 11.75 2.469999 2.525
vt 0.6171875 0.578125
vt 0.615234375 0.578125
vt 0.615234375 0.59375
vt 0.6171875 0.59375
f 1615/4825 1611/4826 1610/4827 1614/4828
vt 0.61328125 0.578125
vt 0.611328125 0.578125
vt 0.611328125 0.59375
vt 0.61328125 0.59375
f 1612/4829 1616/4830 1613/4831 1609/4832
vt 0.615234375 0.59375
vt 0.61328125 0.59375
vt 0.61328125 0.609375
vt 0.615234375 0.609375
f 1610/4833 1609/4834 1613/4835 1614/4836
vt 0.6171875 0.609375
vt 0.615234375 0.609375
vt 0.615234375 0.59375
vt 0.6171875 0.59375
f 1615/4837 1616/4838 1612/4839 1611/4840
vt 0.615234375 0.578125
vt 0.61328125 0.578125
vt 0.61328125 0.59375
vt 0.615234375 0.59375
f 1611/4841 1612/4842 1609/4843 1610/4844
vt 0.619140625 0.578125
vt 0.6171875 0.578125
vt 0.6171875 0.59375
vt 0.619140625 0.59375
f 1616/4845 1615/4846 1614/4847 1613/4848
o ammoModel102
v 11.75 2.569999 2.41
v 11.95 2.569999 2.41
v 11.95 2.529999 2.375
v 11.75 2.529999 2.375
v 11.75 2.569999 2.49
v 11.95 2.569999 2.49
v 11.95 2.529999 2.525
v 11.75 2.529999 2.525
vt 0.6328125 0.578125
vt 0.630859375 0.578125
vt 0.630859375 0.59375
vt 0.6328125 0.59375
f 1623/4849 1619/4850 1618/4851 1622/4852
vt 0.62890625 0.578125
vt 0.626953125 0.578125
vt 0.626953125 0.59375
vt 0.62890625 0.59375
f 1620/4853 1624/4854 1621/4855 1617/4856
vt 0.630859375 0.59375
vt 0.62890625 0.59375
vt 0.62890625 0.609375
vt 0.630859375 0.609375
f 1618/4857 1617/4858 1621/4859 1622/4860
vt 0.6328125 0.609375
vt 0.630859375 0.609375
vt 0.630859375 0.59375
vt 0.6328125 0.59375
f 1623/4861 1624/4862 1620/4863 1619/4864
vt 0.630859375 0.578125
vt 0.62890625 0.578125
vt 0.62890625 0.59375
vt 0.630859375 0.59375
f 1619/4865 1620/4866 1617/4867 1618/4868
vt 0.634765625 0.578125
vt 0.6328125 0.578125
vt 0.6328125 0.59375
vt 0.634765625 0.59375
f 1624/4869 1623/4870 1622/4871 1621/4872
o ammoModel103
v 11.55 2.579999 2.4
v 11.75 2.579999 2.4
v 11.75 2.549999 2.37
v 11.55 2.549999 2.37
v 11.55 2.579999 2.5
v 11.75 2.579999 2.5
v 11.75 2.549999 2.53
v 11.55 2.549999 2.53
vt 0.6484375 0.578125
vt 0.646484375 0.578125
vt 0.646484375 0.59375
vt 0.6484375 0.59375
f 1631/4873 1627/4874 1626/4875 1630/4876
vt 0.64453125 0.578125
vt 0.642578125 0.578125
vt 0.642578125 0.59375
vt 0.64453125 0.59375
f 1628/4877 1632/4878 1629/4879 1625/4880
vt 0.646484375 0.59375
vt 0.64453125 0.59375
vt 0.64453125 0.609375
vt 0.646484375 0.609375
f 1626/4881 1625/4882 1629/4883 1630/4884
vt 0.6484375 0.609375
vt 0.646484375 0.609375
vt 0.646484375 0.59375
vt 0.6484375 0.59375
f 1631/4885 1632/4886 1628/4887 1627/4888
vt 0.646484375 0.578125
vt 0.64453125 0.578125
vt 0.64453125 0.59375
vt 0.646484375 0.59375
f 1627/4889 1628/4890 1625/4891 1626/4892
vt 0.650390625 0.578125
vt 0.6484375 0.578125
vt 0.6484375 0.59375
vt 0.650390625 0.59375
f 1632/4893 1631/4894 1630/4895 1629/4896
o ammoModel104
v 11.55 2.549999 2.37
v 11.75 2.549999 2.37
v 11.75 2.449999 2.37
v 11.55 2.449999 2.37
v 11.55 2.549999 2.53
v 11.75 2.549999 2.53
v 11.75 2.449999 2.53
v 11.55 2.449999 2.53
vt 0.6640625 0.578125
vt 0.662109375 0.578125
vt 0.662109375 0.59375
vt 0.6640625 0.59375
f 1639/4897 1635/4898 1634/4899 1638/4900
vt 0.66015625 0.578125
vt 0.658203125 0.578125
vt 0.658203125 0.59375
vt 0.66015625 0.59375
f 1636/4901 1640/4902 1637/4903 1633/4904
vt 0.662109375 0.59375
vt 0.66015625 0.59375
vt 0.66015625 0.609375
vt 0.662109375 0.609375
f 1634/4905 1633/4906 1637/4907 1638/4908
vt 0.6640625 0.609375
vt 0.662109375 0.609375
vt 0.662109375 0.59375
vt 0.6640625 0.59375
f 1639/4909 1640/4910 1636/4911 1635/4912
vt 0.662109375 0.578125
vt 0.66015625 0.578125
vt 0.66015625 0.59375
vt 0.662109375 0.59375
f 1635/4913 1636/4914 1633/4915 1634/4916
vt 0.666015625 0.578125
vt 0.6640625 0.578125
vt 0.6640625 0.59375
vt 0.666015625 0.59375
f 1640/4917 1639/4918 1638/4919 1637/4920
o ammoModel105
v 11.55 2.449998 2.37
v 11.75 2.449998 2.37
v 11.75 2.419998 2.4
v 11.55 2.419998 2.4
v 11.55 2.449998 2.53
v 11.75 2.449998 2.53
v 11.75 2.419998 2.5
v 11.55 2.419998 2.5
vt 0.6796875 0.578125
vt 0.677734375 0.578125
vt 0.677734375 0.59375
vt 0.6796875 0.59375
f 1647/4921 1643/4922 1642/4923 1646/4924
vt 0.67578125 0.578125
vt 0.673828125 0.578125
vt 0.673828125 0.59375
vt 0.67578125 0.59375
f 1644/4925 1648/4926 1645/4927 1641/4928
vt 0.677734375 0.59375
vt 0.67578125 0.59375
vt 0.67578125 0.609375
vt 0.677734375 0.609375
f 1642/4929 1641/4930 1645/4931 1646/4932
vt 0.6796875 0.609375
vt 0.677734375 0.609375
vt 0.677734375 0.59375
vt 0.6796875 0.59375
f 1647/4933 1648/4934 1644/4935 1643/4936
vt 0.677734375 0.578125
vt 0.67578125 0.578125
vt 0.67578125 0.59375
vt 0.677734375 0.59375
f 1643/4937 1644/4938 1641/4939 1642/4940
vt 0.681640625 0.578125
vt 0.6796875 0.578125
vt 0.6796875 0.59375
vt 0.681640625 0.59375
f 1648/4941 1647/4942 1646/4943 1645/4944
o ammoModel106
v 11.42 2.449998 2.33
v 11.57 2.449998 2.37
v 11.57 2.419998 2.41
v 11.42 2.389998 2.39
v 11.42 2.449998 2.57
v 11.57 2.449998 2.53
v 11.57 2.419998 2.49
v 11.42 2.389998 2.51
vt 0.6953125 0.578125
vt 0.693359375 0.578125
vt 0.693359375 0.59375
vt 0.6953125 0.59375
f 1655/4945 1651/4946 1650/4947 1654/4948
vt 0.69140625 0.578125
vt 0.689453125 0.578125
vt 0.689453125 0.59375
vt 0.69140625 0.59375
f 1652/4949 1656/4950 1653/4951 1649/4952
vt 0.693359375 0.59375
vt 0.69140625 0.59375
vt 0.69140625 0.609375
vt 0.693359375 0.609375
f 1650/4953 1649/4954 1653/4955 1654/4956
vt 0.6953125 0.609375
vt 0.693359375 0.609375
vt 0.693359375 0.59375
vt 0.6953125 0.59375
f 1655/4957 1656/4958 1652/4959 1651/4960
vt 0.693359375 0.578125
vt 0.69140625 0.578125
vt 0.69140625 0.59375
vt 0.693359375 0.59375
f 1651/4961 1652/4962 1649/4963 1650/4964
vt 0.697265625 0.578125
vt 0.6953125 0.578125
vt 0.6953125 0.59375
vt 0.697265625 0.59375
f 1656/4965 1655/4966 1654/4967 1653/4968
o ammoModel107
v 11.42 2.549999 2.33
v 11.57 2.549999 2.37
v 11.57 2.449999 2.37
v 11.42 2.449999 2.33
v 11.42 2.549999 2.57
v 11.57 2.549999 2.53
v 11.57 2.449999 2.53
v 11.42 2.449999 2.57
vt 0.7109375 0.578125
vt 0.708984375 0.578125
vt 0.708984375 0.59375
vt 0.7109375 0.59375
f 1663/4969 1659/4970 1658/4971 1662/4972
vt 0.70703125 0.578125
vt 0.705078125 0.578125
vt 0.705078125 0.59375
vt 0.70703125 0.59375
f 1660/4973 1664/4974 1661/4975 1657/4976
vt 0.708984375 0.59375
vt 0.70703125 0.59375
vt 0.70703125 0.609375
vt 0.708984375 0.609375
f 1658/4977 1657/4978 1661/4979 1662/4980
vt 0.7109375 0.609375
vt 0.708984375 0.609375
vt 0.708984375 0.59375
vt 0.7109375 0.59375
f 1663/4981 1664/4982 1660/4983 1659/4984
vt 0.708984375 0.578125
vt 0.70703125 0.578125
vt 0.70703125 0.59375
vt 0.708984375 0.59375
f 1659/4985 1660/4986 1657/4987 1658/4988
vt 0.712890625 0.578125
vt 0.7109375 0.578125
vt 0.7109375 0.59375
vt 0.712890625 0.59375
f 1664/4989 1663/4990 1662/4991 1661/4992
o ammoModel108
v 10.2 2.609999 2.4
v 11.42 2.609999 2.4
v 11.42 2.549999 2.33
v 10.2 2.549999 2.33
v 10.2 2.609999 2.5
v 11.42 2.609999 2.5
v 11.42 2.549999 2.57
v 10.2 2.549999 2.57
vt 0.7265625 0.578125
vt 0.724609375 0.578125
vt 0.724609375 0.59375
vt 0.7265625 0.59375
f 1671/4993 1667/4994 1666/4995 1670/4996
vt 0.72265625 0.578125
vt 0.720703125 0.578125
vt 0.720703125 0.59375
vt 0.72265625 0.59375
f 1668/4997 1672/4998 1669/4999 1665/5000
vt 0.724609375 0.59375
vt 0.72265625 0.59375
vt 0.72265625 0.609375
vt 0.724609375 0.609375
f 1666/5001 1665/5002 1669/5003 1670/5004
vt 0.7265625 0.609375
vt 0.724609375 0.609375
vt 0.724609375 0.59375
vt 0.7265625 0.59375
f 1671/5005 1672/5006 1668/5007 1667/5008
vt 0.724609375 0.578125
vt 0.72265625 0.578125
vt 0.72265625 0.59375
vt 0.724609375 0.59375
f 1667/5009 1668/5010 1665/5011 1666/5012
vt 0.728515625 0.578125
vt 0.7265625 0.578125
vt 0.7265625 0.59375
vt 0.728515625 0.59375
f 1672/5013 1671/5014 1670/5015 1669/5016
o ammoModel109
v 10.2 2.549999 2.33
v 11.42 2.549999 2.33
v 11.42 2.449999 2.33
v 10.2 2.449999 2.33
v 10.2 2.549999 2.57
v 11.42 2.549999 2.57
v 11.42 2.449999 2.57
v 10.2 2.449999 2.57
vt 0.7421875 0.578125
vt 0.740234375 0.578125
vt 0.740234375 0.59375
vt 0.7421875 0.59375
f 1679/5017 1675/5018 1674/5019 1678/5020
vt 0.73828125 0.578125
vt 0.736328125 0.578125
vt 0.736328125 0.59375
vt 0.73828125 0.59375
f 1676/5021 1680/5022 1677/5023 1673/5024
vt 0.740234375 0.59375
vt 0.73828125 0.59375
vt 0.73828125 0.609375
vt 0.740234375 0.609375
f 1674/5025 1673/5026 1677/5027 1678/5028
vt 0.7421875 0.609375
vt 0.740234375 0.609375
vt 0.740234375 0.59375
vt 0.7421875 0.59375
f 1679/5029 1680/5030 1676/5031 1675/5032
vt 0.740234375 0.578125
vt 0.73828125 0.578125
vt 0.73828125 0.59375
vt 0.740234375 0.59375
f 1675/5033 1676/5034 1673/5035 1674/5036
vt 0.744140625 0.578125
vt 0.7421875 0.578125
vt 0.7421875 0.59375
vt 0.744140625 0.59375
f 1680/5037 1679/5038 1678/5039 1677/5040
o ammoModel110
v 10.2 2.449998 2.33
v 11.42 2.449998 2.33
v 11.42 2.389998 2.4
v 10.2 2.389998 2.4
v 10.2 2.449998 2.57
v 11.42 2.449998 2.57
v 11.42 2.389998 2.5
v 10.2 2.389998 2.5
vt 0.7578125 0.578125
vt 0.755859375 0.578125
vt 0.755859375 0.59375
vt 0.7578125 0.59375
f 1687/5041 1683/5042 1682/5043 1686/5044
vt 0.75390625 0.578125
vt 0.751953125 0.578125
vt 0.751953125 0.59375
vt 0.75390625 0.59375
f 1684/5045 1688/5046 1685/5047 1681/5048
vt 0.755859375 0.59375
vt 0.75390625 0.59375
vt 0.75390625 0.609375
vt 0.755859375 0.609375
f 1682/5049 1681/5050 1685/5051 1686/5052
vt 0.7578125 0.609375
vt 0.755859375 0.609375
vt 0.755859375 0.59375
vt 0.7578125 0.59375
f 1687/5053 1688/5054 1684/5055 1683/5056
vt 0.755859375 0.578125
vt 0.75390625 0.578125
vt 0.75390625 0.59375
vt 0.755859375 0.59375
f 1683/5057 1684/5058 1681/5059 1682/5060
vt 0.759765625 0.578125
vt 0.7578125 0.578125
vt 0.7578125 0.59375
vt 0.759765625 0.59375
f 1688/5061 1687/5062 1686/5063 1685/5064
o ammoModel111
v 11.42 2.609999 2.69
v 11.57 2.579999 2.7
v 11.57 2.549999 2.67
v 11.42 2.549999 2.63
v 11.42 2.609999 2.81
v 11.57 2.579999 2.8
v 11.57 2.549999 2.83
v 11.42 2.549999 2.87
vt 0.7734375 0.578125
vt 0.771484375 0.578125
vt 0.771484375 0.59375
vt 0.7734375 0.59375
f 1695/5065 1691/5066 1690/5067 1694/5068
vt 0.76953125 0.578125
vt 0.767578125 0.578125
vt 0.767578125 0.59375
vt 0.76953125 0.59375
f 1692/5069 1696/5070 1693/5071 1689/5072
vt 0.771484375 0.59375
vt 0.76953125 0.59375
vt 0.76953125 0.609375
vt 0.771484375 0.609375
f 1690/5073 1689/5074 1693/5075 1694/5076
vt 0.7734375 0.609375
vt 0.771484375 0.609375
vt 0.771484375 0.59375
vt 0.7734375 0.59375
f 1695/5077 1696/5078 1692/5079 1691/5080
vt 0.771484375 0.578125
vt 0.76953125 0.578125
vt 0.76953125 0.59375
vt 0.771484375 0.59375
f 1691/5081 1692/5082 1689/5083 1690/5084
vt 0.775390625 0.578125
vt 0.7734375 0.578125
vt 0.7734375 0.59375
vt 0.775390625 0.59375
f 1696/5085 1695/5086 1694/5087 1693/5088
o ammoModel112
v 11.95 2.569999 2.71
v 12.25 2.509999 2.74
v 12.25 2.509999 2.74
v 11.95 2.529999 2.675
v 11.95 2.569999 2.79
v 12.25 2.509999 2.76
v 12.25 2.509999 2.76
v 11.95 2.529999 2.825
vt 0.7890625 0.578125
vt 0.787109375 0.578125
vt 0.787109375 0.59375
vt 0.7890625 0.59375
f 1703/5089 1699/5090 1698/5091 1702/5092
vt 0.78515625 0.578125
vt 0.783203125 0.578125
vt 0.783203125 0.59375
vt 0.78515625 0.59375
f 1700/5093 1704/5094 1701/5095 1697/5096
vt 0.787109375 0.59375
vt 0.78515625 0.59375
vt 0.78515625 0.609375
vt 0.787109375 0.609375
f 1698/5097 1697/5098 1701/5099 1702/5100
vt 0.7890625 0.609375
vt 0.787109375 0.609375
vt 0.787109375 0.59375
vt 0.7890625 0.59375
f 1703/5101 1704/5102 1700/5103 1699/5104
vt 0.787109375 0.578125
vt 0.78515625 0.578125
vt 0.78515625 0.59375
vt 0.787109375 0.59375
f 1699/5105 1700/5106 1697/5107 1698/5108
vt 0.791015625 0.578125
vt 0.7890625 0.578125
vt 0.7890625 0.59375
vt 0.791015625 0.59375
f 1704/5109 1703/5110 1702/5111 1701/5112
o ammoModel113
v 11.95 2.529999 2.675
v 12.25 2.509999 2.74
v 12.25 2.489999 2.74
v 11.95 2.469999 2.675
v 11.95 2.529999 2.825
v 12.25 2.509999 2.76
v 12.25 2.489999 2.76
v 11.95 2.469999 2.825
vt 0.8046875 0.578125
vt 0.802734375 0.578125
vt 0.802734375 0.59375
vt 0.8046875 0.59375
f 1711/5113 1707/5114 1706/5115 1710/5116
vt 0.80078125 0.578125
vt 0.798828125 0.578125
vt 0.798828125 0.59375
vt 0.80078125 0.59375
f 1708/5117 1712/5118 1709/5119 1705/5120
vt 0.802734375 0.59375
vt 0.80078125 0.59375
vt 0.80078125 0.609375
vt 0.802734375 0.609375
f 1706/5121 1705/5122 1709/5123 1710/5124
vt 0.8046875 0.609375
vt 0.802734375 0.609375
vt 0.802734375 0.59375
vt 0.8046875 0.59375
f 1711/5125 1712/5126 1708/5127 1707/5128
vt 0.802734375 0.578125
vt 0.80078125 0.578125
vt 0.80078125 0.59375
vt 0.802734375 0.59375
f 1707/5129 1708/5130 1705/5131 1706/5132
vt 0.806640625 0.578125
vt 0.8046875 0.578125
vt 0.8046875 0.59375
vt 0.806640625 0.59375
f 1712/5133 1711/5134 1710/5135 1709/5136
o ammoModel114
v 11.95 2.469999 2.675
v 12.25 2.489999 2.74
v 12.25 2.489999 2.74
v 11.95 2.429999 2.71
v 11.95 2.469999 2.825
v 12.25 2.489999 2.76
v 12.25 2.489999 2.76
v 11.95 2.429999 2.79
vt 0.8203125 0.578125
vt 0.818359375 0.578125
vt 0.818359375 0.59375
vt 0.8203125 0.59375
f 1719/5137 1715/5138 1714/5139 1718/5140
vt 0.81640625 0.578125
vt 0.814453125 0.578125
vt 0.814453125 0.59375
vt 0.81640625 0.59375
f 1716/5141 1720/5142 1717/5143 1713/5144
vt 0.818359375 0.59375
vt 0.81640625 0.59375
vt 0.81640625 0.609375
vt 0.818359375 0.609375
f 1714/5145 1713/5146 1717/5147 1718/5148
vt 0.8203125 0.609375
vt 0.818359375 0.609375
vt 0.818359375 0.59375
vt 0.8203125 0.59375
f 1719/5149 1720/5150 1716/5151 1715/5152
vt 0.818359375 0.578125
vt 0.81640625 0.578125
vt 0.81640625 0.59375
vt 0.818359375 0.59375
f 1715/5153 1716/5154 1713/5155 1714/5156
vt 0.822265625 0.578125
vt 0.8203125 0.578125
vt 0.8203125 0.59375
vt 0.822265625 0.59375
f 1720/5157 1719/5158 1718/5159 1717/5160
o ammoModel115
v 11.75 2.469999 2.675
v 11.95 2.469999 2.675
v 11.95 2.429999 2.71
v 11.75 2.429999 2.71
v 11.75 2.469999 2.825
v 11.95 2.469999 2.825
v 11.95 2.429999 2.79
v 11.75 2.429999 2.79
vt 0.8359375 0.578125
vt 0.833984375 0.578125
vt 0.833984375 0.59375
vt 0.8359375 0.59375
f 1727/5161 1723/5162 1722/5163 1726/5164
vt 0.83203125 0.578125
vt 0.830078125 0.578125
vt 0.830078125 0.59375
vt 0.83203125 0.59375
f 1724/5165 1728/5166 1725/5167 1721/5168
vt 0.833984375 0.59375
vt 0.83203125 0.59375
vt 0.83203125 0.609375
vt 0.833984375 0.609375
f 1722/5169 1721/5170 1725/5171 1726/5172
vt 0.8359375 0.609375
vt 0.833984375 0.609375
vt 0.833984375 0.59375
vt 0.8359375 0.59375
f 1727/5173 1728/5174 1724/5175 1723/5176
vt 0.833984375 0.578125
vt 0.83203125 0.578125
vt 0.83203125 0.59375
vt 0.833984375 0.59375
f 1723/5177 1724/5178 1721/5179 1722/5180
vt 0.837890625 0.578125
vt 0.8359375 0.578125
vt 0.8359375 0.59375
vt 0.837890625 0.59375
f 1728/5181 1727/5182 1726/5183 1725/5184
o ammoModel116
v 11.75 2.529999 2.675
v 11.95 2.529999 2.675
v 11.95 2.469999 2.675
v 11.75 2.469999 2.675
v 11.75 2.529999 2.825
v 11.95 2.529999 2.825
v 11.95 2.469999 2.825
v 11.75 2.469999 2.825
vt 0.8515625 0.578125
vt 0.849609375 0.578125
vt 0.849609375 0.59375
vt 0.8515625 0.59375
f 1735/5185 1731/5186 1730/5187 1734/5188
vt 0.84765625 0.578125
vt 0.845703125 0.578125
vt 0.845703125 0.59375
vt 0.84765625 0.59375
f 1732/5189 1736/5190 1733/5191 1729/5192
vt 0.849609375 0.59375
vt 0.84765625 0.59375
vt 0.84765625 0.609375
vt 0.849609375 0.609375
f 1730/5193 1729/5194 1733/5195 1734/5196
vt 0.8515625 0.609375
vt 0.849609375 0.609375
vt 0.849609375 0.59375
vt 0.8515625 0.59375
f 1735/5197 1736/5198 1732/5199 1731/5200
vt 0.849609375 0.578125
vt 0.84765625 0.578125
vt 0.84765625 0.59375
vt 0.849609375 0.59375
f 1731/5201 1732/5202 1729/5203 1730/5204
vt 0.853515625 0.578125
vt 0.8515625 0.578125
vt 0.8515625 0.59375
vt 0.853515625 0.59375
f 1736/5205 1735/5206 1734/5207 1733/5208
o ammoModel117
v 11.75 2.569999 2.71
v 11.95 2.569999 2.71
v 11.95 2.529999 2.675
v 11.75 2.529999 2.675
v 11.75 2.569999 2.79
v 11.95 2.569999 2.79
v 11.95 2.529999 2.825
v 11.75 2.529999 2.825
vt 0.8671875 0.578125
vt 0.865234375 0.578125
vt 0.865234375 0.59375
vt 0.8671875 0.59375
f 1743/5209 1739/5210 1738/5211 1742/5212
vt 0.86328125 0.578125
vt 0.861328125 0.578125
vt 0.861328125 0.59375
vt 0.86328125 0.59375
f 1740/5213 1744/5214 1741/5215 1737/5216
vt 0.865234375 0.59375
vt 0.86328125 0.59375
vt 0.86328125 0.609375
vt 0.865234375 0.609375
f 1738/5217 1737/5218 1741/5219 1742/5220
vt 0.8671875 0.609375
vt 0.865234375 0.609375
vt 0.865234375 0.59375
vt 0.8671875 0.59375
f 1743/5221 1744/5222 1740/5223 1739/5224
vt 0.865234375 0.578125
vt 0.86328125 0.578125
vt 0.86328125 0.59375
vt 0.865234375 0.59375
f 1739/5225 1740/5226 1737/5227 1738/5228
vt 0.869140625 0.578125
vt 0.8671875 0.578125
vt 0.8671875 0.59375
vt 0.869140625 0.59375
f 1744/5229 1743/5230 1742/5231 1741/5232
o ammoModel118
v 11.55 2.579999 2.7
v 11.75 2.579999 2.7
v 11.75 2.549999 2.67
v 11.55 2.549999 2.67
v 11.55 2.579999 2.8
v 11.75 2.579999 2.8
v 11.75 2.549999 2.83
v 11.55 2.549999 2.83
vt 0.8828125 0.578125
vt 0.880859375 0.578125
vt 0.880859375 0.59375
vt 0.8828125 0.59375
f 1751/5233 1747/5234 1746/5235 1750/5236
vt 0.87890625 0.578125
vt 0.876953125 0.578125
vt 0.876953125 0.59375
vt 0.87890625 0.59375
f 1748/5237 1752/5238 1749/5239 1745/5240
vt 0.880859375 0.59375
vt 0.87890625 0.59375
vt 0.87890625 0.609375
vt 0.880859375 0.609375
f 1746/5241 1745/5242 1749/5243 1750/5244
vt 0.8828125 0.609375
vt 0.880859375 0.609375
vt 0.880859375 0.59375
vt 0.8828125 0.59375
f 1751/5245 1752/5246 1748/5247 1747/5248
vt 0.880859375 0.578125
vt 0.87890625 0.578125
vt 0.87890625 0.59375
vt 0.880859375 0.59375
f 1747/5249 1748/5250 1745/5251 1746/5252
vt 0.884765625 0.578125
vt 0.8828125 0.578125
vt 0.8828125 0.59375
vt 0.884765625 0.59375
f 1752/5253 1751/5254 1750/5255 1749/5256
o ammoModel119
v 11.55 2.549999 2.67
v 11.75 2.549999 2.67
v 11.75 2.449999 2.67
v 11.55 2.449999 2.67
v 11.55 2.549999 2.83
v 11.75 2.549999 2.83
v 11.75 2.449999 2.83
v 11.55 2.449999 2.83
vt 0.8984375 0.578125
vt 0.896484375 0.578125
vt 0.896484375 0.59375
vt 0.8984375 0.59375
f 1759/5257 1755/5258 1754/5259 1758/5260
vt 0.89453125 0.578125
vt 0.892578125 0.578125
vt 0.892578125 0.59375
vt 0.89453125 0.59375
f 1756/5261 1760/5262 1757/5263 1753/5264
vt 0.896484375 0.59375
vt 0.89453125 0.59375
vt 0.89453125 0.609375
vt 0.896484375 0.609375
f 1754/5265 1753/5266 1757/5267 1758/5268
vt 0.8984375 0.609375
vt 0.896484375 0.609375
vt 0.896484375 0.59375
vt 0.8984375 0.59375
f 1759/5269 1760/5270 1756/5271 1755/5272
vt 0.896484375 0.578125
vt 0.89453125 0.578125
vt 0.89453125 0.59375
vt 0.896484375 0.59375
f 1755/5273 1756/5274 1753/5275 1754/5276
vt 0.900390625 0.578125
vt 0.8984375 0.578125
vt 0.8984375 0.59375
vt 0.900390625 0.59375
f 1760/5277 1759/5278 1758/5279 1757/5280
o ammoModel120
v 11.55 2.449998 2.67
v 11.75 2.449998 2.67
v 11.75 2.419998 2.7
v 11.55 2.419998 2.7
v 11.55 2.449998 2.83
v 11.75 2.449998 2.83
v 11.75 2.419998 2.8
v 11.55 2.419998 2.8
vt 0.9140625 0.578125
vt 0.912109375 0.578125
vt 0.912109375 0.59375
vt 0.9140625 0.59375
f 1767/5281 1763/5282 1762/5283 1766/5284
vt 0.91015625 0.578125
vt 0.908203125 0.578125
vt 0.908203125 0.59375
vt 0.91015625 0.59375
f 1764/5285 1768/5286 1765/5287 1761/5288
vt 0.912109375 0.59375
vt 0.91015625 0.59375
vt 0.91015625 0.609375
vt 0.912109375 0.609375
f 1762/5289 1761/5290 1765/5291 1766/5292
vt 0.9140625 0.609375
vt 0.912109375 0.609375
vt 0.912109375 0.59375
vt 0.9140625 0.59375
f 1767/5293 1768/5294 1764/5295 1763/5296
vt 0.912109375 0.578125
vt 0.91015625 0.578125
vt 0.91015625 0.59375
vt 0.912109375 0.59375
f 1763/5297 1764/5298 1761/5299 1762/5300
vt 0.916015625 0.578125
vt 0.9140625 0.578125
vt 0.9140625 0.59375
vt 0.916015625 0.59375
f 1768/5301 1767/5302 1766/5303 1765/5304
o ammoModel121
v 11.42 2.449998 2.63
v 11.57 2.449998 2.67
v 11.57 2.419998 2.71
v 11.42 2.389998 2.69
v 11.42 2.449998 2.87
v 11.57 2.449998 2.83
v 11.57 2.419998 2.79
v 11.42 2.389998 2.81
vt 0.9296875 0.578125
vt 0.927734375 0.578125
vt 0.927734375 0.59375
vt 0.9296875 0.59375
f 1775/5305 1771/5306 1770/5307 1774/5308
vt 0.92578125 0.578125
vt 0.923828125 0.578125
vt 0.923828125 0.59375
vt 0.92578125 0.59375
f 1772/5309 1776/5310 1773/5311 1769/5312
vt 0.927734375 0.59375
vt 0.92578125 0.59375
vt 0.92578125 0.609375
vt 0.927734375 0.609375
f 1770/5313 1769/5314 1773/5315 1774/5316
vt 0.9296875 0.609375
vt 0.927734375 0.609375
vt 0.927734375 0.59375
vt 0.9296875 0.59375
f 1775/5317 1776/5318 1772/5319 1771/5320
vt 0.927734375 0.578125
vt 0.92578125 0.578125
vt 0.92578125 0.59375
vt 0.927734375 0.59375
f 1771/5321 1772/5322 1769/5323 1770/5324
vt 0.931640625 0.578125
vt 0.9296875 0.578125
vt 0.9296875 0.59375
vt 0.931640625 0.59375
f 1776/5325 1775/5326 1774/5327 1773/5328
o ammoModel122
v 11.42 2.549999 2.63
v 11.57 2.549999 2.67
v 11.57 2.449999 2.67
v 11.42 2.449999 2.63
v 11.42 2.549999 2.87
v 11.57 2.549999 2.83
v 11.57 2.449999 2.83
v 11.42 2.449999 2.87
vt 0.9453125 0.578125
vt 0.943359375 0.578125
vt 0.943359375 0.59375
vt 0.9453125 0.59375
f 1783/5329 1779/5330 1778/5331 1782/5332
vt 0.94140625 0.578125
vt 0.939453125 0.578125
vt 0.939453125 0.59375
vt 0.94140625 0.59375
f 1780/5333 1784/5334 1781/5335 1777/5336
vt 0.943359375 0.59375
vt 0.94140625 0.59375
vt 0.94140625 0.609375
vt 0.943359375 0.609375
f 1778/5337 1777/5338 1781/5339 1782/5340
vt 0.9453125 0.609375
vt 0.943359375 0.609375
vt 0.943359375 0.59375
vt 0.9453125 0.59375
f 1783/5341 1784/5342 1780/5343 1779/5344
vt 0.943359375 0.578125
vt 0.94140625 0.578125
vt 0.94140625 0.59375
vt 0.943359375 0.59375
f 1779/5345 1780/5346 1777/5347 1778/5348
vt 0.947265625 0.578125
vt 0.9453125 0.578125
vt 0.9453125 0.59375
vt 0.947265625 0.59375
f 1784/5349 1783/5350 1782/5351 1781/5352
o ammoModel123
v 10.2 2.609999 2.7
v 11.42 2.609999 2.7
v 11.42 2.549999 2.63
v 10.2 2.549999 2.63
v 10.2 2.609999 2.8
v 11.42 2.609999 2.8
v 11.42 2.549999 2.87
v 10.2 2.549999 2.87
vt 0.9609375 0.578125
vt 0.958984375 0.578125
vt 0.958984375 0.59375
vt 0.9609375 0.59375
f 1791/5353 1787/5354 1786/5355 1790/5356
vt 0.95703125 0.578125
vt 0.955078125 0.578125
vt 0.955078125 0.59375
vt 0.95703125 0.59375
f 1788/5357 1792/5358 1789/5359 1785/5360
vt 0.958984375 0.59375
vt 0.95703125 0.59375
vt 0.95703125 0.609375
vt 0.958984375 0.609375
f 1786/5361 1785/5362 1789/5363 1790/5364
vt 0.9609375 0.609375
vt 0.958984375 0.609375
vt 0.958984375 0.59375
vt 0.9609375 0.59375
f 1791/5365 1792/5366 1788/5367 1787/5368
vt 0.958984375 0.578125
vt 0.95703125 0.578125
vt 0.95703125 0.59375
vt 0.958984375 0.59375
f 1787/5369 1788/5370 1785/5371 1786/5372
vt 0.962890625 0.578125
vt 0.9609375 0.578125
vt 0.9609375 0.59375
vt 0.962890625 0.59375
f 1792/5373 1791/5374 1790/5375 1789/5376
o ammoModel124
v 10.2 2.549999 2.63
v 11.42 2.549999 2.63
v 11.42 2.449999 2.63
v 10.2 2.449999 2.63
v 10.2 2.549999 2.87
v 11.42 2.549999 2.87
v 11.42 2.449999 2.87
v 10.2 2.449999 2.87
vt 0.9765625 0.578125
vt 0.974609375 0.578125
vt 0.974609375 0.59375
vt 0.9765625 0.59375
f 1799/5377 1795/5378 1794/5379 1798/5380
vt 0.97265625 0.578125
vt 0.970703125 0.578125
vt 0.970703125 0.59375
vt 0.97265625 0.59375
f 1796/5381 1800/5382 1797/5383 1793/5384
vt 0.974609375 0.59375
vt 0.97265625 0.59375
vt 0.97265625 0.609375
vt 0.974609375 0.609375
f 1794/5385 1793/5386 1797/5387 1798/5388
vt 0.9765625 0.609375
vt 0.974609375 0.609375
vt 0.974609375 0.59375
vt 0.9765625 0.59375
f 1799/5389 1800/5390 1796/5391 1795/5392
vt 0.974609375 0.578125
vt 0.97265625 0.578125
vt 0.97265625 0.59375
vt 0.974609375 0.59375
f 1795/5393 1796/5394 1793/5395 1794/5396
vt 0.978515625 0.578125
vt 0.9765625 0.578125
vt 0.9765625 0.59375
vt 0.978515625 0.59375
f 1800/5397 1799/5398 1798/5399 1797/5400
o ammoModel125
v 10.2 2.449998 2.63
v 11.42 2.449998 2.63
v 11.42 2.389998 2.7
v 10.2 2.389998 2.7
v 10.2 2.449998 2.87
v 11.42 2.449998 2.87
v 11.42 2.389998 2.8
v 10.2 2.389998 2.8
vt 0.9921875 0.578125
vt 0.990234375 0.578125
vt 0.990234375 0.59375
vt 0.9921875 0.59375
f 1807/5401 1803/5402 1802/5403 1806/5404
vt 0.98828125 0.578125
vt 0.986328125 0.578125
vt 0.986328125 0.59375
vt 0.98828125 0.59375
f 1804/5405 1808/5406 1805/5407 1801/5408
vt 0.990234375 0.59375
vt 0.98828125 0.59375
vt 0.98828125 0.609375
vt 0.990234375 0.609375
f 1802/5409 1801/5410 1805/5411 1806/5412
vt 0.9921875 0.609375
vt 0.990234375 0.609375
vt 0.990234375 0.59375
vt 0.9921875 0.59375
f 1807/5413 1808/5414 1804/5415 1803/5416
vt 0.990234375 0.578125
vt 0.98828125 0.578125
vt 0.98828125 0.59375
vt 0.990234375 0.59375
f 1803/5417 1804/5418 1801/5419 1802/5420
vt 0.994140625 0.578125
vt 0.9921875 0.578125
vt 0.9921875 0.59375
vt 0.994140625 0.59375
f 1808/5421 1807/5422 1806/5423 1805/5424
o ammoModel126
v 11.42 2.609999 2.99
v 11.57 2.579999 3
v 11.57 2.549999 2.97
v 11.42 2.549999 2.93
v 11.42 2.609999 3.11
v 11.57 2.579999 3.1
v 11.57 2.549999 3.13
v 11.42 2.549999 3.17
vt 0.0078125 0.453125
vt 0.005859375 0.453125
vt 0.005859375 0.46875
vt 0.0078125 0.46875
f 1815/5425 1811/5426 1810/5427 1814/5428
vt 0.00390625 0.453125
vt 0.001953125 0.453125
vt 0.001953125 0.46875
vt 0.00390625 0.46875
f 1812/5429 1816/5430 1813/5431 1809/5432
vt 0.005859375 0.46875
vt 0.00390625 0.46875
vt 0.00390625 0.484375
vt 0.005859375 0.484375
f 1810/5433 1809/5434 1813/5435 1814/5436
vt 0.0078125 0.484375
vt 0.005859375 0.484375
vt 0.005859375 0.46875
vt 0.0078125 0.46875
f 1815/5437 1816/5438 1812/5439 1811/5440
vt 0.005859375 0.453125
vt 0.00390625 0.453125
vt 0.00390625 0.46875
vt 0.005859375 0.46875
f 1811/5441 1812/5442 1809/5443 1810/5444
vt 0.009765625 0.453125
vt 0.0078125 0.453125
vt 0.0078125 0.46875
vt 0.009765625 0.46875
f 1816/5445 1815/5446 1814/5447 1813/5448
o ammoModel127
v 11.95 2.569999 3.01
v 12.25 2.509999 3.04
v 12.25 2.509999 3.04
v 11.95 2.529999 2.975
v 11.95 2.569999 3.09
v 12.25 2.509999 3.06
v 12.25 2.509999 3.06
v 11.95 2.529999 3.125
vt 0.0234375 0.453125
vt 0.021484375 0.453125
vt 0.021484375 0.46875
vt 0.0234375 0.46875
f 1823/5449 1819/5450 1818/5451 1822/5452
vt 0.01953125 0.453125
vt 0.017578125 0.453125
vt 0.017578125 0.46875
vt 0.01953125 0.46875
f 1820/5453 1824/5454 1821/5455 1817/5456
vt 0.021484375 0.46875
vt 0.01953125 0.46875
vt 0.01953125 0.484375
vt 0.021484375 0.484375
f 1818/5457 1817/5458 1821/5459 1822/5460
vt 0.0234375 0.484375
vt 0.021484375 0.484375
vt 0.021484375 0.46875
vt 0.0234375 0.46875
f 1823/5461 1824/5462 1820/5463 1819/5464
vt 0.021484375 0.453125
vt 0.01953125 0.453125
vt 0.01953125 0.46875
vt 0.021484375 0.46875
f 1819/5465 1820/5466 1817/5467 1818/5468
vt 0.025390625 0.453125
vt 0.0234375 0.453125
vt 0.0234375 0.46875
vt 0.025390625 0.46875
f 1824/5469 1823/5470 1822/5471 1821/5472
o ammoModel128
v 11.95 2.529999 2.975
v 12.25 2.509999 3.04
v 12.25 2.489999 3.04
v 11.95 2.469999 2.975
v 11.95 2.529999 3.125
v 12.25 2.509999 3.06
v 12.25 2.489999 3.06
v 11.95 2.469999 3.125
vt 0.0390625 0.453125
vt 0.037109375 0.453125
vt 0.037109375 0.46875
vt 0.0390625 0.46875
f 1831/5473 1827/5474 1826/5475 1830/5476
vt 0.03515625 0.453125
vt 0.033203125 0.453125
vt 0.033203125 0.46875
vt 0.03515625 0.46875
f 1828/5477 1832/5478 1829/5479 1825/5480
vt 0.037109375 0.46875
vt 0.03515625 0.46875
vt 0.03515625 0.484375
vt 0.037109375 0.484375
f 1826/5481 1825/5482 1829/5483 1830/5484
vt 0.0390625 0.484375
vt 0.037109375 0.484375
vt 0.037109375 0.46875
vt 0.0390625 0.46875
f 1831/5485 1832/5486 1828/5487 1827/5488
vt 0.037109375 0.453125
vt 0.03515625 0.453125
vt 0.03515625 0.46875
vt 0.037109375 0.46875
f 1827/5489 1828/5490 1825/5491 1826/5492
vt 0.041015625 0.453125
vt 0.0390625 0.453125
vt 0.0390625 0.46875
vt 0.041015625 0.46875
f 1832/5493 1831/5494 1830/5495 1829/5496
o ammoModel129
v 11.95 2.469999 2.975
v 12.25 2.489999 3.04
v 12.25 2.489999 3.04
v 11.95 2.429999 3.01
v 11.95 2.469999 3.125
v 12.25 2.489999 3.06
v 12.25 2.489999 3.06
v 11.95 2.429999 3.09
vt 0.0546875 0.453125
vt 0.052734375 0.453125
vt 0.052734375 0.46875
vt 0.0546875 0.46875
f 1839/5497 1835/5498 1834/5499 1838/5500
vt 0.05078125 0.453125
vt 0.048828125 0.453125
vt 0.048828125 0.46875
vt 0.05078125 0.46875
f 1836/5501 1840/5502 1837/5503 1833/5504
vt 0.052734375 0.46875
vt 0.05078125 0.46875
vt 0.05078125 0.484375
vt 0.052734375 0.484375
f 1834/5505 1833/5506 1837/5507 1838/5508
vt 0.0546875 0.484375
vt 0.052734375 0.484375
vt 0.052734375 0.46875
vt 0.0546875 0.46875
f 1839/5509 1840/5510 1836/5511 1835/5512
vt 0.052734375 0.453125
vt 0.05078125 0.453125
vt 0.05078125 0.46875
vt 0.052734375 0.46875
f 1835/5513 1836/5514 1833/5515 1834/5516
vt 0.056640625 0.453125
vt 0.0546875 0.453125
vt 0.0546875 0.46875
vt 0.056640625 0.46875
f 1840/5517 1839/5518 1838/5519 1837/5520
o ammoModel130
v 11.75 2.469999 2.975
v 11.95 2.469999 2.975
v 11.95 2.429999 3.01
v 11.75 2.429999 3.01
v 11.75 2.469999 3.125
v 11.95 2.469999 3.125
v 11.95 2.429999 3.09
v 11.75 2.429999 3.09
vt 0.0703125 0.453125
vt 0.068359375 0.453125
vt 0.068359375 0.46875
vt 0.0703125 0.46875
f 1847/5521 1843/5522 1842/5523 1846/5524
vt 0.06640625 0.453125
vt 0.064453125 0.453125
vt 0.064453125 0.46875
vt 0.06640625 0.46875
f 1844/5525 1848/5526 1845/5527 1841/5528
vt 0.068359375 0.46875
vt 0.06640625 0.46875
vt 0.06640625 0.484375
vt 0.068359375 0.484375
f 1842/5529 1841/5530 1845/5531 1846/5532
vt 0.0703125 0.484375
vt 0.068359375 0.484375
vt 0.068359375 0.46875
vt 0.0703125 0.46875
f 1847/5533 1848/5534 1844/5535 1843/5536
vt 0.068359375 0.453125
vt 0.06640625 0.453125
vt 0.06640625 0.46875
vt 0.068359375 0.46875
f 1843/5537 1844/5538 1841/5539 1842/5540
vt 0.072265625 0.453125
vt 0.0703125 0.453125
vt 0.0703125 0.46875
vt 0.072265625 0.46875
f 1848/5541 1847/5542 1846/5543 1845/5544
o ammoModel131
v 11.75 2.529999 2.975
v 11.95 2.529999 2.975
v 11.95 2.469999 2.975
v 11.75 2.469999 2.975
v 11.75 2.529999 3.125
v 11.95 2.529999 3.125
v 11.95 2.469999 3.125
v 11.75 2.469999 3.125
vt 0.0859375 0.453125
vt 0.083984375 0.453125
vt 0.083984375 0.46875
vt 0.0859375 0.46875
f 1855/5545 1851/5546 1850/5547 1854/5548
vt 0.08203125 0.453125
vt 0.080078125 0.453125
vt 0.080078125 0.46875
vt 0.08203125 0.46875
f 1852/5549 1856/5550 1853/5551 1849/5552
vt 0.083984375 0.46875
vt 0.08203125 0.46875
vt 0.08203125 0.484375
vt 0.083984375 0.484375
f 1850/5553 1849/5554 1853/5555 1854/5556
vt 0.0859375 0.484375
vt 0.083984375 0.484375
vt 0.083984375 0.46875
vt 0.0859375 0.46875
f 1855/5557 1856/5558 1852/5559 1851/5560
vt 0.083984375 0.453125
vt 0.08203125 0.453125
vt 0.08203125 0.46875
vt 0.083984375 0.46875
f 1851/5561 1852/5562 1849/5563 1850/5564
vt 0.087890625 0.453125
vt 0.0859375 0.453125
vt 0.0859375 0.46875
vt 0.087890625 0.46875
f 1856/5565 1855/5566 1854/5567 1853/5568
o ammoModel132
v 11.75 2.569999 3.01
v 11.95 2.569999 3.01
v 11.95 2.529999 2.975
v 11.75 2.529999 2.975
v 11.75 2.569999 3.09
v 11.95 2.569999 3.09
v 11.95 2.529999 3.125
v 11.75 2.529999 3.125
vt 0.1015625 0.453125
vt 0.099609375 0.453125
vt 0.099609375 0.46875
vt 0.1015625 0.46875
f 1863/5569 1859/5570 1858/5571 1862/5572
vt 0.09765625 0.453125
vt 0.095703125 0.453125
vt 0.095703125 0.46875
vt 0.09765625 0.46875
f 1860/5573 1864/5574 1861/5575 1857/5576
vt 0.099609375 0.46875
vt 0.09765625 0.46875
vt 0.09765625 0.484375
vt 0.099609375 0.484375
f 1858/5577 1857/5578 1861/5579 1862/5580
vt 0.1015625 0.484375
vt 0.099609375 0.484375
vt 0.099609375 0.46875
vt 0.1015625 0.46875
f 1863/5581 1864/5582 1860/5583 1859/5584
vt 0.099609375 0.453125
vt 0.09765625 0.453125
vt 0.09765625 0.46875
vt 0.099609375 0.46875
f 1859/5585 1860/5586 1857/5587 1858/5588
vt 0.103515625 0.453125
vt 0.1015625 0.453125
vt 0.1015625 0.46875
vt 0.103515625 0.46875
f 1864/5589 1863/5590 1862/5591 1861/5592
o ammoModel133
v 11.55 2.579999 3
v 11.75 2.579999 3
v 11.75 2.549999 2.97
v 11.55 2.549999 2.97
v 11.55 2.579999 3.1
v 11.75 2.579999 3.1
v 11.75 2.549999 3.13
v 11.55 2.549999 3.13
vt 0.1171875 0.453125
vt 0.115234375 0.453125
vt 0.115234375 0.46875
vt 0.1171875 0.46875
f 1871/5593 1867/5594 1866/5595 1870/5596
vt 0.11328125 0.453125
vt 0.111328125 0.453125
vt 0.111328125 0.46875
vt 0.11328125 0.46875
f 1868/5597 1872/5598 1869/5599 1865/5600
vt 0.115234375 0.46875
vt 0.11328125 0.46875
vt 0.11328125 0.484375
vt 0.115234375 0.484375
f 1866/5601 1865/5602 1869/5603 1870/5604
vt 0.1171875 0.484375
vt 0.115234375 0.484375
vt 0.115234375 0.46875
vt 0.1171875 0.46875
f 1871/5605 1872/5606 1868/5607 1867/5608
vt 0.115234375 0.453125
vt 0.11328125 0.453125
vt 0.11328125 0.46875
vt 0.115234375 0.46875
f 1867/5609 1868/5610 1865/5611 1866/5612
vt 0.119140625 0.453125
vt 0.1171875 0.453125
vt 0.1171875 0.46875
vt 0.119140625 0.46875
f 1872/5613 1871/5614 1870/5615 1869/5616
o ammoModel134
v 11.55 2.549999 2.97
v 11.75 2.549999 2.97
v 11.75 2.449999 2.97
v 11.55 2.449999 2.97
v 11.55 2.549999 3.13
v 11.75 2.549999 3.13
v 11.75 2.449999 3.13
v 11.55 2.449999 3.13
vt 0.1328125 0.453125
vt 0.130859375 0.453125
vt 0.130859375 0.46875
vt 0.1328125 0.46875
f 1879/5617 1875/5618 1874/5619 1878/5620
vt 0.12890625 0.453125
vt 0.126953125 0.453125
vt 0.126953125 0.46875
vt 0.12890625 0.46875
f 1876/5621 1880/5622 1877/5623 1873/5624
vt 0.130859375 0.46875
vt 0.12890625 0.46875
vt 0.12890625 0.484375
vt 0.130859375 0.484375
f 1874/5625 1873/5626 1877/5627 1878/5628
vt 0.1328125 0.484375
vt 0.130859375 0.484375
vt 0.130859375 0.46875
vt 0.1328125 0.46875
f 1879/5629 1880/5630 1876/5631 1875/5632
vt 0.130859375 0.453125
vt 0.12890625 0.453125
vt 0.12890625 0.46875
vt 0.130859375 0.46875
f 1875/5633 1876/5634 1873/5635 1874/5636
vt 0.134765625 0.453125
vt 0.1328125 0.453125
vt 0.1328125 0.46875
vt 0.134765625 0.46875
f 1880/5637 1879/5638 1878/5639 1877/5640
o ammoModel135
v 11.55 2.449998 2.97
v 11.75 2.449998 2.97
v 11.75 2.419998 3
v 11.55 2.419998 3
v 11.55 2.449998 3.13
v 11.75 2.449998 3.13
v 11.75 2.419998 3.1
v 11.55 2.419998 3.1
vt 0.1484375 0.453125
vt 0.146484375 0.453125
vt 0.146484375 0.46875
vt 0.1484375 0.46875
f 1887/5641 1883/5642 1882/5643 1886/5644
vt 0.14453125 0.453125
vt 0.142578125 0.453125
vt 0.142578125 0.46875
vt 0.14453125 0.46875
f 1884/5645 1888/5646 1885/5647 1881/5648
vt 0.146484375 0.46875
vt 0.14453125 0.46875
vt 0.14453125 0.484375
vt 0.146484375 0.484375
f 1882/5649 1881/5650 1885/5651 1886/5652
vt 0.1484375 0.484375
vt 0.146484375 0.484375
vt 0.146484375 0.46875
vt 0.1484375 0.46875
f 1887/5653 1888/5654 1884/5655 1883/5656
vt 0.146484375 0.453125
vt 0.14453125 0.453125
vt 0.14453125 0.46875
vt 0.146484375 0.46875
f 1883/5657 1884/5658 1881/5659 1882/5660
vt 0.150390625 0.453125
vt 0.1484375 0.453125
vt 0.1484375 0.46875
vt 0.150390625 0.46875
f 1888/5661 1887/5662 1886/5663 1885/5664
o ammoModel136
v 11.42 2.449998 2.93
v 11.57 2.449998 2.97
v 11.57 2.419998 3.01
v 11.42 2.389998 2.99
v 11.42 2.449998 3.17
v 11.57 2.449998 3.13
v 11.57 2.419998 3.09
v 11.42 2.389998 3.11
vt 0.1640625 0.453125
vt 0.162109375 0.453125
vt 0.162109375 0.46875
vt 0.1640625 0.46875
f 1895/5665 1891/5666 1890/5667 1894/5668
vt 0.16015625 0.453125
vt 0.158203125 0.453125
vt 0.158203125 0.46875
vt 0.16015625 0.46875
f 1892/5669 1896/5670 1893/5671 1889/5672
vt 0.162109375 0.46875
vt 0.16015625 0.46875
vt 0.16015625 0.484375
vt 0.162109375 0.484375
f 1890/5673 1889/5674 1893/5675 1894/5676
vt 0.1640625 0.484375
vt 0.162109375 0.484375
vt 0.162109375 0.46875
vt 0.1640625 0.46875
f 1895/5677 1896/5678 1892/5679 1891/5680
vt 0.162109375 0.453125
vt 0.16015625 0.453125
vt 0.16015625 0.46875
vt 0.162109375 0.46875
f 1891/5681 1892/5682 1889/5683 1890/5684
vt 0.166015625 0.453125
vt 0.1640625 0.453125
vt 0.1640625 0.46875
vt 0.166015625 0.46875
f 1896/5685 1895/5686 1894/5687 1893/5688
o ammoModel137
v 11.42 2.549999 2.93
v 11.57 2.549999 2.97
v 11.57 2.449999 2.97
v 11.42 2.449999 2.93
v 11.42 2.549999 3.17
v 11.57 2.549999 3.13
v 11.57 2.449999 3.13
v 11.42 2.449999 3.17
vt 0.1796875 0.453125
vt 0.177734375 0.453125
vt 0.177734375 0.46875
vt 0.1796875 0.46875
f 1903/5689 1899/5690 1898/5691 1902/5692
vt 0.17578125 0.453125
vt 0.173828125 0.453125
vt 0.173828125 0.46875
vt 0.17578125 0.46875
f 1900/5693 1904/5694 1901/5695 1897/5696
vt 0.177734375 0.46875
vt 0.17578125 0.46875
vt 0.17578125 0.484375
vt 0.177734375 0.484375
f 1898/5697 1897/5698 1901/5699 1902/5700
vt 0.1796875 0.484375
vt 0.177734375 0.484375
vt 0.177734375 0.46875
vt 0.1796875 0.46875
f 1903/5701 1904/5702 1900/5703 1899/5704
vt 0.177734375 0.453125
vt 0.17578125 0.453125
vt 0.17578125 0.46875
vt 0.177734375 0.46875
f 1899/5705 1900/5706 1897/5707 1898/5708
vt 0.181640625 0.453125
vt 0.1796875 0.453125
vt 0.1796875 0.46875
vt 0.181640625 0.46875
f 1904/5709 1903/5710 1902/5711 1901/5712
o ammoModel138
v 10.2 2.609999 3
v 11.42 2.609999 3
v 11.42 2.549999 2.93
v 10.2 2.549999 2.93
v 10.2 2.609999 3.1
v 11.42 2.609999 3.1
v 11.42 2.549999 3.17
v 10.2 2.549999 3.17
vt 0.1953125 0.453125
vt 0.193359375 0.453125
vt 0.193359375 0.46875
vt 0.1953125 0.46875
f 1911/5713 1907/5714 1906/5715 1910/5716
vt 0.19140625 0.453125
vt 0.189453125 0.453125
vt 0.189453125 0.46875
vt 0.19140625 0.46875
f 1908/5717 1912/5718 1909/5719 1905/5720
vt 0.193359375 0.46875
vt 0.19140625 0.46875
vt 0.19140625 0.484375
vt 0.193359375 0.484375
f 1906/5721 1905/5722 1909/5723 1910/5724
vt 0.1953125 0.484375
vt 0.193359375 0.484375
vt 0.193359375 0.46875
vt 0.1953125 0.46875
f 1911/5725 1912/5726 1908/5727 1907/5728
vt 0.193359375 0.453125
vt 0.19140625 0.453125
vt 0.19140625 0.46875
vt 0.193359375 0.46875
f 1907/5729 1908/5730 1905/5731 1906/5732
vt 0.197265625 0.453125
vt 0.1953125 0.453125
vt 0.1953125 0.46875
vt 0.197265625 0.46875
f 1912/5733 1911/5734 1910/5735 1909/5736
o ammoModel139
v 10.2 2.549999 2.93
v 11.42 2.549999 2.93
v 11.42 2.449999 2.93
v 10.2 2.449999 2.93
v 10.2 2.549999 3.17
v 11.42 2.549999 3.17
v 11.42 2.449999 3.17
v 10.2 2.449999 3.17
vt 0.2109375 0.453125
vt 0.208984375 0.453125
vt 0.208984375 0.46875
vt 0.2109375 0.46875
f 1919/5737 1915/5738 1914/5739 1918/5740
vt 0.20703125 0.453125
vt 0.205078125 0.453125
vt 0.205078125 0.46875
vt 0.20703125 0.46875
f 1916/5741 1920/5742 1917/5743 1913/5744
vt 0.208984375 0.46875
vt 0.20703125 0.46875
vt 0.20703125 0.484375
vt 0.208984375 0.484375
f 1914/5745 1913/5746 1917/5747 1918/5748
vt 0.2109375 0.484375
vt 0.208984375 0.484375
vt 0.208984375 0.46875
vt 0.2109375 0.46875
f 1919/5749 1920/5750 1916/5751 1915/5752
vt 0.208984375 0.453125
vt 0.20703125 0.453125
vt 0.20703125 0.46875
vt 0.208984375 0.46875
f 1915/5753 1916/5754 1913/5755 1914/5756
vt 0.212890625 0.453125
vt 0.2109375 0.453125
vt 0.2109375 0.46875
vt 0.212890625 0.46875
f 1920/5757 1919/5758 1918/5759 1917/5760
o ammoModel140
v 10.2 2.449998 2.93
v 11.42 2.449998 2.93
v 11.42 2.389998 3
v 10.2 2.389998 3
v 10.2 2.449998 3.17
v 11.42 2.449998 3.17
v 11.42 2.389998 3.1
v 10.2 2.389998 3.1
vt 0.2265625 0.453125
vt 0.224609375 0.453125
vt 0.224609375 0.46875
vt 0.2265625 0.46875
f 1927/5761 1923/5762 1922/5763 1926/5764
vt 0.22265625 0.453125
vt 0.220703125 0.453125
vt 0.220703125 0.46875
vt 0.22265625 0.46875
f 1924/5765 1928/5766 1925/5767 1921/5768
vt 0.224609375 0.46875
vt 0.22265625 0.46875
vt 0.22265625 0.484375
vt 0.224609375 0.484375
f 1922/5769 1921/5770 1925/5771 1926/5772
vt 0.2265625 0.484375
vt 0.224609375 0.484375
vt 0.224609375 0.46875
vt 0.2265625 0.46875
f 1927/5773 1928/5774 1924/5775 1923/5776
vt 0.224609375 0.453125
vt 0.22265625 0.453125
vt 0.22265625 0.46875
vt 0.224609375 0.46875
f 1923/5777 1924/5778 1921/5779 1922/5780
vt 0.228515625 0.453125
vt 0.2265625 0.453125
vt 0.2265625 0.46875
vt 0.228515625 0.46875
f 1928/5781 1927/5782 1926/5783 1925/5784
o ammoModel141
v 11.42 2.609999 3.29
v 11.57 2.579999 3.3
v 11.57 2.549999 3.27
v 11.42 2.549999 3.23
v 11.42 2.609999 3.41
v 11.57 2.579999 3.4
v 11.57 2.549999 3.43
v 11.42 2.549999 3.47
vt 0.2421875 0.453125
vt 0.240234375 0.453125
vt 0.240234375 0.46875
vt 0.2421875 0.46875
f 1935/5785 1931/5786 1930/5787 1934/5788
vt 0.23828125 0.453125
vt 0.236328125 0.453125
vt 0.236328125 0.46875
vt 0.23828125 0.46875
f 1932/5789 1936/5790 1933/5791 1929/5792
vt 0.240234375 0.46875
vt 0.23828125 0.46875
vt 0.23828125 0.484375
vt 0.240234375 0.484375
f 1930/5793 1929/5794 1933/5795 1934/5796
vt 0.2421875 0.484375
vt 0.240234375 0.484375
vt 0.240234375 0.46875
vt 0.2421875 0.46875
f 1935/5797 1936/5798 1932/5799 1931/5800
vt 0.240234375 0.453125
vt 0.23828125 0.453125
vt 0.23828125 0.46875
vt 0.240234375 0.46875
f 1931/5801 1932/5802 1929/5803 1930/5804
vt 0.244140625 0.453125
vt 0.2421875 0.453125
vt 0.2421875 0.46875
vt 0.244140625 0.46875
f 1936/5805 1935/5806 1934/5807 1933/5808
o ammoModel142
v 11.95 2.569999 3.31
v 12.25 2.509999 3.34
v 12.25 2.509999 3.34
v 11.95 2.529999 3.275
v 11.95 2.569999 3.39
v 12.25 2.509999 3.36
v 12.25 2.509999 3.36
v 11.95 2.529999 3.425
vt 0.2578125 0.453125
vt 0.255859375 0.453125
vt 0.255859375 0.46875
vt 0.2578125 0.46875
f 1943/5809 1939/5810 1938/5811 1942/5812
vt 0.25390625 0.453125
vt 0.251953125 0.453125
vt 0.251953125 0.46875
vt 0.25390625 0.46875
f 1940/5813 1944/5814 1941/5815 1937/5816
vt 0.255859375 0.46875
vt 0.25390625 0.46875
vt 0.25390625 0.484375
vt 0.255859375 0.484375
f 1938/5817 1937/5818 1941/5819 1942/5820
vt 0.2578125 0.484375
vt 0.255859375 0.484375
vt 0.255859375 0.46875
vt 0.2578125 0.46875
f 1943/5821 1944/5822 1940/5823 1939/5824
vt 0.255859375 0.453125
vt 0.25390625 0.453125
vt 0.25390625 0.46875
vt 0.255859375 0.46875
f 1939/5825 1940/5826 1937/5827 1938/5828
vt 0.259765625 0.453125
vt 0.2578125 0.453125
vt 0.2578125 0.46875
vt 0.259765625 0.46875
f 1944/5829 1943/5830 1942/5831 1941/5832
o ammoModel143
v 11.95 2.529999 3.275
v 12.25 2.509999 3.34
v 12.25 2.489999 3.34
v 11.95 2.469999 3.275
v 11.95 2.529999 3.425
v 12.25 2.509999 3.36
v 12.25 2.489999 3.36
v 11.95 2.469999 3.425
vt 0.2734375 0.453125
vt 0.271484375 0.453125
vt 0.271484375 0.46875
vt 0.2734375 0.46875
f 1951/5833 1947/5834 1946/5835 1950/5836
vt 0.26953125 0.453125
vt 0.267578125 0.453125
vt 0.267578125 0.46875
vt 0.26953125 0.46875
f 1948/5837 1952/5838 1949/5839 1945/5840
vt 0.271484375 0.46875
vt 0.26953125 0.46875
vt 0.26953125 0.484375
vt 0.271484375 0.484375
f 1946/5841 1945/5842 1949/5843 1950/5844
vt 0.2734375 0.484375
vt 0.271484375 0.484375
vt 0.271484375 0.46875
vt 0.2734375 0.46875
f 1951/5845 1952/5846 1948/5847 1947/5848
vt 0.271484375 0.453125
vt 0.26953125 0.453125
vt 0.26953125 0.46875
vt 0.271484375 0.46875
f 1947/5849 1948/5850 1945/5851 1946/5852
vt 0.275390625 0.453125
vt 0.2734375 0.453125
vt 0.2734375 0.46875
vt 0.275390625 0.46875
f 1952/5853 1951/5854 1950/5855 1949/5856
o ammoModel144
v 11.95 2.469999 3.275
v 12.25 2.489999 3.34
v 12.25 2.489999 3.34
v 11.95 2.429999 3.31
v 11.95 2.469999 3.425
v 12.25 2.489999 3.36
v 12.25 2.489999 3.36
v 11.95 2.429999 3.39
vt 0.2890625 0.453125
vt 0.287109375 0.453125
vt 0.287109375 0.46875
vt 0.2890625 0.46875
f 1959/5857 1955/5858 1954/5859 1958/5860
vt 0.28515625 0.453125
vt 0.283203125 0.453125
vt 0.283203125 0.46875
vt 0.28515625 0.46875
f 1956/5861 1960/5862 1957/5863 1953/5864
vt 0.287109375 0.46875
vt 0.28515625 0.46875
vt 0.28515625 0.484375
vt 0.287109375 0.484375
f 1954/5865 1953/5866 1957/5867 1958/5868
vt 0.2890625 0.484375
vt 0.287109375 0.484375
vt 0.287109375 0.46875
vt 0.2890625 0.46875
f 1959/5869 1960/5870 1956/5871 1955/5872
vt 0.287109375 0.453125
vt 0.28515625 0.453125
vt 0.28515625 0.46875
vt 0.287109375 0.46875
f 1955/5873 1956/5874 1953/5875 1954/5876
vt 0.291015625 0.453125
vt 0.2890625 0.453125
vt 0.2890625 0.46875
vt 0.291015625 0.46875
f 1960/5877 1959/5878 1958/5879 1957/5880
o ammoModel145
v 11.75 2.469999 3.275
v 11.95 2.469999 3.275
v 11.95 2.429999 3.31
v 11.75 2.429999 3.31
v 11.75 2.469999 3.425
v 11.95 2.469999 3.425
v 11.95 2.429999 3.39
v 11.75 2.429999 3.39
vt 0.3046875 0.453125
vt 0.302734375 0.453125
vt 0.302734375 0.46875
vt 0.3046875 0.46875
f 1967/5881 1963/5882 1962/5883 1966/5884
vt 0.30078125 0.453125
vt 0.298828125 0.453125
vt 0.298828125 0.46875
vt 0.30078125 0.46875
f 1964/5885 1968/5886 1965/5887 1961/5888
vt 0.302734375 0.46875
vt 0.30078125 0.46875
vt 0.30078125 0.484375
vt 0.302734375 0.484375
f 1962/5889 1961/5890 1965/5891 1966/5892
vt 0.3046875 0.484375
vt 0.302734375 0.484375
vt 0.302734375 0.46875
vt 0.3046875 0.46875
f 1967/5893 1968/5894 1964/5895 1963/5896
vt 0.302734375 0.453125
vt 0.30078125 0.453125
vt 0.30078125 0.46875
vt 0.302734375 0.46875
f 1963/5897 1964/5898 1961/5899 1962/5900
vt 0.306640625 0.453125
vt 0.3046875 0.453125
vt 0.3046875 0.46875
vt 0.306640625 0.46875
f 1968/5901 1967/5902 1966/5903 1965/5904
o ammoModel146
v 11.75 2.529999 3.275
v 11.95 2.529999 3.275
v 11.95 2.469999 3.275
v 11.75 2.469999 3.275
v 11.75 2.529999 3.425
v 11.95 2.529999 3.425
v 11.95 2.469999 3.425
v 11.75 2.469999 3.425
vt 0.3203125 0.453125
vt 0.318359375 0.453125
vt 0.318359375 0.46875
vt 0.3203125 0.46875
f 1975/5905 1971/5906 1970/5907 1974/5908
vt 0.31640625 0.453125
vt 0.314453125 0.453125
vt 0.314453125 0.46875
vt 0.31640625 0.46875
f 1972/5909 1976/5910 1973/5911 1969/5912
vt 0.318359375 0.46875
vt 0.31640625 0.46875
vt 0.31640625 0.484375
vt 0.318359375 0.484375
f 1970/5913 1969/5914 1973/5915 1974/5916
vt 0.3203125 0.484375
vt 0.318359375 0.484375
vt 0.318359375 0.46875
vt 0.3203125 0.46875
f 1975/5917 1976/5918 1972/5919 1971/5920
vt 0.318359375 0.453125
vt 0.31640625 0.453125
vt 0.31640625 0.46875
vt 0.318359375 0.46875
f 1971/5921 1972/5922 1969/5923 1970/5924
vt 0.322265625 0.453125
vt 0.3203125 0.453125
vt 0.3203125 0.46875
vt 0.322265625 0.46875
f 1976/5925 1975/5926 1974/5927 1973/5928
o ammoModel147
v 11.75 2.569999 3.31
v 11.95 2.569999 3.31
v 11.95 2.529999 3.275
v 11.75 2.529999 3.275
v 11.75 2.569999 3.39
v 11.95 2.569999 3.39
v 11.95 2.529999 3.425
v 11.75 2.529999 3.425
vt 0.3359375 0.453125
vt 0.333984375 0.453125
vt 0.333984375 0.46875
vt 0.3359375 0.46875
f 1983/5929 1979/5930 1978/5931 1982/5932
vt 0.33203125 0.453125
vt 0.330078125 0.453125
vt 0.330078125 0.46875
vt 0.33203125 0.46875
f 1980/5933 1984/5934 1981/5935 1977/5936
vt 0.333984375 0.46875
vt 0.33203125 0.46875
vt 0.33203125 0.484375
vt 0.333984375 0.484375
f 1978/5937 1977/5938 1981/5939 1982/5940
vt 0.3359375 0.484375
vt 0.333984375 0.484375
vt 0.333984375 0.46875
vt 0.3359375 0.46875
f 1983/5941 1984/5942 1980/5943 1979/5944
vt 0.333984375 0.453125
vt 0.33203125 0.453125
vt 0.33203125 0.46875
vt 0.333984375 0.46875
f 1979/5945 1980/5946 1977/5947 1978/5948
vt 0.337890625 0.453125
vt 0.3359375 0.453125
vt 0.3359375 0.46875
vt 0.337890625 0.46875
f 1984/5949 1983/5950 1982/5951 1981/5952
o ammoModel148
v 11.55 2.579999 3.3
v 11.75 2.579999 3.3
v 11.75 2.549999 3.27
v 11.55 2.549999 3.27
v 11.55 2.579999 3.4
v 11.75 2.579999 3.4
v 11.75 2.549999 3.43
v 11.55 2.549999 3.43
vt 0.3515625 0.453125
vt 0.349609375 0.453125
vt 0.349609375 0.46875
vt 0.3515625 0.46875
f 1991/5953 1987/5954 1986/5955 1990/5956
vt 0.34765625 0.453125
vt 0.345703125 0.453125
vt 0.345703125 0.46875
vt 0.34765625 0.46875
f 1988/5957 1992/5958 1989/5959 1985/5960
vt 0.349609375 0.46875
vt 0.34765625 0.46875
vt 0.34765625 0.484375
vt 0.349609375 0.484375
f 1986/5961 1985/5962 1989/5963 1990/5964
vt 0.3515625 0.484375
vt 0.349609375 0.484375
vt 0.349609375 0.46875
vt 0.3515625 0.46875
f 1991/5965 1992/5966 1988/5967 1987/5968
vt 0.349609375 0.453125
vt 0.34765625 0.453125
vt 0.34765625 0.46875
vt 0.349609375 0.46875
f 1987/5969 1988/5970 1985/5971 1986/5972
vt 0.353515625 0.453125
vt 0.3515625 0.453125
vt 0.3515625 0.46875
vt 0.353515625 0.46875
f 1992/5973 1991/5974 1990/5975 1989/5976
o ammoModel149
v 11.55 2.549999 3.27
v 11.75 2.549999 3.27
v 11.75 2.449999 3.27
v 11.55 2.449999 3.27
v 11.55 2.549999 3.43
v 11.75 2.549999 3.43
v 11.75 2.449999 3.43
v 11.55 2.449999 3.43
vt 0.3671875 0.453125
vt 0.365234375 0.453125
vt 0.365234375 0.46875
vt 0.3671875 0.46875
f 1999/5977 1995/5978 1994/5979 1998/5980
vt 0.36328125 0.453125
vt 0.361328125 0.453125
vt 0.361328125 0.46875
vt 0.36328125 0.46875
f 1996/5981 2000/5982 1997/5983 1993/5984
vt 0.365234375 0.46875
vt 0.36328125 0.46875
vt 0.36328125 0.484375
vt 0.365234375 0.484375
f 1994/5985 1993/5986 1997/5987 1998/5988
vt 0.3671875 0.484375
vt 0.365234375 0.484375
vt 0.365234375 0.46875
vt 0.3671875 0.46875
f 1999/5989 2000/5990 1996/5991 1995/5992
vt 0.365234375 0.453125
vt 0.36328125 0.453125
vt 0.36328125 0.46875
vt 0.365234375 0.46875
f 1995/5993 1996/5994 1993/5995 1994/5996
vt 0.369140625 0.453125
vt 0.3671875 0.453125
vt 0.3671875 0.46875
vt 0.369140625 0.46875
f 2000/5997 1999/5998 1998/5999 1997/6000
o ammoModel150
v 11.55 2.449998 3.27
v 11.75 2.449998 3.27
v 11.75 2.419998 3.3
v 11.55 2.419998 3.3
v 11.55 2.449998 3.43
v 11.75 2.449998 3.43
v 11.75 2.419998 3.4
v 11.55 2.419998 3.4
vt 0.3828125 0.453125
vt 0.380859375 0.453125
vt 0.380859375 0.46875
vt 0.3828125 0.46875
f 2007/6001 2003/6002 2002/6003 2006/6004
vt 0.37890625 0.453125
vt 0.376953125 0.453125
vt 0.376953125 0.46875
vt 0.37890625 0.46875
f 2004/6005 2008/6006 2005/6007 2001/6008
vt 0.380859375 0.46875
vt 0.37890625 0.46875
vt 0.37890625 0.484375
vt 0.380859375 0.484375
f 2002/6009 2001/6010 2005/6011 2006/6012
vt 0.3828125 0.484375
vt 0.380859375 0.484375
vt 0.380859375 0.46875
vt 0.3828125 0.46875
f 2007/6013 2008/6014 2004/6015 2003/6016
vt 0.380859375 0.453125
vt 0.37890625 0.453125
vt 0.37890625 0.46875
vt 0.380859375 0.46875
f 2003/6017 2004/6018 2001/6019 2002/6020
vt 0.384765625 0.453125
vt 0.3828125 0.453125
vt 0.3828125 0.46875
vt 0.384765625 0.46875
f 2008/6021 2007/6022 2006/6023 2005/6024
o ammoModel151
v 11.42 2.449998 3.23
v 11.57 2.449998 3.27
v 11.57 2.419998 3.31
v 11.42 2.389998 3.29
v 11.42 2.449998 3.47
v 11.57 2.449998 3.43
v 11.57 2.419998 3.39
v 11.42 2.389998 3.41
vt 0.3984375 0.453125
vt 0.396484375 0.453125
vt 0.396484375 0.46875
vt 0.3984375 0.46875
f 2015/6025 2011/6026 2010/6027 2014/6028
vt 0.39453125 0.453125
vt 0.392578125 0.453125
vt 0.392578125 0.46875
vt 0.39453125 0.46875
f 2012/6029 2016/6030 2013/6031 2009/6032
vt 0.396484375 0.46875
vt 0.39453125 0.46875
vt 0.39453125 0.484375
vt 0.396484375 0.484375
f 2010/6033 2009/6034 2013/6035 2014/6036
vt 0.3984375 0.484375
vt 0.396484375 0.484375
vt 0.396484375 0.46875
vt 0.3984375 0.46875
f 2015/6037 2016/6038 2012/6039 2011/6040
vt 0.396484375 0.453125
vt 0.39453125 0.453125
vt 0.39453125 0.46875
vt 0.396484375 0.46875
f 2011/6041 2012/6042 2009/6043 2010/6044
vt 0.400390625 0.453125
vt 0.3984375 0.453125
vt 0.3984375 0.46875
vt 0.400390625 0.46875
f 2016/6045 2015/6046 2014/6047 2013/6048
o ammoModel152
v 11.42 2.549999 3.23
v 11.57 2.549999 3.27
v 11.57 2.449999 3.27
v 11.42 2.449999 3.23
v 11.42 2.549999 3.47
v 11.57 2.549999 3.43
v 11.57 2.449999 3.43
v 11.42 2.449999 3.47
vt 0.4140625 0.453125
vt 0.412109375 0.453125
vt 0.412109375 0.46875
vt 0.4140625 0.46875
f 2023/6049 2019/6050 2018/6051 2022/6052
vt 0.41015625 0.453125
vt 0.408203125 0.453125
vt 0.408203125 0.46875
vt 0.41015625 0.46875
f 2020/6053 2024/6054 2021/6055 2017/6056
vt 0.412109375 0.46875
vt 0.41015625 0.46875
vt 0.41015625 0.484375
vt 0.412109375 0.484375
f 2018/6057 2017/6058 2021/6059 2022/6060
vt 0.4140625 0.484375
vt 0.412109375 0.484375
vt 0.412109375 0.46875
vt 0.4140625 0.46875
f 2023/6061 2024/6062 2020/6063 2019/6064
vt 0.412109375 0.453125
vt 0.41015625 0.453125
vt 0.41015625 0.46875
vt 0.412109375 0.46875
f 2019/6065 2020/6066 2017/6067 2018/6068
vt 0.416015625 0.453125
vt 0.4140625 0.453125
vt 0.4140625 0.46875
vt 0.416015625 0.46875
f 2024/6069 2023/6070 2022/6071 2021/6072
o ammoModel153
v 10.2 2.609999 3.3
v 11.42 2.609999 3.3
v 11.42 2.549999 3.23
v 10.2 2.549999 3.23
v 10.2 2.609999 3.4
v 11.42 2.609999 3.4
v 11.42 2.549999 3.47
v 10.2 2.549999 3.47
vt 0.4296875 0.453125
vt 0.427734375 0.453125
vt 0.427734375 0.46875
vt 0.4296875 0.46875
f 2031/6073 2027/6074 2026/6075 2030/6076
vt 0.42578125 0.453125
vt 0.423828125 0.453125
vt 0.423828125 0.46875
vt 0.42578125 0.46875
f 2028/6077 2032/6078 2029/6079 2025/6080
vt 0.427734375 0.46875
vt 0.42578125 0.46875
vt 0.42578125 0.484375
vt 0.427734375 0.484375
f 2026/6081 2025/6082 2029/6083 2030/6084
vt 0.4296875 0.484375
vt 0.427734375 0.484375
vt 0.427734375 0.46875
vt 0.4296875 0.46875
f 2031/6085 2032/6086 2028/6087 2027/6088
vt 0.427734375 0.453125
vt 0.42578125 0.453125
vt 0.42578125 0.46875
vt 0.427734375 0.46875
f 2027/6089 2028/6090 2025/6091 2026/6092
vt 0.431640625 0.453125
vt 0.4296875 0.453125
vt 0.4296875 0.46875
vt 0.431640625 0.46875
f 2032/6093 2031/6094 2030/6095 2029/6096
o ammoModel154
v 10.2 2.549999 3.23
v 11.42 2.549999 3.23
v 11.42 2.449999 3.23
v 10.2 2.449999 3.23
v 10.2 2.549999 3.47
v 11.42 2.549999 3.47
v 11.42 2.449999 3.47
v 10.2 2.449999 3.47
vt 0.4453125 0.453125
vt 0.443359375 0.453125
vt 0.443359375 0.46875
vt 0.4453125 0.46875
f 2039/6097 2035/6098 2034/6099 2038/6100
vt 0.44140625 0.453125
vt 0.439453125 0.453125
vt 0.439453125 0.46875
vt 0.44140625 0.46875
f 2036/6101 2040/6102 2037/6103 2033/6104
vt 0.443359375 0.46875
vt 0.44140625 0.46875
vt 0.44140625 0.484375
vt 0.443359375 0.484375
f 2034/6105 2033/6106 2037/6107 2038/6108
vt 0.4453125 0.484375
vt 0.443359375 0.484375
vt 0.443359375 0.46875
vt 0.4453125 0.46875
f 2039/6109 2040/6110 2036/6111 2035/6112
vt 0.443359375 0.453125
vt 0.44140625 0.453125
vt 0.44140625 0.46875
vt 0.443359375 0.46875
f 2035/6113 2036/6114 2033/6115 2034/6116
vt 0.447265625 0.453125
vt 0.4453125 0.453125
vt 0.4453125 0.46875
vt 0.447265625 0.46875
f 2040/6117 2039/6118 2038/6119 2037/6120
o ammoModel155
v 10.2 2.449998 3.23
v 11.42 2.449998 3.23
v 11.42 2.389998 3.3
v 10.2 2.389998 3.3
v 10.2 2.449998 3.47
v 11.42 2.449998 3.47
v 11.42 2.389998 3.4
v 10.2 2.389998 3.4
vt 0.4609375 0.453125
vt 0.458984375 0.453125
vt 0.458984375 0.46875
vt 0.4609375 0.46875
f 2047/6121 2043/6122 2042/6123 2046/6124
vt 0.45703125 0.453125
vt 0.455078125 0.453125
vt 0.455078125 0.46875
vt 0.45703125 0.46875
f 2044/6125 2048/6126 2045/6127 2041/6128
vt 0.458984375 0.46875
vt 0.45703125 0.46875
vt 0.45703125 0.484375
vt 0.458984375 0.484375
f 2042/6129 2041/6130 2045/6131 2046/6132
vt 0.4609375 0.484375
vt 0.458984375 0.484375
vt 0.458984375 0.46875
vt 0.4609375 0.46875
f 2047/6133 2048/6134 2044/6135 2043/6136
vt 0.458984375 0.453125
vt 0.45703125 0.453125
vt 0.45703125 0.46875
vt 0.458984375 0.46875
f 2043/6137 2044/6138 2041/6139 2042/6140
vt 0.462890625 0.453125
vt 0.4609375 0.453125
vt 0.4609375 0.46875
vt 0.462890625 0.46875
f 2048/6141 2047/6142 2046/6143 2045/6144
o ammoModel156
v 11.42 2.609999 3.59
v 11.57 2.579999 3.6
v 11.57 2.549999 3.57
v 11.42 2.549999 3.53
v 11.42 2.609999 3.71
v 11.57 2.579999 3.7
v 11.57 2.549999 3.73
v 11.42 2.549999 3.77
vt 0.4765625 0.453125
vt 0.474609375 0.453125
vt 0.474609375 0.46875
vt 0.4765625 0.46875
f 2055/6145 2051/6146 2050/6147 2054/6148
vt 0.47265625 0.453125
vt 0.470703125 0.453125
vt 0.470703125 0.46875
vt 0.47265625 0.46875
f 2052/6149 2056/6150 2053/6151 2049/6152
vt 0.474609375 0.46875
vt 0.47265625 0.46875
vt 0.47265625 0.484375
vt 0.474609375 0.484375
f 2050/6153 2049/6154 2053/6155 2054/6156
vt 0.4765625 0.484375
vt 0.474609375 0.484375
vt 0.474609375 0.46875
vt 0.4765625 0.46875
f 2055/6157 2056/6158 2052/6159 2051/6160
vt 0.474609375 0.453125
vt 0.47265625 0.453125
vt 0.47265625 0.46875
vt 0.474609375 0.46875
f 2051/6161 2052/6162 2049/6163 2050/6164
vt 0.478515625 0.453125
vt 0.4765625 0.453125
vt 0.4765625 0.46875
vt 0.478515625 0.46875
f 2056/6165 2055/6166 2054/6167 2053/6168
o ammoModel157
v 11.95 2.569999 3.61
v 12.25 2.509999 3.64
v 12.25 2.509999 3.64
v 11.95 2.529999 3.575
v 11.95 2.569999 3.69
v 12.25 2.509999 3.66
v 12.25 2.509999 3.66
v 11.95 2.529999 3.725
vt 0.4921875 0.453125
vt 0.490234375 0.453125
vt 0.490234375 0.46875
vt 0.4921875 0.46875
f 2063/6169 2059/6170 2058/6171 2062/6172
vt 0.48828125 0.453125
vt 0.486328125 0.453125
vt 0.486328125 0.46875
vt 0.48828125 0.46875
f 2060/6173 2064/6174 2061/6175 2057/6176
vt 0.490234375 0.46875
vt 0.48828125 0.46875
vt 0.48828125 0.484375
vt 0.490234375 0.484375
f 2058/6177 2057/6178 2061/6179 2062/6180
vt 0.4921875 0.484375
vt 0.490234375 0.484375
vt 0.490234375 0.46875
vt 0.4921875 0.46875
f 2063/6181 2064/6182 2060/6183 2059/6184
vt 0.490234375 0.453125
vt 0.48828125 0.453125
vt 0.48828125 0.46875
vt 0.490234375 0.46875
f 2059/6185 2060/6186 2057/6187 2058/6188
vt 0.494140625 0.453125
vt 0.4921875 0.453125
vt 0.4921875 0.46875
vt 0.494140625 0.46875
f 2064/6189 2063/6190 2062/6191 2061/6192
o ammoModel158
v 11.95 2.529999 3.575
v 12.25 2.509999 3.64
v 12.25 2.489999 3.64
v 11.95 2.469999 3.575
v 11.95 2.529999 3.725
v 12.25 2.509999 3.66
v 12.25 2.489999 3.66
v 11.95 2.469999 3.725
vt 0.5078125 0.453125
vt 0.505859375 0.453125
vt 0.505859375 0.46875
vt 0.5078125 0.46875
f 2071/6193 2067/6194 2066/6195 2070/6196
vt 0.50390625 0.453125
vt 0.501953125 0.453125
vt 0.501953125 0.46875
vt 0.50390625 0.46875
f 2068/6197 2072/6198 2069/6199 2065/6200
vt 0.505859375 0.46875
vt 0.50390625 0.46875
vt 0.50390625 0.484375
vt 0.505859375 0.484375
f 2066/6201 2065/6202 2069/6203 2070/6204
vt 0.5078125 0.484375
vt 0.505859375 0.484375
vt 0.505859375 0.46875
vt 0.5078125 0.46875
f 2071/6205 2072/6206 2068/6207 2067/6208
vt 0.505859375 0.453125
vt 0.50390625 0.453125
vt 0.50390625 0.46875
vt 0.505859375 0.46875
f 2067/6209 2068/6210 2065/6211 2066/6212
vt 0.509765625 0.453125
vt 0.5078125 0.453125
vt 0.5078125 0.46875
vt 0.509765625 0.46875
f 2072/6213 2071/6214 2070/6215 2069/6216
o ammoModel159
v 11.95 2.469999 3.575
v 12.25 2.489999 3.64
v 12.25 2.489999 3.64
v 11.95 2.429999 3.61
v 11.95 2.469999 3.725
v 12.25 2.489999 3.66
v 12.25 2.489999 3.66
v 11.95 2.429999 3.69
vt 0.5234375 0.453125
vt 0.521484375 0.453125
vt 0.521484375 0.46875
vt 0.5234375 0.46875
f 2079/6217 2075/6218 2074/6219 2078/6220
vt 0.51953125 0.453125
vt 0.517578125 0.453125
vt 0.517578125 0.46875
vt 0.51953125 0.46875
f 2076/6221 2080/6222 2077/6223 2073/6224
vt 0.521484375 0.46875
vt 0.51953125 0.46875
vt 0.51953125 0.484375
vt 0.521484375 0.484375
f 2074/6225 2073/6226 2077/6227 2078/6228
vt 0.5234375 0.484375
vt 0.521484375 0.484375
vt 0.521484375 0.46875
vt 0.5234375 0.46875
f 2079/6229 2080/6230 2076/6231 2075/6232
vt 0.521484375 0.453125
vt 0.51953125 0.453125
vt 0.51953125 0.46875
vt 0.521484375 0.46875
f 2075/6233 2076/6234 2073/6235 2074/6236
vt 0.525390625 0.453125
vt 0.5234375 0.453125
vt 0.5234375 0.46875
vt 0.525390625 0.46875
f 2080/6237 2079/6238 2078/6239 2077/6240
o ammoModel160
v 11.75 2.469999 3.575
v 11.95 2.469999 3.575
v 11.95 2.429999 3.61
v 11.75 2.429999 3.61
v 11.75 2.469999 3.725
v 11.95 2.469999 3.725
v 11.95 2.429999 3.69
v 11.75 2.429999 3.69
vt 0.5390625 0.453125
vt 0.537109375 0.453125
vt 0.537109375 0.46875
vt 0.5390625 0.46875
f 2087/6241 2083/6242 2082/6243 2086/6244
vt 0.53515625 0.453125
vt 0.533203125 0.453125
vt 0.533203125 0.46875
vt 0.53515625 0.46875
f 2084/6245 2088/6246 2085/6247 2081/6248
vt 0.537109375 0.46875
vt 0.53515625 0.46875
vt 0.53515625 0.484375
vt 0.537109375 0.484375
f 2082/6249 2081/6250 2085/6251 2086/6252
vt 0.5390625 0.484375
vt 0.537109375 0.484375
vt 0.537109375 0.46875
vt 0.5390625 0.46875
f 2087/6253 2088/6254 2084/6255 2083/6256
vt 0.537109375 0.453125
vt 0.53515625 0.453125
vt 0.53515625 0.46875
vt 0.537109375 0.46875
f 2083/6257 2084/6258 2081/6259 2082/6260
vt 0.541015625 0.453125
vt 0.5390625 0.453125
vt 0.5390625 0.46875
vt 0.541015625 0.46875
f 2088/6261 2087/6262 2086/6263 2085/6264
o ammoModel161
v 11.75 2.529999 3.575
v 11.95 2.529999 3.575
v 11.95 2.469999 3.575
v 11.75 2.469999 3.575
v 11.75 2.529999 3.725
v 11.95 2.529999 3.725
v 11.95 2.469999 3.725
v 11.75 2.469999 3.725
vt 0.5546875 0.453125
vt 0.552734375 0.453125
vt 0.552734375 0.46875
vt 0.5546875 0.46875
f 2095/6265 2091/6266 2090/6267 2094/6268
vt 0.55078125 0.453125
vt 0.548828125 0.453125
vt 0.548828125 0.46875
vt 0.55078125 0.46875
f 2092/6269 2096/6270 2093/6271 2089/6272
vt 0.552734375 0.46875
vt 0.55078125 0.46875
vt 0.55078125 0.484375
vt 0.552734375 0.484375
f 2090/6273 2089/6274 2093/6275 2094/6276
vt 0.5546875 0.484375
vt 0.552734375 0.484375
vt 0.552734375 0.46875
vt 0.5546875 0.46875
f 2095/6277 2096/6278 2092/6279 2091/6280
vt 0.552734375 0.453125
vt 0.55078125 0.453125
vt 0.55078125 0.46875
vt 0.552734375 0.46875
f 2091/6281 2092/6282 2089/6283 2090/6284
vt 0.556640625 0.453125
vt 0.5546875 0.453125
vt 0.5546875 0.46875
vt 0.556640625 0.46875
f 2096/6285 2095/6286 2094/6287 2093/6288
o ammoModel162
v 11.75 2.569999 3.61
v 11.95 2.569999 3.61
v 11.95 2.529999 3.575
v 11.75 2.529999 3.575
v 11.75 2.569999 3.69
v 11.95 2.569999 3.69
v 11.95 2.529999 3.725
v 11.75 2.529999 3.725
vt 0.5703125 0.453125
vt 0.568359375 0.453125
vt 0.568359375 0.46875
vt 0.5703125 0.46875
f 2103/6289 2099/6290 2098/6291 2102/6292
vt 0.56640625 0.453125
vt 0.564453125 0.453125
vt 0.564453125 0.46875
vt 0.56640625 0.46875
f 2100/6293 2104/6294 2101/6295 2097/6296
vt 0.568359375 0.46875
vt 0.56640625 0.46875
vt 0.56640625 0.484375
vt 0.568359375 0.484375
f 2098/6297 2097/6298 2101/6299 2102/6300
vt 0.5703125 0.484375
vt 0.568359375 0.484375
vt 0.568359375 0.46875
vt 0.5703125 0.46875
f 2103/6301 2104/6302 2100/6303 2099/6304
vt 0.568359375 0.453125
vt 0.56640625 0.453125
vt 0.56640625 0.46875
vt 0.568359375 0.46875
f 2099/6305 2100/6306 2097/6307 2098/6308
vt 0.572265625 0.453125
vt 0.5703125 0.453125
vt 0.5703125 0.46875
vt 0.572265625 0.46875
f 2104/6309 2103/6310 2102/6311 2101/6312
o ammoModel163
v 11.55 2.579999 3.6
v 11.75 2.579999 3.6
v 11.75 2.549999 3.57
v 11.55 2.549999 3.57
v 11.55 2.579999 3.7
v 11.75 2.579999 3.7
v 11.75 2.549999 3.73
v 11.55 2.549999 3.73
vt 0.5859375 0.453125
vt 0.583984375 0.453125
vt 0.583984375 0.46875
vt 0.5859375 0.46875
f 2111/6313 2107/6314 2106/6315 2110/6316
vt 0.58203125 0.453125
vt 0.580078125 0.453125
vt 0.580078125 0.46875
vt 0.58203125 0.46875
f 2108/6317 2112/6318 2109/6319 2105/6320
vt 0.583984375 0.46875
vt 0.58203125 0.46875
vt 0.58203125 0.484375
vt 0.583984375 0.484375
f 2106/6321 2105/6322 2109/6323 2110/6324
vt 0.5859375 0.484375
vt 0.583984375 0.484375
vt 0.583984375 0.46875
vt 0.5859375 0.46875
f 2111/6325 2112/6326 2108/6327 2107/6328
vt 0.583984375 0.453125
vt 0.58203125 0.453125
vt 0.58203125 0.46875
vt 0.583984375 0.46875
f 2107/6329 2108/6330 2105/6331 2106/6332
vt 0.587890625 0.453125
vt 0.5859375 0.453125
vt 0.5859375 0.46875
vt 0.587890625 0.46875
f 2112/6333 2111/6334 2110/6335 2109/6336
o ammoModel164
v 11.55 2.549999 3.57
v 11.75 2.549999 3.57
v 11.75 2.449999 3.57
v 11.55 2.449999 3.57
v 11.55 2.549999 3.73
v 11.75 2.549999 3.73
v 11.75 2.449999 3.73
v 11.55 2.449999 3.73
vt 0.6015625 0.453125
vt 0.599609375 0.453125
vt 0.599609375 0.46875
vt 0.6015625 0.46875
f 2119/6337 2115/6338 2114/6339 2118/6340
vt 0.59765625 0.453125
vt 0.595703125 0.453125
vt 0.595703125 0.46875
vt 0.59765625 0.46875
f 2116/6341 2120/6342 2117/6343 2113/6344
vt 0.599609375 0.46875
vt 0.59765625 0.46875
vt 0.59765625 0.484375
vt 0.599609375 0.484375
f 2114/6345 2113/6346 2117/6347 2118/6348
vt 0.6015625 0.484375
vt 0.599609375 0.484375
vt 0.599609375 0.46875
vt 0.6015625 0.46875
f 2119/6349 2120/6350 2116/6351 2115/6352
vt 0.599609375 0.453125
vt 0.59765625 0.453125
vt 0.59765625 0.46875
vt 0.599609375 0.46875
f 2115/6353 2116/6354 2113/6355 2114/6356
vt 0.603515625 0.453125
vt 0.6015625 0.453125
vt 0.6015625 0.46875
vt 0.603515625 0.46875
f 2120/6357 2119/6358 2118/6359 2117/6360
o ammoModel165
v 11.55 2.449998 3.57
v 11.75 2.449998 3.57
v 11.75 2.419998 3.6
v 11.55 2.419998 3.6
v 11.55 2.449998 3.73
v 11.75 2.449998 3.73
v 11.75 2.419998 3.7
v 11.55 2.419998 3.7
vt 0.6171875 0.453125
vt 0.615234375 0.453125
vt 0.615234375 0.46875
vt 0.6171875 0.46875
f 2127/6361 2123/6362 2122/6363 2126/6364
vt 0.61328125 0.453125
vt 0.611328125 0.453125
vt 0.611328125 0.46875
vt 0.61328125 0.46875
f 2124/6365 2128/6366 2125/6367 2121/6368
vt 0.615234375 0.46875
vt 0.61328125 0.46875
vt 0.61328125 0.484375
vt 0.615234375 0.484375
f 2122/6369 2121/6370 2125/6371 2126/6372
vt 0.6171875 0.484375
vt 0.615234375 0.484375
vt 0.615234375 0.46875
vt 0.6171875 0.46875
f 2127/6373 2128/6374 2124/6375 2123/6376
vt 0.615234375 0.453125
vt 0.61328125 0.453125
vt 0.61328125 0.46875
vt 0.615234375 0.46875
f 2123/6377 2124/6378 2121/6379 2122/6380
vt 0.619140625 0.453125
vt 0.6171875 0.453125
vt 0.6171875 0.46875
vt 0.619140625 0.46875
f 2128/6381 2127/6382 2126/6383 2125/6384
o ammoModel166
v 11.42 2.449998 3.53
v 11.57 2.449998 3.57
v 11.57 2.419998 3.61
v 11.42 2.389998 3.59
v 11.42 2.449998 3.77
v 11.57 2.449998 3.73
v 11.57 2.419998 3.69
v 11.42 2.389998 3.71
vt 0.6328125 0.453125
vt 0.630859375 0.453125
vt 0.630859375 0.46875
vt 0.6328125 0.46875
f 2135/6385 2131/6386 2130/6387 2134/6388
vt 0.62890625 0.453125
vt 0.626953125 0.453125
vt 0.626953125 0.46875
vt 0.62890625 0.46875
f 2132/6389 2136/6390 2133/6391 2129/6392
vt 0.630859375 0.46875
vt 0.62890625 0.46875
vt 0.62890625 0.484375
vt 0.630859375 0.484375
f 2130/6393 2129/6394 2133/6395 2134/6396
vt 0.6328125 0.484375
vt 0.630859375 0.484375
vt 0.630859375 0.46875
vt 0.6328125 0.46875
f 2135/6397 2136/6398 2132/6399 2131/6400
vt 0.630859375 0.453125
vt 0.62890625 0.453125
vt 0.62890625 0.46875
vt 0.630859375 0.46875
f 2131/6401 2132/6402 2129/6403 2130/6404
vt 0.634765625 0.453125
vt 0.6328125 0.453125
vt 0.6328125 0.46875
vt 0.634765625 0.46875
f 2136/6405 2135/6406 2134/6407 2133/6408
o ammoModel167
v 11.42 2.549999 3.53
v 11.57 2.549999 3.57
v 11.57 2.449999 3.57
v 11.42 2.449999 3.53
v 11.42 2.549999 3.77
v 11.57 2.549999 3.73
v 11.57 2.449999 3.73
v 11.42 2.449999 3.77
vt 0.6484375 0.453125
vt 0.646484375 0.453125
vt 0.646484375 0.46875
vt 0.6484375 0.46875
f 2143/6409 2139/6410 2138/6411 2142/6412
vt 0.64453125 0.453125
vt 0.642578125 0.453125
vt 0.642578125 0.46875
vt 0.64453125 0.46875
f 2140/6413 2144/6414 2141/6415 2137/6416
vt 0.646484375 0.46875
vt 0.64453125 0.46875
vt 0.64453125 0.484375
vt 0.646484375 0.484375
f 2138/6417 2137/6418 2141/6419 2142/6420
vt 0.6484375 0.484375
vt 0.646484375 0.484375
vt 0.646484375 0.46875
vt 0.6484375 0.46875
f 2143/6421 2144/6422 2140/6423 2139/6424
vt 0.646484375 0.453125
vt 0.64453125 0.453125
vt 0.64453125 0.46875
vt 0.646484375 0.46875
f 2139/6425 2140/6426 2137/6427 2138/6428
vt 0.650390625 0.453125
vt 0.6484375 0.453125
vt 0.6484375 0.46875
vt 0.650390625 0.46875
f 2144/6429 2143/6430 2142/6431 2141/6432
o ammoModel168
v 10.2 2.609999 3.6
v 11.42 2.609999 3.6
v 11.42 2.549999 3.53
v 10.2 2.549999 3.53
v 10.2 2.609999 3.7
v 11.42 2.609999 3.7
v 11.42 2.549999 3.77
v 10.2 2.549999 3.77
vt 0.6640625 0.453125
vt 0.662109375 0.453125
vt 0.662109375 0.46875
vt 0.6640625 0.46875
f 2151/6433 2147/6434 2146/6435 2150/6436
vt 0.66015625 0.453125
vt 0.658203125 0.453125
vt 0.658203125 0.46875
vt 0.66015625 0.46875
f 2148/6437 2152/6438 2149/6439 2145/6440
vt 0.662109375 0.46875
vt 0.66015625 0.46875
vt 0.66015625 0.484375
vt 0.662109375 0.484375
f 2146/6441 2145/6442 2149/6443 2150/6444
vt 0.6640625 0.484375
vt 0.662109375 0.484375
vt 0.662109375 0.46875
vt 0.6640625 0.46875
f 2151/6445 2152/6446 2148/6447 2147/6448
vt 0.662109375 0.453125
vt 0.66015625 0.453125
vt 0.66015625 0.46875
vt 0.662109375 0.46875
f 2147/6449 2148/6450 2145/6451 2146/6452
vt 0.666015625 0.453125
vt 0.6640625 0.453125
vt 0.6640625 0.46875
vt 0.666015625 0.46875
f 2152/6453 2151/6454 2150/6455 2149/6456
o ammoModel169
v 10.2 2.549999 3.53
v 11.42 2.549999 3.53
v 11.42 2.449999 3.53
v 10.2 2.449999 3.53
v 10.2 2.549999 3.77
v 11.42 2.549999 3.77
v 11.42 2.449999 3.77
v 10.2 2.449999 3.77
vt 0.6796875 0.453125
vt 0.677734375 0.453125
vt 0.677734375 0.46875
vt 0.6796875 0.46875
f 2159/6457 2155/6458 2154/6459 2158/6460
vt 0.67578125 0.453125
vt 0.673828125 0.453125
vt 0.673828125 0.46875
vt 0.67578125 0.46875
f 2156/6461 2160/6462 2157/6463 2153/6464
vt 0.677734375 0.46875
vt 0.67578125 0.46875
vt 0.67578125 0.484375
vt 0.677734375 0.484375
f 2154/6465 2153/6466 2157/6467 2158/6468
vt 0.6796875 0.484375
vt 0.677734375 0.484375
vt 0.677734375 0.46875
vt 0.6796875 0.46875
f 2159/6469 2160/6470 2156/6471 2155/6472
vt 0.677734375 0.453125
vt 0.67578125 0.453125
vt 0.67578125 0.46875
vt 0.677734375 0.46875
f 2155/6473 2156/6474 2153/6475 2154/6476
vt 0.681640625 0.453125
vt 0.6796875 0.453125
vt 0.6796875 0.46875
vt 0.681640625 0.46875
f 2160/6477 2159/6478 2158/6479 2157/6480
o ammoModel170
v 10.2 2.449998 3.53
v 11.42 2.449998 3.53
v 11.42 2.389998 3.6
v 10.2 2.389998 3.6
v 10.2 2.449998 3.77
v 11.42 2.449998 3.77
v 11.42 2.389998 3.7
v 10.2 2.389998 3.7
vt 0.6953125 0.453125
vt 0.693359375 0.453125
vt 0.693359375 0.46875
vt 0.6953125 0.46875
f 2167/6481 2163/6482 2162/6483 2166/6484
vt 0.69140625 0.453125
vt 0.689453125 0.453125
vt 0.689453125 0.46875
vt 0.69140625 0.46875
f 2164/6485 2168/6486 2165/6487 2161/6488
vt 0.693359375 0.46875
vt 0.69140625 0.46875
vt 0.69140625 0.484375
vt 0.693359375 0.484375
f 2162/6489 2161/6490 2165/6491 2166/6492
vt 0.6953125 0.484375
vt 0.693359375 0.484375
vt 0.693359375 0.46875
vt 0.6953125 0.46875
f 2167/6493 2168/6494 2164/6495 2163/6496
vt 0.693359375 0.453125
vt 0.69140625 0.453125
vt 0.69140625 0.46875
vt 0.693359375 0.46875
f 2163/6497 2164/6498 2161/6499 2162/6500
vt 0.697265625 0.453125
vt 0.6953125 0.453125
vt 0.6953125 0.46875
vt 0.697265625 0.46875
f 2168/6501 2167/6502 2166/6503 2165/6504
o ammoModel171
v 11.42 2.609999 3.89
v 11.57 2.579999 3.9
v 11.57 2.549999 3.87
v 11.42 2.549999 3.83
v 11.42 2.609999 4.01
v 11.57 2.579999 4
v 11.57 2.549999 4.03
v 11.42 2.549999 4.07
vt 0.7109375 0.453125
vt 0.708984375 0.453125
vt 0.708984375 0.46875
vt 0.7109375 0.46875
f 2175/6505 2171/6506 2170/6507 2174/6508
vt 0.70703125 0.453125
vt 0.705078125 0.453125
vt 0.705078125 0.46875
vt 0.70703125 0.46875
f 2172/6509 2176/6510 2173/6511 2169/6512
vt 0.708984375 0.46875
vt 0.70703125 0.46875
vt 0.70703125 0.484375
vt 0.708984375 0.484375
f 2170/6513 2169/6514 2173/6515 2174/6516
vt 0.7109375 0.484375
vt 0.708984375 0.484375
vt 0.708984375 0.46875
vt 0.7109375 0.46875
f 2175/6517 2176/6518 2172/6519 2171/6520
vt 0.708984375 0.453125
vt 0.70703125 0.453125
vt 0.70703125 0.46875
vt 0.708984375 0.46875
f 2171/6521 2172/6522 2169/6523 2170/6524
vt 0.712890625 0.453125
vt 0.7109375 0.453125
vt 0.7109375 0.46875
vt 0.712890625 0.46875
f 2176/6525 2175/6526 2174/6527 2173/6528
o ammoModel172
v 11.95 2.569999 3.91
v 12.25 2.509999 3.94
v 12.25 2.509999 3.94
v 11.95 2.529999 3.875
v 11.95 2.569999 3.99
v 12.25 2.509999 3.96
v 12.25 2.509999 3.96
v 11.95 2.529999 4.025
vt 0.7265625 0.453125
vt 0.724609375 0.453125
vt 0.724609375 0.46875
vt 0.7265625 0.46875
f 2183/6529 2179/6530 2178/6531 2182/6532
vt 0.72265625 0.453125
vt 0.720703125 0.453125
vt 0.720703125 0.46875
vt 0.72265625 0.46875
f 2180/6533 2184/6534 2181/6535 2177/6536
vt 0.724609375 0.46875
vt 0.72265625 0.46875
vt 0.72265625 0.484375
vt 0.724609375 0.484375
f 2178/6537 2177/6538 2181/6539 2182/6540
vt 0.7265625 0.484375
vt 0.724609375 0.484375
vt 0.724609375 0.46875
vt 0.7265625 0.46875
f 2183/6541 2184/6542 2180/6543 2179/6544
vt 0.724609375 0.453125
vt 0.72265625 0.453125
vt 0.72265625 0.46875
vt 0.724609375 0.46875
f 2179/6545 2180/6546 2177/6547 2178/6548
vt 0.728515625 0.453125
vt 0.7265625 0.453125
vt 0.7265625 0.46875
vt 0.728515625 0.46875
f 2184/6549 2183/6550 2182/6551 2181/6552
o ammoModel173
v 11.95 2.529999 3.875
v 12.25 2.509999 3.94
v 12.25 2.489999 3.94
v 11.95 2.469999 3.875
v 11.95 2.529999 4.025
v 12.25 2.509999 3.96
v 12.25 2.489999 3.96
v 11.95 2.469999 4.025
vt 0.7421875 0.453125
vt 0.740234375 0.453125
vt 0.740234375 0.46875
vt 0.7421875 0.46875
f 2191/6553 2187/6554 2186/6555 2190/6556
vt 0.73828125 0.453125
vt 0.736328125 0.453125
vt 0.736328125 0.46875
vt 0.73828125 0.46875
f 2188/6557 2192/6558 2189/6559 2185/6560
vt 0.740234375 0.46875
vt 0.73828125 0.46875
vt 0.73828125 0.484375
vt 0.740234375 0.484375
f 2186/6561 2185/6562 2189/6563 2190/6564
vt 0.7421875 0.484375
vt 0.740234375 0.484375
vt 0.740234375 0.46875
vt 0.7421875 0.46875
f 2191/6565 2192/6566 2188/6567 2187/6568
vt 0.740234375 0.453125
vt 0.73828125 0.453125
vt 0.73828125 0.46875
vt 0.740234375 0.46875
f 2187/6569 2188/6570 2185/6571 2186/6572
vt 0.744140625 0.453125
vt 0.7421875 0.453125
vt 0.7421875 0.46875
vt 0.744140625 0.46875
f 2192/6573 2191/6574 2190/6575 2189/6576
o ammoModel174
v 11.95 2.469999 3.875
v 12.25 2.489999 3.94
v 12.25 2.489999 3.94
v 11.95 2.429999 3.91
v 11.95 2.469999 4.025
v 12.25 2.489999 3.96
v 12.25 2.489999 3.96
v 11.95 2.429999 3.99
vt 0.7578125 0.453125
vt 0.755859375 0.453125
vt 0.755859375 0.46875
vt 0.7578125 0.46875
f 2199/6577 2195/6578 2194/6579 2198/6580
vt 0.75390625 0.453125
vt 0.751953125 0.453125
vt 0.751953125 0.46875
vt 0.75390625 0.46875
f 2196/6581 2200/6582 2197/6583 2193/6584
vt 0.755859375 0.46875
vt 0.75390625 0.46875
vt 0.75390625 0.484375
vt 0.755859375 0.484375
f 2194/6585 2193/6586 2197/6587 2198/6588
vt 0.7578125 0.484375
vt 0.755859375 0.484375
vt 0.755859375 0.46875
vt 0.7578125 0.46875
f 2199/6589 2200/6590 2196/6591 2195/6592
vt 0.755859375 0.453125
vt 0.75390625 0.453125
vt 0.75390625 0.46875
vt 0.755859375 0.46875
f 2195/6593 2196/6594 2193/6595 2194/6596
vt 0.759765625 0.453125
vt 0.7578125 0.453125
vt 0.7578125 0.46875
vt 0.759765625 0.46875
f 2200/6597 2199/6598 2198/6599 2197/6600
o ammoModel175
v 11.75 2.469999 3.875
v 11.95 2.469999 3.875
v 11.95 2.429999 3.91
v 11.75 2.429999 3.91
v 11.75 2.469999 4.025
v 11.95 2.469999 4.025
v 11.95 2.429999 3.99
v 11.75 2.429999 3.99
vt 0.7734375 0.453125
vt 0.771484375 0.453125
vt 0.771484375 0.46875
vt 0.7734375 0.46875
f 2207/6601 2203/6602 2202/6603 2206/6604
vt 0.76953125 0.453125
vt 0.767578125 0.453125
vt 0.767578125 0.46875
vt 0.76953125 0.46875
f 2204/6605 2208/6606 2205/6607 2201/6608
vt 0.771484375 0.46875
vt 0.76953125 0.46875
vt 0.76953125 0.484375
vt 0.771484375 0.484375
f 2202/6609 2201/6610 2205/6611 2206/6612
vt 0.7734375 0.484375
vt 0.771484375 0.484375
vt 0.771484375 0.46875
vt 0.7734375 0.46875
f 2207/6613 2208/6614 2204/6615 2203/6616
vt 0.771484375 0.453125
vt 0.76953125 0.453125
vt 0.76953125 0.46875
vt 0.771484375 0.46875
f 2203/6617 2204/6618 2201/6619 2202/6620
vt 0.775390625 0.453125
vt 0.7734375 0.453125
vt 0.7734375 0.46875
vt 0.775390625 0.46875
f 2208/6621 2207/6622 2206/6623 2205/6624
o ammoModel176
v 11.75 2.529999 3.875
v 11.95 2.529999 3.875
v 11.95 2.469999 3.875
v 11.75 2.469999 3.875
v 11.75 2.529999 4.025
v 11.95 2.529999 4.025
v 11.95 2.469999 4.025
v 11.75 2.469999 4.025
vt 0.7890625 0.453125
vt 0.787109375 0.453125
vt 0.787109375 0.46875
vt 0.7890625 0.46875
f 2215/6625 2211/6626 2210/6627 2214/6628
vt 0.78515625 0.453125
vt 0.783203125 0.453125
vt 0.783203125 0.46875
vt 0.78515625 0.46875
f 2212/6629 2216/6630 2213/6631 2209/6632
vt 0.787109375 0.46875
vt 0.78515625 0.46875
vt 0.78515625 0.484375
vt 0.787109375 0.484375
f 2210/6633 2209/6634 2213/6635 2214/6636
vt 0.7890625 0.484375
vt 0.787109375 0.484375
vt 0.787109375 0.46875
vt 0.7890625 0.46875
f 2215/6637 2216/6638 2212/6639 2211/6640
vt 0.787109375 0.453125
vt 0.78515625 0.453125
vt 0.78515625 0.46875
vt 0.787109375 0.46875
f 2211/6641 2212/6642 2209/6643 2210/6644
vt 0.791015625 0.453125
vt 0.7890625 0.453125
vt 0.7890625 0.46875
vt 0.791015625 0.46875
f 2216/6645 2215/6646 2214/6647 2213/6648
o ammoModel177
v 11.75 2.569999 3.91
v 11.95 2.569999 3.91
v 11.95 2.529999 3.875
v 11.75 2.529999 3.875
v 11.75 2.569999 3.99
v 11.95 2.569999 3.99
v 11.95 2.529999 4.025
v 11.75 2.529999 4.025
vt 0.8046875 0.453125
vt 0.802734375 0.453125
vt 0.802734375 0.46875
vt 0.8046875 0.46875
f 2223/6649 2219/6650 2218/6651 2222/6652
vt 0.80078125 0.453125
vt 0.798828125 0.453125
vt 0.798828125 0.46875
vt 0.80078125 0.46875
f 2220/6653 2224/6654 2221/6655 2217/6656
vt 0.802734375 0.46875
vt 0.80078125 0.46875
vt 0.80078125 0.484375
vt 0.802734375 0.484375
f 2218/6657 2217/6658 2221/6659 2222/6660
vt 0.8046875 0.484375
vt 0.802734375 0.484375
vt 0.802734375 0.46875
vt 0.8046875 0.46875
f 2223/6661 2224/6662 2220/6663 2219/6664
vt 0.802734375 0.453125
vt 0.80078125 0.453125
vt 0.80078125 0.46875
vt 0.802734375 0.46875
f 2219/6665 2220/6666 2217/6667 2218/6668
vt 0.806640625 0.453125
vt 0.8046875 0.453125
vt 0.8046875 0.46875
vt 0.806640625 0.46875
f 2224/6669 2223/6670 2222/6671 2221/6672
o ammoModel178
v 11.55 2.579999 3.9
v 11.75 2.579999 3.9
v 11.75 2.549999 3.87
v 11.55 2.549999 3.87
v 11.55 2.579999 4
v 11.75 2.579999 4
v 11.75 2.549999 4.03
v 11.55 2.549999 4.03
vt 0.8203125 0.453125
vt 0.818359375 0.453125
vt 0.818359375 0.46875
vt 0.8203125 0.46875
f 2231/6673 2227/6674 2226/6675 2230/6676
vt 0.81640625 0.453125
vt 0.814453125 0.453125
vt 0.814453125 0.46875
vt 0.81640625 0.46875
f 2228/6677 2232/6678 2229/6679 2225/6680
vt 0.818359375 0.46875
vt 0.81640625 0.46875
vt 0.81640625 0.484375
vt 0.818359375 0.484375
f 2226/6681 2225/6682 2229/6683 2230/6684
vt 0.8203125 0.484375
vt 0.818359375 0.484375
vt 0.818359375 0.46875
vt 0.8203125 0.46875
f 2231/6685 2232/6686 2228/6687 2227/6688
vt 0.818359375 0.453125
vt 0.81640625 0.453125
vt 0.81640625 0.46875
vt 0.818359375 0.46875
f 2227/6689 2228/6690 2225/6691 2226/6692
vt 0.822265625 0.453125
vt 0.8203125 0.453125
vt 0.8203125 0.46875
vt 0.822265625 0.46875
f 2232/6693 2231/6694 2230/6695 2229/6696
o ammoModel179
v 11.55 2.549999 3.87
v 11.75 2.549999 3.87
v 11.75 2.449999 3.87
v 11.55 2.449999 3.87
v 11.55 2.549999 4.03
v 11.75 2.549999 4.03
v 11.75 2.449999 4.03
v 11.55 2.449999 4.03
vt 0.8359375 0.453125
vt 0.833984375 0.453125
vt 0.833984375 0.46875
vt 0.8359375 0.46875
f 2239/6697 2235/6698 2234/6699 2238/6700
vt 0.83203125 0.453125
vt 0.830078125 0.453125
vt 0.830078125 0.46875
vt 0.83203125 0.46875
f 2236/6701 2240/6702 2237/6703 2233/6704
vt 0.833984375 0.46875
vt 0.83203125 0.46875
vt 0.83203125 0.484375
vt 0.833984375 0.484375
f 2234/6705 2233/6706 2237/6707 2238/6708
vt 0.8359375 0.484375
vt 0.833984375 0.484375
vt 0.833984375 0.46875
vt 0.8359375 0.46875
f 2239/6709 2240/6710 2236/6711 2235/6712
vt 0.833984375 0.453125
vt 0.83203125 0.453125
vt 0.83203125 0.46875
vt 0.833984375 0.46875
f 2235/6713 2236/6714 2233/6715 2234/6716
vt 0.837890625 0.453125
vt 0.8359375 0.453125
vt 0.8359375 0.46875
vt 0.837890625 0.46875
f 2240/6717 2239/6718 2238/6719 2237/6720
o ammoModel180
v 11.55 2.449998 3.87
v 11.75 2.449998 3.87
v 11.75 2.419998 3.9
v 11.55 2.419998 3.9
v 11.55 2.449998 4.03
v 11.75 2.449998 4.03
v 11.75 2.419998 4
v 11.55 2.419998 4
vt 0.8515625 0.453125
vt 0.849609375 0.453125
vt 0.849609375 0.46875
vt 0.8515625 0.46875
f 2247/6721 2243/6722 2242/6723 2246/6724
vt 0.84765625 0.453125
vt 0.845703125 0.453125
vt 0.845703125 0.46875
vt 0.84765625 0.46875
f 2244/6725 2248/6726 2245/6727 2241/6728
vt 0.849609375 0.46875
vt 0.84765625 0.46875
vt 0.84765625 0.484375
vt 0.849609375 0.484375
f 2242/6729 2241/6730 2245/6731 2246/6732
vt 0.8515625 0.484375
vt 0.849609375 0.484375
vt 0.849609375 0.46875
vt 0.8515625 0.46875
f 2247/6733 2248/6734 2244/6735 2243/6736
vt 0.849609375 0.453125
vt 0.84765625 0.453125
vt 0.84765625 0.46875
vt 0.849609375 0.46875
f 2243/6737 2244/6738 2241/6739 2242/6740
vt 0.853515625 0.453125
vt 0.8515625 0.453125
vt 0.8515625 0.46875
vt 0.853515625 0.46875
f 2248/6741 2247/6742 2246/6743 2245/6744
o ammoModel181
v 11.42 2.449998 3.83
v 11.57 2.449998 3.87
v 11.57 2.419998 3.91
v 11.42 2.389998 3.89
v 11.42 2.449998 4.07
v 11.57 2.449998 4.03
v 11.57 2.419998 3.99
v 11.42 2.389998 4.01
vt 0.8671875 0.453125
vt 0.865234375 0.453125
vt 0.865234375 0.46875
vt 0.8671875 0.46875
f 2255/6745 2251/6746 2250/6747 2254/6748
vt 0.86328125 0.453125
vt 0.861328125 0.453125
vt 0.861328125 0.46875
vt 0.86328125 0.46875
f 2252/6749 2256/6750 2253/6751 2249/6752
vt 0.865234375 0.46875
vt 0.86328125 0.46875
vt 0.86328125 0.484375
vt 0.865234375 0.484375
f 2250/6753 2249/6754 2253/6755 2254/6756
vt 0.8671875 0.484375
vt 0.865234375 0.484375
vt 0.865234375 0.46875
vt 0.8671875 0.46875
f 2255/6757 2256/6758 2252/6759 2251/6760
vt 0.865234375 0.453125
vt 0.86328125 0.453125
vt 0.86328125 0.46875
vt 0.865234375 0.46875
f 2251/6761 2252/6762 2249/6763 2250/6764
vt 0.869140625 0.453125
vt 0.8671875 0.453125
vt 0.8671875 0.46875
vt 0.869140625 0.46875
f 2256/6765 2255/6766 2254/6767 2253/6768
o ammoModel182
v 11.42 2.549999 3.83
v 11.57 2.549999 3.87
v 11.57 2.449999 3.87
v 11.42 2.449999 3.83
v 11.42 2.549999 4.07
v 11.57 2.549999 4.03
v 11.57 2.449999 4.03
v 11.42 2.449999 4.07
vt 0.8828125 0.453125
vt 0.880859375 0.453125
vt 0.880859375 0.46875
vt 0.8828125 0.46875
f 2263/6769 2259/6770 2258/6771 2262/6772
vt 0.87890625 0.453125
vt 0.876953125 0.453125
vt 0.876953125 0.46875
vt 0.87890625 0.46875
f 2260/6773 2264/6774 2261/6775 2257/6776
vt 0.880859375 0.46875
vt 0.87890625 0.46875
vt 0.87890625 0.484375
vt 0.880859375 0.484375
f 2258/6777 2257/6778 2261/6779 2262/6780
vt 0.8828125 0.484375
vt 0.880859375 0.484375
vt 0.880859375 0.46875
vt 0.8828125 0.46875
f 2263/6781 2264/6782 2260/6783 2259/6784
vt 0.880859375 0.453125
vt 0.87890625 0.453125
vt 0.87890625 0.46875
vt 0.880859375 0.46875
f 2259/6785 2260/6786 2257/6787 2258/6788
vt 0.884765625 0.453125
vt 0.8828125 0.453125
vt 0.8828125 0.46875
vt 0.884765625 0.46875
f 2264/6789 2263/6790 2262/6791 2261/6792
o ammoModel183
v 10.2 2.609999 3.9
v 11.42 2.609999 3.9
v 11.42 2.549999 3.83
v 10.2 2.549999 3.83
v 10.2 2.609999 4
v 11.42 2.609999 4
v 11.42 2.549999 4.07
v 10.2 2.549999 4.07
vt 0.8984375 0.453125
vt 0.896484375 0.453125
vt 0.896484375 0.46875
vt 0.8984375 0.46875
f 2271/6793 2267/6794 2266/6795 2270/6796
vt 0.89453125 0.453125
vt 0.892578125 0.453125
vt 0.892578125 0.46875
vt 0.89453125 0.46875
f 2268/6797 2272/6798 2269/6799 2265/6800
vt 0.896484375 0.46875
vt 0.89453125 0.46875
vt 0.89453125 0.484375
vt 0.896484375 0.484375
f 2266/6801 2265/6802 2269/6803 2270/6804
vt 0.8984375 0.484375
vt 0.896484375 0.484375
vt 0.896484375 0.46875
vt 0.8984375 0.46875
f 2271/6805 2272/6806 2268/6807 2267/6808
vt 0.896484375 0.453125
vt 0.89453125 0.453125
vt 0.89453125 0.46875
vt 0.896484375 0.46875
f 2267/6809 2268/6810 2265/6811 2266/6812
vt 0.900390625 0.453125
vt 0.8984375 0.453125
vt 0.8984375 0.46875
vt 0.900390625 0.46875
f 2272/6813 2271/6814 2270/6815 2269/6816
o ammoModel184
v 10.2 2.549999 3.83
v 11.42 2.549999 3.83
v 11.42 2.449999 3.83
v 10.2 2.449999 3.83
v 10.2 2.549999 4.07
v 11.42 2.549999 4.07
v 11.42 2.449999 4.07
v 10.2 2.449999 4.07
vt 0.9140625 0.453125
vt 0.912109375 0.453125
vt 0.912109375 0.46875
vt 0.9140625 0.46875
f 2279/6817 2275/6818 2274/6819 2278/6820
vt 0.91015625 0.453125
vt 0.908203125 0.453125
vt 0.908203125 0.46875
vt 0.91015625 0.46875
f 2276/6821 2280/6822 2277/6823 2273/6824
vt 0.912109375 0.46875
vt 0.91015625 0.46875
vt 0.91015625 0.484375
vt 0.912109375 0.484375
f 2274/6825 2273/6826 2277/6827 2278/6828
vt 0.9140625 0.484375
vt 0.912109375 0.484375
vt 0.912109375 0.46875
vt 0.9140625 0.46875
f 2279/6829 2280/6830 2276/6831 2275/6832
vt 0.912109375 0.453125
vt 0.91015625 0.453125
vt 0.91015625 0.46875
vt 0.912109375 0.46875
f 2275/6833 2276/6834 2273/6835 2274/6836
vt 0.916015625 0.453125
vt 0.9140625 0.453125
vt 0.9140625 0.46875
vt 0.916015625 0.46875
f 2280/6837 2279/6838 2278/6839 2277/6840
o ammoModel185
v 10.2 2.449998 3.83
v 11.42 2.449998 3.83
v 11.42 2.389998 3.9
v 10.2 2.389998 3.9
v 10.2 2.449998 4.07
v 11.42 2.449998 4.07
v 11.42 2.389998 4
v 10.2 2.389998 4
vt 0.9296875 0.453125
vt 0.927734375 0.453125
vt 0.927734375 0.46875
vt 0.9296875 0.46875
f 2287/6841 2283/6842 2282/6843 2286/6844
vt 0.92578125 0.453125
vt 0.923828125 0.453125
vt 0.923828125 0.46875
vt 0.92578125 0.46875
f 2284/6845 2288/6846 2285/6847 2281/6848
vt 0.927734375 0.46875
vt 0.92578125 0.46875
vt 0.92578125 0.484375
vt 0.927734375 0.484375
f 2282/6849 2281/6850 2285/6851 2286/6852
vt 0.9296875 0.484375
vt 0.927734375 0.484375
vt 0.927734375 0.46875
vt 0.9296875 0.46875
f 2287/6853 2288/6854 2284/6855 2283/6856
vt 0.927734375 0.453125
vt 0.92578125 0.453125
vt 0.92578125 0.46875
vt 0.927734375 0.46875
f 2283/6857 2284/6858 2281/6859 2282/6860
vt 0.931640625 0.453125
vt 0.9296875 0.453125
vt 0.9296875 0.46875
vt 0.931640625 0.46875
f 2288/6861 2287/6862 2286/6863 2285/6864
o ammoModel186
v 11.42 2.609999 4.19
v 11.57 2.579999 4.2
v 11.57 2.549999 4.17
v 11.42 2.549999 4.13
v 11.42 2.609999 4.31
v 11.57 2.579999 4.3
v 11.57 2.549999 4.33
v 11.42 2.549999 4.37
vt 0.9453125 0.453125
vt 0.943359375 0.453125
vt 0.943359375 0.46875
vt 0.9453125 0.46875
f 2295/6865 2291/6866 2290/6867 2294/6868
vt 0.94140625 0.453125
vt 0.939453125 0.453125
vt 0.939453125 0.46875
vt 0.94140625 0.46875
f 2292/6869 2296/6870 2293/6871 2289/6872
vt 0.943359375 0.46875
vt 0.94140625 0.46875
vt 0.94140625 0.484375
vt 0.943359375 0.484375
f 2290/6873 2289/6874 2293/6875 2294/6876
vt 0.9453125 0.484375
vt 0.943359375 0.484375
vt 0.943359375 0.46875
vt 0.9453125 0.46875
f 2295/6877 2296/6878 2292/6879 2291/6880
vt 0.943359375 0.453125
vt 0.94140625 0.453125
vt 0.94140625 0.46875
vt 0.943359375 0.46875
f 2291/6881 2292/6882 2289/6883 2290/6884
vt 0.947265625 0.453125
vt 0.9453125 0.453125
vt 0.9453125 0.46875
vt 0.947265625 0.46875
f 2296/6885 2295/6886 2294/6887 2293/6888
o ammoModel187
v 11.95 2.569999 4.21
v 12.25 2.509999 4.24
v 12.25 2.509999 4.24
v 11.95 2.529999 4.175
v 11.95 2.569999 4.29
v 12.25 2.509999 4.26
v 12.25 2.509999 4.26
v 11.95 2.529999 4.325
vt 0.9609375 0.453125
vt 0.958984375 0.453125
vt 0.958984375 0.46875
vt 0.9609375 0.46875
f 2303/6889 2299/6890 2298/6891 2302/6892
vt 0.95703125 0.453125
vt 0.955078125 0.453125
vt 0.955078125 0.46875
vt 0.95703125 0.46875
f 2300/6893 2304/6894 2301/6895 2297/6896
vt 0.958984375 0.46875
vt 0.95703125 0.46875
vt 0.95703125 0.484375
vt 0.958984375 0.484375
f 2298/6897 2297/6898 2301/6899 2302/6900
vt 0.9609375 0.484375
vt 0.958984375 0.484375
vt 0.958984375 0.46875
vt 0.9609375 0.46875
f 2303/6901 2304/6902 2300/6903 2299/6904
vt 0.958984375 0.453125
vt 0.95703125 0.453125
vt 0.95703125 0.46875
vt 0.958984375 0.46875
f 2299/6905 2300/6906 2297/6907 2298/6908
vt 0.962890625 0.453125
vt 0.9609375 0.453125
vt 0.9609375 0.46875
vt 0.962890625 0.46875
f 2304/6909 2303/6910 2302/6911 2301/6912
o ammoModel188
v 11.95 2.529999 4.175
v 12.25 2.509999 4.24
v 12.25 2.489999 4.24
v 11.95 2.469999 4.175
v 11.95 2.529999 4.325
v 12.25 2.509999 4.26
v 12.25 2.489999 4.26
v 11.95 2.469999 4.325
vt 0.9765625 0.453125
vt 0.974609375 0.453125
vt 0.974609375 0.46875
vt 0.9765625 0.46875
f 2311/6913 2307/6914 2306/6915 2310/6916
vt 0.97265625 0.453125
vt 0.970703125 0.453125
vt 0.970703125 0.46875
vt 0.97265625 0.46875
f 2308/6917 2312/6918 2309/6919 2305/6920
vt 0.974609375 0.46875
vt 0.97265625 0.46875
vt 0.97265625 0.484375
vt 0.974609375 0.484375
f 2306/6921 2305/6922 2309/6923 2310/6924
vt 0.9765625 0.484375
vt 0.974609375 0.484375
vt 0.974609375 0.46875
vt 0.9765625 0.46875
f 2311/6925 2312/6926 2308/6927 2307/6928
vt 0.974609375 0.453125
vt 0.97265625 0.453125
vt 0.97265625 0.46875
vt 0.974609375 0.46875
f 2307/6929 2308/6930 2305/6931 2306/6932
vt 0.978515625 0.453125
vt 0.9765625 0.453125
vt 0.9765625 0.46875
vt 0.978515625 0.46875
f 2312/6933 2311/6934 2310/6935 2309/6936
o ammoModel189
v 11.95 2.469999 4.175
v 12.25 2.489999 4.24
v 12.25 2.489999 4.24
v 11.95 2.429999 4.21
v 11.95 2.469999 4.325
v 12.25 2.489999 4.26
v 12.25 2.489999 4.26
v 11.95 2.429999 4.29
vt 0.9921875 0.453125
vt 0.990234375 0.453125
vt 0.990234375 0.46875
vt 0.9921875 0.46875
f 2319/6937 2315/6938 2314/6939 2318/6940
vt 0.98828125 0.453125
vt 0.986328125 0.453125
vt 0.986328125 0.46875
vt 0.98828125 0.46875
f 2316/6941 2320/6942 2317/6943 2313/6944
vt 0.990234375 0.46875
vt 0.98828125 0.46875
vt 0.98828125 0.484375
vt 0.990234375 0.484375
f 2314/6945 2313/6946 2317/6947 2318/6948
vt 0.9921875 0.484375
vt 0.990234375 0.484375
vt 0.990234375 0.46875
vt 0.9921875 0.46875
f 2319/6949 2320/6950 2316/6951 2315/6952
vt 0.990234375 0.453125
vt 0.98828125 0.453125
vt 0.98828125 0.46875
vt 0.990234375 0.46875
f 2315/6953 2316/6954 2313/6955 2314/6956
vt 0.994140625 0.453125
vt 0.9921875 0.453125
vt 0.9921875 0.46875
vt 0.994140625 0.46875
f 2320/6957 2319/6958 2318/6959 2317/6960
o ammoModel190
v 11.75 2.469999 4.175
v 11.95 2.469999 4.175
v 11.95 2.429999 4.21
v 11.75 2.429999 4.21
v 11.75 2.469999 4.325
v 11.95 2.469999 4.325
v 11.95 2.429999 4.29
v 11.75 2.429999 4.29
vt 0.0078125 0.328125
vt 0.005859375 0.328125
vt 0.005859375 0.34375
vt 0.0078125 0.34375
f 2327/6961 2323/6962 2322/6963 2326/6964
vt 0.00390625 0.328125
vt 0.001953125 0.328125
vt 0.001953125 0.34375
vt 0.00390625 0.34375
f 2324/6965 2328/6966 2325/6967 2321/6968
vt 0.005859375 0.34375
vt 0.00390625 0.34375
vt 0.00390625 0.359375
vt 0.005859375 0.359375
f 2322/6969 2321/6970 2325/6971 2326/6972
vt 0.0078125 0.359375
vt 0.005859375 0.359375
vt 0.005859375 0.34375
vt 0.0078125 0.34375
f 2327/6973 2328/6974 2324/6975 2323/6976
vt 0.005859375 0.328125
vt 0.00390625 0.328125
vt 0.00390625 0.34375
vt 0.005859375 0.34375
f 2323/6977 2324/6978 2321/6979 2322/6980
vt 0.009765625 0.328125
vt 0.0078125 0.328125
vt 0.0078125 0.34375
vt 0.009765625 0.34375
f 2328/6981 2327/6982 2326/6983 2325/6984
o ammoModel191
v 11.75 2.529999 4.175
v 11.95 2.529999 4.175
v 11.95 2.469999 4.175
v 11.75 2.469999 4.175
v 11.75 2.529999 4.325
v 11.95 2.529999 4.325
v 11.95 2.469999 4.325
v 11.75 2.469999 4.325
vt 0.0234375 0.328125
vt 0.021484375 0.328125
vt 0.021484375 0.34375
vt 0.0234375 0.34375
f 2335/6985 2331/6986 2330/6987 2334/6988
vt 0.01953125 0.328125
vt 0.017578125 0.328125
vt 0.017578125 0.34375
vt 0.01953125 0.34375
f 2332/6989 2336/6990 2333/6991 2329/6992
vt 0.021484375 0.34375
vt 0.01953125 0.34375
vt 0.01953125 0.359375
vt 0.021484375 0.359375
f 2330/6993 2329/6994 2333/6995 2334/6996
vt 0.0234375 0.359375
vt 0.021484375 0.359375
vt 0.021484375 0.34375
vt 0.0234375 0.34375
f 2335/6997 2336/6998 2332/6999 2331/7000
vt 0.021484375 0.328125
vt 0.01953125 0.328125
vt 0.01953125 0.34375
vt 0.021484375 0.34375
f 2331/7001 2332/7002 2329/7003 2330/7004
vt 0.025390625 0.328125
vt 0.0234375 0.328125
vt 0.0234375 0.34375
vt 0.025390625 0.34375
f 2336/7005 2335/7006 2334/7007 2333/7008
o ammoModel192
v 11.75 2.569999 4.21
v 11.95 2.569999 4.21
v 11.95 2.529999 4.175
v 11.75 2.529999 4.175
v 11.75 2.569999 4.29
v 11.95 2.569999 4.29
v 11.95 2.529999 4.325
v 11.75 2.529999 4.325
vt 0.0390625 0.328125
vt 0.037109375 0.328125
vt 0.037109375 0.34375
vt 0.0390625 0.34375
f 2343/7009 2339/7010 2338/7011 2342/7012
vt 0.03515625 0.328125
vt 0.033203125 0.328125
vt 0.033203125 0.34375
vt 0.03515625 0.34375
f 2340/7013 2344/7014 2341/7015 2337/7016
vt 0.037109375 0.34375
vt 0.03515625 0.34375
vt 0.03515625 0.359375
vt 0.037109375 0.359375
f 2338/7017 2337/7018 2341/7019 2342/7020
vt 0.0390625 0.359375
vt 0.037109375 0.359375
vt 0.037109375 0.34375
vt 0.0390625 0.34375
f 2343/7021 2344/7022 2340/7023 2339/7024
vt 0.037109375 0.328125
vt 0.03515625 0.328125
vt 0.03515625 0.34375
vt 0.037109375 0.34375
f 2339/7025 2340/7026 2337/7027 2338/7028
vt 0.041015625 0.328125
vt 0.0390625 0.328125
vt 0.0390625 0.34375
vt 0.041015625 0.34375
f 2344/7029 2343/7030 2342/7031 2341/7032
o ammoModel193
v 11.55 2.579999 4.2
v 11.75 2.579999 4.2
v 11.75 2.549999 4.17
v 11.55 2.549999 4.17
v 11.55 2.579999 4.3
v 11.75 2.579999 4.3
v 11.75 2.549999 4.33
v 11.55 2.549999 4.33
vt 0.0546875 0.328125
vt 0.052734375 0.328125
vt 0.052734375 0.34375
vt 0.0546875 0.34375
f 2351/7033 2347/7034 2346/7035 2350/7036
vt 0.05078125 0.328125
vt 0.048828125 0.328125
vt 0.048828125 0.34375
vt 0.05078125 0.34375
f 2348/7037 2352/7038 2349/7039 2345/7040
vt 0.052734375 0.34375
vt 0.05078125 0.34375
vt 0.05078125 0.359375
vt 0.052734375 0.359375
f 2346/7041 2345/7042 2349/7043 2350/7044
vt 0.0546875 0.359375
vt 0.052734375 0.359375
vt 0.052734375 0.34375
vt 0.0546875 0.34375
f 2351/7045 2352/7046 2348/7047 2347/7048
vt 0.052734375 0.328125
vt 0.05078125 0.328125
vt 0.05078125 0.34375
vt 0.052734375 0.34375
f 2347/7049 2348/7050 2345/7051 2346/7052
vt 0.056640625 0.328125
vt 0.0546875 0.328125
vt 0.0546875 0.34375
vt 0.056640625 0.34375
f 2352/7053 2351/7054 2350/7055 2349/7056
o ammoModel194
v 11.55 2.549999 4.17
v 11.75 2.549999 4.17
v 11.75 2.449999 4.17
v 11.55 2.449999 4.17
v 11.55 2.549999 4.33
v 11.75 2.549999 4.33
v 11.75 2.449999 4.33
v 11.55 2.449999 4.33
vt 0.0703125 0.328125
vt 0.068359375 0.328125
vt 0.068359375 0.34375
vt 0.0703125 0.34375
f 2359/7057 2355/7058 2354/7059 2358/7060
vt 0.06640625 0.328125
vt 0.064453125 0.328125
vt 0.064453125 0.34375
vt 0.06640625 0.34375
f 2356/7061 2360/7062 2357/7063 2353/7064
vt 0.068359375 0.34375
vt 0.06640625 0.34375
vt 0.06640625 0.359375
vt 0.068359375 0.359375
f 2354/7065 2353/7066 2357/7067 2358/7068
vt 0.0703125 0.359375
vt 0.068359375 0.359375
vt 0.068359375 0.34375
vt 0.0703125 0.34375
f 2359/7069 2360/7070 2356/7071 2355/7072
vt 0.068359375 0.328125
vt 0.06640625 0.328125
vt 0.06640625 0.34375
vt 0.068359375 0.34375
f 2355/7073 2356/7074 2353/7075 2354/7076
vt 0.072265625 0.328125
vt 0.0703125 0.328125
vt 0.0703125 0.34375
vt 0.072265625 0.34375
f 2360/7077 2359/7078 2358/7079 2357/7080
o ammoModel195
v 11.55 2.449998 4.17
v 11.75 2.449998 4.17
v 11.75 2.419998 4.2
v 11.55 2.419998 4.2
v 11.55 2.449998 4.33
v 11.75 2.449998 4.33
v 11.75 2.419998 4.3
v 11.55 2.419998 4.3
vt 0.0859375 0.328125
vt 0.083984375 0.328125
vt 0.083984375 0.34375
vt 0.0859375 0.34375
f 2367/7081 2363/7082 2362/7083 2366/7084
vt 0.08203125 0.328125
vt 0.080078125 0.328125
vt 0.080078125 0.34375
vt 0.08203125 0.34375
f 2364/7085 2368/7086 2365/7087 2361/7088
vt 0.083984375 0.34375
vt 0.08203125 0.34375
vt 0.08203125 0.359375
vt 0.083984375 0.359375
f 2362/7089 2361/7090 2365/7091 2366/7092
vt 0.0859375 0.359375
vt 0.083984375 0.359375
vt 0.083984375 0.34375
vt 0.0859375 0.34375
f 2367/7093 2368/7094 2364/7095 2363/7096
vt 0.083984375 0.328125
vt 0.08203125 0.328125
vt 0.08203125 0.34375
vt 0.083984375 0.34375
f 2363/7097 2364/7098 2361/7099 2362/7100
vt 0.087890625 0.328125
vt 0.0859375 0.328125
vt 0.0859375 0.34375
vt 0.087890625 0.34375
f 2368/7101 2367/7102 2366/7103 2365/7104
o ammoModel196
v 11.42 2.449998 4.13
v 11.57 2.449998 4.17
v 11.57 2.419998 4.21
v 11.42 2.389998 4.19
v 11.42 2.449998 4.37
v 11.57 2.449998 4.33
v 11.57 2.419998 4.29
v 11.42 2.389998 4.31
vt 0.1015625 0.328125
vt 0.099609375 0.328125
vt 0.099609375 0.34375
vt 0.1015625 0.34375
f 2375/7105 2371/7106 2370/7107 2374/7108
vt 0.09765625 0.328125
vt 0.095703125 0.328125
vt 0.095703125 0.34375
vt 0.09765625 0.34375
f 2372/7109 2376/7110 2373/7111 2369/7112
vt 0.099609375 0.34375
vt 0.09765625 0.34375
vt 0.09765625 0.359375
vt 0.099609375 0.359375
f 2370/7113 2369/7114 2373/7115 2374/7116
vt 0.1015625 0.359375
vt 0.099609375 0.359375
vt 0.099609375 0.34375
vt 0.1015625 0.34375
f 2375/7117 2376/7118 2372/7119 2371/7120
vt 0.099609375 0.328125
vt 0.09765625 0.328125
vt 0.09765625 0.34375
vt 0.099609375 0.34375
f 2371/7121 2372/7122 2369/7123 2370/7124
vt 0.103515625 0.328125
vt 0.1015625 0.328125
vt 0.1015625 0.34375
vt 0.103515625 0.34375
f 2376/7125 2375/7126 2374/7127 2373/7128
o ammoModel197
v 11.42 2.549999 4.13
v 11.57 2.549999 4.17
v 11.57 2.449999 4.17
v 11.42 2.449999 4.13
v 11.42 2.549999 4.37
v 11.57 2.549999 4.33
v 11.57 2.449999 4.33
v 11.42 2.449999 4.37
vt 0.1171875 0.328125
vt 0.115234375 0.328125
vt 0.115234375 0.34375
vt 0.1171875 0.34375
f 2383/7129 2379/7130 2378/7131 2382/7132
vt 0.11328125 0.328125
vt 0.111328125 0.328125
vt 0.111328125 0.34375
vt 0.11328125 0.34375
f 2380/7133 2384/7134 2381/7135 2377/7136
vt 0.115234375 0.34375
vt 0.11328125 0.34375
vt 0.11328125 0.359375
vt 0.115234375 0.359375
f 2378/7137 2377/7138 2381/7139 2382/7140
vt 0.1171875 0.359375
vt 0.115234375 0.359375
vt 0.115234375 0.34375
vt 0.1171875 0.34375
f 2383/7141 2384/7142 2380/7143 2379/7144
vt 0.115234375 0.328125
vt 0.11328125 0.328125
vt 0.11328125 0.34375
vt 0.115234375 0.34375
f 2379/7145 2380/7146 2377/7147 2378/7148
vt 0.119140625 0.328125
vt 0.1171875 0.328125
vt 0.1171875 0.34375
vt 0.119140625 0.34375
f 2384/7149 2383/7150 2382/7151 2381/7152
o ammoModel198
v 10.2 2.609999 4.2
v 11.42 2.609999 4.2
v 11.42 2.549999 4.13
v 10.2 2.549999 4.13
v 10.2 2.609999 4.3
v 11.42 2.609999 4.3
v 11.42 2.549999 4.37
v 10.2 2.549999 4.37
vt 0.1328125 0.328125
vt 0.130859375 0.328125
vt 0.130859375 0.34375
vt 0.1328125 0.34375
f 2391/7153 2387/7154 2386/7155 2390/7156
vt 0.12890625 0.328125
vt 0.126953125 0.328125
vt 0.126953125 0.34375
vt 0.12890625 0.34375
f 2388/7157 2392/7158 2389/7159 2385/7160
vt 0.130859375 0.34375
vt 0.12890625 0.34375
vt 0.12890625 0.359375
vt 0.130859375 0.359375
f 2386/7161 2385/7162 2389/7163 2390/7164
vt 0.1328125 0.359375
vt 0.130859375 0.359375
vt 0.130859375 0.34375
vt 0.1328125 0.34375
f 2391/7165 2392/7166 2388/7167 2387/7168
vt 0.130859375 0.328125
vt 0.12890625 0.328125
vt 0.12890625 0.34375
vt 0.130859375 0.34375
f 2387/7169 2388/7170 2385/7171 2386/7172
vt 0.134765625 0.328125
vt 0.1328125 0.328125
vt 0.1328125 0.34375
vt 0.134765625 0.34375
f 2392/7173 2391/7174 2390/7175 2389/7176
o ammoModel199
v 10.2 2.549999 4.13
v 11.42 2.549999 4.13
v 11.42 2.449999 4.13
v 10.2 2.449999 4.13
v 10.2 2.549999 4.37
v 11.42 2.549999 4.37
v 11.42 2.449999 4.37
v 10.2 2.449999 4.37
vt 0.1484375 0.328125
vt 0.146484375 0.328125
vt 0.146484375 0.34375
vt 0.1484375 0.34375
f 2399/7177 2395/7178 2394/7179 2398/7180
vt 0.14453125 0.328125
vt 0.142578125 0.328125
vt 0.142578125 0.34375
vt 0.14453125 0.34375
f 2396/7181 2400/7182 2397/7183 2393/7184
vt 0.146484375 0.34375
vt 0.14453125 0.34375
vt 0.14453125 0.359375
vt 0.146484375 0.359375
f 2394/7185 2393/7186 2397/7187 2398/7188
vt 0.1484375 0.359375
vt 0.146484375 0.359375
vt 0.146484375 0.34375
vt 0.1484375 0.34375
f 2399/7189 2400/7190 2396/7191 2395/7192
vt 0.146484375 0.328125
vt 0.14453125 0.328125
vt 0.14453125 0.34375
vt 0.146484375 0.34375
f 2395/7193 2396/7194 2393/7195 2394/7196
vt 0.150390625 0.328125
vt 0.1484375 0.328125
vt 0.1484375 0.34375
vt 0.150390625 0.34375
f 2400/7197 2399/7198 2398/7199 2397/7200
o ammoModel200
v 10.2 2.449998 4.13
v 11.42 2.449998 4.13
v 11.42 2.389998 4.2
v 10.2 2.389998 4.2
v 10.2 2.449998 4.37
v 11.42 2.449998 4.37
v 11.42 2.389998 4.3
v 10.2 2.389998 4.3
vt 0.1640625 0.328125
vt 0.162109375 0.328125
vt 0.162109375 0.34375
vt 0.1640625 0.34375
f 2407/7201 2403/7202 2402/7203 2406/7204
vt 0.16015625 0.328125
vt 0.158203125 0.328125
vt 0.158203125 0.34375
vt 0.16015625 0.34375
f 2404/7205 2408/7206 2405/7207 2401/7208
vt 0.162109375 0.34375
vt 0.16015625 0.34375
vt 0.16015625 0.359375
vt 0.162109375 0.359375
f 2402/7209 2401/7210 2405/7211 2406/7212
vt 0.1640625 0.359375
vt 0.162109375 0.359375
vt 0.162109375 0.34375
vt 0.1640625 0.34375
f 2407/7213 2408/7214 2404/7215 2403/7216
vt 0.162109375 0.328125
vt 0.16015625 0.328125
vt 0.16015625 0.34375
vt 0.162109375 0.34375
f 2403/7217 2404/7218 2401/7219 2402/7220
vt 0.166015625 0.328125
vt 0.1640625 0.328125
vt 0.1640625 0.34375
vt 0.166015625 0.34375
f 2408/7221 2407/7222 2406/7223 2405/7224
o ammoModel201
v 11.42 2.609999 4.49
v 11.57 2.579999 4.5
v 11.57 2.549999 4.47
v 11.42 2.549999 4.43
v 11.42 2.609999 4.61
v 11.57 2.579999 4.6
v 11.57 2.549999 4.63
v 11.42 2.549999 4.67
vt 0.1796875 0.328125
vt 0.177734375 0.328125
vt 0.177734375 0.34375
vt 0.1796875 0.34375
f 2415/7225 2411/7226 2410/7227 2414/7228
vt 0.17578125 0.328125
vt 0.173828125 0.328125
vt 0.173828125 0.34375
vt 0.17578125 0.34375
f 2412/7229 2416/7230 2413/7231 2409/7232
vt 0.177734375 0.34375
vt 0.17578125 0.34375
vt 0.17578125 0.359375
vt 0.177734375 0.359375
f 2410/7233 2409/7234 2413/7235 2414/7236
vt 0.1796875 0.359375
vt 0.177734375 0.359375
vt 0.177734375 0.34375
vt 0.1796875 0.34375
f 2415/7237 2416/7238 2412/7239 2411/7240
vt 0.177734375 0.328125
vt 0.17578125 0.328125
vt 0.17578125 0.34375
vt 0.177734375 0.34375
f 2411/7241 2412/7242 2409/7243 2410/7244
vt 0.181640625 0.328125
vt 0.1796875 0.328125
vt 0.1796875 0.34375
vt 0.181640625 0.34375
f 2416/7245 2415/7246 2414/7247 2413/7248
o ammoModel202
v 11.95 2.569999 4.51
v 12.25 2.509999 4.54
v 12.25 2.509999 4.54
v 11.95 2.529999 4.475
v 11.95 2.569999 4.59
v 12.25 2.509999 4.56
v 12.25 2.509999 4.56
v 11.95 2.529999 4.625
vt 0.1953125 0.328125
vt 0.193359375 0.328125
vt 0.193359375 0.34375
vt 0.1953125 0.34375
f 2423/7249 2419/7250 2418/7251 2422/7252
vt 0.19140625 0.328125
vt 0.189453125 0.328125
vt 0.189453125 0.34375
vt 0.19140625 0.34375
f 2420/7253 2424/7254 2421/7255 2417/7256
vt 0.193359375 0.34375
vt 0.19140625 0.34375
vt 0.19140625 0.359375
vt 0.193359375 0.359375
f 2418/7257 2417/7258 2421/7259 2422/7260
vt 0.1953125 0.359375
vt 0.193359375 0.359375
vt 0.193359375 0.34375
vt 0.1953125 0.34375
f 2423/7261 2424/7262 2420/7263 2419/7264
vt 0.193359375 0.328125
vt 0.19140625 0.328125
vt 0.19140625 0.34375
vt 0.193359375 0.34375
f 2419/7265 2420/7266 2417/7267 2418/7268
vt 0.197265625 0.328125
vt 0.1953125 0.328125
vt 0.1953125 0.34375
vt 0.197265625 0.34375
f 2424/7269 2423/7270 2422/7271 2421/7272
o ammoModel203
v 11.95 2.529999 4.475
v 12.25 2.509999 4.54
v 12.25 2.489999 4.54
v 11.95 2.469999 4.475
v 11.95 2.529999 4.625
v 12.25 2.509999 4.56
v 12.25 2.489999 4.56
v 11.95 2.469999 4.625
vt 0.2109375 0.328125
vt 0.208984375 0.328125
vt 0.208984375 0.34375
vt 0.2109375 0.34375
f 2431/7273 2427/7274 2426/7275 2430/7276
vt 0.20703125 0.328125
vt 0.205078125 0.328125
vt 0.205078125 0.34375
vt 0.20703125 0.34375
f 2428/7277 2432/7278 2429/7279 2425/7280
vt 0.208984375 0.34375
vt 0.20703125 0.34375
vt 0.20703125 0.359375
vt 0.208984375 0.359375
f 2426/7281 2425/7282 2429/7283 2430/7284
vt 0.2109375 0.359375
vt 0.208984375 0.359375
vt 0.208984375 0.34375
vt 0.2109375 0.34375
f 2431/7285 2432/7286 2428/7287 2427/7288
vt 0.208984375 0.328125
vt 0.20703125 0.328125
vt 0.20703125 0.34375
vt 0.208984375 0.34375
f 2427/7289 2428/7290 2425/7291 2426/7292
vt 0.212890625 0.328125
vt 0.2109375 0.328125
vt 0.2109375 0.34375
vt 0.212890625 0.34375
f 2432/7293 2431/7294 2430/7295 2429/7296
o ammoModel204
v 11.95 2.469999 4.475
v 12.25 2.489999 4.54
v 12.25 2.489999 4.54
v 11.95 2.429999 4.51
v 11.95 2.469999 4.625
v 12.25 2.489999 4.56
v 12.25 2.489999 4.56
v 11.95 2.429999 4.59
vt 0.2265625 0.328125
vt 0.224609375 0.328125
vt 0.224609375 0.34375
vt 0.2265625 0.34375
f 2439/7297 2435/7298 2434/7299 2438/7300
vt 0.22265625 0.328125
vt 0.220703125 0.328125
vt 0.220703125 0.34375
vt 0.22265625 0.34375
f 2436/7301 2440/7302 2437/7303 2433/7304
vt 0.224609375 0.34375
vt 0.22265625 0.34375
vt 0.22265625 0.359375
vt 0.224609375 0.359375
f 2434/7305 2433/7306 2437/7307 2438/7308
vt 0.2265625 0.359375
vt 0.224609375 0.359375
vt 0.224609375 0.34375
vt 0.2265625 0.34375
f 2439/7309 2440/7310 2436/7311 2435/7312
vt 0.224609375 0.328125
vt 0.22265625 0.328125
vt 0.22265625 0.34375
vt 0.224609375 0.34375
f 2435/7313 2436/7314 2433/7315 2434/7316
vt 0.228515625 0.328125
vt 0.2265625 0.328125
vt 0.2265625 0.34375
vt 0.228515625 0.34375
f 2440/7317 2439/7318 2438/7319 2437/7320
o ammoModel205
v 11.75 2.469999 4.475
v 11.95 2.469999 4.475
v 11.95 2.429999 4.51
v 11.75 2.429999 4.51
v 11.75 2.469999 4.625
v 11.95 2.469999 4.625
v 11.95 2.429999 4.59
v 11.75 2.429999 4.59
vt 0.2421875 0.328125
vt 0.240234375 0.328125
vt 0.240234375 0.34375
vt 0.2421875 0.34375
f 2447/7321 2443/7322 2442/7323 2446/7324
vt 0.23828125 0.328125
vt 0.236328125 0.328125
vt 0.236328125 0.34375
vt 0.23828125 0.34375
f 2444/7325 2448/7326 2445/7327 2441/7328
vt 0.240234375 0.34375
vt 0.23828125 0.34375
vt 0.23828125 0.359375
vt 0.240234375 0.359375
f 2442/7329 2441/7330 2445/7331 2446/7332
vt 0.2421875 0.359375
vt 0.240234375 0.359375
vt 0.240234375 0.34375
vt 0.2421875 0.34375
f 2447/7333 2448/7334 2444/7335 2443/7336
vt 0.240234375 0.328125
vt 0.23828125 0.328125
vt 0.23828125 0.34375
vt 0.240234375 0.34375
f 2443/7337 2444/7338 2441/7339 2442/7340
vt 0.244140625 0.328125
vt 0.2421875 0.328125
vt 0.2421875 0.34375
vt 0.244140625 0.34375
f 2448/7341 2447/7342 2446/7343 2445/7344
o ammoModel206
v 11.75 2.529999 4.475
v 11.95 2.529999 4.475
v 11.95 2.469999 4.475
v 11.75 2.469999 4.475
v 11.75 2.529999 4.625
v 11.95 2.529999 4.625
v 11.95 2.469999 4.625
v 11.75 2.469999 4.625
vt 0.2578125 0.328125
vt 0.255859375 0.328125
vt 0.255859375 0.34375
vt 0.2578125 0.34375
f 2455/7345 2451/7346 2450/7347 2454/7348
vt 0.25390625 0.328125
vt 0.251953125 0.328125
vt 0.251953125 0.34375
vt 0.25390625 0.34375
f 2452/7349 2456/7350 2453/7351 2449/7352
vt 0.255859375 0.34375
vt 0.25390625 0.34375
vt 0.25390625 0.359375
vt 0.255859375 0.359375
f 2450/7353 2449/7354 2453/7355 2454/7356
vt 0.2578125 0.359375
vt 0.255859375 0.359375
vt 0.255859375 0.34375
vt 0.2578125 0.34375
f 2455/7357 2456/7358 2452/7359 2451/7360
vt 0.255859375 0.328125
vt 0.25390625 0.328125
vt 0.25390625 0.34375
vt 0.255859375 0.34375
f 2451/7361 2452/7362 2449/7363 2450/7364
vt 0.259765625 0.328125
vt 0.2578125 0.328125
vt 0.2578125 0.34375
vt 0.259765625 0.34375
f 2456/7365 2455/7366 2454/7367 2453/7368
o ammoModel207
v 11.75 2.569999 4.51
v 11.95 2.569999 4.51
v 11.95 2.529999 4.475
v 11.75 2.529999 4.475
v 11.75 2.569999 4.59
v 11.95 2.569999 4.59
v 11.95 2.529999 4.625
v 11.75 2.529999 4.625
vt 0.2734375 0.328125
vt 0.271484375 0.328125
vt 0.271484375 0.34375
vt 0.2734375 0.34375
f 2463/7369 2459/7370 2458/7371 2462/7372
vt 0.26953125 0.328125
vt 0.267578125 0.328125
vt 0.267578125 0.34375
vt 0.26953125 0.34375
f 2460/7373 2464/7374 2461/7375 2457/7376
vt 0.271484375 0.34375
vt 0.26953125 0.34375
vt 0.26953125 0.359375
vt 0.271484375 0.359375
f 2458/7377 2457/7378 2461/7379 2462/7380
vt 0.2734375 0.359375
vt 0.271484375 0.359375
vt 0.271484375 0.34375
vt 0.2734375 0.34375
f 2463/7381 2464/7382 2460/7383 2459/7384
vt 0.271484375 0.328125
vt 0.26953125 0.328125
vt 0.26953125 0.34375
vt 0.271484375 0.34375
f 2459/7385 2460/7386 2457/7387 2458/7388
vt 0.275390625 0.328125
vt 0.2734375 0.328125
vt 0.2734375 0.34375
vt 0.275390625 0.34375
f 2464/7389 2463/7390 2462/7391 2461/7392
o ammoModel208
v 11.55 2.579999 4.5
v 11.75 2.579999 4.5
v 11.75 2.549999 4.47
v 11.55 2.549999 4.47
v 11.55 2.579999 4.6
v 11.75 2.579999 4.6
v 11.75 2.549999 4.63
v 11.55 2.549999 4.63
vt 0.2890625 0.328125
vt 0.287109375 0.328125
vt 0.287109375 0.34375
vt 0.2890625 0.34375
f 2471/7393 2467/7394 2466/7395 2470/7396
vt 0.28515625 0.328125
vt 0.283203125 0.328125
vt 0.283203125 0.34375
vt 0.28515625 0.34375
f 2468/7397 2472/7398 2469/7399 2465/7400
vt 0.287109375 0.34375
vt 0.28515625 0.34375
vt 0.28515625 0.359375
vt 0.287109375 0.359375
f 2466/7401 2465/7402 2469/7403 2470/7404
vt 0.2890625 0.359375
vt 0.287109375 0.359375
vt 0.287109375 0.34375
vt 0.2890625 0.34375
f 2471/7405 2472/7406 2468/7407 2467/7408
vt 0.287109375 0.328125
vt 0.28515625 0.328125
vt 0.28515625 0.34375
vt 0.287109375 0.34375
f 2467/7409 2468/7410 2465/7411 2466/7412
vt 0.291015625 0.328125
vt 0.2890625 0.328125
vt 0.2890625 0.34375
vt 0.291015625 0.34375
f 2472/7413 2471/7414 2470/7415 2469/7416
o ammoModel209
v 11.55 2.549999 4.47
v 11.75 2.549999 4.47
v 11.75 2.449999 4.47
v 11.55 2.449999 4.47
v 11.55 2.549999 4.63
v 11.75 2.549999 4.63
v 11.75 2.449999 4.63
v 11.55 2.449999 4.63
vt 0.3046875 0.328125
vt 0.302734375 0.328125
vt 0.302734375 0.34375
vt 0.3046875 0.34375
f 2479/7417 2475/7418 2474/7419 2478/7420
vt 0.30078125 0.328125
vt 0.298828125 0.328125
vt 0.298828125 0.34375
vt 0.30078125 0.34375
f 2476/7421 2480/7422 2477/7423 2473/7424
vt 0.302734375 0.34375
vt 0.30078125 0.34375
vt 0.30078125 0.359375
vt 0.302734375 0.359375
f 2474/7425 2473/7426 2477/7427 2478/7428
vt 0.3046875 0.359375
vt 0.302734375 0.359375
vt 0.302734375 0.34375
vt 0.3046875 0.34375
f 2479/7429 2480/7430 2476/7431 2475/7432
vt 0.302734375 0.328125
vt 0.30078125 0.328125
vt 0.30078125 0.34375
vt 0.302734375 0.34375
f 2475/7433 2476/7434 2473/7435 2474/7436
vt 0.306640625 0.328125
vt 0.3046875 0.328125
vt 0.3046875 0.34375
vt 0.306640625 0.34375
f 2480/7437 2479/7438 2478/7439 2477/7440
o ammoModel210
v 11.55 2.449998 4.47
v 11.75 2.449998 4.47
v 11.75 2.419998 4.5
v 11.55 2.419998 4.5
v 11.55 2.449998 4.63
v 11.75 2.449998 4.63
v 11.75 2.419998 4.6
v 11.55 2.419998 4.6
vt 0.3203125 0.328125
vt 0.318359375 0.328125
vt 0.318359375 0.34375
vt 0.3203125 0.34375
f 2487/7441 2483/7442 2482/7443 2486/7444
vt 0.31640625 0.328125
vt 0.314453125 0.328125
vt 0.314453125 0.34375
vt 0.31640625 0.34375
f 2484/7445 2488/7446 2485/7447 2481/7448
vt 0.318359375 0.34375
vt 0.31640625 0.34375
vt 0.31640625 0.359375
vt 0.318359375 0.359375
f 2482/7449 2481/7450 2485/7451 2486/7452
vt 0.3203125 0.359375
vt 0.318359375 0.359375
vt 0.318359375 0.34375
vt 0.3203125 0.34375
f 2487/7453 2488/7454 2484/7455 2483/7456
vt 0.318359375 0.328125
vt 0.31640625 0.328125
vt 0.31640625 0.34375
vt 0.318359375 0.34375
f 2483/7457 2484/7458 2481/7459 2482/7460
vt 0.322265625 0.328125
vt 0.3203125 0.328125
vt 0.3203125 0.34375
vt 0.322265625 0.34375
f 2488/7461 2487/7462 2486/7463 2485/7464
o ammoModel211
v 11.42 2.449998 4.43
v 11.57 2.449998 4.47
v 11.57 2.419998 4.51
v 11.42 2.389998 4.49
v 11.42 2.449998 4.67
v 11.57 2.449998 4.63
v 11.57 2.419998 4.59
v 11.42 2.389998 4.61
vt 0.3359375 0.328125
vt 0.333984375 0.328125
vt 0.333984375 0.34375
vt 0.3359375 0.34375
f 2495/7465 2491/7466 2490/7467 2494/7468
vt 0.33203125 0.328125
vt 0.330078125 0.328125
vt 0.330078125 0.34375
vt 0.33203125 0.34375
f 2492/7469 2496/7470 2493/7471 2489/7472
vt 0.333984375 0.34375
vt 0.33203125 0.34375
vt 0.33203125 0.359375
vt 0.333984375 0.359375
f 2490/7473 2489/7474 2493/7475 2494/7476
vt 0.3359375 0.359375
vt 0.333984375 0.359375
vt 0.333984375 0.34375
vt 0.3359375 0.34375
f 2495/7477 2496/7478 2492/7479 2491/7480
vt 0.333984375 0.328125
vt 0.33203125 0.328125
vt 0.33203125 0.34375
vt 0.333984375 0.34375
f 2491/7481 2492/7482 2489/7483 2490/7484
vt 0.337890625 0.328125
vt 0.3359375 0.328125
vt 0.3359375 0.34375
vt 0.337890625 0.34375
f 2496/7485 2495/7486 2494/7487 2493/7488
o ammoModel212
v 11.42 2.549999 4.43
v 11.57 2.549999 4.47
v 11.57 2.449999 4.47
v 11.42 2.449999 4.43
v 11.42 2.549999 4.67
v 11.57 2.549999 4.63
v 11.57 2.449999 4.63
v 11.42 2.449999 4.67
vt 0.3515625 0.328125
vt 0.349609375 0.328125
vt 0.349609375 0.34375
vt 0.3515625 0.34375
f 2503/7489 2499/7490 2498/7491 2502/7492
vt 0.34765625 0.328125
vt 0.345703125 0.328125
vt 0.345703125 0.34375
vt 0.34765625 0.34375
f 2500/7493 2504/7494 2501/7495 2497/7496
vt 0.349609375 0.34375
vt 0.34765625 0.34375
vt 0.34765625 0.359375
vt 0.349609375 0.359375
f 2498/7497 2497/7498 2501/7499 2502/7500
vt 0.3515625 0.359375
vt 0.349609375 0.359375
vt 0.349609375 0.34375
vt 0.3515625 0.34375
f 2503/7501 2504/7502 2500/7503 2499/7504
vt 0.349609375 0.328125
vt 0.34765625 0.328125
vt 0.34765625 0.34375
vt 0.349609375 0.34375
f 2499/7505 2500/7506 2497/7507 2498/7508
vt 0.353515625 0.328125
vt 0.3515625 0.328125
vt 0.3515625 0.34375
vt 0.353515625 0.34375
f 2504/7509 2503/7510 2502/7511 2501/7512
o ammoModel213
v 10.2 2.609999 4.5
v 11.42 2.609999 4.5
v 11.42 2.549999 4.43
v 10.2 2.549999 4.43
v 10.2 2.609999 4.6
v 11.42 2.609999 4.6
v 11.42 2.549999 4.67
v 10.2 2.549999 4.67
vt 0.3671875 0.328125
vt 0.365234375 0.328125
vt 0.365234375 0.34375
vt 0.3671875 0.34375
f 2511/7513 2507/7514 2506/7515 2510/7516
vt 0.36328125 0.328125
vt 0.361328125 0.328125
vt 0.361328125 0.34375
vt 0.36328125 0.34375
f 2508/7517 2512/7518 2509/7519 2505/7520
vt 0.365234375 0.34375
vt 0.36328125 0.34375
vt 0.36328125 0.359375
vt 0.365234375 0.359375
f 2506/7521 2505/7522 2509/7523 2510/7524
vt 0.3671875 0.359375
vt 0.365234375 0.359375
vt 0.365234375 0.34375
vt 0.3671875 0.34375
f 2511/7525 2512/7526 2508/7527 2507/7528
vt 0.365234375 0.328125
vt 0.36328125 0.328125
vt 0.36328125 0.34375
vt 0.365234375 0.34375
f 2507/7529 2508/7530 2505/7531 2506/7532
vt 0.369140625 0.328125
vt 0.3671875 0.328125
vt 0.3671875 0.34375
vt 0.369140625 0.34375
f 2512/7533 2511/7534 2510/7535 2509/7536
o ammoModel214
v 10.2 2.549999 4.43
v 11.42 2.549999 4.43
v 11.42 2.449999 4.43
v 10.2 2.449999 4.43
v 10.2 2.549999 4.67
v 11.42 2.549999 4.67
v 11.42 2.449999 4.67
v 10.2 2.449999 4.67
vt 0.3828125 0.328125
vt 0.380859375 0.328125
vt 0.380859375 0.34375
vt 0.3828125 0.34375
f 2519/7537 2515/7538 2514/7539 2518/7540
vt 0.37890625 0.328125
vt 0.376953125 0.328125
vt 0.376953125 0.34375
vt 0.37890625 0.34375
f 2516/7541 2520/7542 2517/7543 2513/7544
vt 0.380859375 0.34375
vt 0.37890625 0.34375
vt 0.37890625 0.359375
vt 0.380859375 0.359375
f 2514/7545 2513/7546 2517/7547 2518/7548
vt 0.3828125 0.359375
vt 0.380859375 0.359375
vt 0.380859375 0.34375
vt 0.3828125 0.34375
f 2519/7549 2520/7550 2516/7551 2515/7552
vt 0.380859375 0.328125
vt 0.37890625 0.328125
vt 0.37890625 0.34375
vt 0.380859375 0.34375
f 2515/7553 2516/7554 2513/7555 2514/7556
vt 0.384765625 0.328125
vt 0.3828125 0.328125
vt 0.3828125 0.34375
vt 0.384765625 0.34375
f 2520/7557 2519/7558 2518/7559 2517/7560
o ammoModel215
v 10.2 2.449998 4.43
v 11.42 2.449998 4.43
v 11.42 2.389998 4.5
v 10.2 2.389998 4.5
v 10.2 2.449998 4.67
v 11.42 2.449998 4.67
v 11.42 2.389998 4.6
v 10.2 2.389998 4.6
vt 0.3984375 0.328125
vt 0.396484375 0.328125
vt 0.396484375 0.34375
vt 0.3984375 0.34375
f 2527/7561 2523/7562 2522/7563 2526/7564
vt 0.39453125 0.328125
vt 0.392578125 0.328125
vt 0.392578125 0.34375
vt 0.39453125 0.34375
f 2524/7565 2528/7566 2525/7567 2521/7568
vt 0.396484375 0.34375
vt 0.39453125 0.34375
vt 0.39453125 0.359375
vt 0.396484375 0.359375
f 2522/7569 2521/7570 2525/7571 2526/7572
vt 0.3984375 0.359375
vt 0.396484375 0.359375
vt 0.396484375 0.34375
vt 0.3984375 0.34375
f 2527/7573 2528/7574 2524/7575 2523/7576
vt 0.396484375 0.328125
vt 0.39453125 0.328125
vt 0.39453125 0.34375
vt 0.396484375 0.34375
f 2523/7577 2524/7578 2521/7579 2522/7580
vt 0.400390625 0.328125
vt 0.3984375 0.328125
vt 0.3984375 0.34375
vt 0.400390625 0.34375
f 2528/7581 2527/7582 2526/7583 2525/7584
o ammoModel216
v 11.42 2.609999 4.79
v 11.57 2.579999 4.8
v 11.57 2.549999 4.77
v 11.42 2.549999 4.73
v 11.42 2.609999 4.91
v 11.57 2.579999 4.9
v 11.57 2.549999 4.93
v 11.42 2.549999 4.97
vt 0.4140625 0.328125
vt 0.412109375 0.328125
vt 0.412109375 0.34375
vt 0.4140625 0.34375
f 2535/7585 2531/7586 2530/7587 2534/7588
vt 0.41015625 0.328125
vt 0.408203125 0.328125
vt 0.408203125 0.34375
vt 0.41015625 0.34375
f 2532/7589 2536/7590 2533/7591 2529/7592
vt 0.412109375 0.34375
vt 0.41015625 0.34375
vt 0.41015625 0.359375
vt 0.412109375 0.359375
f 2530/7593 2529/7594 2533/7595 2534/7596
vt 0.4140625 0.359375
vt 0.412109375 0.359375
vt 0.412109375 0.34375
vt 0.4140625 0.34375
f 2535/7597 2536/7598 2532/7599 2531/7600
vt 0.412109375 0.328125
vt 0.41015625 0.328125
vt 0.41015625 0.34375
vt 0.412109375 0.34375
f 2531/7601 2532/7602 2529/7603 2530/7604
vt 0.416015625 0.328125
vt 0.4140625 0.328125
vt 0.4140625 0.34375
vt 0.416015625 0.34375
f 2536/7605 2535/7606 2534/7607 2533/7608
o ammoModel217
v 11.95 2.569999 4.81
v 12.25 2.509999 4.84
v 12.25 2.509999 4.84
v 11.95 2.529999 4.775
v 11.95 2.569999 4.89
v 12.25 2.509999 4.86
v 12.25 2.509999 4.86
v 11.95 2.529999 4.925
vt 0.4296875 0.328125
vt 0.427734375 0.328125
vt 0.427734375 0.34375
vt 0.4296875 0.34375
f 2543/7609 2539/7610 2538/7611 2542/7612
vt 0.42578125 0.328125
vt 0.423828125 0.328125
vt 0.423828125 0.34375
vt 0.42578125 0.34375
f 2540/7613 2544/7614 2541/7615 2537/7616
vt 0.427734375 0.34375
vt 0.42578125 0.34375
vt 0.42578125 0.359375
vt 0.427734375 0.359375
f 2538/7617 2537/7618 2541/7619 2542/7620
vt 0.4296875 0.359375
vt 0.427734375 0.359375
vt 0.427734375 0.34375
vt 0.4296875 0.34375
f 2543/7621 2544/7622 2540/7623 2539/7624
vt 0.427734375 0.328125
vt 0.42578125 0.328125
vt 0.42578125 0.34375
vt 0.427734375 0.34375
f 2539/7625 2540/7626 2537/7627 2538/7628
vt 0.431640625 0.328125
vt 0.4296875 0.328125
vt 0.4296875 0.34375
vt 0.431640625 0.34375
f 2544/7629 2543/7630 2542/7631 2541/7632
o ammoModel218
v 11.95 2.529999 4.775
v 12.25 2.509999 4.84
v 12.25 2.489999 4.84
v 11.95 2.469999 4.775
v 11.95 2.529999 4.925
v 12.25 2.509999 4.86
v 12.25 2.489999 4.86
v 11.95 2.469999 4.925
vt 0.4453125 0.328125
vt 0.443359375 0.328125
vt 0.443359375 0.34375
vt 0.4453125 0.34375
f 2551/7633 2547/7634 2546/7635 2550/7636
vt 0.44140625 0.328125
vt 0.439453125 0.328125
vt 0.439453125 0.34375
vt 0.44140625 0.34375
f 2548/7637 2552/7638 2549/7639 2545/7640
vt 0.443359375 0.34375
vt 0.44140625 0.34375
vt 0.44140625 0.359375
vt 0.443359375 0.359375
f 2546/7641 2545/7642 2549/7643 2550/7644
vt 0.4453125 0.359375
vt 0.443359375 0.359375
vt 0.443359375 0.34375
vt 0.4453125 0.34375
f 2551/7645 2552/7646 2548/7647 2547/7648
vt 0.443359375 0.328125
vt 0.44140625 0.328125
vt 0.44140625 0.34375
vt 0.443359375 0.34375
f 2547/7649 2548/7650 2545/7651 2546/7652
vt 0.447265625 0.328125
vt 0.4453125 0.328125
vt 0.4453125 0.34375
vt 0.447265625 0.34375
f 2552/7653 2551/7654 2550/7655 2549/7656
o ammoModel219
v 11.95 2.469999 4.775
v 12.25 2.489999 4.84
v 12.25 2.489999 4.84
v 11.95 2.429999 4.81
v 11.95 2.469999 4.925
v 12.25 2.489999 4.86
v 12.25 2.489999 4.86
v 11.95 2.429999 4.89
vt 0.4609375 0.328125
vt 0.458984375 0.328125
vt 0.458984375 0.34375
vt 0.4609375 0.34375
f 2559/7657 2555/7658 2554/7659 2558/7660
vt 0.45703125 0.328125
vt 0.455078125 0.328125
vt 0.455078125 0.34375
vt 0.45703125 0.34375
f 2556/7661 2560/7662 2557/7663 2553/7664
vt 0.458984375 0.34375
vt 0.45703125 0.34375
vt 0.45703125 0.359375
vt 0.458984375 0.359375
f 2554/7665 2553/7666 2557/7667 2558/7668
vt 0.4609375 0.359375
vt 0.458984375 0.359375
vt 0.458984375 0.34375
vt 0.4609375 0.34375
f 2559/7669 2560/7670 2556/7671 2555/7672
vt 0.458984375 0.328125
vt 0.45703125 0.328125
vt 0.45703125 0.34375
vt 0.458984375 0.34375
f 2555/7673 2556/7674 2553/7675 2554/7676
vt 0.462890625 0.328125
vt 0.4609375 0.328125
vt 0.4609375 0.34375
vt 0.462890625 0.34375
f 2560/7677 2559/7678 2558/7679 2557/7680
o ammoModel220
v 11.75 2.469999 4.775
v 11.95 2.469999 4.775
v 11.95 2.429999 4.81
v 11.75 2.429999 4.81
v 11.75 2.469999 4.925
v 11.95 2.469999 4.925
v 11.95 2.429999 4.89
v 11.75 2.429999 4.89
vt 0.4765625 0.328125
vt 0.474609375 0.328125
vt 0.474609375 0.34375
vt 0.4765625 0.34375
f 2567/7681 2563/7682 2562/7683 2566/7684
vt 0.47265625 0.328125
vt 0.470703125 0.328125
vt 0.470703125 0.34375
vt 0.47265625 0.34375
f 2564/7685 2568/7686 2565/7687 2561/7688
vt 0.474609375 0.34375
vt 0.47265625 0.34375
vt 0.47265625 0.359375
vt 0.474609375 0.359375
f 2562/7689 2561/7690 2565/7691 2566/7692
vt 0.4765625 0.359375
vt 0.474609375 0.359375
vt 0.474609375 0.34375
vt 0.4765625 0.34375
f 2567/7693 2568/7694 2564/7695 2563/7696
vt 0.474609375 0.328125
vt 0.47265625 0.328125
vt 0.47265625 0.34375
vt 0.474609375 0.34375
f 2563/7697 2564/7698 2561/7699 2562/7700
vt 0.478515625 0.328125
vt 0.4765625 0.328125
vt 0.4765625 0.34375
vt 0.478515625 0.34375
f 2568/7701 2567/7702 2566/7703 2565/7704
o ammoModel221
v 11.75 2.529999 4.775
v 11.95 2.529999 4.775
v 11.95 2.469999 4.775
v 11.75 2.469999 4.775
v 11.75 2.529999 4.925
v 11.95 2.529999 4.925
v 11.95 2.469999 4.925
v 11.75 2.469999 4.925
vt 0.4921875 0.328125
vt 0.490234375 0.328125
vt 0.490234375 0.34375
vt 0.4921875 0.34375
f 2575/7705 2571/7706 2570/7707 2574/7708
vt 0.48828125 0.328125
vt 0.486328125 0.328125
vt 0.486328125 0.34375
vt 0.48828125 0.34375
f 2572/7709 2576/7710 2573/7711 2569/7712
vt 0.490234375 0.34375
vt 0.48828125 0.34375
vt 0.48828125 0.359375
vt 0.490234375 0.359375
f 2570/7713 2569/7714 2573/7715 2574/7716
vt 0.4921875 0.359375
vt 0.490234375 0.359375
vt 0.490234375 0.34375
vt 0.4921875 0.34375
f 2575/7717 2576/7718 2572/7719 2571/7720
vt 0.490234375 0.328125
vt 0.48828125 0.328125
vt 0.48828125 0.34375
vt 0.490234375 0.34375
f 2571/7721 2572/7722 2569/7723 2570/7724
vt 0.494140625 0.328125
vt 0.4921875 0.328125
vt 0.4921875 0.34375
vt 0.494140625 0.34375
f 2576/7725 2575/7726 2574/7727 2573/7728
o ammoModel222
v 11.75 2.569999 4.81
v 11.95 2.569999 4.81
v 11.95 2.529999 4.775
v 11.75 2.529999 4.775
v 11.75 2.569999 4.89
v 11.95 2.569999 4.89
v 11.95 2.529999 4.925
v 11.75 2.529999 4.925
vt 0.5078125 0.328125
vt 0.505859375 0.328125
vt 0.505859375 0.34375
vt 0.5078125 0.34375
f 2583/7729 2579/7730 2578/7731 2582/7732
vt 0.50390625 0.328125
vt 0.501953125 0.328125
vt 0.501953125 0.34375
vt 0.50390625 0.34375
f 2580/7733 2584/7734 2581/7735 2577/7736
vt 0.505859375 0.34375
vt 0.50390625 0.34375
vt 0.50390625 0.359375
vt 0.505859375 0.359375
f 2578/7737 2577/7738 2581/7739 2582/7740
vt 0.5078125 0.359375
vt 0.505859375 0.359375
vt 0.505859375 0.34375
vt 0.5078125 0.34375
f 2583/7741 2584/7742 2580/7743 2579/7744
vt 0.505859375 0.328125
vt 0.50390625 0.328125
vt 0.50390625 0.34375
vt 0.505859375 0.34375
f 2579/7745 2580/7746 2577/7747 2578/7748
vt 0.509765625 0.328125
vt 0.5078125 0.328125
vt 0.5078125 0.34375
vt 0.509765625 0.34375
f 2584/7749 2583/7750 2582/7751 2581/7752
o ammoModel223
v 11.55 2.579999 4.8
v 11.75 2.579999 4.8
v 11.75 2.549999 4.77
v 11.55 2.549999 4.77
v 11.55 2.579999 4.9
v 11.75 2.579999 4.9
v 11.75 2.549999 4.93
v 11.55 2.549999 4.93
vt 0.5234375 0.328125
vt 0.521484375 0.328125
vt 0.521484375 0.34375
vt 0.5234375 0.34375
f 2591/7753 2587/7754 2586/7755 2590/7756
vt 0.51953125 0.328125
vt 0.517578125 0.328125
vt 0.517578125 0.34375
vt 0.51953125 0.34375
f 2588/7757 2592/7758 2589/7759 2585/7760
vt 0.521484375 0.34375
vt 0.51953125 0.34375
vt 0.51953125 0.359375
vt 0.521484375 0.359375
f 2586/7761 2585/7762 2589/7763 2590/7764
vt 0.5234375 0.359375
vt 0.521484375 0.359375
vt 0.521484375 0.34375
vt 0.5234375 0.34375
f 2591/7765 2592/7766 2588/7767 2587/7768
vt 0.521484375 0.328125
vt 0.51953125 0.328125
vt 0.51953125 0.34375
vt 0.521484375 0.34375
f 2587/7769 2588/7770 2585/7771 2586/7772
vt 0.525390625 0.328125
vt 0.5234375 0.328125
vt 0.5234375 0.34375
vt 0.525390625 0.34375
f 2592/7773 2591/7774 2590/7775 2589/7776
o ammoModel224
v 11.55 2.549999 4.77
v 11.75 2.549999 4.77
v 11.75 2.449999 4.77
v 11.55 2.449999 4.77
v 11.55 2.549999 4.93
v 11.75 2.549999 4.93
v 11.75 2.449999 4.93
v 11.55 2.449999 4.93
vt 0.5390625 0.328125
vt 0.537109375 0.328125
vt 0.537109375 0.34375
vt 0.5390625 0.34375
f 2599/7777 2595/7778 2594/7779 2598/7780
vt 0.53515625 0.328125
vt 0.533203125 0.328125
vt 0.533203125 0.34375
vt 0.53515625 0.34375
f 2596/7781 2600/7782 2597/7783 2593/7784
vt 0.537109375 0.34375
vt 0.53515625 0.34375
vt 0.53515625 0.359375
vt 0.537109375 0.359375
f 2594/7785 2593/7786 2597/7787 2598/7788
vt 0.5390625 0.359375
vt 0.537109375 0.359375
vt 0.537109375 0.34375
vt 0.5390625 0.34375
f 2599/7789 2600/7790 2596/7791 2595/7792
vt 0.537109375 0.328125
vt 0.53515625 0.328125
vt 0.53515625 0.34375
vt 0.537109375 0.34375
f 2595/7793 2596/7794 2593/7795 2594/7796
vt 0.541015625 0.328125
vt 0.5390625 0.328125
vt 0.5390625 0.34375
vt 0.541015625 0.34375
f 2600/7797 2599/7798 2598/7799 2597/7800
o ammoModel225
v 11.55 2.449998 4.77
v 11.75 2.449998 4.77
v 11.75 2.419998 4.8
v 11.55 2.419998 4.8
v 11.55 2.449998 4.93
v 11.75 2.449998 4.93
v 11.75 2.419998 4.9
v 11.55 2.419998 4.9
vt 0.5546875 0.328125
vt 0.552734375 0.328125
vt 0.552734375 0.34375
vt 0.5546875 0.34375
f 2607/7801 2603/7802 2602/7803 2606/7804
vt 0.55078125 0.328125
vt 0.548828125 0.328125
vt 0.548828125 0.34375
vt 0.55078125 0.34375
f 2604/7805 2608/7806 2605/7807 2601/7808
vt 0.552734375 0.34375
vt 0.55078125 0.34375
vt 0.55078125 0.359375
vt 0.552734375 0.359375
f 2602/7809 2601/7810 2605/7811 2606/7812
vt 0.5546875 0.359375
vt 0.552734375 0.359375
vt 0.552734375 0.34375
vt 0.5546875 0.34375
f 2607/7813 2608/7814 2604/7815 2603/7816
vt 0.552734375 0.328125
vt 0.55078125 0.328125
vt 0.55078125 0.34375
vt 0.552734375 0.34375
f 2603/7817 2604/7818 2601/7819 2602/7820
vt 0.556640625 0.328125
vt 0.5546875 0.328125
vt 0.5546875 0.34375
vt 0.556640625 0.34375
f 2608/7821 2607/7822 2606/7823 2605/7824
o ammoModel226
v 11.42 2.449998 4.73
v 11.57 2.449998 4.77
v 11.57 2.419998 4.81
v 11.42 2.389998 4.79
v 11.42 2.449998 4.97
v 11.57 2.449998 4.93
v 11.57 2.419998 4.89
v 11.42 2.389998 4.91
vt 0.5703125 0.328125
vt 0.568359375 0.328125
vt 0.568359375 0.34375
vt 0.5703125 0.34375
f 2615/7825 2611/7826 2610/7827 2614/7828
vt 0.56640625 0.328125
vt 0.564453125 0.328125
vt 0.564453125 0.34375
vt 0.56640625 0.34375
f 2612/7829 2616/7830 2613/7831 2609/7832
vt 0.568359375 0.34375
vt 0.56640625 0.34375
vt 0.56640625 0.359375
vt 0.568359375 0.359375
f 2610/7833 2609/7834 2613/7835 2614/7836
vt 0.5703125 0.359375
vt 0.568359375 0.359375
vt 0.568359375 0.34375
vt 0.5703125 0.34375
f 2615/7837 2616/7838 2612/7839 2611/7840
vt 0.568359375 0.328125
vt 0.56640625 0.328125
vt 0.56640625 0.34375
vt 0.568359375 0.34375
f 2611/7841 2612/7842 2609/7843 2610/7844
vt 0.572265625 0.328125
vt 0.5703125 0.328125
vt 0.5703125 0.34375
vt 0.572265625 0.34375
f 2616/7845 2615/7846 2614/7847 2613/7848
o ammoModel227
v 11.42 2.549999 4.73
v 11.57 2.549999 4.77
v 11.57 2.449999 4.77
v 11.42 2.449999 4.73
v 11.42 2.549999 4.97
v 11.57 2.549999 4.93
v 11.57 2.449999 4.93
v 11.42 2.449999 4.97
vt 0.5859375 0.328125
vt 0.583984375 0.328125
vt 0.583984375 0.34375
vt 0.5859375 0.34375
f 2623/7849 2619/7850 2618/7851 2622/7852
vt 0.58203125 0.328125
vt 0.580078125 0.328125
vt 0.580078125 0.34375
vt 0.58203125 0.34375
f 2620/7853 2624/7854 2621/7855 2617/7856
vt 0.583984375 0.34375
vt 0.58203125 0.34375
vt 0.58203125 0.359375
vt 0.583984375 0.359375
f 2618/7857 2617/7858 2621/7859 2622/7860
vt 0.5859375 0.359375
vt 0.583984375 0.359375
vt 0.583984375 0.34375
vt 0.5859375 0.34375
f 2623/7861 2624/7862 2620/7863 2619/7864
vt 0.583984375 0.328125
vt 0.58203125 0.328125
vt 0.58203125 0.34375
vt 0.583984375 0.34375
f 2619/7865 2620/7866 2617/7867 2618/7868
vt 0.587890625 0.328125
vt 0.5859375 0.328125
vt 0.5859375 0.34375
vt 0.587890625 0.34375
f 2624/7869 2623/7870 2622/7871 2621/7872
o ammoModel228
v 10.2 2.609999 4.8
v 11.42 2.609999 4.8
v 11.42 2.549999 4.73
v 10.2 2.549999 4.73
v 10.2 2.609999 4.9
v 11.42 2.609999 4.9
v 11.42 2.549999 4.97
v 10.2 2.549999 4.97
vt 0.6015625 0.328125
vt 0.599609375 0.328125
vt 0.599609375 0.34375
vt 0.6015625 0.34375
f 2631/7873 2627/7874 2626/7875 2630/7876
vt 0.59765625 0.328125
vt 0.595703125 0.328125
vt 0.595703125 0.34375
vt 0.59765625 0.34375
f 2628/7877 2632/7878 2629/7879 2625/7880
vt 0.599609375 0.34375
vt 0.59765625 0.34375
vt 0.59765625 0.359375
vt 0.599609375 0.359375
f 2626/7881 2625/7882 2629/7883 2630/7884
vt 0.6015625 0.359375
vt 0.599609375 0.359375
vt 0.599609375 0.34375
vt 0.6015625 0.34375
f 2631/7885 2632/7886 2628/7887 2627/7888
vt 0.599609375 0.328125
vt 0.59765625 0.328125
vt 0.59765625 0.34375
vt 0.599609375 0.34375
f 2627/7889 2628/7890 2625/7891 2626/7892
vt 0.603515625 0.328125
vt 0.6015625 0.328125
vt 0.6015625 0.34375
vt 0.603515625 0.34375
f 2632/7893 2631/7894 2630/7895 2629/7896
o ammoModel229
v 10.2 2.549999 4.73
v 11.42 2.549999 4.73
v 11.42 2.449999 4.73
v 10.2 2.449999 4.73
v 10.2 2.549999 4.97
v 11.42 2.549999 4.97
v 11.42 2.449999 4.97
v 10.2 2.449999 4.97
vt 0.6171875 0.328125
vt 0.615234375 0.328125
vt 0.615234375 0.34375
vt 0.6171875 0.34375
f 2639/7897 2635/7898 2634/7899 2638/7900
vt 0.61328125 0.328125
vt 0.611328125 0.328125
vt 0.611328125 0.34375
vt 0.61328125 0.34375
f 2636/7901 2640/7902 2637/7903 2633/7904
vt 0.615234375 0.34375
vt 0.61328125 0.34375
vt 0.61328125 0.359375
vt 0.615234375 0.359375
f 2634/7905 2633/7906 2637/7907 2638/7908
vt 0.6171875 0.359375
vt 0.615234375 0.359375
vt 0.615234375 0.34375
vt 0.6171875 0.34375
f 2639/7909 2640/7910 2636/7911 2635/7912
vt 0.615234375 0.328125
vt 0.61328125 0.328125
vt 0.61328125 0.34375
vt 0.615234375 0.34375
f 2635/7913 2636/7914 2633/7915 2634/7916
vt 0.619140625 0.328125
vt 0.6171875 0.328125
vt 0.6171875 0.34375
vt 0.619140625 0.34375
f 2640/7917 2639/7918 2638/7919 2637/7920
o ammoModel230
v 10.2 2.449998 4.73
v 11.42 2.449998 4.73
v 11.42 2.389998 4.8
v 10.2 2.389998 4.8
v 10.2 2.449998 4.97
v 11.42 2.449998 4.97
v 11.42 2.389998 4.9
v 10.2 2.389998 4.9
vt 0.6328125 0.328125
vt 0.630859375 0.328125
vt 0.630859375 0.34375
vt 0.6328125 0.34375
f 2647/7921 2643/7922 2642/7923 2646/7924
vt 0.62890625 0.328125
vt 0.626953125 0.328125
vt 0.626953125 0.34375
vt 0.62890625 0.34375
f 2644/7925 2648/7926 2645/7927 2641/7928
vt 0.630859375 0.34375
vt 0.62890625 0.34375
vt 0.62890625 0.359375
vt 0.630859375 0.359375
f 2642/7929 2641/7930 2645/7931 2646/7932
vt 0.6328125 0.359375
vt 0.630859375 0.359375
vt 0.630859375 0.34375
vt 0.6328125 0.34375
f 2647/7933 2648/7934 2644/7935 2643/7936
vt 0.630859375 0.328125
vt 0.62890625 0.328125
vt 0.62890625 0.34375
vt 0.630859375 0.34375
f 2643/7937 2644/7938 2641/7939 2642/7940
vt 0.634765625 0.328125
vt 0.6328125 0.328125
vt 0.6328125 0.34375
vt 0.634765625 0.34375
f 2648/7941 2647/7942 2646/7943 2645/7944
o ammoModel231
v 11.42 2.609999 5.09
v 11.57 2.579999 5.1
v 11.57 2.549999 5.07
v 11.42 2.549999 5.03
v 11.42 2.609999 5.21
v 11.57 2.579999 5.2
v 11.57 2.549999 5.23
v 11.42 2.549999 5.27
vt 0.6484375 0.328125
vt 0.646484375 0.328125
vt 0.646484375 0.34375
vt 0.6484375 0.34375
f 2655/7945 2651/7946 2650/7947 2654/7948
vt 0.64453125 0.328125
vt 0.642578125 0.328125
vt 0.642578125 0.34375
vt 0.64453125 0.34375
f 2652/7949 2656/7950 2653/7951 2649/7952
vt 0.646484375 0.34375
vt 0.64453125 0.34375
vt 0.64453125 0.359375
vt 0.646484375 0.359375
f 2650/7953 2649/7954 2653/7955 2654/7956
vt 0.6484375 0.359375
vt 0.646484375 0.359375
vt 0.646484375 0.34375
vt 0.6484375 0.34375
f 2655/7957 2656/7958 2652/7959 2651/7960
vt 0.646484375 0.328125
vt 0.64453125 0.328125
vt 0.64453125 0.34375
vt 0.646484375 0.34375
f 2651/7961 2652/7962 2649/7963 2650/7964
vt 0.650390625 0.328125
vt 0.6484375 0.328125
vt 0.6484375 0.34375
vt 0.650390625 0.34375
f 2656/7965 2655/7966 2654/7967 2653/7968
o ammoModel232
v 11.95 2.569999 5.11
v 12.25 2.509999 5.14
v 12.25 2.509999 5.14
v 11.95 2.529999 5.075
v 11.95 2.569999 5.19
v 12.25 2.509999 5.16
v 12.25 2.509999 5.16
v 11.95 2.529999 5.225
vt 0.6640625 0.328125
vt 0.662109375 0.328125
vt 0.662109375 0.34375
vt 0.6640625 0.34375
f 2663/7969 2659/7970 2658/7971 2662/7972
vt 0.66015625 0.328125
vt 0.658203125 0.328125
vt 0.658203125 0.34375
vt 0.66015625 0.34375
f 2660/7973 2664/7974 2661/7975 2657/7976
vt 0.662109375 0.34375
vt 0.66015625 0.34375
vt 0.66015625 0.359375
vt 0.662109375 0.359375
f 2658/7977 2657/7978 2661/7979 2662/7980
vt 0.6640625 0.359375
vt 0.662109375 0.359375
vt 0.662109375 0.34375
vt 0.6640625 0.34375
f 2663/7981 2664/7982 2660/7983 2659/7984
vt 0.662109375 0.328125
vt 0.66015625 0.328125
vt 0.66015625 0.34375
vt 0.662109375 0.34375
f 2659/7985 2660/7986 2657/7987 2658/7988
vt 0.666015625 0.328125
vt 0.6640625 0.328125
vt 0.6640625 0.34375
vt 0.666015625 0.34375
f 2664/7989 2663/7990 2662/7991 2661/7992
o ammoModel233
v 11.95 2.529999 5.075
v 12.25 2.509999 5.14
v 12.25 2.489999 5.14
v 11.95 2.469999 5.075
v 11.95 2.529999 5.225
v 12.25 2.509999 5.16
v 12.25 2.489999 5.16
v 11.95 2.469999 5.225
vt 0.6796875 0.328125
vt 0.677734375 0.328125
vt 0.677734375 0.34375
vt 0.6796875 0.34375
f 2671/7993 2667/7994 2666/7995 2670/7996
vt 0.67578125 0.328125
vt 0.673828125 0.328125
vt 0.673828125 0.34375
vt 0.67578125 0.34375
f 2668/7997 2672/7998 2669/7999 2665/8000
vt 0.677734375 0.34375
vt 0.67578125 0.34375
vt 0.67578125 0.359375
vt 0.677734375 0.359375
f 2666/8001 2665/8002 2669/8003 2670/8004
vt 0.6796875 0.359375
vt 0.677734375 0.359375
vt 0.677734375 0.34375
vt 0.6796875 0.34375
f 2671/8005 2672/8006 2668/8007 2667/8008
vt 0.677734375 0.328125
vt 0.67578125 0.328125
vt 0.67578125 0.34375
vt 0.677734375 0.34375
f 2667/8009 2668/8010 2665/8011 2666/8012
vt 0.681640625 0.328125
vt 0.6796875 0.328125
vt 0.6796875 0.34375
vt 0.681640625 0.34375
f 2672/8013 2671/8014 2670/8015 2669/8016
o ammoModel234
v 11.95 2.469999 5.075
v 12.25 2.489999 5.14
v 12.25 2.489999 5.14
v 11.95 2.429999 5.11
v 11.95 2.469999 5.225
v 12.25 2.489999 5.16
v 12.25 2.489999 5.16
v 11.95 2.429999 5.19
vt 0.6953125 0.328125
vt 0.693359375 0.328125
vt 0.693359375 0.34375
vt 0.6953125 0.34375
f 2679/8017 2675/8018 2674/8019 2678/8020
vt 0.69140625 0.328125
vt 0.689453125 0.328125
vt 0.689453125 0.34375
vt 0.69140625 0.34375
f 2676/8021 2680/8022 2677/8023 2673/8024
vt 0.693359375 0.34375
vt 0.69140625 0.34375
vt 0.69140625 0.359375
vt 0.693359375 0.359375
f 2674/8025 2673/8026 2677/8027 2678/8028
vt 0.6953125 0.359375
vt 0.693359375 0.359375
vt 0.693359375 0.34375
vt 0.6953125 0.34375
f 2679/8029 2680/8030 2676/8031 2675/8032
vt 0.693359375 0.328125
vt 0.69140625 0.328125
vt 0.69140625 0.34375
vt 0.693359375 0.34375
f 2675/8033 2676/8034 2673/8035 2674/8036
vt 0.697265625 0.328125
vt 0.6953125 0.328125
vt 0.6953125 0.34375
vt 0.697265625 0.34375
f 2680/8037 2679/8038 2678/8039 2677/8040
o ammoModel235
v 11.75 2.469999 5.075
v 11.95 2.469999 5.075
v 11.95 2.429999 5.11
v 11.75 2.429999 5.11
v 11.75 2.469999 5.225
v 11.95 2.469999 5.225
v 11.95 2.429999 5.19
v 11.75 2.429999 5.19
vt 0.7109375 0.328125
vt 0.708984375 0.328125
vt 0.708984375 0.34375
vt 0.7109375 0.34375
f 2687/8041 2683/8042 2682/8043 2686/8044
vt 0.70703125 0.328125
vt 0.705078125 0.328125
vt 0.705078125 0.34375
vt 0.70703125 0.34375
f 2684/8045 2688/8046 2685/8047 2681/8048
vt 0.708984375 0.34375
vt 0.70703125 0.34375
vt 0.70703125 0.359375
vt 0.708984375 0.359375
f 2682/8049 2681/8050 2685/8051 2686/8052
vt 0.7109375 0.359375
vt 0.708984375 0.359375
vt 0.708984375 0.34375
vt 0.7109375 0.34375
f 2687/8053 2688/8054 2684/8055 2683/8056
vt 0.708984375 0.328125
vt 0.70703125 0.328125
vt 0.70703125 0.34375
vt 0.708984375 0.34375
f 2683/8057 2684/8058 2681/8059 2682/8060
vt 0.712890625 0.328125
vt 0.7109375 0.328125
vt 0.7109375 0.34375
vt 0.712890625 0.34375
f 2688/8061 2687/8062 2686/8063 2685/8064
o ammoModel236
v 11.75 2.529999 5.075
v 11.95 2.529999 5.075
v 11.95 2.469999 5.075
v 11.75 2.469999 5.075
v 11.75 2.529999 5.225
v 11.95 2.529999 5.225
v 11.95 2.469999 5.225
v 11.75 2.469999 5.225
vt 0.7265625 0.328125
vt 0.724609375 0.328125
vt 0.724609375 0.34375
vt 0.7265625 0.34375
f 2695/8065 2691/8066 2690/8067 2694/8068
vt 0.72265625 0.328125
vt 0.720703125 0.328125
vt 0.720703125 0.34375
vt 0.72265625 0.34375
f 2692/8069 2696/8070 2693/8071 2689/8072
vt 0.724609375 0.34375
vt 0.72265625 0.34375
vt 0.72265625 0.359375
vt 0.724609375 0.359375
f 2690/8073 2689/8074 2693/8075 2694/8076
vt 0.7265625 0.359375
vt 0.724609375 0.359375
vt 0.724609375 0.34375
vt 0.7265625 0.34375
f 2695/8077 2696/8078 2692/8079 2691/8080
vt 0.724609375 0.328125
vt 0.72265625 0.328125
vt 0.72265625 0.34375
vt 0.724609375 0.34375
f 2691/8081 2692/8082 2689/8083 2690/8084
vt 0.728515625 0.328125
vt 0.7265625 0.328125
vt 0.7265625 0.34375
vt 0.728515625 0.34375
f 2696/8085 2695/8086 2694/8087 2693/8088
o ammoModel237
v 11.75 2.569999 5.11
v 11.95 2.569999 5.11
v 11.95 2.529999 5.075
v 11.75 2.529999 5.075
v 11.75 2.569999 5.19
v 11.95 2.569999 5.19
v 11.95 2.529999 5.225
v 11.75 2.529999 5.225
vt 0.7421875 0.328125
vt 0.740234375 0.328125
vt 0.740234375 0.34375
vt 0.7421875 0.34375
f 2703/8089 2699/8090 2698/8091 2702/8092
vt 0.73828125 0.328125
vt 0.736328125 0.328125
vt 0.736328125 0.34375
vt 0.73828125 0.34375
f 2700/8093 2704/8094 2701/8095 2697/8096
vt 0.740234375 0.34375
vt 0.73828125 0.34375
vt 0.73828125 0.359375
vt 0.740234375 0.359375
f 2698/8097 2697/8098 2701/8099 2702/8100
vt 0.7421875 0.359375
vt 0.740234375 0.359375
vt 0.740234375 0.34375
vt 0.7421875 0.34375
f 2703/8101 2704/8102 2700/8103 2699/8104
vt 0.740234375 0.328125
vt 0.73828125 0.328125
vt 0.73828125 0.34375
vt 0.740234375 0.34375
f 2699/8105 2700/8106 2697/8107 2698/8108
vt 0.744140625 0.328125
vt 0.7421875 0.328125
vt 0.7421875 0.34375
vt 0.744140625 0.34375
f 2704/8109 2703/8110 2702/8111 2701/8112
o ammoModel238
v 11.55 2.579999 5.1
v 11.75 2.579999 5.1
v 11.75 2.549999 5.07
v 11.55 2.549999 5.07
v 11.55 2.579999 5.2
v 11.75 2.579999 5.2
v 11.75 2.549999 5.23
v 11.55 2.549999 5.23
vt 0.7578125 0.328125
vt 0.755859375 0.328125
vt 0.755859375 0.34375
vt 0.7578125 0.34375
f 2711/8113 2707/8114 2706/8115 2710/8116
vt 0.75390625 0.328125
vt 0.751953125 0.328125
vt 0.751953125 0.34375
vt 0.75390625 0.34375
f 2708/8117 2712/8118 2709/8119 2705/8120
vt 0.755859375 0.34375
vt 0.75390625 0.34375
vt 0.75390625 0.359375
vt 0.755859375 0.359375
f 2706/8121 2705/8122 2709/8123 2710/8124
vt 0.7578125 0.359375
vt 0.755859375 0.359375
vt 0.755859375 0.34375
vt 0.7578125 0.34375
f 2711/8125 2712/8126 2708/8127 2707/8128
vt 0.755859375 0.328125
vt 0.75390625 0.328125
vt 0.75390625 0.34375
vt 0.755859375 0.34375
f 2707/8129 2708/8130 2705/8131 2706/8132
vt 0.759765625 0.328125
vt 0.7578125 0.328125
vt 0.7578125 0.34375
vt 0.759765625 0.34375
f 2712/8133 2711/8134 2710/8135 2709/8136
o ammoModel239
v 11.55 2.549999 5.07
v 11.75 2.549999 5.07
v 11.75 2.449999 5.07
v 11.55 2.449999 5.07
v 11.55 2.549999 5.23
v 11.75 2.549999 5.23
v 11.75 2.449999 5.23
v 11.55 2.449999 5.23
vt 0.7734375 0.328125
vt 0.771484375 0.328125
vt 0.771484375 0.34375
vt 0.7734375 0.34375
f 2719/8137 2715/8138 2714/8139 2718/8140
vt 0.76953125 0.328125
vt 0.767578125 0.328125
vt 0.767578125 0.34375
vt 0.76953125 0.34375
f 2716/8141 2720/8142 2717/8143 2713/8144
vt 0.771484375 0.34375
vt 0.76953125 0.34375
vt 0.76953125 0.359375
vt 0.771484375 0.359375
f 2714/8145 2713/8146 2717/8147 2718/8148
vt 0.7734375 0.359375
vt 0.771484375 0.359375
vt 0.771484375 0.34375
vt 0.7734375 0.34375
f 2719/8149 2720/8150 2716/8151 2715/8152
vt 0.771484375 0.328125
vt 0.76953125 0.328125
vt 0.76953125 0.34375
vt 0.771484375 0.34375
f 2715/8153 2716/8154 2713/8155 2714/8156
vt 0.775390625 0.328125
vt 0.7734375 0.328125
vt 0.7734375 0.34375
vt 0.775390625 0.34375
f 2720/8157 2719/8158 2718/8159 2717/8160
o ammoModel240
v 11.55 2.449998 5.07
v 11.75 2.449998 5.07
v 11.75 2.419998 5.1
v 11.55 2.419998 5.1
v 11.55 2.449998 5.23
v 11.75 2.449998 5.23
v 11.75 2.419998 5.2
v 11.55 2.419998 5.2
vt 0.7890625 0.328125
vt 0.787109375 0.328125
vt 0.787109375 0.34375
vt 0.7890625 0.34375
f 2727/8161 2723/8162 2722/8163 2726/8164
vt 0.78515625 0.328125
vt 0.783203125 0.328125
vt 0.783203125 0.34375
vt 0.78515625 0.34375
f 2724/8165 2728/8166 2725/8167 2721/8168
vt 0.787109375 0.34375
vt 0.78515625 0.34375
vt 0.78515625 0.359375
vt 0.787109375 0.359375
f 2722/8169 2721/8170 2725/8171 2726/8172
vt 0.7890625 0.359375
vt 0.787109375 0.359375
vt 0.787109375 0.34375
vt 0.7890625 0.34375
f 2727/8173 2728/8174 2724/8175 2723/8176
vt 0.787109375 0.328125
vt 0.78515625 0.328125
vt 0.78515625 0.34375
vt 0.787109375 0.34375
f 2723/8177 2724/8178 2721/8179 2722/8180
vt 0.791015625 0.328125
vt 0.7890625 0.328125
vt 0.7890625 0.34375
vt 0.791015625 0.34375
f 2728/8181 2727/8182 2726/8183 2725/8184
o ammoModel241
v 11.42 2.449998 5.03
v 11.57 2.449998 5.07
v 11.57 2.419998 5.11
v 11.42 2.389998 5.09
v 11.42 2.449998 5.27
v 11.57 2.449998 5.23
v 11.57 2.419998 5.19
v 11.42 2.389998 5.21
vt 0.8046875 0.328125
vt 0.802734375 0.328125
vt 0.802734375 0.34375
vt 0.8046875 0.34375
f 2735/8185 2731/8186 2730/8187 2734/8188
vt 0.80078125 0.328125
vt 0.798828125 0.328125
vt 0.798828125 0.34375
vt 0.80078125 0.34375
f 2732/8189 2736/8190 2733/8191 2729/8192
vt 0.802734375 0.34375
vt 0.80078125 0.34375
vt 0.80078125 0.359375
vt 0.802734375 0.359375
f 2730/8193 2729/8194 2733/8195 2734/8196
vt 0.8046875 0.359375
vt 0.802734375 0.359375
vt 0.802734375 0.34375
vt 0.8046875 0.34375
f 2735/8197 2736/8198 2732/8199 2731/8200
vt 0.802734375 0.328125
vt 0.80078125 0.328125
vt 0.80078125 0.34375
vt 0.802734375 0.34375
f 2731/8201 2732/8202 2729/8203 2730/8204
vt 0.806640625 0.328125
vt 0.8046875 0.328125
vt 0.8046875 0.34375
vt 0.806640625 0.34375
f 2736/8205 2735/8206 2734/8207 2733/8208
o ammoModel242
v 11.42 2.549999 5.03
v 11.57 2.549999 5.07
v 11.57 2.449999 5.07
v 11.42 2.449999 5.03
v 11.42 2.549999 5.27
v 11.57 2.549999 5.23
v 11.57 2.449999 5.23
v 11.42 2.449999 5.27
vt 0.8203125 0.328125
vt 0.818359375 0.328125
vt 0.818359375 0.34375
vt 0.8203125 0.34375
f 2743/8209 2739/8210 2738/8211 2742/8212
vt 0.81640625 0.328125
vt 0.814453125 0.328125
vt 0.814453125 0.34375
vt 0.81640625 0.34375
f 2740/8213 2744/8214 2741/8215 2737/8216
vt 0.818359375 0.34375
vt 0.81640625 0.34375
vt 0.81640625 0.359375
vt 0.818359375 0.359375
f 2738/8217 2737/8218 2741/8219 2742/8220
vt 0.8203125 0.359375
vt 0.818359375 0.359375
vt 0.818359375 0.34375
vt 0.8203125 0.34375
f 2743/8221 2744/8222 2740/8223 2739/8224
vt 0.818359375 0.328125
vt 0.81640625 0.328125
vt 0.81640625 0.34375
vt 0.818359375 0.34375
f 2739/8225 2740/8226 2737/8227 2738/8228
vt 0.822265625 0.328125
vt 0.8203125 0.328125
vt 0.8203125 0.34375
vt 0.822265625 0.34375
f 2744/8229 2743/8230 2742/8231 2741/8232
o ammoModel243
v 10.2 2.609999 5.1
v 11.42 2.609999 5.1
v 11.42 2.549999 5.03
v 10.2 2.549999 5.03
v 10.2 2.609999 5.2
v 11.42 2.609999 5.2
v 11.42 2.549999 5.27
v 10.2 2.549999 5.27
vt 0.8359375 0.328125
vt 0.833984375 0.328125
vt 0.833984375 0.34375
vt 0.8359375 0.34375
f 2751/8233 2747/8234 2746/8235 2750/8236
vt 0.83203125 0.328125
vt 0.830078125 0.328125
vt 0.830078125 0.34375
vt 0.83203125 0.34375
f 2748/8237 2752/8238 2749/8239 2745/8240
vt 0.833984375 0.34375
vt 0.83203125 0.34375
vt 0.83203125 0.359375
vt 0.833984375 0.359375
f 2746/8241 2745/8242 2749/8243 2750/8244
vt 0.8359375 0.359375
vt 0.833984375 0.359375
vt 0.833984375 0.34375
vt 0.8359375 0.34375
f 2751/8245 2752/8246 2748/8247 2747/8248
vt 0.833984375 0.328125
vt 0.83203125 0.328125
vt 0.83203125 0.34375
vt 0.833984375 0.34375
f 2747/8249 2748/8250 2745/8251 2746/8252
vt 0.837890625 0.328125
vt 0.8359375 0.328125
vt 0.8359375 0.34375
vt 0.837890625 0.34375
f 2752/8253 2751/8254 2750/8255 2749/8256
o ammoModel244
v 10.2 2.549999 5.03
v 11.42 2.549999 5.03
v 11.42 2.449999 5.03
v 10.2 2.449999 5.03
v 10.2 2.549999 5.27
v 11.42 2.549999 5.27
v 11.42 2.449999 5.27
v 10.2 2.449999 5.27
vt 0.8515625 0.328125
vt 0.849609375 0.328125
vt 0.849609375 0.34375
vt 0.8515625 0.34375
f 2759/8257 2755/8258 2754/8259 2758/8260
vt 0.84765625 0.328125
vt 0.845703125 0.328125
vt 0.845703125 0.34375
vt 0.84765625 0.34375
f 2756/8261 2760/8262 2757/8263 2753/8264
vt 0.849609375 0.34375
vt 0.84765625 0.34375
vt 0.84765625 0.359375
vt 0.849609375 0.359375
f 2754/8265 2753/8266 2757/8267 2758/8268
vt 0.8515625 0.359375
vt 0.849609375 0.359375
vt 0.849609375 0.34375
vt 0.8515625 0.34375
f 2759/8269 2760/8270 2756/8271 2755/8272
vt 0.849609375 0.328125
vt 0.84765625 0.328125
vt 0.84765625 0.34375
vt 0.849609375 0.34375
f 2755/8273 2756/8274 2753/8275 2754/8276
vt 0.853515625 0.328125
vt 0.8515625 0.328125
vt 0.8515625 0.34375
vt 0.853515625 0.34375
f 2760/8277 2759/8278 2758/8279 2757/8280
o ammoModel245
v 10.2 2.449998 5.03
v 11.42 2.449998 5.03
v 11.42 2.389998 5.1
v 10.2 2.389998 5.1
v 10.2 2.449998 5.27
v 11.42 2.449998 5.27
v 11.42 2.389998 5.2
v 10.2 2.389998 5.2
vt 0.8671875 0.328125
vt 0.865234375 0.328125
vt 0.865234375 0.34375
vt 0.8671875 0.34375
f 2767/8281 2763/8282 2762/8283 2766/8284
vt 0.86328125 0.328125
vt 0.861328125 0.328125
vt 0.861328125 0.34375
vt 0.86328125 0.34375
f 2764/8285 2768/8286 2765/8287 2761/8288
vt 0.865234375 0.34375
vt 0.86328125 0.34375
vt 0.86328125 0.359375
vt 0.865234375 0.359375
f 2762/8289 2761/8290 2765/8291 2766/8292
vt 0.8671875 0.359375
vt 0.865234375 0.359375
vt 0.865234375 0.34375
vt 0.8671875 0.34375
f 2767/8293 2768/8294 2764/8295 2763/8296
vt 0.865234375 0.328125
vt 0.86328125 0.328125
vt 0.86328125 0.34375
vt 0.865234375 0.34375
f 2763/8297 2764/8298 2761/8299 2762/8300
vt 0.869140625 0.328125
vt 0.8671875 0.328125
vt 0.8671875 0.34375
vt 0.869140625 0.34375
f 2768/8301 2767/8302 2766/8303 2765/8304
o ammoModel246
v 11.42 2.609999 5.39
v 11.57 2.579999 5.4
v 11.57 2.549999 5.37
v 11.42 2.549999 5.33
v 11.42 2.609999 5.51
v 11.57 2.579999 5.5
v 11.57 2.549999 5.53
v 11.42 2.549999 5.57
vt 0.8828125 0.328125
vt 0.880859375 0.328125
vt 0.880859375 0.34375
vt 0.8828125 0.34375
f 2775/8305 2771/8306 2770/8307 2774/8308
vt 0.87890625 0.328125
vt 0.876953125 0.328125
vt 0.876953125 0.34375
vt 0.87890625 0.34375
f 2772/8309 2776/8310 2773/8311 2769/8312
vt 0.880859375 0.34375
vt 0.87890625 0.34375
vt 0.87890625 0.359375
vt 0.880859375 0.359375
f 2770/8313 2769/8314 2773/8315 2774/8316
vt 0.8828125 0.359375
vt 0.880859375 0.359375
vt 0.880859375 0.34375
vt 0.8828125 0.34375
f 2775/8317 2776/8318 2772/8319 2771/8320
vt 0.880859375 0.328125
vt 0.87890625 0.328125
vt 0.87890625 0.34375
vt 0.880859375 0.34375
f 2771/8321 2772/8322 2769/8323 2770/8324
vt 0.884765625 0.328125
vt 0.8828125 0.328125
vt 0.8828125 0.34375
vt 0.884765625 0.34375
f 2776/8325 2775/8326 2774/8327 2773/8328
o ammoModel247
v 11.95 2.569999 5.41
v 12.25 2.509999 5.44
v 12.25 2.509999 5.44
v 11.95 2.529999 5.375
v 11.95 2.569999 5.49
v 12.25 2.509999 5.46
v 12.25 2.509999 5.46
v 11.95 2.529999 5.525
vt 0.8984375 0.328125
vt 0.896484375 0.328125
vt 0.896484375 0.34375
vt 0.8984375 0.34375
f 2783/8329 2779/8330 2778/8331 2782/8332
vt 0.89453125 0.328125
vt 0.892578125 0.328125
vt 0.892578125 0.34375
vt 0.89453125 0.34375
f 2780/8333 2784/8334 2781/8335 2777/8336
vt 0.896484375 0.34375
vt 0.89453125 0.34375
vt 0.89453125 0.359375
vt 0.896484375 0.359375
f 2778/8337 2777/8338 2781/8339 2782/8340
vt 0.8984375 0.359375
vt 0.896484375 0.359375
vt 0.896484375 0.34375
vt 0.8984375 0.34375
f 2783/8341 2784/8342 2780/8343 2779/8344
vt 0.896484375 0.328125
vt 0.89453125 0.328125
vt 0.89453125 0.34375
vt 0.896484375 0.34375
f 2779/8345 2780/8346 2777/8347 2778/8348
vt 0.900390625 0.328125
vt 0.8984375 0.328125
vt 0.8984375 0.34375
vt 0.900390625 0.34375
f 2784/8349 2783/8350 2782/8351 2781/8352
o ammoModel248
v 11.95 2.529999 5.375
v 12.25 2.509999 5.44
v 12.25 2.489999 5.44
v 11.95 2.469999 5.375
v 11.95 2.529999 5.525
v 12.25 2.509999 5.46
v 12.25 2.489999 5.46
v 11.95 2.469999 5.525
vt 0.9140625 0.328125
vt 0.912109375 0.328125
vt 0.912109375 0.34375
vt 0.9140625 0.34375
f 2791/8353 2787/8354 2786/8355 2790/8356
vt 0.91015625 0.328125
vt 0.908203125 0.328125
vt 0.908203125 0.34375
vt 0.91015625 0.34375
f 2788/8357 2792/8358 2789/8359 2785/8360
vt 0.912109375 0.34375
vt 0.91015625 0.34375
vt 0.91015625 0.359375
vt 0.912109375 0.359375
f 2786/8361 2785/8362 2789/8363 2790/8364
vt 0.9140625 0.359375
vt 0.912109375 0.359375
vt 0.912109375 0.34375
vt 0.9140625 0.34375
f 2791/8365 2792/8366 2788/8367 2787/8368
vt 0.912109375 0.328125
vt 0.91015625 0.328125
vt 0.91015625 0.34375
vt 0.912109375 0.34375
f 2787/8369 2788/8370 2785/8371 2786/8372
vt 0.916015625 0.328125
vt 0.9140625 0.328125
vt 0.9140625 0.34375
vt 0.916015625 0.34375
f 2792/8373 2791/8374 2790/8375 2789/8376
o ammoModel249
v 11.95 2.469999 5.375
v 12.25 2.489999 5.44
v 12.25 2.489999 5.44
v 11.95 2.429999 5.41
v 11.95 2.469999 5.525
v 12.25 2.489999 5.46
v 12.25 2.489999 5.46
v 11.95 2.429999 5.49
vt 0.9296875 0.328125
vt 0.927734375 0.328125
vt 0.927734375 0.34375
vt 0.9296875 0.34375
f 2799/8377 2795/8378 2794/8379 2798/8380
vt 0.92578125 0.328125
vt 0.923828125 0.328125
vt 0.923828125 0.34375
vt 0.92578125 0.34375
f 2796/8381 2800/8382 2797/8383 2793/8384
vt 0.927734375 0.34375
vt 0.92578125 0.34375
vt 0.92578125 0.359375
vt 0.927734375 0.359375
f 2794/8385 2793/8386 2797/8387 2798/8388
vt 0.9296875 0.359375
vt 0.927734375 0.359375
vt 0.927734375 0.34375
vt 0.9296875 0.34375
f 2799/8389 2800/8390 2796/8391 2795/8392
vt 0.927734375 0.328125
vt 0.92578125 0.328125
vt 0.92578125 0.34375
vt 0.927734375 0.34375
f 2795/8393 2796/8394 2793/8395 2794/8396
vt 0.931640625 0.328125
vt 0.9296875 0.328125
vt 0.9296875 0.34375
vt 0.931640625 0.34375
f 2800/8397 2799/8398 2798/8399 2797/8400
o ammoModel250
v 11.75 2.469999 5.375
v 11.95 2.469999 5.375
v 11.95 2.429999 5.41
v 11.75 2.429999 5.41
v 11.75 2.469999 5.525
v 11.95 2.469999 5.525
v 11.95 2.429999 5.49
v 11.75 2.429999 5.49
vt 0.9453125 0.328125
vt 0.943359375 0.328125
vt 0.943359375 0.34375
vt 0.9453125 0.34375
f 2807/8401 2803/8402 2802/8403 2806/8404
vt 0.94140625 0.328125
vt 0.939453125 0.328125
vt 0.939453125 0.34375
vt 0.94140625 0.34375
f 2804/8405 2808/8406 2805/8407 2801/8408
vt 0.943359375 0.34375
vt 0.94140625 0.34375
vt 0.94140625 0.359375
vt 0.943359375 0.359375
f 2802/8409 2801/8410 2805/8411 2806/8412
vt 0.9453125 0.359375
vt 0.943359375 0.359375
vt 0.943359375 0.34375
vt 0.9453125 0.34375
f 2807/8413 2808/8414 2804/8415 2803/8416
vt 0.943359375 0.328125
vt 0.94140625 0.328125
vt 0.94140625 0.34375
vt 0.943359375 0.34375
f 2803/8417 2804/8418 2801/8419 2802/8420
vt 0.947265625 0.328125
vt 0.9453125 0.328125
vt 0.9453125 0.34375
vt 0.947265625 0.34375
f 2808/8421 2807/8422 2806/8423 2805/8424
o ammoModel251
v 11.75 2.529999 5.375
v 11.95 2.529999 5.375
v 11.95 2.469999 5.375
v 11.75 2.469999 5.375
v 11.75 2.529999 5.525
v 11.95 2.529999 5.525
v 11.95 2.469999 5.525
v 11.75 2.469999 5.525
vt 0.9609375 0.328125
vt 0.958984375 0.328125
vt 0.958984375 0.34375
vt 0.9609375 0.34375
f 2815/8425 2811/8426 2810/8427 2814/8428
vt 0.95703125 0.328125
vt 0.955078125 0.328125
vt 0.955078125 0.34375
vt 0.95703125 0.34375
f 2812/8429 2816/8430 2813/8431 2809/8432
vt 0.958984375 0.34375
vt 0.95703125 0.34375
vt 0.95703125 0.359375
vt 0.958984375 0.359375
f 2810/8433 2809/8434 2813/8435 2814/8436
vt 0.9609375 0.359375
vt 0.958984375 0.359375
vt 0.958984375 0.34375
vt 0.9609375 0.34375
f 2815/8437 2816/8438 2812/8439 2811/8440
vt 0.958984375 0.328125
vt 0.95703125 0.328125
vt 0.95703125 0.34375
vt 0.958984375 0.34375
f 2811/8441 2812/8442 2809/8443 2810/8444
vt 0.962890625 0.328125
vt 0.9609375 0.328125
vt 0.9609375 0.34375
vt 0.962890625 0.34375
f 2816/8445 2815/8446 2814/8447 2813/8448
o ammoModel252
v 11.75 2.569999 5.41
v 11.95 2.569999 5.41
v 11.95 2.529999 5.375
v 11.75 2.529999 5.375
v 11.75 2.569999 5.49
v 11.95 2.569999 5.49
v 11.95 2.529999 5.525
v 11.75 2.529999 5.525
vt 0.9765625 0.328125
vt 0.974609375 0.328125
vt 0.974609375 0.34375
vt 0.9765625 0.34375
f 2823/8449 2819/8450 2818/8451 2822/8452
vt 0.97265625 0.328125
vt 0.970703125 0.328125
vt 0.970703125 0.34375
vt 0.97265625 0.34375
f 2820/8453 2824/8454 2821/8455 2817/8456
vt 0.974609375 0.34375
vt 0.97265625 0.34375
vt 0.97265625 0.359375
vt 0.974609375 0.359375
f 2818/8457 2817/8458 2821/8459 2822/8460
vt 0.9765625 0.359375
vt 0.974609375 0.359375
vt 0.974609375 0.34375
vt 0.9765625 0.34375
f 2823/8461 2824/8462 2820/8463 2819/8464
vt 0.974609375 0.328125
vt 0.97265625 0.328125
vt 0.97265625 0.34375
vt 0.974609375 0.34375
f 2819/8465 2820/8466 2817/8467 2818/8468
vt 0.978515625 0.328125
vt 0.9765625 0.328125
vt 0.9765625 0.34375
vt 0.978515625 0.34375
f 2824/8469 2823/8470 2822/8471 2821/8472
o ammoModel253
v 11.55 2.579999 5.4
v 11.75 2.579999 5.4
v 11.75 2.549999 5.37
v 11.55 2.549999 5.37
v 11.55 2.579999 5.5
v 11.75 2.579999 5.5
v 11.75 2.549999 5.53
v 11.55 2.549999 5.53
vt 0.9921875 0.328125
vt 0.990234375 0.328125
vt 0.990234375 0.34375
vt 0.9921875 0.34375
f 2831/8473 2827/8474 2826/8475 2830/8476
vt 0.98828125 0.328125
vt 0.986328125 0.328125
vt 0.986328125 0.34375
vt 0.98828125 0.34375
f 2828/8477 2832/8478 2829/8479 2825/8480
vt 0.990234375 0.34375
vt 0.98828125 0.34375
vt 0.98828125 0.359375
vt 0.990234375 0.359375
f 2826/8481 2825/8482 2829/8483 2830/8484
vt 0.9921875 0.359375
vt 0.990234375 0.359375
vt 0.990234375 0.34375
vt 0.9921875 0.34375
f 2831/8485 2832/8486 2828/8487 2827/8488
vt 0.990234375 0.328125
vt 0.98828125 0.328125
vt 0.98828125 0.34375
vt 0.990234375 0.34375
f 2827/8489 2828/8490 2825/8491 2826/8492
vt 0.994140625 0.328125
vt 0.9921875 0.328125
vt 0.9921875 0.34375
vt 0.994140625 0.34375
f 2832/8493 2831/8494 2830/8495 2829/8496
o ammoModel254
v 11.55 2.549999 5.37
v 11.75 2.549999 5.37
v 11.75 2.449999 5.37
v 11.55 2.449999 5.37
v 11.55 2.549999 5.53
v 11.75 2.549999 5.53
v 11.75 2.449999 5.53
v 11.55 2.449999 5.53
vt 0.0078125 0.203125
vt 0.005859375 0.203125
vt 0.005859375 0.21875
vt 0.0078125 0.21875
f 2839/8497 2835/8498 2834/8499 2838/8500
vt 0.00390625 0.203125
vt 0.001953125 0.203125
vt 0.001953125 0.21875
vt 0.00390625 0.21875
f 2836/8501 2840/8502 2837/8503 2833/8504
vt 0.005859375 0.21875
vt 0.00390625 0.21875
vt 0.00390625 0.234375
vt 0.005859375 0.234375
f 2834/8505 2833/8506 2837/8507 2838/8508
vt 0.0078125 0.234375
vt 0.005859375 0.234375
vt 0.005859375 0.21875
vt 0.0078125 0.21875
f 2839/8509 2840/8510 2836/8511 2835/8512
vt 0.005859375 0.203125
vt 0.00390625 0.203125
vt 0.00390625 0.21875
vt 0.005859375 0.21875
f 2835/8513 2836/8514 2833/8515 2834/8516
vt 0.009765625 0.203125
vt 0.0078125 0.203125
vt 0.0078125 0.21875
vt 0.009765625 0.21875
f 2840/8517 2839/8518 2838/8519 2837/8520
o ammoModel255
v 11.55 2.449998 5.37
v 11.75 2.449998 5.37
v 11.75 2.419998 5.4
v 11.55 2.419998 5.4
v 11.55 2.449998 5.53
v 11.75 2.449998 5.53
v 11.75 2.419998 5.5
v 11.55 2.419998 5.5
vt 0.0234375 0.203125
vt 0.021484375 0.203125
vt 0.021484375 0.21875
vt 0.0234375 0.21875
f 2847/8521 2843/8522 2842/8523 2846/8524
vt 0.01953125 0.203125
vt 0.017578125 0.203125
vt 0.017578125 0.21875
vt 0.01953125 0.21875
f 2844/8525 2848/8526 2845/8527 2841/8528
vt 0.021484375 0.21875
vt 0.01953125 0.21875
vt 0.01953125 0.234375
vt 0.021484375 0.234375
f 2842/8529 2841/8530 2845/8531 2846/8532
vt 0.0234375 0.234375
vt 0.021484375 0.234375
vt 0.021484375 0.21875
vt 0.0234375 0.21875
f 2847/8533 2848/8534 2844/8535 2843/8536
vt 0.021484375 0.203125
vt 0.01953125 0.203125
vt 0.01953125 0.21875
vt 0.021484375 0.21875
f 2843/8537 2844/8538 2841/8539 2842/8540
vt 0.025390625 0.203125
vt 0.0234375 0.203125
vt 0.0234375 0.21875
vt 0.025390625 0.21875
f 2848/8541 2847/8542 2846/8543 2845/8544
o ammoModel256
v 11.42 2.449998 5.33
v 11.57 2.449998 5.37
v 11.57 2.419998 5.41
v 11.42 2.389998 5.39
v 11.42 2.449998 5.57
v 11.57 2.449998 5.53
v 11.57 2.419998 5.49
v 11.42 2.389998 5.51
vt 0.0390625 0.203125
vt 0.037109375 0.203125
vt 0.037109375 0.21875
vt 0.0390625 0.21875
f 2855/8545 2851/8546 2850/8547 2854/8548
vt 0.03515625 0.203125
vt 0.033203125 0.203125
vt 0.033203125 0.21875
vt 0.03515625 0.21875
f 2852/8549 2856/8550 2853/8551 2849/8552
vt 0.037109375 0.21875
vt 0.03515625 0.21875
vt 0.03515625 0.234375
vt 0.037109375 0.234375
f 2850/8553 2849/8554 2853/8555 2854/8556
vt 0.0390625 0.234375
vt 0.037109375 0.234375
vt 0.037109375 0.21875
vt 0.0390625 0.21875
f 2855/8557 2856/8558 2852/8559 2851/8560
vt 0.037109375 0.203125
vt 0.03515625 0.203125
vt 0.03515625 0.21875
vt 0.037109375 0.21875
f 2851/8561 2852/8562 2849/8563 2850/8564
vt 0.041015625 0.203125
vt 0.0390625 0.203125
vt 0.0390625 0.21875
vt 0.041015625 0.21875
f 2856/8565 2855/8566 2854/8567 2853/8568
o ammoModel257
v 11.42 2.549999 5.33
v 11.57 2.549999 5.37
v 11.57 2.449999 5.37
v 11.42 2.449999 5.33
v 11.42 2.549999 5.57
v 11.57 2.549999 5.53
v 11.57 2.449999 5.53
v 11.42 2.449999 5.57
vt 0.0546875 0.203125
vt 0.052734375 0.203125
vt 0.052734375 0.21875
vt 0.0546875 0.21875
f 2863/8569 2859/8570 2858/8571 2862/8572
vt 0.05078125 0.203125
vt 0.048828125 0.203125
vt 0.048828125 0.21875
vt 0.05078125 0.21875
f 2860/8573 2864/8574 2861/8575 2857/8576
vt 0.052734375 0.21875
vt 0.05078125 0.21875
vt 0.05078125 0.234375
vt 0.052734375 0.234375
f 2858/8577 2857/8578 2861/8579 2862/8580
vt 0.0546875 0.234375
vt 0.052734375 0.234375
vt 0.052734375 0.21875
vt 0.0546875 0.21875
f 2863/8581 2864/8582 2860/8583 2859/8584
vt 0.052734375 0.203125
vt 0.05078125 0.203125
vt 0.05078125 0.21875
vt 0.052734375 0.21875
f 2859/8585 2860/8586 2857/8587 2858/8588
vt 0.056640625 0.203125
vt 0.0546875 0.203125
vt 0.0546875 0.21875
vt 0.056640625 0.21875
f 2864/8589 2863/8590 2862/8591 2861/8592
o ammoModel258
v 10.2 2.609999 5.4
v 11.42 2.609999 5.4
v 11.42 2.549999 5.33
v 10.2 2.549999 5.33
v 10.2 2.609999 5.5
v 11.42 2.609999 5.5
v 11.42 2.549999 5.57
v 10.2 2.549999 5.57
vt 0.0703125 0.203125
vt 0.068359375 0.203125
vt 0.068359375 0.21875
vt 0.0703125 0.21875
f 2871/8593 2867/8594 2866/8595 2870/8596
vt 0.06640625 0.203125
vt 0.064453125 0.203125
vt 0.064453125 0.21875
vt 0.06640625 0.21875
f 2868/8597 2872/8598 2869/8599 2865/8600
vt 0.068359375 0.21875
vt 0.06640625 0.21875
vt 0.06640625 0.234375
vt 0.068359375 0.234375
f 2866/8601 2865/8602 2869/8603 2870/8604
vt 0.0703125 0.234375
vt 0.068359375 0.234375
vt 0.068359375 0.21875
vt 0.0703125 0.21875
f 2871/8605 2872/8606 2868/8607 2867/8608
vt 0.068359375 0.203125
vt 0.06640625 0.203125
vt 0.06640625 0.21875
vt 0.068359375 0.21875
f 2867/8609 2868/8610 2865/8611 2866/8612
vt 0.072265625 0.203125
vt 0.0703125 0.203125
vt 0.0703125 0.21875
vt 0.072265625 0.21875
f 2872/8613 2871/8614 2870/8615 2869/8616
o ammoModel259
v 10.2 2.549999 5.33
v 11.42 2.549999 5.33
v 11.42 2.449999 5.33
v 10.2 2.449999 5.33
v 10.2 2.549999 5.57
v 11.42 2.549999 5.57
v 11.42 2.449999 5.57
v 10.2 2.449999 5.57
vt 0.0859375 0.203125
vt 0.083984375 0.203125
vt 0.083984375 0.21875
vt 0.0859375 0.21875
f 2879/8617 2875/8618 2874/8619 2878/8620
vt 0.08203125 0.203125
vt 0.080078125 0.203125
vt 0.080078125 0.21875
vt 0.08203125 0.21875
f 2876/8621 2880/8622 2877/8623 2873/8624
vt 0.083984375 0.21875
vt 0.08203125 0.21875
vt 0.08203125 0.234375
vt 0.083984375 0.234375
f 2874/8625 2873/8626 2877/8627 2878/8628
vt 0.0859375 0.234375
vt 0.083984375 0.234375
vt 0.083984375 0.21875
vt 0.0859375 0.21875
f 2879/8629 2880/8630 2876/8631 2875/8632
vt 0.083984375 0.203125
vt 0.08203125 0.203125
vt 0.08203125 0.21875
vt 0.083984375 0.21875
f 2875/8633 2876/8634 2873/8635 2874/8636
vt 0.087890625 0.203125
vt 0.0859375 0.203125
vt 0.0859375 0.21875
vt 0.087890625 0.21875
f 2880/8637 2879/8638 2878/8639 2877/8640
o ammoModel260
v 10.2 2.449998 5.33
v 11.42 2.449998 5.33
v 11.42 2.389998 5.4
v 10.2 2.389998 5.4
v 10.2 2.449998 5.57
v 11.42 2.449998 5.57
v 11.42 2.389998 5.5
v 10.2 2.389998 5.5
vt 0.1015625 0.203125
vt 0.099609375 0.203125
vt 0.099609375 0.21875
vt 0.1015625 0.21875
f 2887/8641 2883/8642 2882/8643 2886/8644
vt 0.09765625 0.203125
vt 0.095703125 0.203125
vt 0.095703125 0.21875
vt 0.09765625 0.21875
f 2884/8645 2888/8646 2885/8647 2881/8648
vt 0.099609375 0.21875
vt 0.09765625 0.21875
vt 0.09765625 0.234375
vt 0.099609375 0.234375
f 2882/8649 2881/8650 2885/8651 2886/8652
vt 0.1015625 0.234375
vt 0.099609375 0.234375
vt 0.099609375 0.21875
vt 0.1015625 0.21875
f 2887/8653 2888/8654 2884/8655 2883/8656
vt 0.099609375 0.203125
vt 0.09765625 0.203125
vt 0.09765625 0.21875
vt 0.099609375 0.21875
f 2883/8657 2884/8658 2881/8659 2882/8660
vt 0.103515625 0.203125
vt 0.1015625 0.203125
vt 0.1015625 0.21875
vt 0.103515625 0.21875
f 2888/8661 2887/8662 2886/8663 2885/8664
o ammoModel261
v 11.42 2.609999 5.69
v 11.57 2.579999 5.7
v 11.57 2.549999 5.67
v 11.42 2.549999 5.63
v 11.42 2.609999 5.81
v 11.57 2.579999 5.8
v 11.57 2.549999 5.83
v 11.42 2.549999 5.87
vt 0.1171875 0.203125
vt 0.115234375 0.203125
vt 0.115234375 0.21875
vt 0.1171875 0.21875
f 2895/8665 2891/8666 2890/8667 2894/8668
vt 0.11328125 0.203125
vt 0.111328125 0.203125
vt 0.111328125 0.21875
vt 0.11328125 0.21875
f 2892/8669 2896/8670 2893/8671 2889/8672
vt 0.115234375 0.21875
vt 0.11328125 0.21875
vt 0.11328125 0.234375
vt 0.115234375 0.234375
f 2890/8673 2889/8674 2893/8675 2894/8676
vt 0.1171875 0.234375
vt 0.115234375 0.234375
vt 0.115234375 0.21875
vt 0.1171875 0.21875
f 2895/8677 2896/8678 2892/8679 2891/8680
vt 0.115234375 0.203125
vt 0.11328125 0.203125
vt 0.11328125 0.21875
vt 0.115234375 0.21875
f 2891/8681 2892/8682 2889/8683 2890/8684
vt 0.119140625 0.203125
vt 0.1171875 0.203125
vt 0.1171875 0.21875
vt 0.119140625 0.21875
f 2896/8685 2895/8686 2894/8687 2893/8688
o ammoModel262
v 11.95 2.569999 5.71
v 12.25 2.509999 5.74
v 12.25 2.509999 5.74
v 11.95 2.529999 5.675
v 11.95 2.569999 5.79
v 12.25 2.509999 5.76
v 12.25 2.509999 5.76
v 11.95 2.529999 5.825
vt 0.1328125 0.203125
vt 0.130859375 0.203125
vt 0.130859375 0.21875
vt 0.1328125 0.21875
f 2903/8689 2899/8690 2898/8691 2902/8692
vt 0.12890625 0.203125
vt 0.126953125 0.203125
vt 0.126953125 0.21875
vt 0.12890625 0.21875
f 2900/8693 2904/8694 2901/8695 2897/8696
vt 0.130859375 0.21875
vt 0.12890625 0.21875
vt 0.12890625 0.234375
vt 0.130859375 0.234375
f 2898/8697 2897/8698 2901/8699 2902/8700
vt 0.1328125 0.234375
vt 0.130859375 0.234375
vt 0.130859375 0.21875
vt 0.1328125 0.21875
f 2903/8701 2904/8702 2900/8703 2899/8704
vt 0.130859375 0.203125
vt 0.12890625 0.203125
vt 0.12890625 0.21875
vt 0.130859375 0.21875
f 2899/8705 2900/8706 2897/8707 2898/8708
vt 0.134765625 0.203125
vt 0.1328125 0.203125
vt 0.1328125 0.21875
vt 0.134765625 0.21875
f 2904/8709 2903/8710 2902/8711 2901/8712
o ammoModel263
v 11.95 2.529999 5.675
v 12.25 2.509999 5.74
v 12.25 2.489999 5.74
v 11.95 2.469999 5.675
v 11.95 2.529999 5.825
v 12.25 2.509999 5.76
v 12.25 2.489999 5.76
v 11.95 2.469999 5.825
vt 0.1484375 0.203125
vt 0.146484375 0.203125
vt 0.146484375 0.21875
vt 0.1484375 0.21875
f 2911/8713 2907/8714 2906/8715 2910/8716
vt 0.14453125 0.203125
vt 0.142578125 0.203125
vt 0.142578125 0.21875
vt 0.14453125 0.21875
f 2908/8717 2912/8718 2909/8719 2905/8720
vt 0.146484375 0.21875
vt 0.14453125 0.21875
vt 0.14453125 0.234375
vt 0.146484375 0.234375
f 2906/8721 2905/8722 2909/8723 2910/8724
vt 0.1484375 0.234375
vt 0.146484375 0.234375
vt 0.146484375 0.21875
vt 0.1484375 0.21875
f 2911/8725 2912/8726 2908/8727 2907/8728
vt 0.146484375 0.203125
vt 0.14453125 0.203125
vt 0.14453125 0.21875
vt 0.146484375 0.21875
f 2907/8729 2908/8730 2905/8731 2906/8732
vt 0.150390625 0.203125
vt 0.1484375 0.203125
vt 0.1484375 0.21875
vt 0.150390625 0.21875
f 2912/8733 2911/8734 2910/8735 2909/8736
o ammoModel264
v 11.95 2.469999 5.675
v 12.25 2.489999 5.74
v 12.25 2.489999 5.74
v 11.95 2.429999 5.71
v 11.95 2.469999 5.825
v 12.25 2.489999 5.76
v 12.25 2.489999 5.76
v 11.95 2.429999 5.79
vt 0.1640625 0.203125
vt 0.162109375 0.203125
vt 0.162109375 0.21875
vt 0.1640625 0.21875
f 2919/8737 2915/8738 2914/8739 2918/8740
vt 0.16015625 0.203125
vt 0.158203125 0.203125
vt 0.158203125 0.21875
vt 0.16015625 0.21875
f 2916/8741 2920/8742 2917/8743 2913/8744
vt 0.162109375 0.21875
vt 0.16015625 0.21875
vt 0.16015625 0.234375
vt 0.162109375 0.234375
f 2914/8745 2913/8746 2917/8747 2918/8748
vt 0.1640625 0.234375
vt 0.162109375 0.234375
vt 0.162109375 0.21875
vt 0.1640625 0.21875
f 2919/8749 2920/8750 2916/8751 2915/8752
vt 0.162109375 0.203125
vt 0.16015625 0.203125
vt 0.16015625 0.21875
vt 0.162109375 0.21875
f 2915/8753 2916/8754 2913/8755 2914/8756
vt 0.166015625 0.203125
vt 0.1640625 0.203125
vt 0.1640625 0.21875
vt 0.166015625 0.21875
f 2920/8757 2919/8758 2918/8759 2917/8760
o ammoModel265
v 11.75 2.469999 5.675
v 11.95 2.469999 5.675
v 11.95 2.429999 5.71
v 11.75 2.429999 5.71
v 11.75 2.469999 5.825
v 11.95 2.469999 5.825
v 11.95 2.429999 5.79
v 11.75 2.429999 5.79
vt 0.1796875 0.203125
vt 0.177734375 0.203125
vt 0.177734375 0.21875
vt 0.1796875 0.21875
f 2927/8761 2923/8762 2922/8763 2926/8764
vt 0.17578125 0.203125
vt 0.173828125 0.203125
vt 0.173828125 0.21875
vt 0.17578125 0.21875
f 2924/8765 2928/8766 2925/8767 2921/8768
vt 0.177734375 0.21875
vt 0.17578125 0.21875
vt 0.17578125 0.234375
vt 0.177734375 0.234375
f 2922/8769 2921/8770 2925/8771 2926/8772
vt 0.1796875 0.234375
vt 0.177734375 0.234375
vt 0.177734375 0.21875
vt 0.1796875 0.21875
f 2927/8773 2928/8774 2924/8775 2923/8776
vt 0.177734375 0.203125
vt 0.17578125 0.203125
vt 0.17578125 0.21875
vt 0.177734375 0.21875
f 2923/8777 2924/8778 2921/8779 2922/8780
vt 0.181640625 0.203125
vt 0.1796875 0.203125
vt 0.1796875 0.21875
vt 0.181640625 0.21875
f 2928/8781 2927/8782 2926/8783 2925/8784
o ammoModel266
v 11.75 2.529999 5.675
v 11.95 2.529999 5.675
v 11.95 2.469999 5.675
v 11.75 2.469999 5.675
v 11.75 2.529999 5.825
v 11.95 2.529999 5.825
v 11.95 2.469999 5.825
v 11.75 2.469999 5.825
vt 0.1953125 0.203125
vt 0.193359375 0.203125
vt 0.193359375 0.21875
vt 0.1953125 0.21875
f 2935/8785 2931/8786 2930/8787 2934/8788
vt 0.19140625 0.203125
vt 0.189453125 0.203125
vt 0.189453125 0.21875
vt 0.19140625 0.21875
f 2932/8789 2936/8790 2933/8791 2929/8792
vt 0.193359375 0.21875
vt 0.19140625 0.21875
vt 0.19140625 0.234375
vt 0.193359375 0.234375
f 2930/8793 2929/8794 2933/8795 2934/8796
vt 0.1953125 0.234375
vt 0.193359375 0.234375
vt 0.193359375 0.21875
vt 0.1953125 0.21875
f 2935/8797 2936/8798 2932/8799 2931/8800
vt 0.193359375 0.203125
vt 0.19140625 0.203125
vt 0.19140625 0.21875
vt 0.193359375 0.21875
f 2931/8801 2932/8802 2929/8803 2930/8804
vt 0.197265625 0.203125
vt 0.1953125 0.203125
vt 0.1953125 0.21875
vt 0.197265625 0.21875
f 2936/8805 2935/8806 2934/8807 2933/8808
o ammoModel267
v 11.75 2.569999 5.71
v 11.95 2.569999 5.71
v 11.95 2.529999 5.675
v 11.75 2.529999 5.675
v 11.75 2.569999 5.79
v 11.95 2.569999 5.79
v 11.95 2.529999 5.825
v 11.75 2.529999 5.825
vt 0.2109375 0.203125
vt 0.208984375 0.203125
vt 0.208984375 0.21875
vt 0.2109375 0.21875
f 2943/8809 2939/8810 2938/8811 2942/8812
vt 0.20703125 0.203125
vt 0.205078125 0.203125
vt 0.205078125 0.21875
vt 0.20703125 0.21875
f 2940/8813 2944/8814 2941/8815 2937/8816
vt 0.208984375 0.21875
vt 0.20703125 0.21875
vt 0.20703125 0.234375
vt 0.208984375 0.234375
f 2938/8817 2937/8818 2941/8819 2942/8820
vt 0.2109375 0.234375
vt 0.208984375 0.234375
vt 0.208984375 0.21875
vt 0.2109375 0.21875
f 2943/8821 2944/8822 2940/8823 2939/8824
vt 0.208984375 0.203125
vt 0.20703125 0.203125
vt 0.20703125 0.21875
vt 0.208984375 0.21875
f 2939/8825 2940/8826 2937/8827 2938/8828
vt 0.212890625 0.203125
vt 0.2109375 0.203125
vt 0.2109375 0.21875
vt 0.212890625 0.21875
f 2944/8829 2943/8830 2942/8831 2941/8832
o ammoModel268
v 11.55 2.579999 5.7
v 11.75 2.579999 5.7
v 11.75 2.549999 5.67
v 11.55 2.549999 5.67
v 11.55 2.579999 5.8
v 11.75 2.579999 5.8
v 11.75 2.549999 5.83
v 11.55 2.549999 5.83
vt 0.2265625 0.203125
vt 0.224609375 0.203125
vt 0.224609375 0.21875
vt 0.2265625 0.21875
f 2951/8833 2947/8834 2946/8835 2950/8836
vt 0.22265625 0.203125
vt 0.220703125 0.203125
vt 0.220703125 0.21875
vt 0.22265625 0.21875
f 2948/8837 2952/8838 2949/8839 2945/8840
vt 0.224609375 0.21875
vt 0.22265625 0.21875
vt 0.22265625 0.234375
vt 0.224609375 0.234375
f 2946/8841 2945/8842 2949/8843 2950/8844
vt 0.2265625 0.234375
vt 0.224609375 0.234375
vt 0.224609375 0.21875
vt 0.2265625 0.21875
f 2951/8845 2952/8846 2948/8847 2947/8848
vt 0.224609375 0.203125
vt 0.22265625 0.203125
vt 0.22265625 0.21875
vt 0.224609375 0.21875
f 2947/8849 2948/8850 2945/8851 2946/8852
vt 0.228515625 0.203125
vt 0.2265625 0.203125
vt 0.2265625 0.21875
vt 0.228515625 0.21875
f 2952/8853 2951/8854 2950/8855 2949/8856
o ammoModel269
v 11.55 2.549999 5.67
v 11.75 2.549999 5.67
v 11.75 2.449999 5.67
v 11.55 2.449999 5.67
v 11.55 2.549999 5.83
v 11.75 2.549999 5.83
v 11.75 2.449999 5.83
v 11.55 2.449999 5.83
vt 0.2421875 0.203125
vt 0.240234375 0.203125
vt 0.240234375 0.21875
vt 0.2421875 0.21875
f 2959/8857 2955/8858 2954/8859 2958/8860
vt 0.23828125 0.203125
vt 0.236328125 0.203125
vt 0.236328125 0.21875
vt 0.23828125 0.21875
f 2956/8861 2960/8862 2957/8863 2953/8864
vt 0.240234375 0.21875
vt 0.23828125 0.21875
vt 0.23828125 0.234375
vt 0.240234375 0.234375
f 2954/8865 2953/8866 2957/8867 2958/8868
vt 0.2421875 0.234375
vt 0.240234375 0.234375
vt 0.240234375 0.21875
vt 0.2421875 0.21875
f 2959/8869 2960/8870 2956/8871 2955/8872
vt 0.240234375 0.203125
vt 0.23828125 0.203125
vt 0.23828125 0.21875
vt 0.240234375 0.21875
f 2955/8873 2956/8874 2953/8875 2954/8876
vt 0.244140625 0.203125
vt 0.2421875 0.203125
vt 0.2421875 0.21875
vt 0.244140625 0.21875
f 2960/8877 2959/8878 2958/8879 2957/8880
o ammoModel270
v 11.55 2.449998 5.67
v 11.75 2.449998 5.67
v 11.75 2.419998 5.7
v 11.55 2.419998 5.7
v 11.55 2.449998 5.83
v 11.75 2.449998 5.83
v 11.75 2.419998 5.8
v 11.55 2.419998 5.8
vt 0.2578125 0.203125
vt 0.255859375 0.203125
vt 0.255859375 0.21875
vt 0.2578125 0.21875
f 2967/8881 2963/8882 2962/8883 2966/8884
vt 0.25390625 0.203125
vt 0.251953125 0.203125
vt 0.251953125 0.21875
vt 0.25390625 0.21875
f 2964/8885 2968/8886 2965/8887 2961/8888
vt 0.255859375 0.21875
vt 0.25390625 0.21875
vt 0.25390625 0.234375
vt 0.255859375 0.234375
f 2962/8889 2961/8890 2965/8891 2966/8892
vt 0.2578125 0.234375
vt 0.255859375 0.234375
vt 0.255859375 0.21875
vt 0.2578125 0.21875
f 2967/8893 2968/8894 2964/8895 2963/8896
vt 0.255859375 0.203125
vt 0.25390625 0.203125
vt 0.25390625 0.21875
vt 0.255859375 0.21875
f 2963/8897 2964/8898 2961/8899 2962/8900
vt 0.259765625 0.203125
vt 0.2578125 0.203125
vt 0.2578125 0.21875
vt 0.259765625 0.21875
f 2968/8901 2967/8902 2966/8903 2965/8904
o ammoModel271
v 11.42 2.449998 5.63
v 11.57 2.449998 5.67
v 11.57 2.419998 5.71
v 11.42 2.389998 5.69
v 11.42 2.449998 5.87
v 11.57 2.449998 5.83
v 11.57 2.419998 5.79
v 11.42 2.389998 5.81
vt 0.2734375 0.203125
vt 0.271484375 0.203125
vt 0.271484375 0.21875
vt 0.2734375 0.21875
f 2975/8905 2971/8906 2970/8907 2974/8908
vt 0.26953125 0.203125
vt 0.267578125 0.203125
vt 0.267578125 0.21875
vt 0.26953125 0.21875
f 2972/8909 2976/8910 2973/8911 2969/8912
vt 0.271484375 0.21875
vt 0.26953125 0.21875
vt 0.26953125 0.234375
vt 0.271484375 0.234375
f 2970/8913 2969/8914 2973/8915 2974/8916
vt 0.2734375 0.234375
vt 0.271484375 0.234375
vt 0.271484375 0.21875
vt 0.2734375 0.21875
f 2975/8917 2976/8918 2972/8919 2971/8920
vt 0.271484375 0.203125
vt 0.26953125 0.203125
vt 0.26953125 0.21875
vt 0.271484375 0.21875
f 2971/8921 2972/8922 2969/8923 2970/8924
vt 0.275390625 0.203125
vt 0.2734375 0.203125
vt 0.2734375 0.21875
vt 0.275390625 0.21875
f 2976/8925 2975/8926 2974/8927 2973/8928
o ammoModel272
v 11.42 2.549999 5.63
v 11.57 2.549999 5.67
v 11.57 2.449999 5.67
v 11.42 2.449999 5.63
v 11.42 2.549999 5.87
v 11.57 2.549999 5.83
v 11.57 2.449999 5.83
v 11.42 2.449999 5.87
vt 0.2890625 0.203125
vt 0.287109375 0.203125
vt 0.287109375 0.21875
vt 0.2890625 0.21875
f 2983/8929 2979/8930 2978/8931 2982/8932
vt 0.28515625 0.203125
vt 0.283203125 0.203125
vt 0.283203125 0.21875
vt 0.28515625 0.21875
f 2980/8933 2984/8934 2981/8935 2977/8936
vt 0.287109375 0.21875
vt 0.28515625 0.21875
vt 0.28515625 0.234375
vt 0.287109375 0.234375
f 2978/8937 2977/8938 2981/8939 2982/8940
vt 0.2890625 0.234375
vt 0.287109375 0.234375
vt 0.287109375 0.21875
vt 0.2890625 0.21875
f 2983/8941 2984/8942 2980/8943 2979/8944
vt 0.287109375 0.203125
vt 0.28515625 0.203125
vt 0.28515625 0.21875
vt 0.287109375 0.21875
f 2979/8945 2980/8946 2977/8947 2978/8948
vt 0.291015625 0.203125
vt 0.2890625 0.203125
vt 0.2890625 0.21875
vt 0.291015625 0.21875
f 2984/8949 2983/8950 2982/8951 2981/8952
o ammoModel273
v 10.2 2.609999 5.7
v 11.42 2.609999 5.7
v 11.42 2.549999 5.63
v 10.2 2.549999 5.63
v 10.2 2.609999 5.8
v 11.42 2.609999 5.8
v 11.42 2.549999 5.87
v 10.2 2.549999 5.87
vt 0.3046875 0.203125
vt 0.302734375 0.203125
vt 0.302734375 0.21875
vt 0.3046875 0.21875
f 2991/8953 2987/8954 2986/8955 2990/8956
vt 0.30078125 0.203125
vt 0.298828125 0.203125
vt 0.298828125 0.21875
vt 0.30078125 0.21875
f 2988/8957 2992/8958 2989/8959 2985/8960
vt 0.302734375 0.21875
vt 0.30078125 0.21875
vt 0.30078125 0.234375
vt 0.302734375 0.234375
f 2986/8961 2985/8962 2989/8963 2990/8964
vt 0.3046875 0.234375
vt 0.302734375 0.234375
vt 0.302734375 0.21875
vt 0.3046875 0.21875
f 2991/8965 2992/8966 2988/8967 2987/8968
vt 0.302734375 0.203125
vt 0.30078125 0.203125
vt 0.30078125 0.21875
vt 0.302734375 0.21875
f 2987/8969 2988/8970 2985/8971 2986/8972
vt 0.306640625 0.203125
vt 0.3046875 0.203125
vt 0.3046875 0.21875
vt 0.306640625 0.21875
f 2992/8973 2991/8974 2990/8975 2989/8976
o ammoModel274
v 10.2 2.549999 5.63
v 11.42 2.549999 5.63
v 11.42 2.449999 5.63
v 10.2 2.449999 5.63
v 10.2 2.549999 5.87
v 11.42 2.549999 5.87
v 11.42 2.449999 5.87
v 10.2 2.449999 5.87
vt 0.3203125 0.203125
vt 0.318359375 0.203125
vt 0.318359375 0.21875
vt 0.3203125 0.21875
f 2999/8977 2995/8978 2994/8979 2998/8980
vt 0.31640625 0.203125
vt 0.314453125 0.203125
vt 0.314453125 0.21875
vt 0.31640625 0.21875
f 2996/8981 3000/8982 2997/8983 2993/8984
vt 0.318359375 0.21875
vt 0.31640625 0.21875
vt 0.31640625 0.234375
vt 0.318359375 0.234375
f 2994/8985 2993/8986 2997/8987 2998/8988
vt 0.3203125 0.234375
vt 0.318359375 0.234375
vt 0.318359375 0.21875
vt 0.3203125 0.21875
f 2999/8989 3000/8990 2996/8991 2995/8992
vt 0.318359375 0.203125
vt 0.31640625 0.203125
vt 0.31640625 0.21875
vt 0.318359375 0.21875
f 2995/8993 2996/8994 2993/8995 2994/8996
vt 0.322265625 0.203125
vt 0.3203125 0.203125
vt 0.3203125 0.21875
vt 0.322265625 0.21875
f 3000/8997 2999/8998 2998/8999 2997/9000
o ammoModel275
v 10.2 2.449998 5.63
v 11.42 2.449998 5.63
v 11.42 2.389998 5.7
v 10.2 2.389998 5.7
v 10.2 2.449998 5.87
v 11.42 2.449998 5.87
v 11.42 2.389998 5.8
v 10.2 2.389998 5.8
vt 0.3359375 0.203125
vt 0.333984375 0.203125
vt 0.333984375 0.21875
vt 0.3359375 0.21875
f 3007/9001 3003/9002 3002/9003 3006/9004
vt 0.33203125 0.203125
vt 0.330078125 0.203125
vt 0.330078125 0.21875
vt 0.33203125 0.21875
f 3004/9005 3008/9006 3005/9007 3001/9008
vt 0.333984375 0.21875
vt 0.33203125 0.21875
vt 0.33203125 0.234375
vt 0.333984375 0.234375
f 3002/9009 3001/9010 3005/9011 3006/9012
vt 0.3359375 0.234375
vt 0.333984375 0.234375
vt 0.333984375 0.21875
vt 0.3359375 0.21875
f 3007/9013 3008/9014 3004/9015 3003/9016
vt 0.333984375 0.203125
vt 0.33203125 0.203125
vt 0.33203125 0.21875
vt 0.333984375 0.21875
f 3003/9017 3004/9018 3001/9019 3002/9020
vt 0.337890625 0.203125
vt 0.3359375 0.203125
vt 0.3359375 0.21875
vt 0.337890625 0.21875
f 3008/9021 3007/9022 3006/9023 3005/9024
o ammoModel276
v 11.42 2.609999 5.99
v 11.57 2.579999 6
v 11.57 2.549999 5.97
v 11.42 2.549999 5.93
v 11.42 2.609999 6.11
v 11.57 2.579999 6.1
v 11.57 2.549999 6.13
v 11.42 2.549999 6.17
vt 0.3515625 0.203125
vt 0.349609375 0.203125
vt 0.349609375 0.21875
vt 0.3515625 0.21875
f 3015/9025 3011/9026 3010/9027 3014/9028
vt 0.34765625 0.203125
vt 0.345703125 0.203125
vt 0.345703125 0.21875
vt 0.34765625 0.21875
f 3012/9029 3016/9030 3013/9031 3009/9032
vt 0.349609375 0.21875
vt 0.34765625 0.21875
vt 0.34765625 0.234375
vt 0.349609375 0.234375
f 3010/9033 3009/9034 3013/9035 3014/9036
vt 0.3515625 0.234375
vt 0.349609375 0.234375
vt 0.349609375 0.21875
vt 0.3515625 0.21875
f 3015/9037 3016/9038 3012/9039 3011/9040
vt 0.349609375 0.203125
vt 0.34765625 0.203125
vt 0.34765625 0.21875
vt 0.349609375 0.21875
f 3011/9041 3012/9042 3009/9043 3010/9044
vt 0.353515625 0.203125
vt 0.3515625 0.203125
vt 0.3515625 0.21875
vt 0.353515625 0.21875
f 3016/9045 3015/9046 3014/9047 3013/9048
o ammoModel277
v 11.95 2.569999 6.01
v 12.25 2.509999 6.04
v 12.25 2.509999 6.04
v 11.95 2.529999 5.975
v 11.95 2.569999 6.09
v 12.25 2.509999 6.06
v 12.25 2.509999 6.06
v 11.95 2.529999 6.125
vt 0.3671875 0.203125
vt 0.365234375 0.203125
vt 0.365234375 0.21875
vt 0.3671875 0.21875
f 3023/9049 3019/9050 3018/9051 3022/9052
vt 0.36328125 0.203125
vt 0.361328125 0.203125
vt 0.361328125 0.21875
vt 0.36328125 0.21875
f 3020/9053 3024/9054 3021/9055 3017/9056
vt 0.365234375 0.21875
vt 0.36328125 0.21875
vt 0.36328125 0.234375
vt 0.365234375 0.234375
f 3018/9057 3017/9058 3021/9059 3022/9060
vt 0.3671875 0.234375
vt 0.365234375 0.234375
vt 0.365234375 0.21875
vt 0.3671875 0.21875
f 3023/9061 3024/9062 3020/9063 3019/9064
vt 0.365234375 0.203125
vt 0.36328125 0.203125
vt 0.36328125 0.21875
vt 0.365234375 0.21875
f 3019/9065 3020/9066 3017/9067 3018/9068
vt 0.369140625 0.203125
vt 0.3671875 0.203125
vt 0.3671875 0.21875
vt 0.369140625 0.21875
f 3024/9069 3023/9070 3022/9071 3021/9072
o ammoModel278
v 11.95 2.529999 5.975
v 12.25 2.509999 6.04
v 12.25 2.489999 6.04
v 11.95 2.469999 5.975
v 11.95 2.529999 6.125
v 12.25 2.509999 6.06
v 12.25 2.489999 6.06
v 11.95 2.469999 6.125
vt 0.3828125 0.203125
vt 0.380859375 0.203125
vt 0.380859375 0.21875
vt 0.3828125 0.21875
f 3031/9073 3027/9074 3026/9075 3030/9076
vt 0.37890625 0.203125
vt 0.376953125 0.203125
vt 0.376953125 0.21875
vt 0.37890625 0.21875
f 3028/9077 3032/9078 3029/9079 3025/9080
vt 0.380859375 0.21875
vt 0.37890625 0.21875
vt 0.37890625 0.234375
vt 0.380859375 0.234375
f 3026/9081 3025/9082 3029/9083 3030/9084
vt 0.3828125 0.234375
vt 0.380859375 0.234375
vt 0.380859375 0.21875
vt 0.3828125 0.21875
f 3031/9085 3032/9086 3028/9087 3027/9088
vt 0.380859375 0.203125
vt 0.37890625 0.203125
vt 0.37890625 0.21875
vt 0.380859375 0.21875
f 3027/9089 3028/9090 3025/9091 3026/9092
vt 0.384765625 0.203125
vt 0.3828125 0.203125
vt 0.3828125 0.21875
vt 0.384765625 0.21875
f 3032/9093 3031/9094 3030/9095 3029/9096
o ammoModel279
v 11.95 2.469999 5.975
v 12.25 2.489999 6.04
v 12.25 2.489999 6.04
v 11.95 2.429999 6.01
v 11.95 2.469999 6.125
v 12.25 2.489999 6.06
v 12.25 2.489999 6.06
v 11.95 2.429999 6.09
vt 0.3984375 0.203125
vt 0.396484375 0.203125
vt 0.396484375 0.21875
vt 0.3984375 0.21875
f 3039/9097 3035/9098 3034/9099 3038/9100
vt 0.39453125 0.203125
vt 0.392578125 0.203125
vt 0.392578125 0.21875
vt 0.39453125 0.21875
f 3036/9101 3040/9102 3037/9103 3033/9104
vt 0.396484375 0.21875
vt 0.39453125 0.21875
vt 0.39453125 0.234375
vt 0.396484375 0.234375
f 3034/9105 3033/9106 3037/9107 3038/9108
vt 0.3984375 0.234375
vt 0.396484375 0.234375
vt 0.396484375 0.21875
vt 0.3984375 0.21875
f 3039/9109 3040/9110 3036/9111 3035/9112
vt 0.396484375 0.203125
vt 0.39453125 0.203125
vt 0.39453125 0.21875
vt 0.396484375 0.21875
f 3035/9113 3036/9114 3033/9115 3034/9116
vt 0.400390625 0.203125
vt 0.3984375 0.203125
vt 0.3984375 0.21875
vt 0.400390625 0.21875
f 3040/9117 3039/9118 3038/9119 3037/9120
o ammoModel280
v 11.75 2.469999 5.975
v 11.95 2.469999 5.975
v 11.95 2.429999 6.01
v 11.75 2.429999 6.01
v 11.75 2.469999 6.125
v 11.95 2.469999 6.125
v 11.95 2.429999 6.09
v 11.75 2.429999 6.09
vt 0.4140625 0.203125
vt 0.412109375 0.203125
vt 0.412109375 0.21875
vt 0.4140625 0.21875
f 3047/9121 3043/9122 3042/9123 3046/9124
vt 0.41015625 0.203125
vt 0.408203125 0.203125
vt 0.408203125 0.21875
vt 0.41015625 0.21875
f 3044/9125 3048/9126 3045/9127 3041/9128
vt 0.412109375 0.21875
vt 0.41015625 0.21875
vt 0.41015625 0.234375
vt 0.412109375 0.234375
f 3042/9129 3041/9130 3045/9131 3046/9132
vt 0.4140625 0.234375
vt 0.412109375 0.234375
vt 0.412109375 0.21875
vt 0.4140625 0.21875
f 3047/9133 3048/9134 3044/9135 3043/9136
vt 0.412109375 0.203125
vt 0.41015625 0.203125
vt 0.41015625 0.21875
vt 0.412109375 0.21875
f 3043/9137 3044/9138 3041/9139 3042/9140
vt 0.416015625 0.203125
vt 0.4140625 0.203125
vt 0.4140625 0.21875
vt 0.416015625 0.21875
f 3048/9141 3047/9142 3046/9143 3045/9144
o ammoModel281
v 11.75 2.529999 5.975
v 11.95 2.529999 5.975
v 11.95 2.469999 5.975
v 11.75 2.469999 5.975
v 11.75 2.529999 6.125
v 11.95 2.529999 6.125
v 11.95 2.469999 6.125
v 11.75 2.469999 6.125
vt 0.4296875 0.203125
vt 0.427734375 0.203125
vt 0.427734375 0.21875
vt 0.4296875 0.21875
f 3055/9145 3051/9146 3050/9147 3054/9148
vt 0.42578125 0.203125
vt 0.423828125 0.203125
vt 0.423828125 0.21875
vt 0.42578125 0.21875
f 3052/9149 3056/9150 3053/9151 3049/9152
vt 0.427734375 0.21875
vt 0.42578125 0.21875
vt 0.42578125 0.234375
vt 0.427734375 0.234375
f 3050/9153 3049/9154 3053/9155 3054/9156
vt 0.4296875 0.234375
vt 0.427734375 0.234375
vt 0.427734375 0.21875
vt 0.4296875 0.21875
f 3055/9157 3056/9158 3052/9159 3051/9160
vt 0.427734375 0.203125
vt 0.42578125 0.203125
vt 0.42578125 0.21875
vt 0.427734375 0.21875
f 3051/9161 3052/9162 3049/9163 3050/9164
vt 0.431640625 0.203125
vt 0.4296875 0.203125
vt 0.4296875 0.21875
vt 0.431640625 0.21875
f 3056/9165 3055/9166 3054/9167 3053/9168
o ammoModel282
v 11.75 2.569999 6.01
v 11.95 2.569999 6.01
v 11.95 2.529999 5.975
v 11.75 2.529999 5.975
v 11.75 2.569999 6.09
v 11.95 2.569999 6.09
v 11.95 2.529999 6.125
v 11.75 2.529999 6.125
vt 0.4453125 0.203125
vt 0.443359375 0.203125
vt 0.443359375 0.21875
vt 0.4453125 0.21875
f 3063/9169 3059/9170 3058/9171 3062/9172
vt 0.44140625 0.203125
vt 0.439453125 0.203125
vt 0.439453125 0.21875
vt 0.44140625 0.21875
f 3060/9173 3064/9174 3061/9175 3057/9176
vt 0.443359375 0.21875
vt 0.44140625 0.21875
vt 0.44140625 0.234375
vt 0.443359375 0.234375
f 3058/9177 3057/9178 3061/9179 3062/9180
vt 0.4453125 0.234375
vt 0.443359375 0.234375
vt 0.443359375 0.21875
vt 0.4453125 0.21875
f 3063/9181 3064/9182 3060/9183 3059/9184
vt 0.443359375 0.203125
vt 0.44140625 0.203125
vt 0.44140625 0.21875
vt 0.443359375 0.21875
f 3059/9185 3060/9186 3057/9187 3058/9188
vt 0.447265625 0.203125
vt 0.4453125 0.203125
vt 0.4453125 0.21875
vt 0.447265625 0.21875
f 3064/9189 3063/9190 3062/9191 3061/9192
o ammoModel283
v 11.55 2.579999 6
v 11.75 2.579999 6
v 11.75 2.549999 5.97
v 11.55 2.549999 5.97
v 11.55 2.579999 6.1
v 11.75 2.579999 6.1
v 11.75 2.549999 6.13
v 11.55 2.549999 6.13
vt 0.4609375 0.203125
vt 0.458984375 0.203125
vt 0.458984375 0.21875
vt 0.4609375 0.21875
f 3071/9193 3067/9194 3066/9195 3070/9196
vt 0.45703125 0.203125
vt 0.455078125 0.203125
vt 0.455078125 0.21875
vt 0.45703125 0.21875
f 3068/9197 3072/9198 3069/9199 3065/9200
vt 0.458984375 0.21875
vt 0.45703125 0.21875
vt 0.45703125 0.234375
vt 0.458984375 0.234375
f 3066/9201 3065/9202 3069/9203 3070/9204
vt 0.4609375 0.234375
vt 0.458984375 0.234375
vt 0.458984375 0.21875
vt 0.4609375 0.21875
f 3071/9205 3072/9206 3068/9207 3067/9208
vt 0.458984375 0.203125
vt 0.45703125 0.203125
vt 0.45703125 0.21875
vt 0.458984375 0.21875
f 3067/9209 3068/9210 3065/9211 3066/9212
vt 0.462890625 0.203125
vt 0.4609375 0.203125
vt 0.4609375 0.21875
vt 0.462890625 0.21875
f 3072/9213 3071/9214 3070/9215 3069/9216
o ammoModel284
v 11.55 2.549999 5.97
v 11.75 2.549999 5.97
v 11.75 2.449999 5.97
v 11.55 2.449999 5.97
v 11.55 2.549999 6.13
v 11.75 2.549999 6.13
v 11.75 2.449999 6.13
v 11.55 2.449999 6.13
vt 0.4765625 0.203125
vt 0.474609375 0.203125
vt 0.474609375 0.21875
vt 0.4765625 0.21875
f 3079/9217 3075/9218 3074/9219 3078/9220
vt 0.47265625 0.203125
vt 0.470703125 0.203125
vt 0.470703125 0.21875
vt 0.47265625 0.21875
f 3076/9221 3080/9222 3077/9223 3073/9224
vt 0.474609375 0.21875
vt 0.47265625 0.21875
vt 0.47265625 0.234375
vt 0.474609375 0.234375
f 3074/9225 3073/9226 3077/9227 3078/9228
vt 0.4765625 0.234375
vt 0.474609375 0.234375
vt 0.474609375 0.21875
vt 0.4765625 0.21875
f 3079/9229 3080/9230 3076/9231 3075/9232
vt 0.474609375 0.203125
vt 0.47265625 0.203125
vt 0.47265625 0.21875
vt 0.474609375 0.21875
f 3075/9233 3076/9234 3073/9235 3074/9236
vt 0.478515625 0.203125
vt 0.4765625 0.203125
vt 0.4765625 0.21875
vt 0.478515625 0.21875
f 3080/9237 3079/9238 3078/9239 3077/9240
o ammoModel285
v 11.55 2.449998 5.97
v 11.75 2.449998 5.97
v 11.75 2.419998 6
v 11.55 2.419998 6
v 11.55 2.449998 6.13
v 11.75 2.449998 6.13
v 11.75 2.419998 6.1
v 11.55 2.419998 6.1
vt 0.4921875 0.203125
vt 0.490234375 0.203125
vt 0.490234375 0.21875
vt 0.4921875 0.21875
f 3087/9241 3083/9242 3082/9243 3086/9244
vt 0.48828125 0.203125
vt 0.486328125 0.203125
vt 0.486328125 0.21875
vt 0.48828125 0.21875
f 3084/9245 3088/9246 3085/9247 3081/9248
vt 0.490234375 0.21875
vt 0.48828125 0.21875
vt 0.48828125 0.234375
vt 0.490234375 0.234375
f 3082/9249 3081/9250 3085/9251 3086/9252
vt 0.4921875 0.234375
vt 0.490234375 0.234375
vt 0.490234375 0.21875
vt 0.4921875 0.21875
f 3087/9253 3088/9254 3084/9255 3083/9256
vt 0.490234375 0.203125
vt 0.48828125 0.203125
vt 0.48828125 0.21875
vt 0.490234375 0.21875
f 3083/9257 3084/9258 3081/9259 3082/9260
vt 0.494140625 0.203125
vt 0.4921875 0.203125
vt 0.4921875 0.21875
vt 0.494140625 0.21875
f 3088/9261 3087/9262 3086/9263 3085/9264
o ammoModel286
v 11.42 2.449998 5.93
v 11.57 2.449998 5.97
v 11.57 2.419998 6.01
v 11.42 2.389998 5.99
v 11.42 2.449998 6.17
v 11.57 2.449998 6.13
v 11.57 2.419998 6.09
v 11.42 2.389998 6.11
vt 0.5078125 0.203125
vt 0.505859375 0.203125
vt 0.505859375 0.21875
vt 0.5078125 0.21875
f 3095/9265 3091/9266 3090/9267 3094/9268
vt 0.50390625 0.203125
vt 0.501953125 0.203125
vt 0.501953125 0.21875
vt 0.50390625 0.21875
f 3092/9269 3096/9270 3093/9271 3089/9272
vt 0.505859375 0.21875
vt 0.50390625 0.21875
vt 0.50390625 0.234375
vt 0.505859375 0.234375
f 3090/9273 3089/9274 3093/9275 3094/9276
vt 0.5078125 0.234375
vt 0.505859375 0.234375
vt 0.505859375 0.21875
vt 0.5078125 0.21875
f 3095/9277 3096/9278 3092/9279 3091/9280
vt 0.505859375 0.203125
vt 0.50390625 0.203125
vt 0.50390625 0.21875
vt 0.505859375 0.21875
f 3091/9281 3092/9282 3089/9283 3090/9284
vt 0.509765625 0.203125
vt 0.5078125 0.203125
vt 0.5078125 0.21875
vt 0.509765625 0.21875
f 3096/9285 3095/9286 3094/9287 3093/9288
o ammoModel287
v 11.42 2.549999 5.93
v 11.57 2.549999 5.97
v 11.57 2.449999 5.97
v 11.42 2.449999 5.93
v 11.42 2.549999 6.17
v 11.57 2.549999 6.13
v 11.57 2.449999 6.13
v 11.42 2.449999 6.17
vt 0.5234375 0.203125
vt 0.521484375 0.203125
vt 0.521484375 0.21875
vt 0.5234375 0.21875
f 3103/9289 3099/9290 3098/9291 3102/9292
vt 0.51953125 0.203125
vt 0.517578125 0.203125
vt 0.517578125 0.21875
vt 0.51953125 0.21875
f 3100/9293 3104/9294 3101/9295 3097/9296
vt 0.521484375 0.21875
vt 0.51953125 0.21875
vt 0.51953125 0.234375
vt 0.521484375 0.234375
f 3098/9297 3097/9298 3101/9299 3102/9300
vt 0.5234375 0.234375
vt 0.521484375 0.234375
vt 0.521484375 0.21875
vt 0.5234375 0.21875
f 3103/9301 3104/9302 3100/9303 3099/9304
vt 0.521484375 0.203125
vt 0.51953125 0.203125
vt 0.51953125 0.21875
vt 0.521484375 0.21875
f 3099/9305 3100/9306 3097/9307 3098/9308
vt 0.525390625 0.203125
vt 0.5234375 0.203125
vt 0.5234375 0.21875
vt 0.525390625 0.21875
f 3104/9309 3103/9310 3102/9311 3101/9312
o ammoModel288
v 10.2 2.609999 6
v 11.42 2.609999 6
v 11.42 2.549999 5.93
v 10.2 2.549999 5.93
v 10.2 2.609999 6.1
v 11.42 2.609999 6.1
v 11.42 2.549999 6.17
v 10.2 2.549999 6.17
vt 0.5390625 0.203125
vt 0.537109375 0.203125
vt 0.537109375 0.21875
vt 0.5390625 0.21875
f 3111/9313 3107/9314 3106/9315 3110/9316
vt 0.53515625 0.203125
vt 0.533203125 0.203125
vt 0.533203125 0.21875
vt 0.53515625 0.21875
f 3108/9317 3112/9318 3109/9319 3105/9320
vt 0.537109375 0.21875
vt 0.53515625 0.21875
vt 0.53515625 0.234375
vt 0.537109375 0.234375
f 3106/9321 3105/9322 3109/9323 3110/9324
vt 0.5390625 0.234375
vt 0.537109375 0.234375
vt 0.537109375 0.21875
vt 0.5390625 0.21875
f 3111/9325 3112/9326 3108/9327 3107/9328
vt 0.537109375 0.203125
vt 0.53515625 0.203125
vt 0.53515625 0.21875
vt 0.537109375 0.21875
f 3107/9329 3108/9330 3105/9331 3106/9332
vt 0.541015625 0.203125
vt 0.5390625 0.203125
vt 0.5390625 0.21875
vt 0.541015625 0.21875
f 3112/9333 3111/9334 3110/9335 3109/9336
o ammoModel289
v 10.2 2.549999 5.93
v 11.42 2.549999 5.93
v 11.42 2.449999 5.93
v 10.2 2.449999 5.93
v 10.2 2.549999 6.17
v 11.42 2.549999 6.17
v 11.42 2.449999 6.17
v 10.2 2.449999 6.17
vt 0.5546875 0.203125
vt 0.552734375 0.203125
vt 0.552734375 0.21875
vt 0.5546875 0.21875
f 3119/9337 3115/9338 3114/9339 3118/9340
vt 0.55078125 0.203125
vt 0.548828125 0.203125
vt 0.548828125 0.21875
vt 0.55078125 0.21875
f 3116/9341 3120/9342 3117/9343 3113/9344
vt 0.552734375 0.21875
vt 0.55078125 0.21875
vt 0.55078125 0.234375
vt 0.552734375 0.234375
f 3114/9345 3113/9346 3117/9347 3118/9348
vt 0.5546875 0.234375
vt 0.552734375 0.234375
vt 0.552734375 0.21875
vt 0.5546875 0.21875
f 3119/9349 3120/9350 3116/9351 3115/9352
vt 0.552734375 0.203125
vt 0.55078125 0.203125
vt 0.55078125 0.21875
vt 0.552734375 0.21875
f 3115/9353 3116/9354 3113/9355 3114/9356
vt 0.556640625 0.203125
vt 0.5546875 0.203125
vt 0.5546875 0.21875
vt 0.556640625 0.21875
f 3120/9357 3119/9358 3118/9359 3117/9360
o ammoModel290
v 10.2 2.449998 5.93
v 11.42 2.449998 5.93
v 11.42 2.389998 6
v 10.2 2.389998 6
v 10.2 2.449998 6.17
v 11.42 2.449998 6.17
v 11.42 2.389998 6.1
v 10.2 2.389998 6.1
vt 0.5703125 0.203125
vt 0.568359375 0.203125
vt 0.568359375 0.21875
vt 0.5703125 0.21875
f 3127/9361 3123/9362 3122/9363 3126/9364
vt 0.56640625 0.203125
vt 0.564453125 0.203125
vt 0.564453125 0.21875
vt 0.56640625 0.21875
f 3124/9365 3128/9366 3125/9367 3121/9368
vt 0.568359375 0.21875
vt 0.56640625 0.21875
vt 0.56640625 0.234375
vt 0.568359375 0.234375
f 3122/9369 3121/9370 3125/9371 3126/9372
vt 0.5703125 0.234375
vt 0.568359375 0.234375
vt 0.568359375 0.21875
vt 0.5703125 0.21875
f 3127/9373 3128/9374 3124/9375 3123/9376
vt 0.568359375 0.203125
vt 0.56640625 0.203125
vt 0.56640625 0.21875
vt 0.568359375 0.21875
f 3123/9377 3124/9378 3121/9379 3122/9380
vt 0.572265625 0.203125
vt 0.5703125 0.203125
vt 0.5703125 0.21875
vt 0.572265625 0.21875
f 3128/9381 3127/9382 3126/9383 3125/9384
o ammoModel291
v 11.42 2.609999 6.29
v 11.57 2.579999 6.3
v 11.57 2.549999 6.27
v 11.42 2.549999 6.23
v 11.42 2.609999 6.41
v 11.57 2.579999 6.4
v 11.57 2.549999 6.43
v 11.42 2.549999 6.47
vt 0.5859375 0.203125
vt 0.583984375 0.203125
vt 0.583984375 0.21875
vt 0.5859375 0.21875
f 3135/9385 3131/9386 3130/9387 3134/9388
vt 0.58203125 0.203125
vt 0.580078125 0.203125
vt 0.580078125 0.21875
vt 0.58203125 0.21875
f 3132/9389 3136/9390 3133/9391 3129/9392
vt 0.583984375 0.21875
vt 0.58203125 0.21875
vt 0.58203125 0.234375
vt 0.583984375 0.234375
f 3130/9393 3129/9394 3133/9395 3134/9396
vt 0.5859375 0.234375
vt 0.583984375 0.234375
vt 0.583984375 0.21875
vt 0.5859375 0.21875
f 3135/9397 3136/9398 3132/9399 3131/9400
vt 0.583984375 0.203125
vt 0.58203125 0.203125
vt 0.58203125 0.21875
vt 0.583984375 0.21875
f 3131/9401 3132/9402 3129/9403 3130/9404
vt 0.587890625 0.203125
vt 0.5859375 0.203125
vt 0.5859375 0.21875
vt 0.587890625 0.21875
f 3136/9405 3135/9406 3134/9407 3133/9408
o ammoModel292
v 11.95 2.569999 6.31
v 12.25 2.509999 6.34
v 12.25 2.509999 6.34
v 11.95 2.529999 6.275
v 11.95 2.569999 6.39
v 12.25 2.509999 6.36
v 12.25 2.509999 6.36
v 11.95 2.529999 6.425
vt 0.6015625 0.203125
vt 0.599609375 0.203125
vt 0.599609375 0.21875
vt 0.6015625 0.21875
f 3143/9409 3139/9410 3138/9411 3142/9412
vt 0.59765625 0.203125
vt 0.595703125 0.203125
vt 0.595703125 0.21875
vt 0.59765625 0.21875
f 3140/9413 3144/9414 3141/9415 3137/9416
vt 0.599609375 0.21875
vt 0.59765625 0.21875
vt 0.59765625 0.234375
vt 0.599609375 0.234375
f 3138/9417 3137/9418 3141/9419 3142/9420
vt 0.6015625 0.234375
vt 0.599609375 0.234375
vt 0.599609375 0.21875
vt 0.6015625 0.21875
f 3143/9421 3144/9422 3140/9423 3139/9424
vt 0.599609375 0.203125
vt 0.59765625 0.203125
vt 0.59765625 0.21875
vt 0.599609375 0.21875
f 3139/9425 3140/9426 3137/9427 3138/9428
vt 0.603515625 0.203125
vt 0.6015625 0.203125
vt 0.6015625 0.21875
vt 0.603515625 0.21875
f 3144/9429 3143/9430 3142/9431 3141/9432
o ammoModel293
v 11.95 2.529999 6.275
v 12.25 2.509999 6.34
v 12.25 2.489999 6.34
v 11.95 2.469999 6.275
v 11.95 2.529999 6.425
v 12.25 2.509999 6.36
v 12.25 2.489999 6.36
v 11.95 2.469999 6.425
vt 0.6171875 0.203125
vt 0.615234375 0.203125
vt 0.615234375 0.21875
vt 0.6171875 0.21875
f 3151/9433 3147/9434 3146/9435 3150/9436
vt 0.61328125 0.203125
vt 0.611328125 0.203125
vt 0.611328125 0.21875
vt 0.61328125 0.21875
f 3148/9437 3152/9438 3149/9439 3145/9440
vt 0.615234375 0.21875
vt 0.61328125 0.21875
vt 0.61328125 0.234375
vt 0.615234375 0.234375
f 3146/9441 3145/9442 3149/9443 3150/9444
vt 0.6171875 0.234375
vt 0.615234375 0.234375
vt 0.615234375 0.21875
vt 0.6171875 0.21875
f 3151/9445 3152/9446 3148/9447 3147/9448
vt 0.615234375 0.203125
vt 0.61328125 0.203125
vt 0.61328125 0.21875
vt 0.615234375 0.21875
f 3147/9449 3148/9450 3145/9451 3146/9452
vt 0.619140625 0.203125
vt 0.6171875 0.203125
vt 0.6171875 0.21875
vt 0.619140625 0.21875
f 3152/9453 3151/9454 3150/9455 3149/9456
o ammoModel294
v 11.95 2.469999 6.275
v 12.25 2.489999 6.34
v 12.25 2.489999 6.34
v 11.95 2.429999 6.31
v 11.95 2.469999 6.425
v 12.25 2.489999 6.36
v 12.25 2.489999 6.36
v 11.95 2.429999 6.39
vt 0.6328125 0.203125
vt 0.630859375 0.203125
vt 0.630859375 0.21875
vt 0.6328125 0.21875
f 3159/9457 3155/9458 3154/9459 3158/9460
vt 0.62890625 0.203125
vt 0.626953125 0.203125
vt 0.626953125 0.21875
vt 0.62890625 0.21875
f 3156/9461 3160/9462 3157/9463 3153/9464
vt 0.630859375 0.21875
vt 0.62890625 0.21875
vt 0.62890625 0.234375
vt 0.630859375 0.234375
f 3154/9465 3153/9466 3157/9467 3158/9468
vt 0.6328125 0.234375
vt 0.630859375 0.234375
vt 0.630859375 0.21875
vt 0.6328125 0.21875
f 3159/9469 3160/9470 3156/9471 3155/9472
vt 0.630859375 0.203125
vt 0.62890625 0.203125
vt 0.62890625 0.21875
vt 0.630859375 0.21875
f 3155/9473 3156/9474 3153/9475 3154/9476
vt 0.634765625 0.203125
vt 0.6328125 0.203125
vt 0.6328125 0.21875
vt 0.634765625 0.21875
f 3160/9477 3159/9478 3158/9479 3157/9480
o ammoModel295
v 11.75 2.469999 6.275
v 11.95 2.469999 6.275
v 11.95 2.429999 6.31
v 11.75 2.429999 6.31
v 11.75 2.469999 6.425
v 11.95 2.469999 6.425
v 11.95 2.429999 6.39
v 11.75 2.429999 6.39
vt 0.6484375 0.203125
vt 0.646484375 0.203125
vt 0.646484375 0.21875
vt 0.6484375 0.21875
f 3167/9481 3163/9482 3162/9483 3166/9484
vt 0.64453125 0.203125
vt 0.642578125 0.203125
vt 0.642578125 0.21875
vt 0.64453125 0.21875
f 3164/9485 3168/9486 3165/9487 3161/9488
vt 0.646484375 0.21875
vt 0.64453125 0.21875
vt 0.64453125 0.234375
vt 0.646484375 0.234375
f 3162/9489 3161/9490 3165/9491 3166/9492
vt 0.6484375 0.234375
vt 0.646484375 0.234375
vt 0.646484375 0.21875
vt 0.6484375 0.21875
f 3167/9493 3168/9494 3164/9495 3163/9496
vt 0.646484375 0.203125
vt 0.64453125 0.203125
vt 0.64453125 0.21875
vt 0.646484375 0.21875
f 3163/9497 3164/9498 3161/9499 3162/9500
vt 0.650390625 0.203125
vt 0.6484375 0.203125
vt 0.6484375 0.21875
vt 0.650390625 0.21875
f 3168/9501 3167/9502 3166/9503 3165/9504
o ammoModel296
v 11.75 2.529999 6.275
v 11.95 2.529999 6.275
v 11.95 2.469999 6.275
v 11.75 2.469999 6.275
v 11.75 2.529999 6.425
v 11.95 2.529999 6.425
v 11.95 2.469999 6.425
v 11.75 2.469999 6.425
vt 0.6640625 0.203125
vt 0.662109375 0.203125
vt 0.662109375 0.21875
vt 0.6640625 0.21875
f 3175/9505 3171/9506 3170/9507 3174/9508
vt 0.66015625 0.203125
vt 0.658203125 0.203125
vt 0.658203125 0.21875
vt 0.66015625 0.21875
f 3172/9509 3176/9510 3173/9511 3169/9512
vt 0.662109375 0.21875
vt 0.66015625 0.21875
vt 0.66015625 0.234375
vt 0.662109375 0.234375
f 3170/9513 3169/9514 3173/9515 3174/9516
vt 0.6640625 0.234375
vt 0.662109375 0.234375
vt 0.662109375 0.21875
vt 0.6640625 0.21875
f 3175/9517 3176/9518 3172/9519 3171/9520
vt 0.662109375 0.203125
vt 0.66015625 0.203125
vt 0.66015625 0.21875
vt 0.662109375 0.21875
f 3171/9521 3172/9522 3169/9523 3170/9524
vt 0.666015625 0.203125
vt 0.6640625 0.203125
vt 0.6640625 0.21875
vt 0.666015625 0.21875
f 3176/9525 3175/9526 3174/9527 3173/9528
o ammoModel297
v 11.75 2.569999 6.31
v 11.95 2.569999 6.31
v 11.95 2.529999 6.275
v 11.75 2.529999 6.275
v 11.75 2.569999 6.39
v 11.95 2.569999 6.39
v 11.95 2.529999 6.425
v 11.75 2.529999 6.425
vt 0.6796875 0.203125
vt 0.677734375 0.203125
vt 0.677734375 0.21875
vt 0.6796875 0.21875
f 3183/9529 3179/9530 3178/9531 3182/9532
vt 0.67578125 0.203125
vt 0.673828125 0.203125
vt 0.673828125 0.21875
vt 0.67578125 0.21875
f 3180/9533 3184/9534 3181/9535 3177/9536
vt 0.677734375 0.21875
vt 0.67578125 0.21875
vt 0.67578125 0.234375
vt 0.677734375 0.234375
f 3178/9537 3177/9538 3181/9539 3182/9540
vt 0.6796875 0.234375
vt 0.677734375 0.234375
vt 0.677734375 0.21875
vt 0.6796875 0.21875
f 3183/9541 3184/9542 3180/9543 3179/9544
vt 0.677734375 0.203125
vt 0.67578125 0.203125
vt 0.67578125 0.21875
vt 0.677734375 0.21875
f 3179/9545 3180/9546 3177/9547 3178/9548
vt 0.681640625 0.203125
vt 0.6796875 0.203125
vt 0.6796875 0.21875
vt 0.681640625 0.21875
f 3184/9549 3183/9550 3182/9551 3181/9552
o ammoModel298
v 11.55 2.579999 6.3
v 11.75 2.579999 6.3
v 11.75 2.549999 6.27
v 11.55 2.549999 6.27
v 11.55 2.579999 6.4
v 11.75 2.579999 6.4
v 11.75 2.549999 6.43
v 11.55 2.549999 6.43
vt 0.6953125 0.203125
vt 0.693359375 0.203125
vt 0.693359375 0.21875
vt 0.6953125 0.21875
f 3191/9553 3187/9554 3186/9555 3190/9556
vt 0.69140625 0.203125
vt 0.689453125 0.203125
vt 0.689453125 0.21875
vt 0.69140625 0.21875
f 3188/9557 3192/9558 3189/9559 3185/9560
vt 0.693359375 0.21875
vt 0.69140625 0.21875
vt 0.69140625 0.234375
vt 0.693359375 0.234375
f 3186/9561 3185/9562 3189/9563 3190/9564
vt 0.6953125 0.234375
vt 0.693359375 0.234375
vt 0.693359375 0.21875
vt 0.6953125 0.21875
f 3191/9565 3192/9566 3188/9567 3187/9568
vt 0.693359375 0.203125
vt 0.69140625 0.203125
vt 0.69140625 0.21875
vt 0.693359375 0.21875
f 3187/9569 3188/9570 3185/9571 3186/9572
vt 0.697265625 0.203125
vt 0.6953125 0.203125
vt 0.6953125 0.21875
vt 0.697265625 0.21875
f 3192/9573 3191/9574 3190/9575 3189/9576
o ammoModel299
v 11.55 2.549999 6.27
v 11.75 2.549999 6.27
v 11.75 2.449999 6.27
v 11.55 2.449999 6.27
v 11.55 2.549999 6.43
v 11.75 2.549999 6.43
v 11.75 2.449999 6.43
v 11.55 2.449999 6.43
vt 0.7109375 0.203125
vt 0.708984375 0.203125
vt 0.708984375 0.21875
vt 0.7109375 0.21875
f 3199/9577 3195/9578 3194/9579 3198/9580
vt 0.70703125 0.203125
vt 0.705078125 0.203125
vt 0.705078125 0.21875
vt 0.70703125 0.21875
f 3196/9581 3200/9582 3197/9583 3193/9584
vt 0.708984375 0.21875
vt 0.70703125 0.21875
vt 0.70703125 0.234375
vt 0.708984375 0.234375
f 3194/9585 3193/9586 3197/9587 3198/9588
vt 0.7109375 0.234375
vt 0.708984375 0.234375
vt 0.708984375 0.21875
vt 0.7109375 0.21875
f 3199/9589 3200/9590 3196/9591 3195/9592
vt 0.708984375 0.203125
vt 0.70703125 0.203125
vt 0.70703125 0.21875
vt 0.708984375 0.21875
f 3195/9593 3196/9594 3193/9595 3194/9596
vt 0.712890625 0.203125
vt 0.7109375 0.203125
vt 0.7109375 0.21875
vt 0.712890625 0.21875
f 3200/9597 3199/9598 3198/9599 3197/9600
o ammoModel300
v 11.55 2.449998 6.27
v 11.75 2.449998 6.27
v 11.75 2.419998 6.3
v 11.55 2.419998 6.3
v 11.55 2.449998 6.43
v 11.75 2.449998 6.43
v 11.75 2.419998 6.4
v 11.55 2.419998 6.4
vt 0.7265625 0.203125
vt 0.724609375 0.203125
vt 0.724609375 0.21875
vt 0.7265625 0.21875
f 3207/9601 3203/9602 3202/9603 3206/9604
vt 0.72265625 0.203125
vt 0.720703125 0.203125
vt 0.720703125 0.21875
vt 0.72265625 0.21875
f 3204/9605 3208/9606 3205/9607 3201/9608
vt 0.724609375 0.21875
vt 0.72265625 0.21875
vt 0.72265625 0.234375
vt 0.724609375 0.234375
f 3202/9609 3201/9610 3205/9611 3206/9612
vt 0.7265625 0.234375
vt 0.724609375 0.234375
vt 0.724609375 0.21875
vt 0.7265625 0.21875
f 3207/9613 3208/9614 3204/9615 3203/9616
vt 0.724609375 0.203125
vt 0.72265625 0.203125
vt 0.72265625 0.21875
vt 0.724609375 0.21875
f 3203/9617 3204/9618 3201/9619 3202/9620
vt 0.728515625 0.203125
vt 0.7265625 0.203125
vt 0.7265625 0.21875
vt 0.728515625 0.21875
f 3208/9621 3207/9622 3206/9623 3205/9624
o ammoModel301
v 11.42 2.449998 6.23
v 11.57 2.449998 6.27
v 11.57 2.419998 6.31
v 11.42 2.389998 6.29
v 11.42 2.449998 6.47
v 11.57 2.449998 6.43
v 11.57 2.419998 6.39
v 11.42 2.389998 6.41
vt 0.7421875 0.203125
vt 0.740234375 0.203125
vt 0.740234375 0.21875
vt 0.7421875 0.21875
f 3215/9625 3211/9626 3210/9627 3214/9628
vt 0.73828125 0.203125
vt 0.736328125 0.203125
vt 0.736328125 0.21875
vt 0.73828125 0.21875
f 3212/9629 3216/9630 3213/9631 3209/9632
vt 0.740234375 0.21875
vt 0.73828125 0.21875
vt 0.73828125 0.234375
vt 0.740234375 0.234375
f 3210/9633 3209/9634 3213/9635 3214/9636
vt 0.7421875 0.234375
vt 0.740234375 0.234375
vt 0.740234375 0.21875
vt 0.7421875 0.21875
f 3215/9637 3216/9638 3212/9639 3211/9640
vt 0.740234375 0.203125
vt 0.73828125 0.203125
vt 0.73828125 0.21875
vt 0.740234375 0.21875
f 3211/9641 3212/9642 3209/9643 3210/9644
vt 0.744140625 0.203125
vt 0.7421875 0.203125
vt 0.7421875 0.21875
vt 0.744140625 0.21875
f 3216/9645 3215/9646 3214/9647 3213/9648
o ammoModel302
v 11.42 2.549999 6.23
v 11.57 2.549999 6.27
v 11.57 2.449999 6.27
v 11.42 2.449999 6.23
v 11.42 2.549999 6.47
v 11.57 2.549999 6.43
v 11.57 2.449999 6.43
v 11.42 2.449999 6.47
vt 0.7578125 0.203125
vt 0.755859375 0.203125
vt 0.755859375 0.21875
vt 0.7578125 0.21875
f 3223/9649 3219/9650 3218/9651 3222/9652
vt 0.75390625 0.203125
vt 0.751953125 0.203125
vt 0.751953125 0.21875
vt 0.75390625 0.21875
f 3220/9653 3224/9654 3221/9655 3217/9656
vt 0.755859375 0.21875
vt 0.75390625 0.21875
vt 0.75390625 0.234375
vt 0.755859375 0.234375
f 3218/9657 3217/9658 3221/9659 3222/9660
vt 0.7578125 0.234375
vt 0.755859375 0.234375
vt 0.755859375 0.21875
vt 0.7578125 0.21875
f 3223/9661 3224/9662 3220/9663 3219/9664
vt 0.755859375 0.203125
vt 0.75390625 0.203125
vt 0.75390625 0.21875
vt 0.755859375 0.21875
f 3219/9665 3220/9666 3217/9667 3218/9668
vt 0.759765625 0.203125
vt 0.7578125 0.203125
vt 0.7578125 0.21875
vt 0.759765625 0.21875
f 3224/9669 3223/9670 3222/9671 3221/9672
o ammoModel303
v 10.2 2.609999 6.3
v 11.42 2.609999 6.3
v 11.42 2.549999 6.23
v 10.2 2.549999 6.23
v 10.2 2.609999 6.4
v 11.42 2.609999 6.4
v 11.42 2.549999 6.47
v 10.2 2.549999 6.47
vt 0.7734375 0.203125
vt 0.771484375 0.203125
vt 0.771484375 0.21875
vt 0.7734375 0.21875
f 3231/9673 3227/9674 3226/9675 3230/9676
vt 0.76953125 0.203125
vt 0.767578125 0.203125
vt 0.767578125 0.21875
vt 0.76953125 0.21875
f 3228/9677 3232/9678 3229/9679 3225/9680
vt 0.771484375 0.21875
vt 0.76953125 0.21875
vt 0.76953125 0.234375
vt 0.771484375 0.234375
f 3226/9681 3225/9682 3229/9683 3230/9684
vt 0.7734375 0.234375
vt 0.771484375 0.234375
vt 0.771484375 0.21875
vt 0.7734375 0.21875
f 3231/9685 3232/9686 3228/9687 3227/9688
vt 0.771484375 0.203125
vt 0.76953125 0.203125
vt 0.76953125 0.21875
vt 0.771484375 0.21875
f 3227/9689 3228/9690 3225/9691 3226/9692
vt 0.775390625 0.203125
vt 0.7734375 0.203125
vt 0.7734375 0.21875
vt 0.775390625 0.21875
f 3232/9693 3231/9694 3230/9695 3229/9696
o ammoModel304
v 10.2 2.549999 6.23
v 11.42 2.549999 6.23
v 11.42 2.449999 6.23
v 10.2 2.449999 6.23
v 10.2 2.549999 6.47
v 11.42 2.549999 6.47
v 11.42 2.449999 6.47
v 10.2 2.449999 6.47
vt 0.7890625 0.203125
vt 0.787109375 0.203125
vt 0.787109375 0.21875
vt 0.7890625 0.21875
f 3239/9697 3235/9698 3234/9699 3238/9700
vt 0.78515625 0.203125
vt 0.783203125 0.203125
vt 0.783203125 0.21875
vt 0.78515625 0.21875
f 3236/9701 3240/9702 3237/9703 3233/9704
vt 0.787109375 0.21875
vt 0.78515625 0.21875
vt 0.78515625 0.234375
vt 0.787109375 0.234375
f 3234/9705 3233/9706 3237/9707 3238/9708
vt 0.7890625 0.234375
vt 0.787109375 0.234375
vt 0.787109375 0.21875
vt 0.7890625 0.21875
f 3239/9709 3240/9710 3236/9711 3235/9712
vt 0.787109375 0.203125
vt 0.78515625 0.203125
vt 0.78515625 0.21875
vt 0.787109375 0.21875
f 3235/9713 3236/9714 3233/9715 3234/9716
vt 0.791015625 0.203125
vt 0.7890625 0.203125
vt 0.7890625 0.21875
vt 0.791015625 0.21875
f 3240/9717 3239/9718 3238/9719 3237/9720
o ammoModel305
v 10.2 2.449998 6.23
v 11.42 2.449998 6.23
v 11.42 2.389998 6.3
v 10.2 2.389998 6.3
v 10.2 2.449998 6.47
v 11.42 2.449998 6.47
v 11.42 2.389998 6.4
v 10.2 2.389998 6.4
vt 0.8046875 0.203125
vt 0.802734375 0.203125
vt 0.802734375 0.21875
vt 0.8046875 0.21875
f 3247/9721 3243/9722 3242/9723 3246/9724
vt 0.80078125 0.203125
vt 0.798828125 0.203125
vt 0.798828125 0.21875
vt 0.80078125 0.21875
f 3244/9725 3248/9726 3245/9727 3241/9728
vt 0.802734375 0.21875
vt 0.80078125 0.21875
vt 0.80078125 0.234375
vt 0.802734375 0.234375
f 3242/9729 3241/9730 3245/9731 3246/9732
vt 0.8046875 0.234375
vt 0.802734375 0.234375
vt 0.802734375 0.21875
vt 0.8046875 0.21875
f 3247/9733 3248/9734 3244/9735 3243/9736
vt 0.802734375 0.203125
vt 0.80078125 0.203125
vt 0.80078125 0.21875
vt 0.802734375 0.21875
f 3243/9737 3244/9738 3241/9739 3242/9740
vt 0.806640625 0.203125
vt 0.8046875 0.203125
vt 0.8046875 0.21875
vt 0.806640625 0.21875
f 3248/9741 3247/9742 3246/9743 3245/9744
o ammoModel306
v 10 2.449998 1.35
v 10.2 2.449998 1.35
v 10.2 2.149998 1.35
v 10 2.149998 1.35
v 10 2.449998 6.35
v 10.2 2.449998 6.35
v 10.2 2.149998 6.35
v 10 2.149998 6.35
vt 0.0703125 0.890625
vt 0.060546875 0.890625
vt 0.060546875 0.90625
vt 0.0703125 0.90625
f 3255/9745 3251/9746 3250/9747 3254/9748
vt 0.05859375 0.890625
vt 0.048828125 0.890625
vt 0.048828125 0.90625
vt 0.05859375 0.90625
f 3252/9749 3256/9750 3253/9751 3249/9752
vt 0.060546875 0.90625
vt 0.05859375 0.90625
vt 0.05859375 0.984375
vt 0.060546875 0.984375
f 3250/9753 3249/9754 3253/9755 3254/9756
vt 0.0625 0.984375
vt 0.060546875 0.984375
vt 0.060546875 0.90625
vt 0.0625 0.90625
f 3255/9757 3256/9758 3252/9759 3251/9760
vt 0.060546875 0.890625
vt 0.05859375 0.890625
vt 0.05859375 0.90625
vt 0.060546875 0.90625
f 3251/9761 3252/9762 3249/9763 3250/9764
vt 0.072265625 0.890625
vt 0.0703125 0.890625
vt 0.0703125 0.90625
vt 0.072265625 0.90625
f 3256/9765 3255/9766 3254/9767 3253/9768
o ammoModel307
v 10 -0.55 1.35
v 10.2 -0.55 1.35
v 10.2 -0.85 1.35
v 10 -0.85 1.35
v 10 -0.55 6.35
v 10.2 -0.55 6.35
v 10.2 -0.85 6.35
v 10 -0.85 6.35
vt 0.1015625 0.890625
vt 0.091796875 0.890625
vt 0.091796875 0.90625
vt 0.1015625 0.90625
f 3263/9769 3259/9770 3258/9771 3262/9772
vt 0.08984375 0.890625
vt 0.080078125 0.890625
vt 0.080078125 0.90625
vt 0.08984375 0.90625
f 3260/9773 3264/9774 3261/9775 3257/9776
vt 0.091796875 0.90625
vt 0.08984375 0.90625
vt 0.08984375 0.984375
vt 0.091796875 0.984375
f 3258/9777 3257/9778 3261/9779 3262/9780
vt 0.09375 0.984375
vt 0.091796875 0.984375
vt 0.091796875 0.90625
vt 0.09375 0.90625
f 3263/9781 3264/9782 3260/9783 3259/9784
vt 0.091796875 0.890625
vt 0.08984375 0.890625
vt 0.08984375 0.90625
vt 0.091796875 0.90625
f 3259/9785 3260/9786 3257/9787 3258/9788
vt 0.103515625 0.890625
vt 0.1015625 0.890625
vt 0.1015625 0.90625
vt 0.103515625 0.90625
f 3264/9789 3263/9790 3262/9791 3261/9792
o ammoModel308
v 12.3 2.449998 1.35
v 12.5 2.449998 1.35
v 12.5 -0.850002 1.35
v 12.3 -0.850002 1.35
v 12.3 2.449998 1.65
v 12.5 2.449998 1.65
v 12.5 -0.850002 1.65
v 12.3 -0.850002 1.65
vt 0.8203125 0.15625
vt 0.818359375 0.15625
vt 0.818359375 0.21875
vt 0.8203125 0.21875
f 3271/9793 3267/9794 3266/9795 3270/9796
vt 0.81640625 0.15625
vt 0.814453125 0.15625
vt 0.814453125 0.21875
vt 0.81640625 0.21875
f 3268/9797 3272/9798 3269/9799 3265/9800
vt 0.818359375 0.21875
vt 0.81640625 0.21875
vt 0.81640625 0.234375
vt 0.818359375 0.234375
f 3266/9801 3265/9802 3269/9803 3270/9804
vt 0.8203125 0.234375
vt 0.818359375 0.234375
vt 0.818359375 0.21875
vt 0.8203125 0.21875
f 3271/9805 3272/9806 3268/9807 3267/9808
vt 0.818359375 0.15625
vt 0.81640625 0.15625
vt 0.81640625 0.21875
vt 0.818359375 0.21875
f 3267/9809 3268/9810 3265/9811 3266/9812
vt 0.822265625 0.15625
vt 0.8203125 0.15625
vt 0.8203125 0.21875
vt 0.822265625 0.21875
f 3272/9813 3271/9814 3270/9815 3269/9816
o ammoModel309
v 10 2.449998 6.05
v 10.2 2.449998 6.05
v 10.2 -0.850002 6.05
v 10 -0.850002 6.05
v 10 2.449998 6.35
v 10.2 2.449998 6.35
v 10.2 -0.850002 6.35
v 10 -0.850002 6.35
vt 0.8359375 0.15625
vt 0.833984375 0.15625
vt 0.833984375 0.21875
vt 0.8359375 0.21875
f 3279/9817 3275/9818 3274/9819 3278/9820
vt 0.83203125 0.15625
vt 0.830078125 0.15625
vt 0.830078125 0.21875
vt 0.83203125 0.21875
f 3276/9821 3280/9822 3277/9823 3273/9824
vt 0.833984375 0.21875
vt 0.83203125 0.21875
vt 0.83203125 0.234375
vt 0.833984375 0.234375
f 3274/9825 3273/9826 3277/9827 3278/9828
vt 0.8359375 0.234375
vt 0.833984375 0.234375
vt 0.833984375 0.21875
vt 0.8359375 0.21875
f 3279/9829 3280/9830 3276/9831 3275/9832
vt 0.833984375 0.15625
vt 0.83203125 0.15625
vt 0.83203125 0.21875
vt 0.833984375 0.21875
f 3275/9833 3276/9834 3273/9835 3274/9836
vt 0.837890625 0.15625
vt 0.8359375 0.15625
vt 0.8359375 0.21875
vt 0.837890625 0.21875
f 3280/9837 3279/9838 3278/9839 3277/9840
o ammoModel310
v 10 1.949998 1.8
v 10.2 1.949998 1.8
v 10.2 -0.350002 1.8
v 10 -0.350002 1.8
v 10 1.949998 2.1
v 10.2 1.949998 2.1
v 10.2 -0.350002 2.1
v 10 -0.350002 2.1
vt 0.8515625 0.171875
vt 0.849609375 0.171875
vt 0.849609375 0.21875
vt 0.8515625 0.21875
f 3287/9841 3283/9842 3282/9843 3286/9844
vt 0.84765625 0.171875
vt 0.845703125 0.171875
vt 0.845703125 0.21875
vt 0.84765625 0.21875
f 3284/9845 3288/9846 3285/9847 3281/9848
vt 0.849609375 0.21875
vt 0.84765625 0.21875
vt 0.84765625 0.234375
vt 0.849609375 0.234375
f 3282/9849 3281/9850 3285/9851 3286/9852
vt 0.8515625 0.234375
vt 0.849609375 0.234375
vt 0.849609375 0.21875
vt 0.8515625 0.21875
f 3287/9853 3288/9854 3284/9855 3283/9856
vt 0.849609375 0.171875
vt 0.84765625 0.171875
vt 0.84765625 0.21875
vt 0.849609375 0.21875
f 3283/9857 3284/9858 3281/9859 3282/9860
vt 0.853515625 0.171875
vt 0.8515625 0.171875
vt 0.8515625 0.21875
vt 0.853515625 0.21875
f 3288/9861 3287/9862 3286/9863 3285/9864
o ammoModel311
v 10 1.949998 5.6
v 10.2 1.949998 5.6
v 10.2 -0.350002 5.6
v 10 -0.350002 5.6
v 10 1.949998 5.9
v 10.2 1.949998 5.9
v 10.2 -0.350002 5.9
v 10 -0.350002 5.9
vt 0.8671875 0.171875
vt 0.865234375 0.171875
vt 0.865234375 0.21875
vt 0.8671875 0.21875
f 3295/9865 3291/9866 3290/9867 3294/9868
vt 0.86328125 0.171875
vt 0.861328125 0.171875
vt 0.861328125 0.21875
vt 0.86328125 0.21875
f 3292/9869 3296/9870 3293/9871 3289/9872
vt 0.865234375 0.21875
vt 0.86328125 0.21875
vt 0.86328125 0.234375
vt 0.865234375 0.234375
f 3290/9873 3289/9874 3293/9875 3294/9876
vt 0.8671875 0.234375
vt 0.865234375 0.234375
vt 0.865234375 0.21875
vt 0.8671875 0.21875
f 3295/9877 3296/9878 3292/9879 3291/9880
vt 0.865234375 0.171875
vt 0.86328125 0.171875
vt 0.86328125 0.21875
vt 0.865234375 0.21875
f 3291/9881 3292/9882 3289/9883 3290/9884
vt 0.869140625 0.171875
vt 0.8671875 0.171875
vt 0.8671875 0.21875
vt 0.869140625 0.21875
f 3296/9885 3295/9886 3294/9887 3293/9888
o ammoModel312
v 10 1.949998 2.1
v 10.2 1.949998 2.1
v 10.2 1.649998 2.1
v 10 1.649998 2.1
v 10 1.949998 5.6
v 10.2 1.949998 5.6
v 10.2 1.649998 5.6
v 10 1.649998 5.6
vt 0.55078125 0.90625
vt 0.54296875 0.90625
vt 0.54296875 0.921875
vt 0.55078125 0.921875
f 3303/9889 3299/9890 3298/9891 3302/9892
vt 0.541015625 0.90625
vt 0.533203125 0.90625
vt 0.533203125 0.921875
vt 0.541015625 0.921875
f 3300/9893 3304/9894 3301/9895 3297/9896
vt 0.54296875 0.921875
vt 0.541015625 0.921875
vt 0.541015625 0.984375
vt 0.54296875 0.984375
f 3298/9897 3297/9898 3301/9899 3302/9900
vt 0.544921875 0.984375
vt 0.54296875 0.984375
vt 0.54296875 0.921875
vt 0.544921875 0.921875
f 3303/9901 3304/9902 3300/9903 3299/9904
vt 0.54296875 0.90625
vt 0.541015625 0.90625
vt 0.541015625 0.921875
vt 0.54296875 0.921875
f 3299/9905 3300/9906 3297/9907 3298/9908
vt 0.552734375 0.90625
vt 0.55078125 0.90625
vt 0.55078125 0.921875
vt 0.552734375 0.921875
f 3304/9909 3303/9910 3302/9911 3301/9912
o ammoModel313
v 10 -0.050001 2.1
v 10.2 -0.050001 2.1
v 10.2 -0.350001 2.1
v 10 -0.350001 2.1
v 10 -0.050001 5.6
v 10.2 -0.050001 5.6
v 10.2 -0.350001 5.6
v 10 -0.350001 5.6
vt 0.75390625 0.90625
vt 0.74609375 0.90625
vt 0.74609375 0.921875
vt 0.75390625 0.921875
f 3311/9913 3307/9914 3306/9915 3310/9916
vt 0.744140625 0.90625
vt 0.736328125 0.90625
vt 0.736328125 0.921875
vt 0.744140625 0.921875
f 3308/9917 3312/9918 3309/9919 3305/9920
vt 0.74609375 0.921875
vt 0.744140625 0.921875
vt 0.744140625 0.984375
vt 0.74609375 0.984375
f 3306/9921 3305/9922 3309/9923 3310/9924
vt 0.748046875 0.984375
vt 0.74609375 0.984375
vt 0.74609375 0.921875
vt 0.748046875 0.921875
f 3311/9925 3312/9926 3308/9927 3307/9928
vt 0.74609375 0.90625
vt 0.744140625 0.90625
vt 0.744140625 0.921875
vt 0.74609375 0.921875
f 3307/9929 3308/9930 3305/9931 3306/9932
vt 0.755859375 0.90625
vt 0.75390625 0.90625
vt 0.75390625 0.921875
vt 0.755859375 0.921875
f 3312/9933 3311/9934 3310/9935 3309/9936
o ammoModel314
v 12.3 2.449998 1.35
v 12.5 2.449998 1.35
v 12.5 2.149998 1.35
v 12.3 2.149998 1.35
v 12.3 2.449998 6.35
v 12.5 2.449998 6.35
v 12.5 2.149998 6.35
v 12.3 2.149998 6.35
vt 0.1328125 0.890625
vt 0.123046875 0.890625
vt 0.123046875 0.90625
vt 0.1328125 0.90625
f 3319/9937 3315/9938 3314/9939 3318/9940
vt 0.12109375 0.890625
vt 0.111328125 0.890625
vt 0.111328125 0.90625
vt 0.12109375 0.90625
f 3316/9941 3320/9942 3317/9943 3313/9944
vt 0.123046875 0.90625
vt 0.12109375 0.90625
vt 0.12109375 0.984375
vt 0.123046875 0.984375
f 3314/9945 3313/9946 3317/9947 3318/9948
vt 0.125 0.984375
vt 0.123046875 0.984375
vt 0.123046875 0.90625
vt 0.125 0.90625
f 3319/9949 3320/9950 3316/9951 3315/9952
vt 0.123046875 0.890625
vt 0.12109375 0.890625
vt 0.12109375 0.90625
vt 0.123046875 0.90625
f 3315/9953 3316/9954 3313/9955 3314/9956
vt 0.134765625 0.890625
vt 0.1328125 0.890625
vt 0.1328125 0.90625
vt 0.134765625 0.90625
f 3320/9957 3319/9958 3318/9959 3317/9960
o ammoModel315
v 12.3 2.449998 6.05
v 12.5 2.449998 6.05
v 12.5 -0.850002 6.05
v 12.3 -0.850002 6.05
v 12.3 2.449998 6.35
v 12.5 2.449998 6.35
v 12.5 -0.850002 6.35
v 12.3 -0.850002 6.35
vt 0.8828125 0.15625
vt 0.880859375 0.15625
vt 0.880859375 0.21875
vt 0.8828125 0.21875
f 3327/9961 3323/9962 3322/9963 3326/9964
vt 0.87890625 0.15625
vt 0.876953125 0.15625
vt 0.876953125 0.21875
vt 0.87890625 0.21875
f 3324/9965 3328/9966 3325/9967 3321/9968
vt 0.880859375 0.21875
vt 0.87890625 0.21875
vt 0.87890625 0.234375
vt 0.880859375 0.234375
f 3322/9969 3321/9970 3325/9971 3326/9972
vt 0.8828125 0.234375
vt 0.880859375 0.234375
vt 0.880859375 0.21875
vt 0.8828125 0.21875
f 3327/9973 3328/9974 3324/9975 3323/9976
vt 0.880859375 0.15625
vt 0.87890625 0.15625
vt 0.87890625 0.21875
vt 0.880859375 0.21875
f 3323/9977 3324/9978 3321/9979 3322/9980
vt 0.884765625 0.15625
vt 0.8828125 0.15625
vt 0.8828125 0.21875
vt 0.884765625 0.21875
f 3328/9981 3327/9982 3326/9983 3325/9984
o ammoModel316
v 12.3 -0.55 1.35
v 12.5 -0.55 1.35
v 12.5 -0.85 1.35
v 12.3 -0.85 1.35
v 12.3 -0.55 6.35
v 12.5 -0.55 6.35
v 12.5 -0.85 6.35
v 12.3 -0.85 6.35
vt 0.1640625 0.890625
vt 0.154296875 0.890625
vt 0.154296875 0.90625
vt 0.1640625 0.90625
f 3335/9985 3331/9986 3330/9987 3334/9988
vt 0.15234375 0.890625
vt 0.142578125 0.890625
vt 0.142578125 0.90625
vt 0.15234375 0.90625
f 3332/9989 3336/9990 3333/9991 3329/9992
vt 0.154296875 0.90625
vt 0.15234375 0.90625
vt 0.15234375 0.984375
vt 0.154296875 0.984375
f 3330/9993 3329/9994 3333/9995 3334/9996
vt 0.15625 0.984375
vt 0.154296875 0.984375
vt 0.154296875 0.90625
vt 0.15625 0.90625
f 3335/9997 3336/9998 3332/9999 3331/10000
vt 0.154296875 0.890625
vt 0.15234375 0.890625
vt 0.15234375 0.90625
vt 0.154296875 0.90625
f 3331/10001 3332/10002 3329/10003 3330/10004
vt 0.166015625 0.890625
vt 0.1640625 0.890625
vt 0.1640625 0.90625
vt 0.166015625 0.90625
f 3336/10005 3335/10006 3334/10007 3333/10008
o ammoModel317
v 12.3 1.949998 5.5
v 12.5 1.949998 5.5
v 12.5 -0.350002 5.5
v 12.3 -0.350002 5.5
v 12.3 1.949998 5.8
v 12.5 1.949998 5.8
v 12.5 -0.350002 5.8
v 12.3 -0.350002 5.8
vt 0.8984375 0.171875
vt 0.896484375 0.171875
vt 0.896484375 0.21875
vt 0.8984375 0.21875
f 3343/10009 3339/10010 3338/10011 3342/10012
vt 0.89453125 0.171875
vt 0.892578125 0.171875
vt 0.892578125 0.21875
vt 0.89453125 0.21875
f 3340/10013 3344/10014 3341/10015 3337/10016
vt 0.896484375 0.21875
vt 0.89453125 0.21875
vt 0.89453125 0.234375
vt 0.896484375 0.234375
f 3338/10017 3337/10018 3341/10019 3342/10020
vt 0.8984375 0.234375
vt 0.896484375 0.234375
vt 0.896484375 0.21875
vt 0.8984375 0.21875
f 3343/10021 3344/10022 3340/10023 3339/10024
vt 0.896484375 0.171875
vt 0.89453125 0.171875
vt 0.89453125 0.21875
vt 0.896484375 0.21875
f 3339/10025 3340/10026 3337/10027 3338/10028
vt 0.900390625 0.171875
vt 0.8984375 0.171875
vt 0.8984375 0.21875
vt 0.900390625 0.21875
f 3344/10029 3343/10030 3342/10031 3341/10032
o ammoModel318
v 12.3 1.949998 2.2
v 12.5 1.949998 2.2
v 12.5 1.649998 2.2
v 12.3 1.649998 2.2
v 12.3 1.949998 5.5
v 12.5 1.949998 5.5
v 12.5 1.649998 5.5
v 12.3 1.649998 5.5
vt 0.81640625 0.90625
vt 0.80859375 0.90625
vt 0.80859375 0.921875
vt 0.81640625 0.921875
f 3351/10033 3347/10034 3346/10035 3350/10036
vt 0.806640625 0.90625
vt 0.798828125 0.90625
vt 0.798828125 0.921875
vt 0.806640625 0.921875
f 3348/10037 3352/10038 3349/10039 3345/10040
vt 0.80859375 0.921875
vt 0.806640625 0.921875
vt 0.806640625 0.984375
vt 0.80859375 0.984375
f 3346/10041 3345/10042 3349/10043 3350/10044
vt 0.810546875 0.984375
vt 0.80859375 0.984375
vt 0.80859375 0.921875
vt 0.810546875 0.921875
f 3351/10045 3352/10046 3348/10047 3347/10048
vt 0.80859375 0.90625
vt 0.806640625 0.90625
vt 0.806640625 0.921875
vt 0.80859375 0.921875
f 3347/10049 3348/10050 3345/10051 3346/10052
vt 0.818359375 0.90625
vt 0.81640625 0.90625
vt 0.81640625 0.921875
vt 0.818359375 0.921875
f 3352/10053 3351/10054 3350/10055 3349/10056
o ammoModel319
v 12.3 1.949998 1.9
v 12.5 1.949998 1.9
v 12.5 -0.350002 1.9
v 12.3 -0.350002 1.9
v 12.3 1.949998 2.2
v 12.5 1.949998 2.2
v 12.5 -0.350002 2.2
v 12.3 -0.350002 2.2
vt 0.9140625 0.171875
vt 0.912109375 0.171875
vt 0.912109375 0.21875
vt 0.9140625 0.21875
f 3359/10057 3355/10058 3354/10059 3358/10060
vt 0.91015625 0.171875
vt 0.908203125 0.171875
vt 0.908203125 0.21875
vt 0.91015625 0.21875
f 3356/10061 3360/10062 3357/10063 3353/10064
vt 0.912109375 0.21875
vt 0.91015625 0.21875
vt 0.91015625 0.234375
vt 0.912109375 0.234375
f 3354/10065 3353/10066 3357/10067 3358/10068
vt 0.9140625 0.234375
vt 0.912109375 0.234375
vt 0.912109375 0.21875
vt 0.9140625 0.21875
f 3359/10069 3360/10070 3356/10071 3355/10072
vt 0.912109375 0.171875
vt 0.91015625 0.171875
vt 0.91015625 0.21875
vt 0.912109375 0.21875
f 3355/10073 3356/10074 3353/10075 3354/10076
vt 0.916015625 0.171875
vt 0.9140625 0.171875
vt 0.9140625 0.21875
vt 0.916015625 0.21875
f 3360/10077 3359/10078 3358/10079 3357/10080
o ammoModel320
v 12.3 -0.050001 2.2
v 12.5 -0.050001 2.2
v 12.5 -0.350001 2.2
v 12.3 -0.350001 2.2
v 12.3 -0.050001 5.5
v 12.5 -0.050001 5.5
v 12.5 -0.350001 5.5
v 12.3 -0.350001 5.5
vt 0.95703125 0.65625
vt 0.94921875 0.65625
vt 0.94921875 0.671875
vt 0.95703125 0.671875
f 3367/10081 3363/10082 3362/10083 3366/10084
vt 0.947265625 0.65625
vt 0.939453125 0.65625
vt 0.939453125 0.671875
vt 0.947265625 0.671875
f 3364/10085 3368/10086 3365/10087 3361/10088
vt 0.94921875 0.671875
vt 0.947265625 0.671875
vt 0.947265625 0.734375
vt 0.94921875 0.734375
f 3362/10089 3361/10090 3365/10091 3366/10092
vt 0.951171875 0.734375
vt 0.94921875 0.734375
vt 0.94921875 0.671875
vt 0.951171875 0.671875
f 3367/10093 3368/10094 3364/10095 3363/10096
vt 0.94921875 0.65625
vt 0.947265625 0.65625
vt 0.947265625 0.671875
vt 0.94921875 0.671875
f 3363/10097 3364/10098 3361/10099 3362/10100
vt 0.958984375 0.65625
vt 0.95703125 0.65625
vt 0.95703125 0.671875
vt 0.958984375 0.671875
f 3368/10101 3367/10102 3366/10103 3365/10104
o ammoModel321
v 10 2.449998 1.35
v 10.2 2.449998 1.35
v 10.2 -0.850002 1.35
v 10 -0.850002 1.35
v 10 2.449998 1.65
v 10.2 2.449998 1.65
v 10.2 -0.850002 1.65
v 10 -0.850002 1.65
vt 0.9296875 0.15625
vt 0.927734375 0.15625
vt 0.927734375 0.21875
vt 0.9296875 0.21875
f 3375/10105 3371/10106 3370/10107 3374/10108
vt 0.92578125 0.15625
vt 0.923828125 0.15625
vt 0.923828125 0.21875
vt 0.92578125 0.21875
f 3372/10109 3376/10110 3373/10111 3369/10112
vt 0.927734375 0.21875
vt 0.92578125 0.21875
vt 0.92578125 0.234375
vt 0.927734375 0.234375
f 3370/10113 3369/10114 3373/10115 3374/10116
vt 0.9296875 0.234375
vt 0.927734375 0.234375
vt 0.927734375 0.21875
vt 0.9296875 0.21875
f 3375/10117 3376/10118 3372/10119 3371/10120
vt 0.927734375 0.15625
vt 0.92578125 0.15625
vt 0.92578125 0.21875
vt 0.927734375 0.21875
f 3371/10121 3372/10122 3369/10123 3370/10124
vt 0.931640625 0.15625
vt 0.9296875 0.15625
vt 0.9296875 0.21875
vt 0.931640625 0.21875
f 3376/10125 3375/10126 3374/10127 3373/10128
o ammoModel322
v 10 1.519998 5.25
v 10.2 1.519998 5.25
v 10.2 1.169998 5.25
v 10 1.169998 5.25
v 10 1.469998 5.35
v 10.2 1.519998 5.35
v 10.2 1.169998 5.35
v 10 1.169998 5.35
vt 0.9453125 0.203125
vt 0.943359375 0.203125
vt 0.943359375 0.21875
vt 0.9453125 0.21875
f 3383/10129 3379/10130 3378/10131 3382/10132
vt 0.94140625 0.203125
vt 0.939453125 0.203125
vt 0.939453125 0.21875
vt 0.94140625 0.21875
f 3380/10133 3384/10134 3381/10135 3377/10136
vt 0.943359375 0.21875
vt 0.94140625 0.21875
vt 0.94140625 0.234375
vt 0.943359375 0.234375
f 3378/10137 3377/10138 3381/10139 3382/10140
vt 0.9453125 0.234375
vt 0.943359375 0.234375
vt 0.943359375 0.21875
vt 0.9453125 0.21875
f 3383/10141 3384/10142 3380/10143 3379/10144
vt 0.943359375 0.203125
vt 0.94140625 0.203125
vt 0.94140625 0.21875
vt 0.943359375 0.21875
f 3379/10145 3380/10146 3377/10147 3378/10148
vt 0.947265625 0.203125
vt 0.9453125 0.203125
vt 0.9453125 0.21875
vt 0.947265625 0.21875
f 3384/10149 3383/10150 3382/10151 3381/10152
o ammoModel323
v 10 1.449998 4.9
v 10.2 1.449998 4.9
v 10.2 1.149998 4.9
v 10 1.149998 4.9
v 10 1.449998 5
v 10.2 1.449998 5
v 10.2 1.149998 5
v 10 1.149998 5
vt 0.9609375 0.203125
vt 0.958984375 0.203125
vt 0.958984375 0.21875
vt 0.9609375 0.21875
f 3391/10153 3387/10154 3386/10155 3390/10156
vt 0.95703125 0.203125
vt 0.955078125 0.203125
vt 0.955078125 0.21875
vt 0.95703125 0.21875
f 3388/10157 3392/10158 3389/10159 3385/10160
vt 0.958984375 0.21875
vt 0.95703125 0.21875
vt 0.95703125 0.234375
vt 0.958984375 0.234375
f 3386/10161 3385/10162 3389/10163 3390/10164
vt 0.9609375 0.234375
vt 0.958984375 0.234375
vt 0.958984375 0.21875
vt 0.9609375 0.21875
f 3391/10165 3392/10166 3388/10167 3387/10168
vt 0.958984375 0.203125
vt 0.95703125 0.203125
vt 0.95703125 0.21875
vt 0.958984375 0.21875
f 3387/10169 3388/10170 3385/10171 3386/10172
vt 0.962890625 0.203125
vt 0.9609375 0.203125
vt 0.9609375 0.21875
vt 0.962890625 0.21875
f 3392/10173 3391/10174 3390/10175 3389/10176
o ammoModel324
v 10 1.449998 4.65
v 10.2 1.449998 4.65
v 10.2 1.149998 4.65
v 10 1.149998 4.65
v 10 1.449998 4.75
v 10.2 1.449998 4.75
v 10.2 1.149998 4.75
v 10 1.149998 4.75
vt 0.9765625 0.203125
vt 0.974609375 0.203125
vt 0.974609375 0.21875
vt 0.9765625 0.21875
f 3399/10177 3395/10178 3394/10179 3398/10180
vt 0.97265625 0.203125
vt 0.970703125 0.203125
vt 0.970703125 0.21875
vt 0.97265625 0.21875
f 3396/10181 3400/10182 3397/10183 3393/10184
vt 0.974609375 0.21875
vt 0.97265625 0.21875
vt 0.97265625 0.234375
vt 0.974609375 0.234375
f 3394/10185 3393/10186 3397/10187 3398/10188
vt 0.9765625 0.234375
vt 0.974609375 0.234375
vt 0.974609375 0.21875
vt 0.9765625 0.21875
f 3399/10189 3400/10190 3396/10191 3395/10192
vt 0.974609375 0.203125
vt 0.97265625 0.203125
vt 0.97265625 0.21875
vt 0.974609375 0.21875
f 3395/10193 3396/10194 3393/10195 3394/10196
vt 0.978515625 0.203125
vt 0.9765625 0.203125
vt 0.9765625 0.21875
vt 0.978515625 0.21875
f 3400/10197 3399/10198 3398/10199 3397/10200
o ammoModel325
v 10 1.499998 4.45
v 10.2 1.499998 4.45
v 10.2 1.199998 4.45
v 10 1.199998 4.45
v 10 1.499998 4.55
v 10.2 1.499998 4.55
v 10.2 1.199998 4.55
v 10 1.199998 4.55
vt 0.9921875 0.203125
vt 0.990234375 0.203125
vt 0.990234375 0.21875
vt 0.9921875 0.21875
f 3407/10201 3403/10202 3402/10203 3406/10204
vt 0.98828125 0.203125
vt 0.986328125 0.203125
vt 0.986328125 0.21875
vt 0.98828125 0.21875
f 3404/10205 3408/10206 3405/10207 3401/10208
vt 0.990234375 0.21875
vt 0.98828125 0.21875
vt 0.98828125 0.234375
vt 0.990234375 0.234375
f 3402/10209 3401/10210 3405/10211 3406/10212
vt 0.9921875 0.234375
vt 0.990234375 0.234375
vt 0.990234375 0.21875
vt 0.9921875 0.21875
f 3407/10213 3408/10214 3404/10215 3403/10216
vt 0.990234375 0.203125
vt 0.98828125 0.203125
vt 0.98828125 0.21875
vt 0.990234375 0.21875
f 3403/10217 3404/10218 3401/10219 3402/10220
vt 0.994140625 0.203125
vt 0.9921875 0.203125
vt 0.9921875 0.21875
vt 0.994140625 0.21875
f 3408/10221 3407/10222 3406/10223 3405/10224
o ammoModel326
v 10 1.499998 5.05
v 10.2 1.499998 5.05
v 10.2 1.399998 5.05
v 10 1.399998 5.05
v 10 1.499998 5.25
v 10.2 1.499998 5.25
v 10.2 1.399998 5.25
v 10 1.399998 5.25
vt 0.0078125 0.078125
vt 0.005859375 0.078125
vt 0.005859375 0.09375
vt 0.0078125 0.09375
f 3415/10225 3411/10226 3410/10227 3414/10228
vt 0.00390625 0.078125
vt 0.001953125 0.078125
vt 0.001953125 0.09375
vt 0.00390625 0.09375
f 3412/10229 3416/10230 3413/10231 3409/10232
vt 0.005859375 0.09375
vt 0.00390625 0.09375
vt 0.00390625 0.109375
vt 0.005859375 0.109375
f 3410/10233 3409/10234 3413/10235 3414/10236
vt 0.0078125 0.109375
vt 0.005859375 0.109375
vt 0.005859375 0.09375
vt 0.0078125 0.09375
f 3415/10237 3416/10238 3412/10239 3411/10240
vt 0.005859375 0.078125
vt 0.00390625 0.078125
vt 0.00390625 0.09375
vt 0.005859375 0.09375
f 3411/10241 3412/10242 3409/10243 3410/10244
vt 0.009765625 0.078125
vt 0.0078125 0.078125
vt 0.0078125 0.09375
vt 0.009765625 0.09375
f 3416/10245 3415/10246 3414/10247 3413/10248
o ammoModel327
v 10 1.249998 5.1
v 10.2 1.249998 5.1
v 10.2 1.149998 5.1
v 10 1.149998 5.1
v 10 1.249998 5.3
v 10.2 1.249998 5.3
v 10.2 1.149998 5.3
v 10 1.149998 5.3
vt 0.0234375 0.078125
vt 0.021484375 0.078125
vt 0.021484375 0.09375
vt 0.0234375 0.09375
f 3423/10249 3419/10250 3418/10251 3422/10252
vt 0.01953125 0.078125
vt 0.017578125 0.078125
vt 0.017578125 0.09375
vt 0.01953125 0.09375
f 3420/10253 3424/10254 3421/10255 3417/10256
vt 0.021484375 0.09375
vt 0.01953125 0.09375
vt 0.01953125 0.109375
vt 0.021484375 0.109375
f 3418/10257 3417/10258 3421/10259 3422/10260
vt 0.0234375 0.109375
vt 0.021484375 0.109375
vt 0.021484375 0.09375
vt 0.0234375 0.09375
f 3423/10261 3424/10262 3420/10263 3419/10264
vt 0.021484375 0.078125
vt 0.01953125 0.078125
vt 0.01953125 0.09375
vt 0.021484375 0.09375
f 3419/10265 3420/10266 3417/10267 3418/10268
vt 0.025390625 0.078125
vt 0.0234375 0.078125
vt 0.0234375 0.09375
vt 0.025390625 0.09375
f 3424/10269 3423/10270 3422/10271 3421/10272
o ammoModel328
v 10 1.499998 4.75
v 10.2 1.499998 4.75
v 10.2 1.399998 4.75
v 10 1.399998 4.75
v 10 1.499998 4.95
v 10.2 1.499998 4.95
v 10.2 1.399998 4.95
v 10 1.399998 4.95
vt 0.0390625 0.078125
vt 0.037109375 0.078125
vt 0.037109375 0.09375
vt 0.0390625 0.09375
f 3431/10273 3427/10274 3426/10275 3430/10276
vt 0.03515625 0.078125
vt 0.033203125 0.078125
vt 0.033203125 0.09375
vt 0.03515625 0.09375
f 3428/10277 3432/10278 3429/10279 3425/10280
vt 0.037109375 0.09375
vt 0.03515625 0.09375
vt 0.03515625 0.109375
vt 0.037109375 0.109375
f 3426/10281 3425/10282 3429/10283 3430/10284
vt 0.0390625 0.109375
vt 0.037109375 0.109375
vt 0.037109375 0.09375
vt 0.0390625 0.09375
f 3431/10285 3432/10286 3428/10287 3427/10288
vt 0.037109375 0.078125
vt 0.03515625 0.078125
vt 0.03515625 0.09375
vt 0.037109375 0.09375
f 3427/10289 3428/10290 3425/10291 3426/10292
vt 0.041015625 0.078125
vt 0.0390625 0.078125
vt 0.0390625 0.09375
vt 0.041015625 0.09375
f 3432/10293 3431/10294 3430/10295 3429/10296
o ammoModel329
v 10 1.249998 4.3
v 10.2 1.249998 4.3
v 10.2 1.149998 4.3
v 10 1.149998 4.3
v 10 1.249998 4.5
v 10.2 1.249998 4.5
v 10.2 1.149998 4.5
v 10 1.149998 4.5
vt 0.0546875 0.078125
vt 0.052734375 0.078125
vt 0.052734375 0.09375
vt 0.0546875 0.09375
f 3439/10297 3435/10298 3434/10299 3438/10300
vt 0.05078125 0.078125
vt 0.048828125 0.078125
vt 0.048828125 0.09375
vt 0.05078125 0.09375
f 3436/10301 3440/10302 3437/10303 3433/10304
vt 0.052734375 0.09375
vt 0.05078125 0.09375
vt 0.05078125 0.109375
vt 0.052734375 0.109375
f 3434/10305 3433/10306 3437/10307 3438/10308
vt 0.0546875 0.109375
vt 0.052734375 0.109375
vt 0.052734375 0.09375
vt 0.0546875 0.09375
f 3439/10309 3440/10310 3436/10311 3435/10312
vt 0.052734375 0.078125
vt 0.05078125 0.078125
vt 0.05078125 0.09375
vt 0.052734375 0.09375
f 3435/10313 3436/10314 3433/10315 3434/10316
vt 0.056640625 0.078125
vt 0.0546875 0.078125
vt 0.0546875 0.09375
vt 0.056640625 0.09375
f 3440/10317 3439/10318 3438/10319 3437/10320
o ammoModel330
v 10 1.329998 4.75
v 10.2 1.329998 4.75
v 10.2 1.269998 4.75
v 10 1.269998 4.75
v 10 1.329998 4.95
v 10.2 1.329998 4.95
v 10.2 1.269998 4.95
v 10 1.269998 4.95
vt 0.0703125 0.078125
vt 0.068359375 0.078125
vt 0.068359375 0.09375
vt 0.0703125 0.09375
f 3447/10321 3443/10322 3442/10323 3446/10324
vt 0.06640625 0.078125
vt 0.064453125 0.078125
vt 0.064453125 0.09375
vt 0.06640625 0.09375
f 3444/10325 3448/10326 3445/10327 3441/10328
vt 0.068359375 0.09375
vt 0.06640625 0.09375
vt 0.06640625 0.109375
vt 0.068359375 0.109375
f 3442/10329 3441/10330 3445/10331 3446/10332
vt 0.0703125 0.109375
vt 0.068359375 0.109375
vt 0.068359375 0.09375
vt 0.0703125 0.09375
f 3447/10333 3448/10334 3444/10335 3443/10336
vt 0.068359375 0.078125
vt 0.06640625 0.078125
vt 0.06640625 0.09375
vt 0.068359375 0.09375
f 3443/10337 3444/10338 3441/10339 3442/10340
vt 0.072265625 0.078125
vt 0.0703125 0.078125
vt 0.0703125 0.09375
vt 0.072265625 0.09375
f 3448/10341 3447/10342 3446/10343 3445/10344
o ammoModel331
v 10 1.249998 4.05
v 10.2 1.249998 4.05
v 10.2 1.149998 4.05
v 10 1.149998 4.05
v 10 1.249998 4.15
v 10.2 1.249998 4.15
v 10.2 1.149998 4.15
v 10 1.149998 4.15
vt 0.0859375 0.078125
vt 0.083984375 0.078125
vt 0.083984375 0.09375
vt 0.0859375 0.09375
f 3455/10345 3451/10346 3450/10347 3454/10348
vt 0.08203125 0.078125
vt 0.080078125 0.078125
vt 0.080078125 0.09375
vt 0.08203125 0.09375
f 3452/10349 3456/10350 3453/10351 3449/10352
vt 0.083984375 0.09375
vt 0.08203125 0.09375
vt 0.08203125 0.109375
vt 0.083984375 0.109375
f 3450/10353 3449/10354 3453/10355 3454/10356
vt 0.0859375 0.109375
vt 0.083984375 0.109375
vt 0.083984375 0.09375
vt 0.0859375 0.09375
f 3455/10357 3456/10358 3452/10359 3451/10360
vt 0.083984375 0.078125
vt 0.08203125 0.078125
vt 0.08203125 0.09375
vt 0.083984375 0.09375
f 3451/10361 3452/10362 3449/10363 3450/10364
vt 0.087890625 0.078125
vt 0.0859375 0.078125
vt 0.0859375 0.09375
vt 0.087890625 0.09375
f 3456/10365 3455/10366 3454/10367 3453/10368
o ammoModel332
v 10 1.249998 3.7
v 10.2 1.249998 3.7
v 10.2 1.149998 3.7
v 10 1.149998 3.7
v 10 1.249998 3.9
v 10.2 1.249998 3.9
v 10.2 1.149998 3.9
v 10 1.149998 3.9
vt 0.1015625 0.078125
vt 0.099609375 0.078125
vt 0.099609375 0.09375
vt 0.1015625 0.09375
f 3463/10369 3459/10370 3458/10371 3462/10372
vt 0.09765625 0.078125
vt 0.095703125 0.078125
vt 0.095703125 0.09375
vt 0.09765625 0.09375
f 3460/10373 3464/10374 3461/10375 3457/10376
vt 0.099609375 0.09375
vt 0.09765625 0.09375
vt 0.09765625 0.109375
vt 0.099609375 0.109375
f 3458/10377 3457/10378 3461/10379 3462/10380
vt 0.1015625 0.109375
vt 0.099609375 0.109375
vt 0.099609375 0.09375
vt 0.1015625 0.09375
f 3463/10381 3464/10382 3460/10383 3459/10384
vt 0.099609375 0.078125
vt 0.09765625 0.078125
vt 0.09765625 0.09375
vt 0.099609375 0.09375
f 3459/10385 3460/10386 3457/10387 3458/10388
vt 0.103515625 0.078125
vt 0.1015625 0.078125
vt 0.1015625 0.09375
vt 0.103515625 0.09375
f 3464/10389 3463/10390 3462/10391 3461/10392
o ammoModel333
v 10 1.359998 3.7
v 10.2 1.359998 3.7
v 10.2 1.299998 3.7
v 10 1.299998 3.7
v 10 1.359998 3.9
v 10.2 1.359998 3.9
v 10.2 1.299998 3.9
v 10 1.299998 3.9
vt 0.1171875 0.078125
vt 0.115234375 0.078125
vt 0.115234375 0.09375
vt 0.1171875 0.09375
f 3471/10393 3467/10394 3466/10395 3470/10396
vt 0.11328125 0.078125
vt 0.111328125 0.078125
vt 0.111328125 0.09375
vt 0.11328125 0.09375
f 3468/10397 3472/10398 3469/10399 3465/10400
vt 0.115234375 0.09375
vt 0.11328125 0.09375
vt 0.11328125 0.109375
vt 0.115234375 0.109375
f 3466/10401 3465/10402 3469/10403 3470/10404
vt 0.1171875 0.109375
vt 0.115234375 0.109375
vt 0.115234375 0.09375
vt 0.1171875 0.09375
f 3471/10405 3472/10406 3468/10407 3467/10408
vt 0.115234375 0.078125
vt 0.11328125 0.078125
vt 0.11328125 0.09375
vt 0.115234375 0.09375
f 3467/10409 3468/10410 3465/10411 3466/10412
vt 0.119140625 0.078125
vt 0.1171875 0.078125
vt 0.1171875 0.09375
vt 0.119140625 0.09375
f 3472/10413 3471/10414 3470/10415 3469/10416
o ammoModel334
v 10 1.499998 3.7
v 10.2 1.499998 3.7
v 10.2 1.399998 3.7
v 10 1.399998 3.7
v 10 1.499998 3.9
v 10.2 1.499998 3.9
v 10.2 1.399998 3.9
v 10 1.399998 3.9
vt 0.1328125 0.078125
vt 0.130859375 0.078125
vt 0.130859375 0.09375
vt 0.1328125 0.09375
f 3479/10417 3475/10418 3474/10419 3478/10420
vt 0.12890625 0.078125
vt 0.126953125 0.078125
vt 0.126953125 0.09375
vt 0.12890625 0.09375
f 3476/10421 3480/10422 3477/10423 3473/10424
vt 0.130859375 0.09375
vt 0.12890625 0.09375
vt 0.12890625 0.109375
vt 0.130859375 0.109375
f 3474/10425 3473/10426 3477/10427 3478/10428
vt 0.1328125 0.109375
vt 0.130859375 0.109375
vt 0.130859375 0.09375
vt 0.1328125 0.09375
f 3479/10429 3480/10430 3476/10431 3475/10432
vt 0.130859375 0.078125
vt 0.12890625 0.078125
vt 0.12890625 0.09375
vt 0.130859375 0.09375
f 3475/10433 3476/10434 3473/10435 3474/10436
vt 0.134765625 0.078125
vt 0.1328125 0.078125
vt 0.1328125 0.09375
vt 0.134765625 0.09375
f 3480/10437 3479/10438 3478/10439 3477/10440
o ammoModel335
v 10 1.469998 3.65
v 10.2 1.469998 3.65
v 10.2 1.169998 3.65
v 10 1.169998 3.65
v 10 1.469998 3.75
v 10.2 1.469998 3.75
v 10.2 1.169998 3.75
v 10 1.169998 3.75
vt 0.1484375 0.078125
vt 0.146484375 0.078125
vt 0.146484375 0.09375
vt 0.1484375 0.09375
f 3487/10441 3483/10442 3482/10443 3486/10444
vt 0.14453125 0.078125
vt 0.142578125 0.078125
vt 0.142578125 0.09375
vt 0.14453125 0.09375
f 3484/10445 3488/10446 3485/10447 3481/10448
vt 0.146484375 0.09375
vt 0.14453125 0.09375
vt 0.14453125 0.109375
vt 0.146484375 0.109375
f 3482/10449 3481/10450 3485/10451 3486/10452
vt 0.1484375 0.109375
vt 0.146484375 0.109375
vt 0.146484375 0.09375
vt 0.1484375 0.09375
f 3487/10453 3488/10454 3484/10455 3483/10456
vt 0.146484375 0.078125
vt 0.14453125 0.078125
vt 0.14453125 0.09375
vt 0.146484375 0.09375
f 3483/10457 3484/10458 3481/10459 3482/10460
vt 0.150390625 0.078125
vt 0.1484375 0.078125
vt 0.1484375 0.09375
vt 0.150390625 0.09375
f 3488/10461 3487/10462 3486/10463 3485/10464
o ammoModel336
v 10 1.469998 3.45
v 10.2 1.469998 3.45
v 10.2 1.169998 3.45
v 10 1.169998 3.45
v 10 1.469998 3.55
v 10.2 1.469998 3.55
v 10.2 1.169998 3.55
v 10 1.169998 3.55
vt 0.1640625 0.078125
vt 0.162109375 0.078125
vt 0.162109375 0.09375
vt 0.1640625 0.09375
f 3495/10465 3491/10466 3490/10467 3494/10468
vt 0.16015625 0.078125
vt 0.158203125 0.078125
vt 0.158203125 0.09375
vt 0.16015625 0.09375
f 3492/10469 3496/10470 3493/10471 3489/10472
vt 0.162109375 0.09375
vt 0.16015625 0.09375
vt 0.16015625 0.109375
vt 0.162109375 0.109375
f 3490/10473 3489/10474 3493/10475 3494/10476
vt 0.1640625 0.109375
vt 0.162109375 0.109375
vt 0.162109375 0.09375
vt 0.1640625 0.09375
f 3495/10477 3496/10478 3492/10479 3491/10480
vt 0.162109375 0.078125
vt 0.16015625 0.078125
vt 0.16015625 0.09375
vt 0.162109375 0.09375
f 3491/10481 3492/10482 3489/10483 3490/10484
vt 0.166015625 0.078125
vt 0.1640625 0.078125
vt 0.1640625 0.09375
vt 0.166015625 0.09375
f 3496/10485 3495/10486 3494/10487 3493/10488
o ammoModel337
v 10 1.469998 3.25
v 10.2 1.469998 3.25
v 10.2 1.169998 3.25
v 10 1.169998 3.25
v 10 1.469998 3.35
v 10.2 1.469998 3.35
v 10.2 1.169998 3.35
v 10 1.169998 3.35
vt 0.1796875 0.078125
vt 0.177734375 0.078125
vt 0.177734375 0.09375
vt 0.1796875 0.09375
f 3503/10489 3499/10490 3498/10491 3502/10492
vt 0.17578125 0.078125
vt 0.173828125 0.078125
vt 0.173828125 0.09375
vt 0.17578125 0.09375
f 3500/10493 3504/10494 3501/10495 3497/10496
vt 0.177734375 0.09375
vt 0.17578125 0.09375
vt 0.17578125 0.109375
vt 0.177734375 0.109375
f 3498/10497 3497/10498 3501/10499 3502/10500
vt 0.1796875 0.109375
vt 0.177734375 0.109375
vt 0.177734375 0.09375
vt 0.1796875 0.09375
f 3503/10501 3504/10502 3500/10503 3499/10504
vt 0.177734375 0.078125
vt 0.17578125 0.078125
vt 0.17578125 0.09375
vt 0.177734375 0.09375
f 3499/10505 3500/10506 3497/10507 3498/10508
vt 0.181640625 0.078125
vt 0.1796875 0.078125
vt 0.1796875 0.09375
vt 0.181640625 0.09375
f 3504/10509 3503/10510 3502/10511 3501/10512
o ammoModel338
v 10 1.499998 3.3
v 10.2 1.499998 3.3
v 10.2 1.399998 3.3
v 10 1.399998 3.3
v 10 1.499998 3.5
v 10.2 1.499998 3.5
v 10.2 1.399998 3.5
v 10 1.399998 3.5
vt 0.1953125 0.078125
vt 0.193359375 0.078125
vt 0.193359375 0.09375
vt 0.1953125 0.09375
f 3511/10513 3507/10514 3506/10515 3510/10516
vt 0.19140625 0.078125
vt 0.189453125 0.078125
vt 0.189453125 0.09375
vt 0.19140625 0.09375
f 3508/10517 3512/10518 3509/10519 3505/10520
vt 0.193359375 0.09375
vt 0.19140625 0.09375
vt 0.19140625 0.109375
vt 0.193359375 0.109375
f 3506/10521 3505/10522 3509/10523 3510/10524
vt 0.1953125 0.109375
vt 0.193359375 0.109375
vt 0.193359375 0.09375
vt 0.1953125 0.09375
f 3511/10525 3512/10526 3508/10527 3507/10528
vt 0.193359375 0.078125
vt 0.19140625 0.078125
vt 0.19140625 0.09375
vt 0.193359375 0.09375
f 3507/10529 3508/10530 3505/10531 3506/10532
vt 0.197265625 0.078125
vt 0.1953125 0.078125
vt 0.1953125 0.09375
vt 0.197265625 0.09375
f 3512/10533 3511/10534 3510/10535 3509/10536
o ammoModel339
v 10 1.249998 3.3
v 10.2 1.249998 3.3
v 10.2 1.149998 3.3
v 10 1.149998 3.3
v 10 1.249998 3.5
v 10.2 1.249998 3.5
v 10.2 1.149998 3.5
v 10 1.149998 3.5
vt 0.2109375 0.078125
vt 0.208984375 0.078125
vt 0.208984375 0.09375
vt 0.2109375 0.09375
f 3519/10537 3515/10538 3514/10539 3518/10540
vt 0.20703125 0.078125
vt 0.205078125 0.078125
vt 0.205078125 0.09375
vt 0.20703125 0.09375
f 3516/10541 3520/10542 3517/10543 3513/10544
vt 0.208984375 0.09375
vt 0.20703125 0.09375
vt 0.20703125 0.109375
vt 0.208984375 0.109375
f 3514/10545 3513/10546 3517/10547 3518/10548
vt 0.2109375 0.109375
vt 0.208984375 0.109375
vt 0.208984375 0.09375
vt 0.2109375 0.09375
f 3519/10549 3520/10550 3516/10551 3515/10552
vt 0.208984375 0.078125
vt 0.20703125 0.078125
vt 0.20703125 0.09375
vt 0.208984375 0.09375
f 3515/10553 3516/10554 3513/10555 3514/10556
vt 0.212890625 0.078125
vt 0.2109375 0.078125
vt 0.2109375 0.09375
vt 0.212890625 0.09375
f 3520/10557 3519/10558 3518/10559 3517/10560
o ammoModel340
v 10 1.449998 3.02
v 10.2 1.449998 3.02
v 10.2 1.149998 3.02
v 10 1.149998 3.02
v 10 1.449998 3.08
v 10.2 1.449998 3.08
v 10.2 1.149998 3.08
v 10 1.149998 3.08
vt 0.2265625 0.078125
vt 0.224609375 0.078125
vt 0.224609375 0.09375
vt 0.2265625 0.09375
f 3527/10561 3523/10562 3522/10563 3526/10564
vt 0.22265625 0.078125
vt 0.220703125 0.078125
vt 0.220703125 0.09375
vt 0.22265625 0.09375
f 3524/10565 3528/10566 3525/10567 3521/10568
vt 0.224609375 0.09375
vt 0.22265625 0.09375
vt 0.22265625 0.109375
vt 0.224609375 0.109375
f 3522/10569 3521/10570 3525/10571 3526/10572
vt 0.2265625 0.109375
vt 0.224609375 0.109375
vt 0.224609375 0.09375
vt 0.2265625 0.09375
f 3527/10573 3528/10574 3524/10575 3523/10576
vt 0.224609375 0.078125
vt 0.22265625 0.078125
vt 0.22265625 0.09375
vt 0.224609375 0.09375
f 3523/10577 3524/10578 3521/10579 3522/10580
vt 0.228515625 0.078125
vt 0.2265625 0.078125
vt 0.2265625 0.09375
vt 0.228515625 0.09375
f 3528/10581 3527/10582 3526/10583 3525/10584
o ammoModel341
v 10 1.449998 2.87
v 10.2 1.449998 2.87
v 10.2 1.149998 2.87
v 10 1.149998 2.87
v 10 1.449998 2.93
v 10.2 1.449998 2.93
v 10.2 1.149998 2.93
v 10 1.149998 2.93
vt 0.2421875 0.078125
vt 0.240234375 0.078125
vt 0.240234375 0.09375
vt 0.2421875 0.09375
f 3535/10585 3531/10586 3530/10587 3534/10588
vt 0.23828125 0.078125
vt 0.236328125 0.078125
vt 0.236328125 0.09375
vt 0.23828125 0.09375
f 3532/10589 3536/10590 3533/10591 3529/10592
vt 0.240234375 0.09375
vt 0.23828125 0.09375
vt 0.23828125 0.109375
vt 0.240234375 0.109375
f 3530/10593 3529/10594 3533/10595 3534/10596
vt 0.2421875 0.109375
vt 0.240234375 0.109375
vt 0.240234375 0.09375
vt 0.2421875 0.09375
f 3535/10597 3536/10598 3532/10599 3531/10600
vt 0.240234375 0.078125
vt 0.23828125 0.078125
vt 0.23828125 0.09375
vt 0.240234375 0.09375
f 3531/10601 3532/10602 3529/10603 3530/10604
vt 0.244140625 0.078125
vt 0.2421875 0.078125
vt 0.2421875 0.09375
vt 0.244140625 0.09375
f 3536/10605 3535/10606 3534/10607 3533/10608
o ammoModel342
v 10 1.449998 2.72
v 10.2 1.449998 2.72
v 10.2 1.149998 2.72
v 10 1.149998 2.72
v 10 1.449998 2.78
v 10.2 1.449998 2.78
v 10.2 1.149998 2.78
v 10 1.149998 2.78
vt 0.2578125 0.078125
vt 0.255859375 0.078125
vt 0.255859375 0.09375
vt 0.2578125 0.09375
f 3543/10609 3539/10610 3538/10611 3542/10612
vt 0.25390625 0.078125
vt 0.251953125 0.078125
vt 0.251953125 0.09375
vt 0.25390625 0.09375
f 3540/10613 3544/10614 3541/10615 3537/10616
vt 0.255859375 0.09375
vt 0.25390625 0.09375
vt 0.25390625 0.109375
vt 0.255859375 0.109375
f 3538/10617 3537/10618 3541/10619 3542/10620
vt 0.2578125 0.109375
vt 0.255859375 0.109375
vt 0.255859375 0.09375
vt 0.2578125 0.09375
f 3543/10621 3544/10622 3540/10623 3539/10624
vt 0.255859375 0.078125
vt 0.25390625 0.078125
vt 0.25390625 0.09375
vt 0.255859375 0.09375
f 3539/10625 3540/10626 3537/10627 3538/10628
vt 0.259765625 0.078125
vt 0.2578125 0.078125
vt 0.2578125 0.09375
vt 0.259765625 0.09375
f 3544/10629 3543/10630 3542/10631 3541/10632
o ammoModel343
v 10 1.499998 2.78
v 10.2 1.499998 2.78
v 10.2 1.399998 2.78
v 10 1.399998 2.78
v 10 1.499998 3.02
v 10.2 1.499998 3.02
v 10.2 1.399998 3.02
v 10 1.399998 3.02
vt 0.2734375 0.078125
vt 0.271484375 0.078125
vt 0.271484375 0.09375
vt 0.2734375 0.09375
f 3551/10633 3547/10634 3546/10635 3550/10636
vt 0.26953125 0.078125
vt 0.267578125 0.078125
vt 0.267578125 0.09375
vt 0.26953125 0.09375
f 3548/10637 3552/10638 3549/10639 3545/10640
vt 0.271484375 0.09375
vt 0.26953125 0.09375
vt 0.26953125 0.109375
vt 0.271484375 0.109375
f 3546/10641 3545/10642 3549/10643 3550/10644
vt 0.2734375 0.109375
vt 0.271484375 0.109375
vt 0.271484375 0.09375
vt 0.2734375 0.09375
f 3551/10645 3552/10646 3548/10647 3547/10648
vt 0.271484375 0.078125
vt 0.26953125 0.078125
vt 0.26953125 0.09375
vt 0.271484375 0.09375
f 3547/10649 3548/10650 3545/10651 3546/10652
vt 0.275390625 0.078125
vt 0.2734375 0.078125
vt 0.2734375 0.09375
vt 0.275390625 0.09375
f 3552/10653 3551/10654 3550/10655 3549/10656
o ammoModel344
v 10 1.449998 2.4
v 10.2 1.449998 2.4
v 10.2 1.149998 2.4
v 10 1.149998 2.4
v 10 1.449998 2.5
v 10.2 1.449998 2.5
v 10.2 1.149998 2.5
v 10 1.149998 2.5
vt 0.2890625 0.078125
vt 0.287109375 0.078125
vt 0.287109375 0.09375
vt 0.2890625 0.09375
f 3559/10657 3555/10658 3554/10659 3558/10660
vt 0.28515625 0.078125
vt 0.283203125 0.078125
vt 0.283203125 0.09375
vt 0.28515625 0.09375
f 3556/10661 3560/10662 3557/10663 3553/10664
vt 0.287109375 0.09375
vt 0.28515625 0.09375
vt 0.28515625 0.109375
vt 0.287109375 0.109375
f 3554/10665 3553/10666 3557/10667 3558/10668
vt 0.2890625 0.109375
vt 0.287109375 0.109375
vt 0.287109375 0.09375
vt 0.2890625 0.09375
f 3559/10669 3560/10670 3556/10671 3555/10672
vt 0.287109375 0.078125
vt 0.28515625 0.078125
vt 0.28515625 0.09375
vt 0.287109375 0.09375
f 3555/10673 3556/10674 3553/10675 3554/10676
vt 0.291015625 0.078125
vt 0.2890625 0.078125
vt 0.2890625 0.09375
vt 0.291015625 0.09375
f 3560/10677 3559/10678 3558/10679 3557/10680
o ammoModel345
v 10 1.499998 2.4
v 10.2 1.499998 2.4
v 10.2 1.399998 2.4
v 10 1.399998 2.4
v 10 1.449998 2.6
v 10.2 1.449998 2.6
v 10.2 1.349998 2.6
v 10 1.349998 2.6
vt 0.3046875 0.078125
vt 0.302734375 0.078125
vt 0.302734375 0.09375
vt 0.3046875 0.09375
f 3567/10681 3563/10682 3562/10683 3566/10684
vt 0.30078125 0.078125
vt 0.298828125 0.078125
vt 0.298828125 0.09375
vt 0.30078125 0.09375
f 3564/10685 3568/10686 3565/10687 3561/10688
vt 0.302734375 0.09375
vt 0.30078125 0.09375
vt 0.30078125 0.109375
vt 0.302734375 0.109375
f 3562/10689 3561/10690 3565/10691 3566/10692
vt 0.3046875 0.109375
vt 0.302734375 0.109375
vt 0.302734375 0.09375
vt 0.3046875 0.09375
f 3567/10693 3568/10694 3564/10695 3563/10696
vt 0.302734375 0.078125
vt 0.30078125 0.078125
vt 0.30078125 0.09375
vt 0.302734375 0.09375
f 3563/10697 3564/10698 3561/10699 3562/10700
vt 0.306640625 0.078125
vt 0.3046875 0.078125
vt 0.3046875 0.09375
vt 0.306640625 0.09375
f 3568/10701 3567/10702 3566/10703 3565/10704
o ammoModel346
v 10 0.9499992 5.45
v 10.2 0.9499992 5.45
v 10.2 0.6499992 5.45
v 10 0.6499992 5.45
v 10 0.9499992 5.55
v 10.2 0.9499992 5.55
v 10.2 0.6499992 5.55
v 10 0.6499992 5.55
vt 0.3203125 0.078125
vt 0.318359375 0.078125
vt 0.318359375 0.09375
vt 0.3203125 0.09375
f 3575/10705 3571/10706 3570/10707 3574/10708
vt 0.31640625 0.078125
vt 0.314453125 0.078125
vt 0.314453125 0.09375
vt 0.31640625 0.09375
f 3572/10709 3576/10710 3573/10711 3569/10712
vt 0.318359375 0.09375
vt 0.31640625 0.09375
vt 0.31640625 0.109375
vt 0.318359375 0.109375
f 3570/10713 3569/10714 3573/10715 3574/10716
vt 0.3203125 0.109375
vt 0.318359375 0.109375
vt 0.318359375 0.09375
vt 0.3203125 0.09375
f 3575/10717 3576/10718 3572/10719 3571/10720
vt 0.318359375 0.078125
vt 0.31640625 0.078125
vt 0.31640625 0.09375
vt 0.318359375 0.09375
f 3571/10721 3572/10722 3569/10723 3570/10724
vt 0.322265625 0.078125
vt 0.3203125 0.078125
vt 0.3203125 0.09375
vt 0.322265625 0.09375
f 3576/10725 3575/10726 3574/10727 3573/10728
o ammoModel347
v 10 0.9499992 5.25
v 10.2 0.9499992 5.25
v 10.2 0.6499992 5.25
v 10 0.6499992 5.25
v 10 0.9499992 5.35
v 10.2 0.9499992 5.35
v 10.2 0.6499992 5.35
v 10 0.6499992 5.35
vt 0.3359375 0.078125
vt 0.333984375 0.078125
vt 0.333984375 0.09375
vt 0.3359375 0.09375
f 3583/10729 3579/10730 3578/10731 3582/10732
vt 0.33203125 0.078125
vt 0.330078125 0.078125
vt 0.330078125 0.09375
vt 0.33203125 0.09375
f 3580/10733 3584/10734 3581/10735 3577/10736
vt 0.333984375 0.09375
vt 0.33203125 0.09375
vt 0.33203125 0.109375
vt 0.333984375 0.109375
f 3578/10737 3577/10738 3581/10739 3582/10740
vt 0.3359375 0.109375
vt 0.333984375 0.109375
vt 0.333984375 0.09375
vt 0.3359375 0.09375
f 3583/10741 3584/10742 3580/10743 3579/10744
vt 0.333984375 0.078125
vt 0.33203125 0.078125
vt 0.33203125 0.09375
vt 0.333984375 0.09375
f 3579/10745 3580/10746 3577/10747 3578/10748
vt 0.337890625 0.078125
vt 0.3359375 0.078125
vt 0.3359375 0.09375
vt 0.337890625 0.09375
f 3584/10749 3583/10750 3582/10751 3581/10752
o ammoModel348
v 10 0.8299992 5.3
v 10.2 0.8299992 5.3
v 10.2 0.7699992 5.3
v 10 0.7699992 5.3
v 10 0.8299992 5.5
v 10.2 0.8299992 5.5
v 10.2 0.7699992 5.5
v 10 0.7699992 5.5
vt 0.3515625 0.078125
vt 0.349609375 0.078125
vt 0.349609375 0.09375
vt 0.3515625 0.09375
f 3591/10753 3587/10754 3586/10755 3590/10756
vt 0.34765625 0.078125
vt 0.345703125 0.078125
vt 0.345703125 0.09375
vt 0.34765625 0.09375
f 3588/10757 3592/10758 3589/10759 3585/10760
vt 0.349609375 0.09375
vt 0.34765625 0.09375
vt 0.34765625 0.109375
vt 0.349609375 0.109375
f 3586/10761 3585/10762 3589/10763 3590/10764
vt 0.3515625 0.109375
vt 0.349609375 0.109375
vt 0.349609375 0.09375
vt 0.3515625 0.09375
f 3591/10765 3592/10766 3588/10767 3587/10768
vt 0.349609375 0.078125
vt 0.34765625 0.078125
vt 0.34765625 0.09375
vt 0.349609375 0.09375
f 3587/10769 3588/10770 3585/10771 3586/10772
vt 0.353515625 0.078125
vt 0.3515625 0.078125
vt 0.3515625 0.09375
vt 0.353515625 0.09375
f 3592/10773 3591/10774 3590/10775 3589/10776
o ammoModel349
v 10 0.9999981 5.3
v 10.2 0.9999981 5.3
v 10.2 0.8999981 5.3
v 10 0.8999981 5.3
v 10 0.9999981 5.5
v 10.2 0.9999981 5.5
v 10.2 0.8999981 5.5
v 10 0.8999981 5.5
vt 0.3671875 0.078125
vt 0.365234375 0.078125
vt 0.365234375 0.09375
vt 0.3671875 0.09375
f 3599/10777 3595/10778 3594/10779 3598/10780
vt 0.36328125 0.078125
vt 0.361328125 0.078125
vt 0.361328125 0.09375
vt 0.36328125 0.09375
f 3596/10781 3600/10782 3597/10783 3593/10784
vt 0.365234375 0.09375
vt 0.36328125 0.09375
vt 0.36328125 0.109375
vt 0.365234375 0.109375
f 3594/10785 3593/10786 3597/10787 3598/10788
vt 0.3671875 0.109375
vt 0.365234375 0.109375
vt 0.365234375 0.09375
vt 0.3671875 0.09375
f 3599/10789 3600/10790 3596/10791 3595/10792
vt 0.365234375 0.078125
vt 0.36328125 0.078125
vt 0.36328125 0.09375
vt 0.365234375 0.09375
f 3595/10793 3596/10794 3593/10795 3594/10796
vt 0.369140625 0.078125
vt 0.3671875 0.078125
vt 0.3671875 0.09375
vt 0.369140625 0.09375
f 3600/10797 3599/10798 3598/10799 3597/10800
o ammoModel350
v 10 0.9499992 5.12
v 10.2 0.9499992 5.12
v 10.2 0.6499992 5.12
v 10 0.6499992 5.12
v 10 0.9499992 5.18
v 10.2 0.9499992 5.18
v 10.2 0.6499992 5.18
v 10 0.6499992 5.18
vt 0.3828125 0.078125
vt 0.380859375 0.078125
vt 0.380859375 0.09375
vt 0.3828125 0.09375
f 3607/10801 3603/10802 3602/10803 3606/10804
vt 0.37890625 0.078125
vt 0.376953125 0.078125
vt 0.376953125 0.09375
vt 0.37890625 0.09375
f 3604/10805 3608/10806 3605/10807 3601/10808
vt 0.380859375 0.09375
vt 0.37890625 0.09375
vt 0.37890625 0.109375
vt 0.380859375 0.109375
f 3602/10809 3601/10810 3605/10811 3606/10812
vt 0.3828125 0.109375
vt 0.380859375 0.109375
vt 0.380859375 0.09375
vt 0.3828125 0.09375
f 3607/10813 3608/10814 3604/10815 3603/10816
vt 0.380859375 0.078125
vt 0.37890625 0.078125
vt 0.37890625 0.09375
vt 0.380859375 0.09375
f 3603/10817 3604/10818 3601/10819 3602/10820
vt 0.384765625 0.078125
vt 0.3828125 0.078125
vt 0.3828125 0.09375
vt 0.384765625 0.09375
f 3608/10821 3607/10822 3606/10823 3605/10824
o ammoModel351
v 10 0.9499992 4.97
v 10.2 0.9499992 4.97
v 10.2 0.6499992 4.97
v 10 0.6499992 4.97
v 10 0.9499992 5.03
v 10.2 0.9499992 5.03
v 10.2 0.6499992 5.03
v 10 0.6499992 5.03
vt 0.3984375 0.078125
vt 0.396484375 0.078125
vt 0.396484375 0.09375
vt 0.3984375 0.09375
f 3615/10825 3611/10826 3610/10827 3614/10828
vt 0.39453125 0.078125
vt 0.392578125 0.078125
vt 0.392578125 0.09375
vt 0.39453125 0.09375
f 3612/10829 3616/10830 3613/10831 3609/10832
vt 0.396484375 0.09375
vt 0.39453125 0.09375
vt 0.39453125 0.109375
vt 0.396484375 0.109375
f 3610/10833 3609/10834 3613/10835 3614/10836
vt 0.3984375 0.109375
vt 0.396484375 0.109375
vt 0.396484375 0.09375
vt 0.3984375 0.09375
f 3615/10837 3616/10838 3612/10839 3611/10840
vt 0.396484375 0.078125
vt 0.39453125 0.078125
vt 0.39453125 0.09375
vt 0.396484375 0.09375
f 3611/10841 3612/10842 3609/10843 3610/10844
vt 0.400390625 0.078125
vt 0.3984375 0.078125
vt 0.3984375 0.09375
vt 0.400390625 0.09375
f 3616/10845 3615/10846 3614/10847 3613/10848
o ammoModel352
v 10 0.9499992 4.82
v 10.2 0.9499992 4.82
v 10.2 0.6499992 4.82
v 10 0.6499992 4.82
v 10 0.9499992 4.88
v 10.2 0.9499992 4.88
v 10.2 0.6499992 4.88
v 10 0.6499992 4.88
vt 0.4140625 0.078125
vt 0.412109375 0.078125
vt 0.412109375 0.09375
vt 0.4140625 0.09375
f 3623/10849 3619/10850 3618/10851 3622/10852
vt 0.41015625 0.078125
vt 0.408203125 0.078125
vt 0.408203125 0.09375
vt 0.41015625 0.09375
f 3620/10853 3624/10854 3621/10855 3617/10856
vt 0.412109375 0.09375
vt 0.41015625 0.09375
vt 0.41015625 0.109375
vt 0.412109375 0.109375
f 3618/10857 3617/10858 3621/10859 3622/10860
vt 0.4140625 0.109375
vt 0.412109375 0.109375
vt 0.412109375 0.09375
vt 0.4140625 0.09375
f 3623/10861 3624/10862 3620/10863 3619/10864
vt 0.412109375 0.078125
vt 0.41015625 0.078125
vt 0.41015625 0.09375
vt 0.412109375 0.09375
f 3619/10865 3620/10866 3617/10867 3618/10868
vt 0.416015625 0.078125
vt 0.4140625 0.078125
vt 0.4140625 0.09375
vt 0.416015625 0.09375
f 3624/10869 3623/10870 3622/10871 3621/10872
o ammoModel353
v 10 0.9999981 4.88
v 10.2 0.9999981 4.88
v 10.2 0.8999981 4.88
v 10 0.8999981 4.88
v 10 0.9999981 5.12
v 10.2 0.9999981 5.12
v 10.2 0.8999981 5.12
v 10 0.8999981 5.12
vt 0.4296875 0.078125
vt 0.427734375 0.078125
vt 0.427734375 0.09375
vt 0.4296875 0.09375
f 3631/10873 3627/10874 3626/10875 3630/10876
vt 0.42578125 0.078125
vt 0.423828125 0.078125
vt 0.423828125 0.09375
vt 0.42578125 0.09375
f 3628/10877 3632/10878 3629/10879 3625/10880
vt 0.427734375 0.09375
vt 0.42578125 0.09375
vt 0.42578125 0.109375
vt 0.427734375 0.109375
f 3626/10881 3625/10882 3629/10883 3630/10884
vt 0.4296875 0.109375
vt 0.427734375 0.109375
vt 0.427734375 0.09375
vt 0.4296875 0.09375
f 3631/10885 3632/10886 3628/10887 3627/10888
vt 0.427734375 0.078125
vt 0.42578125 0.078125
vt 0.42578125 0.09375
vt 0.427734375 0.09375
f 3627/10889 3628/10890 3625/10891 3626/10892
vt 0.431640625 0.078125
vt 0.4296875 0.078125
vt 0.4296875 0.09375
vt 0.431640625 0.09375
f 3632/10893 3631/10894 3630/10895 3629/10896
o ammoModel354
v 10 0.9499992 4.72
v 10.2 0.9499992 4.72
v 10.2 0.6499992 4.72
v 10 0.6499992 4.72
v 10 0.9499992 4.78
v 10.2 0.9499992 4.78
v 10.2 0.6499992 4.78
v 10 0.6499992 4.78
vt 0.4453125 0.078125
vt 0.443359375 0.078125
vt 0.443359375 0.09375
vt 0.4453125 0.09375
f 3639/10897 3635/10898 3634/10899 3638/10900
vt 0.44140625 0.078125
vt 0.439453125 0.078125
vt 0.439453125 0.09375
vt 0.44140625 0.09375
f 3636/10901 3640/10902 3637/10903 3633/10904
vt 0.443359375 0.09375
vt 0.44140625 0.09375
vt 0.44140625 0.109375
vt 0.443359375 0.109375
f 3634/10905 3633/10906 3637/10907 3638/10908
vt 0.4453125 0.109375
vt 0.443359375 0.109375
vt 0.443359375 0.09375
vt 0.4453125 0.09375
f 3639/10909 3640/10910 3636/10911 3635/10912
vt 0.443359375 0.078125
vt 0.44140625 0.078125
vt 0.44140625 0.09375
vt 0.443359375 0.09375
f 3635/10913 3636/10914 3633/10915 3634/10916
vt 0.447265625 0.078125
vt 0.4453125 0.078125
vt 0.4453125 0.09375
vt 0.447265625 0.09375
f 3640/10917 3639/10918 3638/10919 3637/10920
o ammoModel355
v 10 0.9499992 4.57
v 10.2 0.9499992 4.57
v 10.2 0.6499992 4.57
v 10 0.6499992 4.57
v 10 0.9499992 4.63
v 10.2 0.9499992 4.63
v 10.2 0.6499992 4.63
v 10 0.6499992 4.63
vt 0.4609375 0.078125
vt 0.458984375 0.078125
vt 0.458984375 0.09375
vt 0.4609375 0.09375
f 3647/10921 3643/10922 3642/10923 3646/10924
vt 0.45703125 0.078125
vt 0.455078125 0.078125
vt 0.455078125 0.09375
vt 0.45703125 0.09375
f 3644/10925 3648/10926 3645/10927 3641/10928
vt 0.458984375 0.09375
vt 0.45703125 0.09375
vt 0.45703125 0.109375
vt 0.458984375 0.109375
f 3642/10929 3641/10930 3645/10931 3646/10932
vt 0.4609375 0.109375
vt 0.458984375 0.109375
vt 0.458984375 0.09375
vt 0.4609375 0.09375
f 3647/10933 3648/10934 3644/10935 3643/10936
vt 0.458984375 0.078125
vt 0.45703125 0.078125
vt 0.45703125 0.09375
vt 0.458984375 0.09375
f 3643/10937 3644/10938 3641/10939 3642/10940
vt 0.462890625 0.078125
vt 0.4609375 0.078125
vt 0.4609375 0.09375
vt 0.462890625 0.09375
f 3648/10941 3647/10942 3646/10943 3645/10944
o ammoModel356
v 10 0.9499992 4.42
v 10.2 0.9499992 4.42
v 10.2 0.6499992 4.42
v 10 0.6499992 4.42
v 10 0.9499992 4.48
v 10.2 0.9499992 4.48
v 10.2 0.6499992 4.48
v 10 0.6499992 4.48
vt 0.4765625 0.078125
vt 0.474609375 0.078125
vt 0.474609375 0.09375
vt 0.4765625 0.09375
f 3655/10945 3651/10946 3650/10947 3654/10948
vt 0.47265625 0.078125
vt 0.470703125 0.078125
vt 0.470703125 0.09375
vt 0.47265625 0.09375
f 3652/10949 3656/10950 3653/10951 3649/10952
vt 0.474609375 0.09375
vt 0.47265625 0.09375
vt 0.47265625 0.109375
vt 0.474609375 0.109375
f 3650/10953 3649/10954 3653/10955 3654/10956
vt 0.4765625 0.109375
vt 0.474609375 0.109375
vt 0.474609375 0.09375
vt 0.4765625 0.09375
f 3655/10957 3656/10958 3652/10959 3651/10960
vt 0.474609375 0.078125
vt 0.47265625 0.078125
vt 0.47265625 0.09375
vt 0.474609375 0.09375
f 3651/10961 3652/10962 3649/10963 3650/10964
vt 0.478515625 0.078125
vt 0.4765625 0.078125
vt 0.4765625 0.09375
vt 0.478515625 0.09375
f 3656/10965 3655/10966 3654/10967 3653/10968
o ammoModel357
v 10 0.9999981 4.48
v 10.2 0.9999981 4.48
v 10.2 0.8999981 4.48
v 10 0.8999981 4.48
v 10 0.9999981 4.72
v 10.2 0.9999981 4.72
v 10.2 0.8999981 4.72
v 10 0.8999981 4.72
vt 0.4921875 0.078125
vt 0.490234375 0.078125
vt 0.490234375 0.09375
vt 0.4921875 0.09375
f 3663/10969 3659/10970 3658/10971 3662/10972
vt 0.48828125 0.078125
vt 0.486328125 0.078125
vt 0.486328125 0.09375
vt 0.48828125 0.09375
f 3660/10973 3664/10974 3661/10975 3657/10976
vt 0.490234375 0.09375
vt 0.48828125 0.09375
vt 0.48828125 0.109375
vt 0.490234375 0.109375
f 3658/10977 3657/10978 3661/10979 3662/10980
vt 0.4921875 0.109375
vt 0.490234375 0.109375
vt 0.490234375 0.09375
vt 0.4921875 0.09375
f 3663/10981 3664/10982 3660/10983 3659/10984
vt 0.490234375 0.078125
vt 0.48828125 0.078125
vt 0.48828125 0.09375
vt 0.490234375 0.09375
f 3659/10985 3660/10986 3657/10987 3658/10988
vt 0.494140625 0.078125
vt 0.4921875 0.078125
vt 0.4921875 0.09375
vt 0.494140625 0.09375
f 3664/10989 3663/10990 3662/10991 3661/10992
o ammoModel358
v 10 0.9799982 4.07
v 10.2 0.9799982 4.07
v 10.2 0.6799982 4.07
v 10 0.6799982 4.07
v 10 0.9799982 4.17
v 10.2 0.9799982 4.17
v 10.2 0.6799982 4.17
v 10 0.6799982 4.17
vt 0.5078125 0.078125
vt 0.505859375 0.078125
vt 0.505859375 0.09375
vt 0.5078125 0.09375
f 3671/10993 3667/10994 3666/10995 3670/10996
vt 0.50390625 0.078125
vt 0.501953125 0.078125
vt 0.501953125 0.09375
vt 0.50390625 0.09375
f 3668/10997 3672/10998 3669/10999 3665/11000
vt 0.505859375 0.09375
vt 0.50390625 0.09375
vt 0.50390625 0.109375
vt 0.505859375 0.109375
f 3666/11001 3665/11002 3669/11003 3670/11004
vt 0.5078125 0.109375
vt 0.505859375 0.109375
vt 0.505859375 0.09375
vt 0.5078125 0.09375
f 3671/11005 3672/11006 3668/11007 3667/11008
vt 0.505859375 0.078125
vt 0.50390625 0.078125
vt 0.50390625 0.09375
vt 0.505859375 0.09375
f 3667/11009 3668/11010 3665/11011 3666/11012
vt 0.509765625 0.078125
vt 0.5078125 0.078125
vt 0.5078125 0.09375
vt 0.509765625 0.09375
f 3672/11013 3671/11014 3670/11015 3669/11016
o ammoModel359
v 10 0.749999 4.09
v 10.2 0.749999 4.09
v 10.2 0.649999 4.09
v 10 0.649999 4.09
v 10 0.749999 4.29
v 10.2 0.749999 4.29
v 10.2 0.649999 4.29
v 10 0.649999 4.29
vt 0.5234375 0.078125
vt 0.521484375 0.078125
vt 0.521484375 0.09375
vt 0.5234375 0.09375
f 3679/11017 3675/11018 3674/11019 3678/11020
vt 0.51953125 0.078125
vt 0.517578125 0.078125
vt 0.517578125 0.09375
vt 0.51953125 0.09375
f 3676/11021 3680/11022 3677/11023 3673/11024
vt 0.521484375 0.09375
vt 0.51953125 0.09375
vt 0.51953125 0.109375
vt 0.521484375 0.109375
f 3674/11025 3673/11026 3677/11027 3678/11028
vt 0.5234375 0.109375
vt 0.521484375 0.109375
vt 0.521484375 0.09375
vt 0.5234375 0.09375
f 3679/11029 3680/11030 3676/11031 3675/11032
vt 0.521484375 0.078125
vt 0.51953125 0.078125
vt 0.51953125 0.09375
vt 0.521484375 0.09375
f 3675/11033 3676/11034 3673/11035 3674/11036
vt 0.525390625 0.078125
vt 0.5234375 0.078125
vt 0.5234375 0.09375
vt 0.525390625 0.09375
f 3680/11037 3679/11038 3678/11039 3677/11040
o ammoModel360
v 10 0.9799982 4.25
v 10.2 0.9799982 4.25
v 10.2 0.6799982 4.25
v 10 0.6799982 4.25
v 10 0.9799982 4.35
v 10.2 0.9799982 4.35
v 10.2 0.6799982 4.35
v 10 0.6799982 4.35
vt 0.5390625 0.078125
vt 0.537109375 0.078125
vt 0.537109375 0.09375
vt 0.5390625 0.09375
f 3687/11041 3683/11042 3682/11043 3686/11044
vt 0.53515625 0.078125
vt 0.533203125 0.078125
vt 0.533203125 0.09375
vt 0.53515625 0.09375
f 3684/11045 3688/11046 3685/11047 3681/11048
vt 0.537109375 0.09375
vt 0.53515625 0.09375
vt 0.53515625 0.109375
vt 0.537109375 0.109375
f 3682/11049 3681/11050 3685/11051 3686/11052
vt 0.5390625 0.109375
vt 0.537109375 0.109375
vt 0.537109375 0.09375
vt 0.5390625 0.09375
f 3687/11053 3688/11054 3684/11055 3683/11056
vt 0.537109375 0.078125
vt 0.53515625 0.078125
vt 0.53515625 0.09375
vt 0.537109375 0.09375
f 3683/11057 3684/11058 3681/11059 3682/11060
vt 0.541015625 0.078125
vt 0.5390625 0.078125
vt 0.5390625 0.09375
vt 0.541015625 0.09375
f 3688/11061 3687/11062 3686/11063 3685/11064
o ammoModel361
v 10 0.959998 3.9
v 10.2 0.959998 3.9
v 10.2 0.659998 3.9
v 10 0.659998 3.9
v 10 0.959998 4
v 10.2 0.959998 4
v 10.2 0.659998 4
v 10 0.659998 4
vt 0.5546875 0.078125
vt 0.552734375 0.078125
vt 0.552734375 0.09375
vt 0.5546875 0.09375
f 3695/11065 3691/11066 3690/11067 3694/11068
vt 0.55078125 0.078125
vt 0.548828125 0.078125
vt 0.548828125 0.09375
vt 0.55078125 0.09375
f 3692/11069 3696/11070 3693/11071 3689/11072
vt 0.552734375 0.09375
vt 0.55078125 0.09375
vt 0.55078125 0.109375
vt 0.552734375 0.109375
f 3690/11073 3689/11074 3693/11075 3694/11076
vt 0.5546875 0.109375
vt 0.552734375 0.109375
vt 0.552734375 0.09375
vt 0.5546875 0.09375
f 3695/11077 3696/11078 3692/11079 3691/11080
vt 0.552734375 0.078125
vt 0.55078125 0.078125
vt 0.55078125 0.09375
vt 0.552734375 0.09375
f 3691/11081 3692/11082 3689/11083 3690/11084
vt 0.556640625 0.078125
vt 0.5546875 0.078125
vt 0.5546875 0.09375
vt 0.556640625 0.09375
f 3696/11085 3695/11086 3694/11087 3693/11088
o ammoModel362
v 10 0.959998 3.7
v 10.2 0.959998 3.7
v 10.2 0.659998 3.7
v 10 0.659998 3.7
v 10 0.959998 3.8
v 10.2 0.959998 3.8
v 10.2 0.659998 3.8
v 10 0.659998 3.8
vt 0.5703125 0.078125
vt 0.568359375 0.078125
vt 0.568359375 0.09375
vt 0.5703125 0.09375
f 3703/11089 3699/11090 3698/11091 3702/11092
vt 0.56640625 0.078125
vt 0.564453125 0.078125
vt 0.564453125 0.09375
vt 0.56640625 0.09375
f 3700/11093 3704/11094 3701/11095 3697/11096
vt 0.568359375 0.09375
vt 0.56640625 0.09375
vt 0.56640625 0.109375
vt 0.568359375 0.109375
f 3698/11097 3697/11098 3701/11099 3702/11100
vt 0.5703125 0.109375
vt 0.568359375 0.109375
vt 0.568359375 0.09375
vt 0.5703125 0.09375
f 3703/11101 3704/11102 3700/11103 3699/11104
vt 0.568359375 0.078125
vt 0.56640625 0.078125
vt 0.56640625 0.09375
vt 0.568359375 0.09375
f 3699/11105 3700/11106 3697/11107 3698/11108
vt 0.572265625 0.078125
vt 0.5703125 0.078125
vt 0.5703125 0.09375
vt 0.572265625 0.09375
f 3704/11109 3703/11110 3702/11111 3701/11112
o ammoModel363
v 10 0.959998 3.85
v 10.2 0.959998 3.85
v 10.2 0.659998 3.7
v 10 0.659998 3.7
v 10 0.959998 3.95
v 10.2 0.959998 3.95
v 10.2 0.659998 3.8
v 10 0.659998 3.8
vt 0.5859375 0.078125
vt 0.583984375 0.078125
vt 0.583984375 0.09375
vt 0.5859375 0.09375
f 3711/11113 3707/11114 3706/11115 3710/11116
vt 0.58203125 0.078125
vt 0.580078125 0.078125
vt 0.580078125 0.09375
vt 0.58203125 0.09375
f 3708/11117 3712/11118 3709/11119 3705/11120
vt 0.583984375 0.09375
vt 0.58203125 0.09375
vt 0.58203125 0.109375
vt 0.583984375 0.109375
f 3706/11121 3705/11122 3709/11123 3710/11124
vt 0.5859375 0.109375
vt 0.583984375 0.109375
vt 0.583984375 0.09375
vt 0.5859375 0.09375
f 3711/11125 3712/11126 3708/11127 3707/11128
vt 0.583984375 0.078125
vt 0.58203125 0.078125
vt 0.58203125 0.09375
vt 0.583984375 0.09375
f 3707/11129 3708/11130 3705/11131 3706/11132
vt 0.587890625 0.078125
vt 0.5859375 0.078125
vt 0.5859375 0.09375
vt 0.587890625 0.09375
f 3712/11133 3711/11134 3710/11135 3709/11136
o ammoModel364
v 10 0.959998 3.5
v 10.2 0.959998 3.5
v 10.2 0.659998 3.5
v 10 0.659998 3.5
v 10 0.959998 3.6
v 10.2 0.959998 3.6
v 10.2 0.659998 3.6
v 10 0.659998 3.6
vt 0.6015625 0.078125
vt 0.599609375 0.078125
vt 0.599609375 0.09375
vt 0.6015625 0.09375
f 3719/11137 3715/11138 3714/11139 3718/11140
vt 0.59765625 0.078125
vt 0.595703125 0.078125
vt 0.595703125 0.09375
vt 0.59765625 0.09375
f 3716/11141 3720/11142 3717/11143 3713/11144
vt 0.599609375 0.09375
vt 0.59765625 0.09375
vt 0.59765625 0.109375
vt 0.599609375 0.109375
f 3714/11145 3713/11146 3717/11147 3718/11148
vt 0.6015625 0.109375
vt 0.599609375 0.109375
vt 0.599609375 0.09375
vt 0.6015625 0.09375
f 3719/11149 3720/11150 3716/11151 3715/11152
vt 0.599609375 0.078125
vt 0.59765625 0.078125
vt 0.59765625 0.09375
vt 0.599609375 0.09375
f 3715/11153 3716/11154 3713/11155 3714/11156
vt 0.603515625 0.078125
vt 0.6015625 0.078125
vt 0.6015625 0.09375
vt 0.603515625 0.09375
f 3720/11157 3719/11158 3718/11159 3717/11160
o ammoModel365
v 10 0.959998 3.25
v 10.2 0.959998 3.25
v 10.2 0.659998 3.25
v 10 0.659998 3.25
v 10 0.959998 3.35
v 10.2 0.959998 3.35
v 10.2 0.659998 3.35
v 10 0.659998 3.35
vt 0.6171875 0.078125
vt 0.615234375 0.078125
vt 0.615234375 0.09375
vt 0.6171875 0.09375
f 3727/11161 3723/11162 3722/11163 3726/11164
vt 0.61328125 0.078125
vt 0.611328125 0.078125
vt 0.611328125 0.09375
vt 0.61328125 0.09375
f 3724/11165 3728/11166 3725/11167 3721/11168
vt 0.615234375 0.09375
vt 0.61328125 0.09375
vt 0.61328125 0.109375
vt 0.615234375 0.109375
f 3722/11169 3721/11170 3725/11171 3726/11172
vt 0.6171875 0.109375
vt 0.615234375 0.109375
vt 0.615234375 0.09375
vt 0.6171875 0.09375
f 3727/11173 3728/11174 3724/11175 3723/11176
vt 0.615234375 0.078125
vt 0.61328125 0.078125
vt 0.61328125 0.09375
vt 0.615234375 0.09375
f 3723/11177 3724/11178 3721/11179 3722/11180
vt 0.619140625 0.078125
vt 0.6171875 0.078125
vt 0.6171875 0.09375
vt 0.619140625 0.09375
f 3728/11181 3727/11182 3726/11183 3725/11184
o ammoModel366
v 10 0.9799981 3.18
v 10.2 0.9799981 3.18
v 10.2 0.8799981 3.18
v 10 0.8799981 3.18
v 10 0.9799981 3.42
v 10.2 0.9799981 3.42
v 10.2 0.8799981 3.42
v 10 0.8799981 3.42
vt 0.6328125 0.078125
vt 0.630859375 0.078125
vt 0.630859375 0.09375
vt 0.6328125 0.09375
f 3735/11185 3731/11186 3730/11187 3734/11188
vt 0.62890625 0.078125
vt 0.626953125 0.078125
vt 0.626953125 0.09375
vt 0.62890625 0.09375
f 3732/11189 3736/11190 3733/11191 3729/11192
vt 0.630859375 0.09375
vt 0.62890625 0.09375
vt 0.62890625 0.109375
vt 0.630859375 0.109375
f 3730/11193 3729/11194 3733/11195 3734/11196
vt 0.6328125 0.109375
vt 0.630859375 0.109375
vt 0.630859375 0.09375
vt 0.6328125 0.09375
f 3735/11197 3736/11198 3732/11199 3731/11200
vt 0.630859375 0.078125
vt 0.62890625 0.078125
vt 0.62890625 0.09375
vt 0.630859375 0.09375
f 3731/11201 3732/11202 3729/11203 3730/11204
vt 0.634765625 0.078125
vt 0.6328125 0.078125
vt 0.6328125 0.09375
vt 0.634765625 0.09375
f 3736/11205 3735/11206 3734/11207 3733/11208
o ammoModel367
v 10 0.959998 3
v 10.2 0.959998 3
v 10.2 0.659998 3
v 10 0.659998 3
v 10 0.959998 3.1
v 10.2 0.959998 3.1
v 10.2 0.659998 3.1
v 10 0.659998 3.1
vt 0.6484375 0.078125
vt 0.646484375 0.078125
vt 0.646484375 0.09375
vt 0.6484375 0.09375
f 3743/11209 3739/11210 3738/11211 3742/11212
vt 0.64453125 0.078125
vt 0.642578125 0.078125
vt 0.642578125 0.09375
vt 0.64453125 0.09375
f 3740/11213 3744/11214 3741/11215 3737/11216
vt 0.646484375 0.09375
vt 0.64453125 0.09375
vt 0.64453125 0.109375
vt 0.646484375 0.109375
f 3738/11217 3737/11218 3741/11219 3742/11220
vt 0.6484375 0.109375
vt 0.646484375 0.109375
vt 0.646484375 0.09375
vt 0.6484375 0.09375
f 3743/11221 3744/11222 3740/11223 3739/11224
vt 0.646484375 0.078125
vt 0.64453125 0.078125
vt 0.64453125 0.09375
vt 0.646484375 0.09375
f 3739/11225 3740/11226 3737/11227 3738/11228
vt 0.650390625 0.078125
vt 0.6484375 0.078125
vt 0.6484375 0.09375
vt 0.650390625 0.09375
f 3744/11229 3743/11230 3742/11231 3741/11232
o ammoModel368
v 10 0.959998 2.8
v 10.2 0.959998 2.8
v 10.2 0.659998 2.8
v 10 0.659998 2.8
v 10 0.959998 2.9
v 10.2 0.959998 2.9
v 10.2 0.659998 2.9
v 10 0.659998 2.9
vt 0.6640625 0.078125
vt 0.662109375 0.078125
vt 0.662109375 0.09375
vt 0.6640625 0.09375
f 3751/11233 3747/11234 3746/11235 3750/11236
vt 0.66015625 0.078125
vt 0.658203125 0.078125
vt 0.658203125 0.09375
vt 0.66015625 0.09375
f 3748/11237 3752/11238 3749/11239 3745/11240
vt 0.662109375 0.09375
vt 0.66015625 0.09375
vt 0.66015625 0.109375
vt 0.662109375 0.109375
f 3746/11241 3745/11242 3749/11243 3750/11244
vt 0.6640625 0.109375
vt 0.662109375 0.109375
vt 0.662109375 0.09375
vt 0.6640625 0.09375
f 3751/11245 3752/11246 3748/11247 3747/11248
vt 0.662109375 0.078125
vt 0.66015625 0.078125
vt 0.66015625 0.09375
vt 0.662109375 0.09375
f 3747/11249 3748/11250 3745/11251 3746/11252
vt 0.666015625 0.078125
vt 0.6640625 0.078125
vt 0.6640625 0.09375
vt 0.666015625 0.09375
f 3752/11253 3751/11254 3750/11255 3749/11256
o ammoModel369
v 10 0.9799981 2.65
v 10.2 0.9799981 2.65
v 10.2 0.8799981 2.65
v 10 0.8799981 2.65
v 10 0.9799981 2.85
v 10.2 0.9799981 2.85
v 10.2 0.8799981 2.85
v 10 0.8799981 2.85
vt 0.6796875 0.078125
vt 0.677734375 0.078125
vt 0.677734375 0.09375
vt 0.6796875 0.09375
f 3759/11257 3755/11258 3754/11259 3758/11260
vt 0.67578125 0.078125
vt 0.673828125 0.078125
vt 0.673828125 0.09375
vt 0.67578125 0.09375
f 3756/11261 3760/11262 3757/11263 3753/11264
vt 0.677734375 0.09375
vt 0.67578125 0.09375
vt 0.67578125 0.109375
vt 0.677734375 0.109375
f 3754/11265 3753/11266 3757/11267 3758/11268
vt 0.6796875 0.109375
vt 0.677734375 0.109375
vt 0.677734375 0.09375
vt 0.6796875 0.09375
f 3759/11269 3760/11270 3756/11271 3755/11272
vt 0.677734375 0.078125
vt 0.67578125 0.078125
vt 0.67578125 0.09375
vt 0.677734375 0.09375
f 3755/11273 3756/11274 3753/11275 3754/11276
vt 0.681640625 0.078125
vt 0.6796875 0.078125
vt 0.6796875 0.09375
vt 0.681640625 0.09375
f 3760/11277 3759/11278 3758/11279 3757/11280
o ammoModel370
v 10 0.749999 2.65
v 10.2 0.749999 2.65
v 10.2 0.649999 2.65
v 10 0.649999 2.65
v 10 0.749999 2.85
v 10.2 0.749999 2.85
v 10.2 0.649999 2.85
v 10 0.649999 2.85
vt 0.6953125 0.078125
vt 0.693359375 0.078125
vt 0.693359375 0.09375
vt 0.6953125 0.09375
f 3767/11281 3763/11282 3762/11283 3766/11284
vt 0.69140625 0.078125
vt 0.689453125 0.078125
vt 0.689453125 0.09375
vt 0.69140625 0.09375
f 3764/11285 3768/11286 3765/11287 3761/11288
vt 0.693359375 0.09375
vt 0.69140625 0.09375
vt 0.69140625 0.109375
vt 0.693359375 0.109375
f 3762/11289 3761/11290 3765/11291 3766/11292
vt 0.6953125 0.109375
vt 0.693359375 0.109375
vt 0.693359375 0.09375
vt 0.6953125 0.09375
f 3767/11293 3768/11294 3764/11295 3763/11296
vt 0.693359375 0.078125
vt 0.69140625 0.078125
vt 0.69140625 0.09375
vt 0.693359375 0.09375
f 3763/11297 3764/11298 3761/11299 3762/11300
vt 0.697265625 0.078125
vt 0.6953125 0.078125
vt 0.6953125 0.09375
vt 0.697265625 0.09375
f 3768/11301 3767/11302 3766/11303 3765/11304
o ammoModel371
v 10 0.959998 2.6
v 10.2 0.959998 2.6
v 10.2 0.659998 2.6
v 10 0.659998 2.6
v 10 0.959998 2.7
v 10.2 0.959998 2.7
v 10.2 0.659998 2.7
v 10 0.659998 2.7
vt 0.7109375 0.078125
vt 0.708984375 0.078125
vt 0.708984375 0.09375
vt 0.7109375 0.09375
f 3775/11305 3771/11306 3770/11307 3774/11308
vt 0.70703125 0.078125
vt 0.705078125 0.078125
vt 0.705078125 0.09375
vt 0.70703125 0.09375
f 3772/11309 3776/11310 3773/11311 3769/11312
vt 0.708984375 0.09375
vt 0.70703125 0.09375
vt 0.70703125 0.109375
vt 0.708984375 0.109375
f 3770/11313 3769/11314 3773/11315 3774/11316
vt 0.7109375 0.109375
vt 0.708984375 0.109375
vt 0.708984375 0.09375
vt 0.7109375 0.09375
f 3775/11317 3776/11318 3772/11319 3771/11320
vt 0.708984375 0.078125
vt 0.70703125 0.078125
vt 0.70703125 0.09375
vt 0.708984375 0.09375
f 3771/11321 3772/11322 3769/11323 3770/11324
vt 0.712890625 0.078125
vt 0.7109375 0.078125
vt 0.7109375 0.09375
vt 0.712890625 0.09375
f 3776/11325 3775/11326 3774/11327 3773/11328
o ammoModel372
v 10 0.959998 2.2
v 10.2 0.959998 2.2
v 10.2 0.659998 2.2
v 10 0.659998 2.2
v 10 0.959998 2.3
v 10.2 0.959998 2.3
v 10.2 0.659998 2.3
v 10 0.659998 2.3
vt 0.7265625 0.078125
vt 0.724609375 0.078125
vt 0.724609375 0.09375
vt 0.7265625 0.09375
f 3783/11329 3779/11330 3778/11331 3782/11332
vt 0.72265625 0.078125
vt 0.720703125 0.078125
vt 0.720703125 0.09375
vt 0.72265625 0.09375
f 3780/11333 3784/11334 3781/11335 3777/11336
vt 0.724609375 0.09375
vt 0.72265625 0.09375
vt 0.72265625 0.109375
vt 0.724609375 0.109375
f 3778/11337 3777/11338 3781/11339 3782/11340
vt 0.7265625 0.109375
vt 0.724609375 0.109375
vt 0.724609375 0.09375
vt 0.7265625 0.09375
f 3783/11341 3784/11342 3780/11343 3779/11344
vt 0.724609375 0.078125
vt 0.72265625 0.078125
vt 0.72265625 0.09375
vt 0.724609375 0.09375
f 3779/11345 3780/11346 3777/11347 3778/11348
vt 0.728515625 0.078125
vt 0.7265625 0.078125
vt 0.7265625 0.09375
vt 0.728515625 0.09375
f 3784/11349 3783/11350 3782/11351 3781/11352
o ammoModel373
v 10 0.959998 2.35
v 10.2 0.959998 2.35
v 10.2 0.659998 2.2
v 10 0.659998 2.2
v 10 0.959998 2.45
v 10.2 0.959998 2.45
v 10.2 0.659998 2.3
v 10 0.659998 2.3
vt 0.7421875 0.078125
vt 0.740234375 0.078125
vt 0.740234375 0.09375
vt 0.7421875 0.09375
f 3791/11353 3787/11354 3786/11355 3790/11356
vt 0.73828125 0.078125
vt 0.736328125 0.078125
vt 0.736328125 0.09375
vt 0.73828125 0.09375
f 3788/11357 3792/11358 3789/11359 3785/11360
vt 0.740234375 0.09375
vt 0.73828125 0.09375
vt 0.73828125 0.109375
vt 0.740234375 0.109375
f 3786/11361 3785/11362 3789/11363 3790/11364
vt 0.7421875 0.109375
vt 0.740234375 0.109375
vt 0.740234375 0.09375
vt 0.7421875 0.09375
f 3791/11365 3792/11366 3788/11367 3787/11368
vt 0.740234375 0.078125
vt 0.73828125 0.078125
vt 0.73828125 0.09375
vt 0.740234375 0.09375
f 3787/11369 3788/11370 3785/11371 3786/11372
vt 0.744140625 0.078125
vt 0.7421875 0.078125
vt 0.7421875 0.09375
vt 0.744140625 0.09375
f 3792/11373 3791/11374 3790/11375 3789/11376
o ammoModel374
v 10 0.959998 2.4
v 10.2 0.959998 2.4
v 10.2 0.659998 2.4
v 10 0.659998 2.4
v 10 0.959998 2.5
v 10.2 0.959998 2.5
v 10.2 0.659998 2.5
v 10 0.659998 2.5
vt 0.7578125 0.078125
vt 0.755859375 0.078125
vt 0.755859375 0.09375
vt 0.7578125 0.09375
f 3799/11377 3795/11378 3794/11379 3798/11380
vt 0.75390625 0.078125
vt 0.751953125 0.078125
vt 0.751953125 0.09375
vt 0.75390625 0.09375
f 3796/11381 3800/11382 3797/11383 3793/11384
vt 0.755859375 0.09375
vt 0.75390625 0.09375
vt 0.75390625 0.109375
vt 0.755859375 0.109375
f 3794/11385 3793/11386 3797/11387 3798/11388
vt 0.7578125 0.109375
vt 0.755859375 0.109375
vt 0.755859375 0.09375
vt 0.7578125 0.09375
f 3799/11389 3800/11390 3796/11391 3795/11392
vt 0.755859375 0.078125
vt 0.75390625 0.078125
vt 0.75390625 0.09375
vt 0.755859375 0.09375
f 3795/11393 3796/11394 3793/11395 3794/11396
vt 0.759765625 0.078125
vt 0.7578125 0.078125
vt 0.7578125 0.09375
vt 0.759765625 0.09375
f 3800/11397 3799/11398 3798/11399 3797/11400
o ammoModel375
v 10 0.449999 3.95
v 10.2 0.449999 3.95
v 10.2 0.149999 3.95
v 10 0.149999 3.95
v 10 0.449999 4.05
v 10.2 0.449999 4.05
v 10.2 0.149999 4.05
v 10 0.149999 4.05
vt 0.7734375 0.078125
vt 0.771484375 0.078125
vt 0.771484375 0.09375
vt 0.7734375 0.09375
f 3807/11401 3803/11402 3802/11403 3806/11404
vt 0.76953125 0.078125
vt 0.767578125 0.078125
vt 0.767578125 0.09375
vt 0.76953125 0.09375
f 3804/11405 3808/11406 3805/11407 3801/11408
vt 0.771484375 0.09375
vt 0.76953125 0.09375
vt 0.76953125 0.109375
vt 0.771484375 0.109375
f 3802/11409 3801/11410 3805/11411 3806/11412
vt 0.7734375 0.109375
vt 0.771484375 0.109375
vt 0.771484375 0.09375
vt 0.7734375 0.09375
f 3807/11413 3808/11414 3804/11415 3803/11416
vt 0.771484375 0.078125
vt 0.76953125 0.078125
vt 0.76953125 0.09375
vt 0.771484375 0.09375
f 3803/11417 3804/11418 3801/11419 3802/11420
vt 0.775390625 0.078125
vt 0.7734375 0.078125
vt 0.7734375 0.09375
vt 0.775390625 0.09375
f 3808/11421 3807/11422 3806/11423 3805/11424
o ammoModel376
v 10 0.449999 3.73
v 10.2 0.449999 3.73
v 10.2 0.149999 3.73
v 10 0.149999 3.73
v 10 0.449999 3.83
v 10.2 0.449999 3.83
v 10.2 0.149999 3.83
v 10 0.149999 3.83
vt 0.7890625 0.078125
vt 0.787109375 0.078125
vt 0.787109375 0.09375
vt 0.7890625 0.09375
f 3815/11425 3811/11426 3810/11427 3814/11428
vt 0.78515625 0.078125
vt 0.783203125 0.078125
vt 0.783203125 0.09375
vt 0.78515625 0.09375
f 3812/11429 3816/11430 3813/11431 3809/11432
vt 0.787109375 0.09375
vt 0.78515625 0.09375
vt 0.78515625 0.109375
vt 0.787109375 0.109375
f 3810/11433 3809/11434 3813/11435 3814/11436
vt 0.7890625 0.109375
vt 0.787109375 0.109375
vt 0.787109375 0.09375
vt 0.7890625 0.09375
f 3815/11437 3816/11438 3812/11439 3811/11440
vt 0.787109375 0.078125
vt 0.78515625 0.078125
vt 0.78515625 0.09375
vt 0.787109375 0.09375
f 3811/11441 3812/11442 3809/11443 3810/11444
vt 0.791015625 0.078125
vt 0.7890625 0.078125
vt 0.7890625 0.09375
vt 0.791015625 0.09375
f 3816/11445 3815/11446 3814/11447 3813/11448
o ammoModel377
v 10 0.4999981 3.78
v 10.2 0.4999981 3.78
v 10.2 0.3999981 3.78
v 10 0.3999981 3.78
v 10 0.4999981 3.98
v 10.2 0.4999981 3.98
v 10.2 0.3999981 3.98
v 10 0.3999981 3.98
vt 0.8046875 0.078125
vt 0.802734375 0.078125
vt 0.802734375 0.09375
vt 0.8046875 0.09375
f 3823/11449 3819/11450 3818/11451 3822/11452
vt 0.80078125 0.078125
vt 0.798828125 0.078125
vt 0.798828125 0.09375
vt 0.80078125 0.09375
f 3820/11453 3824/11454 3821/11455 3817/11456
vt 0.802734375 0.09375
vt 0.80078125 0.09375
vt 0.80078125 0.109375
vt 0.802734375 0.109375
f 3818/11457 3817/11458 3821/11459 3822/11460
vt 0.8046875 0.109375
vt 0.802734375 0.109375
vt 0.802734375 0.09375
vt 0.8046875 0.09375
f 3823/11461 3824/11462 3820/11463 3819/11464
vt 0.802734375 0.078125
vt 0.80078125 0.078125
vt 0.80078125 0.09375
vt 0.802734375 0.09375
f 3819/11465 3820/11466 3817/11467 3818/11468
vt 0.806640625 0.078125
vt 0.8046875 0.078125
vt 0.8046875 0.09375
vt 0.806640625 0.09375
f 3824/11469 3823/11470 3822/11471 3821/11472
o ammoModel378
v 10 0.229999 3.75
v 10.2 0.229999 3.75
v 10.2 0.129999 3.75
v 10 0.129999 3.75
v 10 0.229999 3.95
v 10.2 0.229999 3.95
v 10.2 0.129999 3.95
v 10 0.129999 3.95
vt 0.8203125 0.078125
vt 0.818359375 0.078125
vt 0.818359375 0.09375
vt 0.8203125 0.09375
f 3831/11473 3827/11474 3826/11475 3830/11476
vt 0.81640625 0.078125
vt 0.814453125 0.078125
vt 0.814453125 0.09375
vt 0.81640625 0.09375
f 3828/11477 3832/11478 3829/11479 3825/11480
vt 0.818359375 0.09375
vt 0.81640625 0.09375
vt 0.81640625 0.109375
vt 0.818359375 0.109375
f 3826/11481 3825/11482 3829/11483 3830/11484
vt 0.8203125 0.109375
vt 0.818359375 0.109375
vt 0.818359375 0.09375
vt 0.8203125 0.09375
f 3831/11485 3832/11486 3828/11487 3827/11488
vt 0.818359375 0.078125
vt 0.81640625 0.078125
vt 0.81640625 0.09375
vt 0.818359375 0.09375
f 3827/11489 3828/11490 3825/11491 3826/11492
vt 0.822265625 0.078125
vt 0.8203125 0.078125
vt 0.8203125 0.09375
vt 0.822265625 0.09375
f 3832/11493 3831/11494 3830/11495 3829/11496
o ammoModel379
v 10 0.449999 4.3
v 10.2 0.449999 4.3
v 10.2 0.149999 4.3
v 10 0.149999 4.3
v 10 0.449999 4.4
v 10.2 0.449999 4.4
v 10.2 0.149999 4.4
v 10 0.149999 4.4
vt 0.8359375 0.078125
vt 0.833984375 0.078125
vt 0.833984375 0.09375
vt 0.8359375 0.09375
f 3839/11497 3835/11498 3834/11499 3838/11500
vt 0.83203125 0.078125
vt 0.830078125 0.078125
vt 0.830078125 0.09375
vt 0.83203125 0.09375
f 3836/11501 3840/11502 3837/11503 3833/11504
vt 0.833984375 0.09375
vt 0.83203125 0.09375
vt 0.83203125 0.109375
vt 0.833984375 0.109375
f 3834/11505 3833/11506 3837/11507 3838/11508
vt 0.8359375 0.109375
vt 0.833984375 0.109375
vt 0.833984375 0.09375
vt 0.8359375 0.09375
f 3839/11509 3840/11510 3836/11511 3835/11512
vt 0.833984375 0.078125
vt 0.83203125 0.078125
vt 0.83203125 0.09375
vt 0.833984375 0.09375
f 3835/11513 3836/11514 3833/11515 3834/11516
vt 0.837890625 0.078125
vt 0.8359375 0.078125
vt 0.8359375 0.09375
vt 0.837890625 0.09375
f 3840/11517 3839/11518 3838/11519 3837/11520
o ammoModel380
v 10 0.4999981 4.2
v 10.2 0.4999981 4.2
v 10.2 0.3999981 4.2
v 10 0.3999981 4.2
v 10 0.4999981 4.4
v 10.2 0.4999981 4.4
v 10.2 0.3999981 4.4
v 10 0.3999981 4.4
vt 0.8515625 0.078125
vt 0.849609375 0.078125
vt 0.849609375 0.09375
vt 0.8515625 0.09375
f 3847/11521 3843/11522 3842/11523 3846/11524
vt 0.84765625 0.078125
vt 0.845703125 0.078125
vt 0.845703125 0.09375
vt 0.84765625 0.09375
f 3844/11525 3848/11526 3845/11527 3841/11528
vt 0.849609375 0.09375
vt 0.84765625 0.09375
vt 0.84765625 0.109375
vt 0.849609375 0.109375
f 3842/11529 3841/11530 3845/11531 3846/11532
vt 0.8515625 0.109375
vt 0.849609375 0.109375
vt 0.849609375 0.09375
vt 0.8515625 0.09375
f 3847/11533 3848/11534 3844/11535 3843/11536
vt 0.849609375 0.078125
vt 0.84765625 0.078125
vt 0.84765625 0.09375
vt 0.849609375 0.09375
f 3843/11537 3844/11538 3841/11539 3842/11540
vt 0.853515625 0.078125
vt 0.8515625 0.078125
vt 0.8515625 0.09375
vt 0.853515625 0.09375
f 3848/11541 3847/11542 3846/11543 3845/11544
o ammoModel381
v 10 0.3299992 4.2
v 10.2 0.3299992 4.2
v 10.2 0.2899992 4.2
v 10 0.2899992 4.2
v 10 0.3299992 4.4
v 10.2 0.3299992 4.4
v 10.2 0.2899992 4.4
v 10 0.2899992 4.4
vt 0.8671875 0.078125
vt 0.865234375 0.078125
vt 0.865234375 0.09375
vt 0.8671875 0.09375
f 3855/11545 3851/11546 3850/11547 3854/11548
vt 0.86328125 0.078125
vt 0.861328125 0.078125
vt 0.861328125 0.09375
vt 0.86328125 0.09375
f 3852/11549 3856/11550 3853/11551 3849/11552
vt 0.865234375 0.09375
vt 0.86328125 0.09375
vt 0.86328125 0.109375
vt 0.865234375 0.109375
f 3850/11553 3849/11554 3853/11555 3854/11556
vt 0.8671875 0.109375
vt 0.865234375 0.109375
vt 0.865234375 0.09375
vt 0.8671875 0.09375
f 3855/11557 3856/11558 3852/11559 3851/11560
vt 0.865234375 0.078125
vt 0.86328125 0.078125
vt 0.86328125 0.09375
vt 0.865234375 0.09375
f 3851/11561 3852/11562 3849/11563 3850/11564
vt 0.869140625 0.078125
vt 0.8671875 0.078125
vt 0.8671875 0.09375
vt 0.869140625 0.09375
f 3856/11565 3855/11566 3854/11567 3853/11568
o ammoModel382
v 10 0.229999 4.2
v 10.2 0.229999 4.2
v 10.2 0.129999 4.2
v 10 0.129999 4.2
v 10 0.229999 4.4
v 10.2 0.229999 4.4
v 10.2 0.129999 4.4
v 10 0.129999 4.4
vt 0.8828125 0.078125
vt 0.880859375 0.078125
vt 0.880859375 0.09375
vt 0.8828125 0.09375
f 3863/11569 3859/11570 3858/11571 3862/11572
vt 0.87890625 0.078125
vt 0.876953125 0.078125
vt 0.876953125 0.09375
vt 0.87890625 0.09375
f 3860/11573 3864/11574 3861/11575 3857/11576
vt 0.880859375 0.09375
vt 0.87890625 0.09375
vt 0.87890625 0.109375
vt 0.880859375 0.109375
f 3858/11577 3857/11578 3861/11579 3862/11580
vt 0.8828125 0.109375
vt 0.880859375 0.109375
vt 0.880859375 0.09375
vt 0.8828125 0.09375
f 3863/11581 3864/11582 3860/11583 3859/11584
vt 0.880859375 0.078125
vt 0.87890625 0.078125
vt 0.87890625 0.09375
vt 0.880859375 0.09375
f 3859/11585 3860/11586 3857/11587 3858/11588
vt 0.884765625 0.078125
vt 0.8828125 0.078125
vt 0.8828125 0.09375
vt 0.884765625 0.09375
f 3864/11589 3863/11590 3862/11591 3861/11592
o ammoModel383
v 10 0.319999 4.15
v 10.2 0.319999 4.15
v 10.2 0.179999 4.15
v 10 0.179999 4.15
v 10 0.319999 4.25
v 10.2 0.319999 4.25
v 10.2 0.179999 4.25
v 10 0.179999 4.25
vt 0.8984375 0.078125
vt 0.896484375 0.078125
vt 0.896484375 0.09375
vt 0.8984375 0.09375
f 3871/11593 3867/11594 3866/11595 3870/11596
vt 0.89453125 0.078125
vt 0.892578125 0.078125
vt 0.892578125 0.09375
vt 0.89453125 0.09375
f 3868/11597 3872/11598 3869/11599 3865/11600
vt 0.896484375 0.09375
vt 0.89453125 0.09375
vt 0.89453125 0.109375
vt 0.896484375 0.109375
f 3866/11601 3865/11602 3869/11603 3870/11604
vt 0.8984375 0.109375
vt 0.896484375 0.109375
vt 0.896484375 0.09375
vt 0.8984375 0.09375
f 3871/11605 3872/11606 3868/11607 3867/11608
vt 0.896484375 0.078125
vt 0.89453125 0.078125
vt 0.89453125 0.09375
vt 0.896484375 0.09375
f 3867/11609 3868/11610 3865/11611 3866/11612
vt 0.900390625 0.078125
vt 0.8984375 0.078125
vt 0.8984375 0.09375
vt 0.900390625 0.09375
f 3872/11613 3871/11614 3870/11615 3869/11616
o ammoModel384
v 10 0.4699991 4.15
v 10.2 0.4699991 4.15
v 10.2 0.3299991 4.15
v 10 0.3299991 4.15
v 10 0.4699991 4.25
v 10.2 0.4699991 4.25
v 10.2 0.3299991 4.25
v 10 0.3299991 4.25
vt 0.9140625 0.078125
vt 0.912109375 0.078125
vt 0.912109375 0.09375
vt 0.9140625 0.09375
f 3879/11617 3875/11618 3874/11619 3878/11620
vt 0.91015625 0.078125
vt 0.908203125 0.078125
vt 0.908203125 0.09375
vt 0.91015625 0.09375
f 3876/11621 3880/11622 3877/11623 3873/11624
vt 0.912109375 0.09375
vt 0.91015625 0.09375
vt 0.91015625 0.109375
vt 0.912109375 0.109375
f 3874/11625 3873/11626 3877/11627 3878/11628
vt 0.9140625 0.109375
vt 0.912109375 0.109375
vt 0.912109375 0.09375
vt 0.9140625 0.09375
f 3879/11629 3880/11630 3876/11631 3875/11632
vt 0.912109375 0.078125
vt 0.91015625 0.078125
vt 0.91015625 0.09375
vt 0.912109375 0.09375
f 3875/11633 3876/11634 3873/11635 3874/11636
vt 0.916015625 0.078125
vt 0.9140625 0.078125
vt 0.9140625 0.09375
vt 0.916015625 0.09375
f 3880/11637 3879/11638 3878/11639 3877/11640
o ammoModel385
v 10 0.469999 3.55
v 10.2 0.469999 3.55
v 10.2 0.129999 3.4
v 10 0.129999 3.4
v 10 0.469999 3.65
v 10.2 0.469999 3.65
v 10.2 0.129999 3.5
v 10 0.129999 3.5
vt 0.9296875 0.078125
vt 0.927734375 0.078125
vt 0.927734375 0.09375
vt 0.9296875 0.09375
f 3887/11641 3883/11642 3882/11643 3886/11644
vt 0.92578125 0.078125
vt 0.923828125 0.078125
vt 0.923828125 0.09375
vt 0.92578125 0.09375
f 3884/11645 3888/11646 3885/11647 3881/11648
vt 0.927734375 0.09375
vt 0.92578125 0.09375
vt 0.92578125 0.109375
vt 0.927734375 0.109375
f 3882/11649 3881/11650 3885/11651 3886/11652
vt 0.9296875 0.109375
vt 0.927734375 0.109375
vt 0.927734375 0.09375
vt 0.9296875 0.09375
f 3887/11653 3888/11654 3884/11655 3883/11656
vt 0.927734375 0.078125
vt 0.92578125 0.078125
vt 0.92578125 0.09375
vt 0.927734375 0.09375
f 3883/11657 3884/11658 3881/11659 3882/11660
vt 0.931640625 0.078125
vt 0.9296875 0.078125
vt 0.9296875 0.09375
vt 0.931640625 0.09375
f 3888/11661 3887/11662 3886/11663 3885/11664
o ammoModel386
v 10 0.469999 3.4
v 10.2 0.469999 3.4
v 10.2 0.129999 3.55
v 10 0.129999 3.55
v 10 0.469999 3.5
v 10.2 0.469999 3.5
v 10.2 0.129999 3.65
v 10 0.129999 3.65
vt 0.9453125 0.078125
vt 0.943359375 0.078125
vt 0.943359375 0.09375
vt 0.9453125 0.09375
f 3895/11665 3891/11666 3890/11667 3894/11668
vt 0.94140625 0.078125
vt 0.939453125 0.078125
vt 0.939453125 0.09375
vt 0.94140625 0.09375
f 3892/11669 3896/11670 3893/11671 3889/11672
vt 0.943359375 0.09375
vt 0.94140625 0.09375
vt 0.94140625 0.109375
vt 0.943359375 0.109375
f 3890/11673 3889/11674 3893/11675 3894/11676
vt 0.9453125 0.109375
vt 0.943359375 0.109375
vt 0.943359375 0.09375
vt 0.9453125 0.09375
f 3895/11677 3896/11678 3892/11679 3891/11680
vt 0.943359375 0.078125
vt 0.94140625 0.078125
vt 0.94140625 0.09375
vt 0.943359375 0.09375
f 3891/11681 3892/11682 3889/11683 3890/11684
vt 0.947265625 0.078125
vt 0.9453125 0.078125
vt 0.9453125 0.09375
vt 0.947265625 0.09375
f 3896/11685 3895/11686 3894/11687 3893/11688
