# Converted from Decimation Beardie model: wreckagemilitary3.bmodel
# Coordinates retain the original Beardie model units.
mtllib wreckagemilitary3.mtl
usemtl wreckagemilitary3_material
o bodyModel0
v -100 14 -4.5
v -71 26 -12
v -71 7 -12
v -100 10 -4.5
v -100 14 4.5
v -71 26 12
v -71 7 12
v -100 10 4.5
vt 0.0751953125 0.942382812
vt 0.0517578125 0.942382812
vt 0.0517578125 0.951660156
vt 0.0751953125 0.951660156
f 7/1 3/2 2/3 6/4
vt 0.0234375 0.942382812
vt 0 0.942382812
vt 0 0.951660156
vt 0.0234375 0.951660156
f 4/5 8/6 5/7 1/8
vt 0.0517578125 0.951660156
vt 0.0234375 0.951660156
vt 0.0234375 0.963378906
vt 0.0517578125 0.963378906
f 2/9 1/10 5/11 6/12
vt 0.080078125 0.963378906
vt 0.0517578125 0.963378906
vt 0.0517578125 0.951660156
vt 0.080078125 0.951660156
f 7/13 8/14 4/15 3/16
vt 0.0517578125 0.942382812
vt 0.0234375 0.942382812
vt 0.0234375 0.951660156
vt 0.0517578125 0.951660156
f 3/17 4/18 1/19 2/20
vt 0.103515625 0.942382812
vt 0.0751953125 0.942382812
vt 0.0751953125 0.951660156
vt 0.103515625 0.951660156
f 8/21 7/22 6/23 5/24
o bodyModel1
v -71 26 -12
v -67 28 -12
v -67 6.5 -12
v -71 7 -12
v -71 26 12
v -67 28 12
v -67 6.5 12
v -71 7 12
vt 0.05078125 0.916992188
vt 0.02734375 0.916992188
vt 0.02734375 0.926269531
vt 0.05078125 0.926269531
f 15/25 11/26 10/27 14/28
vt 0.0234375 0.916992188
vt 0 0.916992188
vt 0 0.926269531
vt 0.0234375 0.926269531
f 12/29 16/30 13/31 9/32
vt 0.02734375 0.926269531
vt 0.0234375 0.926269531
vt 0.0234375 0.937988281
vt 0.02734375 0.937988281
f 10/33 9/34 13/35 14/36
vt 0.03125 0.937988281
vt 0.02734375 0.937988281
vt 0.02734375 0.926269531
vt 0.03125 0.926269531
f 15/37 16/38 12/39 11/40
vt 0.02734375 0.916992188
vt 0.0234375 0.916992188
vt 0.0234375 0.926269531
vt 0.02734375 0.926269531
f 11/41 12/42 9/43 10/44
vt 0.0546875 0.916992188
vt 0.05078125 0.916992188
vt 0.05078125 0.926269531
vt 0.0546875 0.926269531
f 16/45 15/46 14/47 13/48
o bodyModel2
v -67 28 -12
v -62 21 -12
v -62 6 -12
v -67 6.5 -12
v -67 28 -10
v -62 21 -10
v -62 6 -10
v -67 6.5 -10
vt 0.0087890625 0.901855469
vt 0.0068359375 0.901855469
vt 0.0068359375 0.912109375
vt 0.0087890625 0.912109375
f 23/49 19/50 18/51 22/52
vt 0.001953125 0.901855469
vt 0 0.901855469
vt 0 0.912109375
vt 0.001953125 0.912109375
f 20/53 24/54 21/55 17/56
vt 0.0068359375 0.912109375
vt 0.001953125 0.912109375
vt 0.001953125 0.913085938
vt 0.0068359375 0.913085938
f 18/57 17/58 21/59 22/60
vt 0.01171875 0.913085938
vt 0.0068359375 0.913085938
vt 0.0068359375 0.912109375
vt 0.01171875 0.912109375
f 23/61 24/62 20/63 19/64
vt 0.0068359375 0.901855469
vt 0.001953125 0.901855469
vt 0.001953125 0.912109375
vt 0.0068359375 0.912109375
f 19/65 20/66 17/67 18/68
vt 0.013671875 0.901855469
vt 0.0087890625 0.901855469
vt 0.0087890625 0.912109375
vt 0.013671875 0.912109375
f 24/69 23/70 22/71 21/72
o bodyModel3
v -67 28 10
v -62 21 10
v -62 6 10
v -67 6.5 10
v -67 28 12
v -62 21 12
v -62 6 12
v -67 6.5 12
vt 0.0380859375 0.901855469
vt 0.0361328125 0.901855469
vt 0.0361328125 0.912109375
vt 0.0380859375 0.912109375
f 31/73 27/74 26/75 30/76
vt 0.03125 0.901855469
vt 0.029296875 0.901855469
vt 0.029296875 0.912109375
vt 0.03125 0.912109375
f 28/77 32/78 29/79 25/80
vt 0.0361328125 0.912109375
vt 0.03125 0.912109375
vt 0.03125 0.913085938
vt 0.0361328125 0.913085938
f 26/81 25/82 29/83 30/84
vt 0.041015625 0.913085938
vt 0.0361328125 0.913085938
vt 0.0361328125 0.912109375
vt 0.041015625 0.912109375
f 31/85 32/86 28/87 27/88
vt 0.0361328125 0.901855469
vt 0.03125 0.901855469
vt 0.03125 0.912109375
vt 0.0361328125 0.912109375
f 27/89 28/90 25/91 26/92
vt 0.04296875 0.901855469
vt 0.0380859375 0.901855469
vt 0.0380859375 0.912109375
vt 0.04296875 0.912109375
f 32/93 31/94 30/95 29/96
o bodyModel4
v -67 9 -10
v -62 9 -10
v -62 6 -10
v -67 6.5 -10
v -67 9 10
v -62 9 10
v -62 6 10
v -67 6.5 10
vt 0.0439453125 0.890136719
vt 0.0244140625 0.890136719
vt 0.0244140625 0.891113281
vt 0.0439453125 0.891113281
f 39/97 35/98 34/99 38/100
vt 0.01953125 0.890136719
vt 0 0.890136719
vt 0 0.891113281
vt 0.01953125 0.891113281
f 36/101 40/102 37/103 33/104
vt 0.0244140625 0.891113281
vt 0.01953125 0.891113281
vt 0.01953125 0.900878906
vt 0.0244140625 0.900878906
f 34/105 33/106 37/107 38/108
vt 0.029296875 0.900878906
vt 0.0244140625 0.900878906
vt 0.0244140625 0.891113281
vt 0.029296875 0.891113281
f 39/109 40/110 36/111 35/112
vt 0.0244140625 0.890136719
vt 0.01953125 0.890136719
vt 0.01953125 0.891113281
vt 0.0244140625 0.891113281
f 35/113 36/114 33/115 34/116
vt 0.048828125 0.890136719
vt 0.0439453125 0.890136719
vt 0.0439453125 0.891113281
vt 0.048828125 0.891113281
f 40/117 39/118 38/119 37/120
o bodyModel5
v -62 21 -12
v -53 21 -12
v -53 5 -12
v -62 6 -12
v -62 21 -10
v -53 21 -10
v -53 5 -10
v -62 6 -10
vt 0.0126953125 0.879394531
vt 0.0107421875 0.879394531
vt 0.0107421875 0.88671875
vt 0.0126953125 0.88671875
f 47/121 43/122 42/123 46/124
vt 0.001953125 0.879394531
vt 0 0.879394531
vt 0 0.88671875
vt 0.001953125 0.88671875
f 44/125 48/126 45/127 41/128
vt 0.0107421875 0.88671875
vt 0.001953125 0.88671875
vt 0.001953125 0.887695312
vt 0.0107421875 0.887695312
f 42/129 41/130 45/131 46/132
vt 0.01953125 0.887695312
vt 0.0107421875 0.887695312
vt 0.0107421875 0.88671875
vt 0.01953125 0.88671875
f 47/133 48/134 44/135 43/136
vt 0.0107421875 0.879394531
vt 0.001953125 0.879394531
vt 0.001953125 0.88671875
vt 0.0107421875 0.88671875
f 43/137 44/138 41/139 42/140
vt 0.021484375 0.879394531
vt 0.0126953125 0.879394531
vt 0.0126953125 0.88671875
vt 0.021484375 0.88671875
f 48/141 47/142 46/143 45/144
o bodyModel6
v -62 21 10
v -53 21 10
v -53 5 10
v -62 6 10
v -62 21 12
v -53 21 12
v -53 5 12
v -62 6 12
vt 0.0419921875 0.879394531
vt 0.0400390625 0.879394531
vt 0.0400390625 0.88671875
vt 0.0419921875 0.88671875
f 55/145 51/146 50/147 54/148
vt 0.03125 0.879394531
vt 0.029296875 0.879394531
vt 0.029296875 0.88671875
vt 0.03125 0.88671875
f 52/149 56/150 53/151 49/152
vt 0.0400390625 0.88671875
vt 0.03125 0.88671875
vt 0.03125 0.887695312
vt 0.0400390625 0.887695312
f 50/153 49/154 53/155 54/156
vt 0.048828125 0.887695312
vt 0.0400390625 0.887695312
vt 0.0400390625 0.88671875
vt 0.048828125 0.88671875
f 55/157 56/158 52/159 51/160
vt 0.0400390625 0.879394531
vt 0.03125 0.879394531
vt 0.03125 0.88671875
vt 0.0400390625 0.88671875
f 51/161 52/162 49/163 50/164
vt 0.05078125 0.879394531
vt 0.0419921875 0.879394531
vt 0.0419921875 0.88671875
vt 0.05078125 0.88671875
f 56/165 55/166 54/167 53/168
o bodyModel7
v -62 9 -10
v -53 9 -10
v -53 5 -10
v -62 6 -10
v -62 9 10
v -53 9 10
v -53 5 10
v -62 6 10
vt 0.0478515625 0.866699219
vt 0.0283203125 0.866699219
vt 0.0283203125 0.868164062
vt 0.0478515625 0.868164062
f 63/169 59/170 58/171 62/172
vt 0.01953125 0.866699219
vt 0 0.866699219
vt 0 0.868164062
vt 0.01953125 0.868164062
f 60/173 64/174 61/175 57/176
vt 0.0283203125 0.868164062
vt 0.01953125 0.868164062
vt 0.01953125 0.877929688
vt 0.0283203125 0.877929688
f 58/177 57/178 61/179 62/180
vt 0.037109375 0.877929688
vt 0.0283203125 0.877929688
vt 0.0283203125 0.868164062
vt 0.037109375 0.868164062
f 63/181 64/182 60/183 59/184
vt 0.0283203125 0.866699219
vt 0.01953125 0.866699219
vt 0.01953125 0.868164062
vt 0.0283203125 0.868164062
f 59/185 60/186 57/187 58/188
vt 0.056640625 0.866699219
vt 0.0478515625 0.866699219
vt 0.0478515625 0.868164062
vt 0.056640625 0.868164062
f 64/189 63/190 62/191 61/192
o bodyModel8
v -53 21 -12
v -44 31 -12
v -44 4 -12
v -53 5 -12
v -53 21 -10
v -44 31 -10
v -44 4 -10
v -53 5 -10
vt 0.0126953125 0.854492188
vt 0.0107421875 0.854492188
vt 0.0107421875 0.862304688
vt 0.0126953125 0.862304688
f 71/193 67/194 66/195 70/196
vt 0.001953125 0.854492188
vt 0 0.854492188
vt 0 0.862304688
vt 0.001953125 0.862304688
f 68/197 72/198 69/199 65/200
vt 0.0107421875 0.862304688
vt 0.001953125 0.862304688
vt 0.001953125 0.86328125
vt 0.0107421875 0.86328125
f 66/201 65/202 69/203 70/204
vt 0.01953125 0.86328125
vt 0.0107421875 0.86328125
vt 0.0107421875 0.862304688
vt 0.01953125 0.862304688
f 71/205 72/206 68/207 67/208
vt 0.0107421875 0.854492188
vt 0.001953125 0.854492188
vt 0.001953125 0.862304688
vt 0.0107421875 0.862304688
f 67/209 68/210 65/211 66/212
vt 0.021484375 0.854492188
vt 0.0126953125 0.854492188
vt 0.0126953125 0.862304688
vt 0.021484375 0.862304688
f 72/213 71/214 70/215 69/216
o bodyModel9
v -53 21 10
v -44 31 10
v -44 4 10
v -53 5 10
v -53 21 12
v -44 31 12
v -44 4 12
v -53 5 12
vt 0.0419921875 0.854492188
vt 0.0400390625 0.854492188
vt 0.0400390625 0.862304688
vt 0.0419921875 0.862304688
f 79/217 75/218 74/219 78/220
vt 0.03125 0.854492188
vt 0.029296875 0.854492188
vt 0.029296875 0.862304688
vt 0.03125 0.862304688
f 76/221 80/222 77/223 73/224
vt 0.0400390625 0.862304688
vt 0.03125 0.862304688
vt 0.03125 0.86328125
vt 0.0400390625 0.86328125
f 74/225 73/226 77/227 78/228
vt 0.048828125 0.86328125
vt 0.0400390625 0.86328125
vt 0.0400390625 0.862304688
vt 0.048828125 0.862304688
f 79/229 80/230 76/231 75/232
vt 0.0400390625 0.854492188
vt 0.03125 0.854492188
vt 0.03125 0.862304688
vt 0.0400390625 0.862304688
f 75/233 76/234 73/235 74/236
vt 0.05078125 0.854492188
vt 0.0419921875 0.854492188
vt 0.0419921875 0.862304688
vt 0.05078125 0.862304688
f 80/237 79/238 78/239 77/240
o bodyModel10
v -53 9 -10
v -44 9 -10
v -44 4 -10
v -53 5 -10
v -53 9 10
v -44 9 10
v -44 4 10
v -53 5 10
vt 0.0478515625 0.83984375
vt 0.0283203125 0.83984375
vt 0.0283203125 0.841796875
vt 0.0478515625 0.841796875
f 87/241 83/242 82/243 86/244
vt 0.01953125 0.83984375
vt 0 0.83984375
vt 0 0.841796875
vt 0.01953125 0.841796875
f 84/245 88/246 85/247 81/248
vt 0.0283203125 0.841796875
vt 0.01953125 0.841796875
vt 0.01953125 0.8515625
vt 0.0283203125 0.8515625
f 82/249 81/250 85/251 86/252
vt 0.037109375 0.8515625
vt 0.0283203125 0.8515625
vt 0.0283203125 0.841796875
vt 0.037109375 0.841796875
f 87/253 88/254 84/255 83/256
vt 0.0283203125 0.83984375
vt 0.01953125 0.83984375
vt 0.01953125 0.841796875
vt 0.0283203125 0.841796875
f 83/257 84/258 81/259 82/260
vt 0.056640625 0.83984375
vt 0.0478515625 0.83984375
vt 0.0478515625 0.841796875
vt 0.056640625 0.841796875
f 88/261 87/262 86/263 85/264
o bodyModel11
v -68 27 -12
v -61.93346 38 -9.95133
v -61.93346 36 -9.95133
v -68 25 -12
v -67.31596 27 -10.12061
v -61.24942 38 -8.071945
v -61.24942 36 -8.071945
v -67.31596 25 -10.12061
vt 0.0087890625 0.836425781
vt 0.0068359375 0.836425781
vt 0.0068359375 0.837402344
vt 0.0087890625 0.837402344
f 95/265 91/266 90/267 94/268
vt 0.001953125 0.836425781
vt 0 0.836425781
vt 0 0.837402344
vt 0.001953125 0.837402344
f 92/269 96/270 93/271 89/272
vt 0.0068359375 0.837402344
vt 0.001953125 0.837402344
vt 0.001953125 0.838378906
vt 0.0068359375 0.838378906
f 90/273 89/274 93/275 94/276
vt 0.01171875 0.838378906
vt 0.0068359375 0.838378906
vt 0.0068359375 0.837402344
vt 0.01171875 0.837402344
f 95/277 96/278 92/279 91/280
vt 0.0068359375 0.836425781
vt 0.001953125 0.836425781
vt 0.001953125 0.837402344
vt 0.0068359375 0.837402344
f 91/281 92/282 89/283 90/284
vt 0.013671875 0.836425781
vt 0.0087890625 0.836425781
vt 0.0087890625 0.837402344
vt 0.013671875 0.837402344
f 96/285 95/286 94/287 93/288
o bodyModel12
v -67 28 10
v -58 39 6
v -58 37 6
v -67 26 10
v -67 28 12
v -58 39 8
v -58 37 8
v -67 26 12
vt 0.0126953125 0.836425781
vt 0.0107421875 0.836425781
vt 0.0107421875 0.837402344
vt 0.0126953125 0.837402344
f 103/289 99/290 98/291 102/292
vt 0.001953125 0.836425781
vt 0 0.836425781
vt 0 0.837402344
vt 0.001953125 0.837402344
f 100/293 104/294 101/295 97/296
vt 0.0107421875 0.837402344
vt 0.001953125 0.837402344
vt 0.001953125 0.838378906
vt 0.0107421875 0.838378906
f 98/297 97/298 101/299 102/300
vt 0.01953125 0.838378906
vt 0.0107421875 0.838378906
vt 0.0107421875 0.837402344
vt 0.01953125 0.837402344
f 103/301 104/302 100/303 99/304
vt 0.0107421875 0.836425781
vt 0.001953125 0.836425781
vt 0.001953125 0.837402344
vt 0.0107421875 0.837402344
f 99/305 100/306 97/307 98/308
vt 0.021484375 0.836425781
vt 0.0126953125 0.836425781
vt 0.0126953125 0.837402344
vt 0.021484375 0.837402344
f 104/309 103/310 102/311 101/312
o bodyModel13
v -58 39 -2
v -56.00637 39.30625 -1.839124
v -55.99663 37.31112 -1.978297
v -57.99027 37.00487 -2.139173
v -58.69587 38.30244 7.95134
v -56.70223 38.60869 8.112216
v -56.6925 36.61356 7.973043
v -58.68613 36.30731 7.812167
vt 0.021484375 0.828125
vt 0.01171875 0.828125
vt 0.01171875 0.829101562
vt 0.021484375 0.829101562
f 111/313 107/314 106/315 110/316
vt 0.009765625 0.828125
vt 0 0.828125
vt 0 0.829101562
vt 0.009765625 0.829101562
f 108/317 112/318 109/319 105/320
vt 0.01171875 0.829101562
vt 0.009765625 0.829101562
vt 0.009765625 0.833984375
vt 0.01171875 0.833984375
f 106/321 105/322 109/323 110/324
vt 0.013671875 0.833984375
vt 0.01171875 0.833984375
vt 0.01171875 0.829101562
vt 0.013671875 0.829101562
f 111/325 112/326 108/327 107/328
vt 0.01171875 0.828125
vt 0.009765625 0.828125
vt 0.009765625 0.829101562
vt 0.01171875 0.829101562
f 107/329 108/330 105/331 106/332
vt 0.0234375 0.828125
vt 0.021484375 0.828125
vt 0.021484375 0.829101562
vt 0.0234375 0.829101562
f 112/333 111/334 110/335 109/336
o bodyModel14
v -56 39.307 6
v -43 41 6
v -43 39 6
v -56 37.307 6
v -56 39.307 8
v -43 41 8
v -43 39 8
v -56 37.307 8
vt 0.0166015625 0.819824219
vt 0.0146484375 0.819824219
vt 0.0146484375 0.820800781
vt 0.0166015625 0.820800781
f 119/337 115/338 114/339 118/340
vt 0.001953125 0.819824219
vt 0 0.819824219
vt 0 0.820800781
vt 0.001953125 0.820800781
f 116/341 120/342 117/343 113/344
vt 0.0146484375 0.820800781
vt 0.001953125 0.820800781
vt 0.001953125 0.821777344
vt 0.0146484375 0.821777344
f 114/345 113/346 117/347 118/348
vt 0.02734375 0.821777344
vt 0.0146484375 0.821777344
vt 0.0146484375 0.820800781
vt 0.02734375 0.820800781
f 119/349 120/350 116/351 115/352
vt 0.0146484375 0.819824219
vt 0.001953125 0.819824219
vt 0.001953125 0.820800781
vt 0.0146484375 0.820800781
f 115/353 116/354 113/355 114/356
vt 0.029296875 0.819824219
vt 0.0166015625 0.819824219
vt 0.0166015625 0.820800781
vt 0.029296875 0.820800781
f 120/357 119/358 118/359 117/360
o bodyModel15
v -44 31 -12
v -27 31 -12
v -27 4 -12
v -44 4 -12
v -44 31 -10
v -27 31 -10
v -27 4 -10
v -44 4 -10
vt 0.0205078125 0.802734375
vt 0.0185546875 0.802734375
vt 0.0185546875 0.815917969
vt 0.0205078125 0.815917969
f 127/361 123/362 122/363 126/364
vt 0.001953125 0.802734375
vt 0 0.802734375
vt 0 0.815917969
vt 0.001953125 0.815917969
f 124/365 128/366 125/367 121/368
vt 0.0185546875 0.815917969
vt 0.001953125 0.815917969
vt 0.001953125 0.816894531
vt 0.0185546875 0.816894531
f 122/369 121/370 125/371 126/372
vt 0.03515625 0.816894531
vt 0.0185546875 0.816894531
vt 0.0185546875 0.815917969
vt 0.03515625 0.815917969
f 127/373 128/374 124/375 123/376
vt 0.0185546875 0.802734375
vt 0.001953125 0.802734375
vt 0.001953125 0.815917969
vt 0.0185546875 0.815917969
f 123/377 124/378 121/379 122/380
vt 0.037109375 0.802734375
vt 0.0205078125 0.802734375
vt 0.0205078125 0.815917969
vt 0.037109375 0.815917969
f 128/381 127/382 126/383 125/384
o bodyModel16
v -44 31 10
v -27 31 10
v -27 4 10
v -44 4 10
v -44 31 12
v -27 31 12
v -27 4 12
v -44 4 12
vt 0.064453125 0.802734375
vt 0.0625 0.802734375
vt 0.0625 0.815917969
vt 0.064453125 0.815917969
f 135/385 131/386 130/387 134/388
vt 0.0458984375 0.802734375
vt 0.0439453125 0.802734375
vt 0.0439453125 0.815917969
vt 0.0458984375 0.815917969
f 132/389 136/390 133/391 129/392
vt 0.0625 0.815917969
vt 0.0458984375 0.815917969
vt 0.0458984375 0.816894531
vt 0.0625 0.816894531
f 130/393 129/394 133/395 134/396
vt 0.0791015625 0.816894531
vt 0.0625 0.816894531
vt 0.0625 0.815917969
vt 0.0791015625 0.815917969
f 135/397 136/398 132/399 131/400
vt 0.0625 0.802734375
vt 0.0458984375 0.802734375
vt 0.0458984375 0.815917969
vt 0.0625 0.815917969
f 131/401 132/402 129/403 130/404
vt 0.0810546875 0.802734375
vt 0.064453125 0.802734375
vt 0.064453125 0.815917969
vt 0.0810546875 0.815917969
f 136/405 135/406 134/407 133/408
o bodyModel17
v -44 9 -10
v -16 9 -10
v -16 4 -10
v -44 4 -10
v -44 9 10
v -16 9 10
v -16 4 10
v -44 4 10
vt 0.06640625 0.7890625
vt 0.046875 0.7890625
vt 0.046875 0.791503906
vt 0.06640625 0.791503906
f 143/409 139/410 138/411 142/412
vt 0.01953125 0.7890625
vt 0 0.7890625
vt 0 0.791503906
vt 0.01953125 0.791503906
f 140/413 144/414 141/415 137/416
vt 0.046875 0.791503906
vt 0.01953125 0.791503906
vt 0.01953125 0.801269531
vt 0.046875 0.801269531
f 138/417 137/418 141/419 142/420
vt 0.07421875 0.801269531
vt 0.046875 0.801269531
vt 0.046875 0.791503906
vt 0.07421875 0.791503906
f 143/421 144/422 140/423 139/424
vt 0.046875 0.7890625
vt 0.01953125 0.7890625
vt 0.01953125 0.791503906
vt 0.046875 0.791503906
f 139/425 140/426 137/427 138/428
vt 0.09375 0.7890625
vt 0.06640625 0.7890625
vt 0.06640625 0.791503906
vt 0.09375 0.791503906
f 144/429 143/430 142/431 141/432
o bodyModel18
v -45 39 8
v -43 39 8
v -42 31 10
v -44 31 10
v -45 41 8
v -43 41 8
v -42 31 12
v -44 31 12
vt 0.005859375 0.770996094
vt 0.00390625 0.770996094
vt 0.00390625 0.775878906
vt 0.005859375 0.775878906
f 151/433 147/434 146/435 150/436
vt 0.001953125 0.770996094
vt 0 0.770996094
vt 0 0.775878906
vt 0.001953125 0.775878906
f 148/437 152/438 149/439 145/440
vt 0.00390625 0.775878906
vt 0.001953125 0.775878906
vt 0.001953125 0.776855469
vt 0.00390625 0.776855469
f 146/441 145/442 149/443 150/444
vt 0.005859375 0.776855469
vt 0.00390625 0.776855469
vt 0.00390625 0.775878906
vt 0.005859375 0.775878906
f 151/445 152/446 148/447 147/448
vt 0.00390625 0.770996094
vt 0.001953125 0.770996094
vt 0.001953125 0.775878906
vt 0.00390625 0.775878906
f 147/449 148/450 145/451 146/452
vt 0.0078125 0.770996094
vt 0.005859375 0.770996094
vt 0.005859375 0.775878906
vt 0.0078125 0.775878906
f 152/453 151/454 150/455 149/456
o bodyModel19
v -48 29 -7
v -44 29 -7
v -44 9 -7
v -48 9 -7
v -48 29 7
v -44 29 7
v -44 9 7
v -48 9 7
vt 0.03125 0.752929688
vt 0.017578125 0.752929688
vt 0.017578125 0.762695312
vt 0.03125 0.762695312
f 159/457 155/458 154/459 158/460
vt 0.013671875 0.752929688
vt 0 0.752929688
vt 0 0.762695312
vt 0.013671875 0.762695312
f 156/461 160/462 157/463 153/464
vt 0.017578125 0.762695312
vt 0.013671875 0.762695312
vt 0.013671875 0.76953125
vt 0.017578125 0.76953125
f 154/465 153/466 157/467 158/468
vt 0.021484375 0.76953125
vt 0.017578125 0.76953125
vt 0.017578125 0.762695312
vt 0.021484375 0.762695312
f 159/469 160/470 156/471 155/472
vt 0.017578125 0.752929688
vt 0.013671875 0.752929688
vt 0.013671875 0.762695312
vt 0.017578125 0.762695312
f 155/473 156/474 153/475 154/476
vt 0.03515625 0.752929688
vt 0.03125 0.752929688
vt 0.03125 0.762695312
vt 0.03515625 0.762695312
f 160/477 159/478 158/479 157/480
o bodyModel20
v -61 13 -7
v -48 13 -7
v -48 9 -7
v -61 9 -7
v -61 13 7
v -48 13 7
v -48 9 7
v -61 9 7
vt 0.0400390625 0.7421875
vt 0.0263671875 0.7421875
vt 0.0263671875 0.744140625
vt 0.0400390625 0.744140625
f 167/481 163/482 162/483 166/484
vt 0.013671875 0.7421875
vt 0 0.7421875
vt 0 0.744140625
vt 0.013671875 0.744140625
f 164/485 168/486 165/487 161/488
vt 0.0263671875 0.744140625
vt 0.013671875 0.744140625
vt 0.013671875 0.750976562
vt 0.0263671875 0.750976562
f 162/489 161/490 165/491 166/492
vt 0.0390625 0.750976562
vt 0.0263671875 0.750976562
vt 0.0263671875 0.744140625
vt 0.0390625 0.744140625
f 167/493 168/494 164/495 163/496
vt 0.0263671875 0.7421875
vt 0.013671875 0.7421875
vt 0.013671875 0.744140625
vt 0.0263671875 0.744140625
f 163/497 164/498 161/499 162/500
vt 0.052734375 0.7421875
vt 0.0400390625 0.7421875
vt 0.0400390625 0.744140625
vt 0.052734375 0.744140625
f 168/501 167/502 166/503 165/504
o bodyModel21
v -49 33 -4
v -47 33 -4
v -47 25 -4
v -49 25 -4
v -49 33 4
v -47 33 4
v -47 25 4
v -49 25 4
vt 0.017578125 0.733398438
vt 0.009765625 0.733398438
vt 0.009765625 0.737304688
vt 0.017578125 0.737304688
f 175/505 171/506 170/507 174/508
vt 0.0078125 0.733398438
vt 0 0.733398438
vt 0 0.737304688
vt 0.0078125 0.737304688
f 172/509 176/510 173/511 169/512
vt 0.009765625 0.737304688
vt 0.0078125 0.737304688
vt 0.0078125 0.741210938
vt 0.009765625 0.741210938
f 170/513 169/514 173/515 174/516
vt 0.01171875 0.741210938
vt 0.009765625 0.741210938
vt 0.009765625 0.737304688
vt 0.01171875 0.737304688
f 175/517 176/518 172/519 171/520
vt 0.009765625 0.733398438
vt 0.0078125 0.733398438
vt 0.0078125 0.737304688
vt 0.009765625 0.737304688
f 171/521 172/522 169/523 170/524
vt 0.01953125 0.733398438
vt 0.017578125 0.733398438
vt 0.017578125 0.737304688
vt 0.01953125 0.737304688
f 176/525 175/526 174/527 173/528
o bodyModel22
v -47 33 -4
v -46 32 -4
v -46 25 -4
v -47 25 -4
v -47 33 4
v -46 32 4
v -46 25 4
v -47 25 4
vt 0.0166015625 0.723632812
vt 0.0087890625 0.723632812
vt 0.0087890625 0.727539062
vt 0.0166015625 0.727539062
f 183/529 179/530 178/531 182/532
vt 0.0078125 0.723632812
vt 0 0.723632812
vt 0 0.727539062
vt 0.0078125 0.727539062
f 180/533 184/534 181/535 177/536
vt 0.0087890625 0.727539062
vt 0.0078125 0.727539062
vt 0.0078125 0.731445312
vt 0.0087890625 0.731445312
f 178/537 177/538 181/539 182/540
vt 0.009765625 0.731445312
vt 0.0087890625 0.731445312
vt 0.0087890625 0.727539062
vt 0.009765625 0.727539062
f 183/541 184/542 180/543 179/544
vt 0.0087890625 0.723632812
vt 0.0078125 0.723632812
vt 0.0078125 0.727539062
vt 0.0087890625 0.727539062
f 179/545 180/546 177/547 178/548
vt 0.017578125 0.723632812
vt 0.0166015625 0.723632812
vt 0.0166015625 0.727539062
vt 0.017578125 0.727539062
f 184/549 183/550 182/551 181/552
o bodyModel23
v -97 10 -4
v -76 10 -4
v -76 8 -4
v -97 8 -4
v -97 10 4
v -76 10 4
v -76 8 4
v -97 8 4
vt 0.0361328125 0.716796875
vt 0.0283203125 0.716796875
vt 0.0283203125 0.717773438
vt 0.0361328125 0.717773438
f 191/553 187/554 186/555 190/556
vt 0.0078125 0.716796875
vt 0 0.716796875
vt 0 0.717773438
vt 0.0078125 0.717773438
f 188/557 192/558 189/559 185/560
vt 0.0283203125 0.717773438
vt 0.0078125 0.717773438
vt 0.0078125 0.721679688
vt 0.0283203125 0.721679688
f 186/561 185/562 189/563 190/564
vt 0.048828125 0.721679688
vt 0.0283203125 0.721679688
vt 0.0283203125 0.717773438
vt 0.048828125 0.717773438
f 191/565 192/566 188/567 187/568
vt 0.0283203125 0.716796875
vt 0.0078125 0.716796875
vt 0.0078125 0.717773438
vt 0.0283203125 0.717773438
f 187/569 188/570 185/571 186/572
vt 0.056640625 0.716796875
vt 0.0361328125 0.716796875
vt 0.0361328125 0.717773438
vt 0.056640625 0.717773438
f 192/573 191/574 190/575 189/576
o bodyModel24
v -27 31 -12
v -16 42 -12
v -16 4 -12
v -27 4 -12
v -27 31 -10
v -16 42 -10
v -16 4 -10
v -27 4 -10
vt 0.0146484375 0.700195312
vt 0.0126953125 0.700195312
vt 0.0126953125 0.713378906
vt 0.0146484375 0.713378906
f 199/577 195/578 194/579 198/580
vt 0.001953125 0.700195312
vt 0 0.700195312
vt 0 0.713378906
vt 0.001953125 0.713378906
f 196/581 200/582 197/583 193/584
vt 0.0126953125 0.713378906
vt 0.001953125 0.713378906
vt 0.001953125 0.714355469
vt 0.0126953125 0.714355469
f 194/585 193/586 197/587 198/588
vt 0.0234375 0.714355469
vt 0.0126953125 0.714355469
vt 0.0126953125 0.713378906
vt 0.0234375 0.713378906
f 199/589 200/590 196/591 195/592
vt 0.0126953125 0.700195312
vt 0.001953125 0.700195312
vt 0.001953125 0.713378906
vt 0.0126953125 0.713378906
f 195/593 196/594 193/595 194/596
vt 0.025390625 0.700195312
vt 0.0146484375 0.700195312
vt 0.0146484375 0.713378906
vt 0.025390625 0.713378906
f 200/597 199/598 198/599 197/600
o bodyModel25
v -27 31 10
v -16 42 10
v -16 4 10
v -27 4 10
v -27 31 12
v -16 42 12
v -16 4 12
v -27 4 12
vt 0.0537109375 0.700195312
vt 0.0517578125 0.700195312
vt 0.0517578125 0.713378906
vt 0.0537109375 0.713378906
f 207/601 203/602 202/603 206/604
vt 0.041015625 0.700195312
vt 0.0390625 0.700195312
vt 0.0390625 0.713378906
vt 0.041015625 0.713378906
f 204/605 208/606 205/607 201/608
vt 0.0517578125 0.713378906
vt 0.041015625 0.713378906
vt 0.041015625 0.714355469
vt 0.0517578125 0.714355469
f 202/609 201/610 205/611 206/612
vt 0.0625 0.714355469
vt 0.0517578125 0.714355469
vt 0.0517578125 0.713378906
vt 0.0625 0.713378906
f 207/613 208/614 204/615 203/616
vt 0.0517578125 0.700195312
vt 0.041015625 0.700195312
vt 0.041015625 0.713378906
vt 0.0517578125 0.713378906
f 203/617 204/618 201/619 202/620
vt 0.064453125 0.700195312
vt 0.0537109375 0.700195312
vt 0.0537109375 0.713378906
vt 0.064453125 0.713378906
f 208/621 207/622 206/623 205/624
o bodyModel26
v -43 41 6
v -26 51 6
v -26 49 6
v -43 39 6
v -43 41 8
v -26 51 8
v -26 49 8
v -43 39 8
vt 0.0205078125 0.696777344
vt 0.0185546875 0.696777344
vt 0.0185546875 0.697753906
vt 0.0205078125 0.697753906
f 215/625 211/626 210/627 214/628
vt 0.001953125 0.696777344
vt 0 0.696777344
vt 0 0.697753906
vt 0.001953125 0.697753906
f 212/629 216/630 213/631 209/632
vt 0.0185546875 0.697753906
vt 0.001953125 0.697753906
vt 0.001953125 0.698730469
vt 0.0185546875 0.698730469
f 210/633 209/634 213/635 214/636
vt 0.03515625 0.698730469
vt 0.0185546875 0.698730469
vt 0.0185546875 0.697753906
vt 0.03515625 0.697753906
f 215/637 216/638 212/639 211/640
vt 0.0185546875 0.696777344
vt 0.001953125 0.696777344
vt 0.001953125 0.697753906
vt 0.0185546875 0.697753906
f 211/641 212/642 209/643 210/644
vt 0.037109375 0.696777344
vt 0.0205078125 0.696777344
vt 0.0205078125 0.697753906
vt 0.037109375 0.697753906
f 216/645 215/646 214/647 213/648
o bodyModel27
v -26 51 -8
v -16 51 -8
v -16 49 -8
v -26 49 -8
v -26 51 8
v -16 51 8
v -16 49 8
v -26 49 8
vt 0.041015625 0.685546875
vt 0.025390625 0.685546875
vt 0.025390625 0.686523438
vt 0.041015625 0.686523438
f 223/649 219/650 218/651 222/652
vt 0.015625 0.685546875
vt 0 0.685546875
vt 0 0.686523438
vt 0.015625 0.686523438
f 220/653 224/654 221/655 217/656
vt 0.025390625 0.686523438
vt 0.015625 0.686523438
vt 0.015625 0.694335938
vt 0.025390625 0.694335938
f 218/657 217/658 221/659 222/660
vt 0.03515625 0.694335938
vt 0.025390625 0.694335938
vt 0.025390625 0.686523438
vt 0.03515625 0.686523438
f 223/661 224/662 220/663 219/664
vt 0.025390625 0.685546875
vt 0.015625 0.685546875
vt 0.015625 0.686523438
vt 0.025390625 0.686523438
f 219/665 220/666 217/667 218/668
vt 0.05078125 0.685546875
vt 0.041015625 0.685546875
vt 0.041015625 0.686523438
vt 0.05078125 0.686523438
f 224/669 223/670 222/671 221/672
o bodyModel28
v -16 42 -12
v 41 42 -12
v 41 4 -12
v -16 4 -12
v -16 42 12
v 41 42 12
v 41 4 12
v -16 4 12
vt 0.102539062 0.653320312
vt 0.0791015625 0.653320312
vt 0.0791015625 0.671875
vt 0.102539062 0.671875
f 231/673 227/674 226/675 230/676
vt 0.0234375 0.653320312
vt 0 0.653320312
vt 0 0.671875
vt 0.0234375 0.671875
f 228/677 232/678 229/679 225/680
vt 0.0791015625 0.671875
vt 0.0234375 0.671875
vt 0.0234375 0.68359375
vt 0.0791015625 0.68359375
f 226/681 225/682 229/683 230/684
vt 0.134765625 0.68359375
vt 0.0791015625 0.68359375
vt 0.0791015625 0.671875
vt 0.134765625 0.671875
f 231/685 232/686 228/687 227/688
vt 0.0791015625 0.653320312
vt 0.0234375 0.653320312
vt 0.0234375 0.671875
vt 0.0791015625 0.671875
f 227/689 228/690 225/691 226/692
vt 0.158203125 0.653320312
vt 0.102539062 0.653320312
vt 0.102539062 0.671875
vt 0.158203125 0.671875
f 232/693 231/694 230/695 229/696
o bodyModel29
v -16 51 -8
v 41 51 -8
v 41 42 -12
v -16 42 -12
v -16 51 8
v 41 51 8
v 41 42 12
v -16 42 12
vt 0.102539062 0.633789062
vt 0.0791015625 0.633789062
vt 0.0791015625 0.638183594
vt 0.102539062 0.638183594
f 239/697 235/698 234/699 238/700
vt 0.0234375 0.633789062
vt 0 0.633789062
vt 0 0.638183594
vt 0.0234375 0.638183594
f 236/701 240/702 237/703 233/704
vt 0.0791015625 0.638183594
vt 0.0234375 0.638183594
vt 0.0234375 0.649902344
vt 0.0791015625 0.649902344
f 234/705 233/706 237/707 238/708
vt 0.134765625 0.649902344
vt 0.0791015625 0.649902344
vt 0.0791015625 0.638183594
vt 0.134765625 0.638183594
f 239/709 240/710 236/711 235/712
vt 0.0791015625 0.633789062
vt 0.0234375 0.633789062
vt 0.0234375 0.638183594
vt 0.0791015625 0.638183594
f 235/713 236/714 233/715 234/716
vt 0.158203125 0.633789062
vt 0.102539062 0.633789062
vt 0.102539062 0.638183594
vt 0.158203125 0.638183594
f 240/717 239/718 238/719 237/720
o bodyModel30
v 41 51 -8
v 72 48 -8
v 72 33 -12
v 41 42 -12
v 41 51 8
v 72 48 8
v 72 33 12
v 41 42 12
vt 0.0771484375 0.615234375
vt 0.0537109375 0.615234375
vt 0.0537109375 0.619628906
vt 0.0771484375 0.619628906
f 247/721 243/722 242/723 246/724
vt 0.0234375 0.615234375
vt 0 0.615234375
vt 0 0.619628906
vt 0.0234375 0.619628906
f 244/725 248/726 245/727 241/728
vt 0.0537109375 0.619628906
vt 0.0234375 0.619628906
vt 0.0234375 0.631347656
vt 0.0537109375 0.631347656
f 242/729 241/730 245/731 246/732
vt 0.083984375 0.631347656
vt 0.0537109375 0.631347656
vt 0.0537109375 0.619628906
vt 0.083984375 0.619628906
f 247/733 248/734 244/735 243/736
vt 0.0537109375 0.615234375
vt 0.0234375 0.615234375
vt 0.0234375 0.619628906
vt 0.0537109375 0.619628906
f 243/737 244/738 241/739 242/740
vt 0.107421875 0.615234375
vt 0.0771484375 0.615234375
vt 0.0771484375 0.619628906
vt 0.107421875 0.619628906
f 248/741 247/742 246/743 245/744
o bodyModel31
v 41 42 -12
v 72 33 -12
v 72 7 -12
v 41 4 -12
v 41 42 12
v 72 33 12
v 72 7 12
v 41 4 12
vt 0.0771484375 0.581542969
vt 0.0537109375 0.581542969
vt 0.0537109375 0.600097656
vt 0.0771484375 0.600097656
f 255/745 251/746 250/747 254/748
vt 0.0234375 0.581542969
vt 0 0.581542969
vt 0 0.600097656
vt 0.0234375 0.600097656
f 252/749 256/750 253/751 249/752
vt 0.0537109375 0.600097656
vt 0.0234375 0.600097656
vt 0.0234375 0.611816406
vt 0.0537109375 0.611816406
f 250/753 249/754 253/755 254/756
vt 0.083984375 0.611816406
vt 0.0537109375 0.611816406
vt 0.0537109375 0.600097656
vt 0.083984375 0.600097656
f 255/757 256/758 252/759 251/760
vt 0.0537109375 0.581542969
vt 0.0234375 0.581542969
vt 0.0234375 0.600097656
vt 0.0537109375 0.600097656
f 251/761 252/762 249/763 250/764
vt 0.107421875 0.581542969
vt 0.0771484375 0.581542969
vt 0.0771484375 0.600097656
vt 0.107421875 0.600097656
f 256/765 255/766 254/767 253/768
o bodyModel32
v 87 32 -12
v 105 32 -9
v 105 9 -9
v 87 8 -12
v 87 32 12
v 105 32 9
v 105 9 9
v 87 8 12
vt 0.064453125 0.556152344
vt 0.041015625 0.556152344
vt 0.041015625 0.568359375
vt 0.064453125 0.568359375
f 263/769 259/770 258/771 262/772
vt 0.0234375 0.556152344
vt 0 0.556152344
vt 0 0.568359375
vt 0.0234375 0.568359375
f 260/773 264/774 261/775 257/776
vt 0.041015625 0.568359375
vt 0.0234375 0.568359375
vt 0.0234375 0.580078125
vt 0.041015625 0.580078125
f 258/777 257/778 261/779 262/780
vt 0.05859375 0.580078125
vt 0.041015625 0.580078125
vt 0.041015625 0.568359375
vt 0.05859375 0.568359375
f 263/781 264/782 260/783 259/784
vt 0.041015625 0.556152344
vt 0.0234375 0.556152344
vt 0.0234375 0.568359375
vt 0.041015625 0.568359375
f 259/785 260/786 257/787 258/788
vt 0.08203125 0.556152344
vt 0.064453125 0.556152344
vt 0.064453125 0.568359375
vt 0.08203125 0.568359375
f 264/789 263/790 262/791 261/792
o bodyModel33
v 67 48 -12
v 87 48 -12
v 87 43 -17
v 67 43 -17
v 67 48 12
v 87 48 12
v 87 43 17
v 67 43 17
vt 0.06640625 0.539550781
vt 0.04296875 0.539550781
vt 0.04296875 0.541992188
vt 0.06640625 0.541992188
f 271/793 267/794 266/795 270/796
vt 0.0234375 0.539550781
vt 0 0.539550781
vt 0 0.541992188
vt 0.0234375 0.541992188
f 268/797 272/798 269/799 265/800
vt 0.04296875 0.541992188
vt 0.0234375 0.541992188
vt 0.0234375 0.553710938
vt 0.04296875 0.553710938
f 266/801 265/802 269/803 270/804
vt 0.0625 0.553710938
vt 0.04296875 0.553710938
vt 0.04296875 0.541992188
vt 0.0625 0.541992188
f 271/805 272/806 268/807 267/808
vt 0.04296875 0.539550781
vt 0.0234375 0.539550781
vt 0.0234375 0.541992188
vt 0.04296875 0.541992188
f 267/809 268/810 265/811 266/812
vt 0.0859375 0.539550781
vt 0.06640625 0.539550781
vt 0.06640625 0.541992188
vt 0.0859375 0.541992188
f 272/813 271/814 270/815 269/816
o bodyModel34
v 67 43 -17
v 87 43 -17
v 87 37 -17
v 67 37 -17
v 67 43 17
v 87 43 17
v 87 37 17
v 67 37 17
vt 0.0859375 0.518066406
vt 0.052734375 0.518066406
vt 0.052734375 0.520996094
vt 0.0859375 0.520996094
f 279/817 275/818 274/819 278/820
vt 0.033203125 0.518066406
vt 0 0.518066406
vt 0 0.520996094
vt 0.033203125 0.520996094
f 276/821 280/822 277/823 273/824
vt 0.052734375 0.520996094
vt 0.033203125 0.520996094
vt 0.033203125 0.537597656
vt 0.052734375 0.537597656
f 274/825 273/826 277/827 278/828
vt 0.072265625 0.537597656
vt 0.052734375 0.537597656
vt 0.052734375 0.520996094
vt 0.072265625 0.520996094
f 279/829 280/830 276/831 275/832
vt 0.052734375 0.518066406
vt 0.033203125 0.518066406
vt 0.033203125 0.520996094
vt 0.052734375 0.520996094
f 275/833 276/834 273/835 274/836
vt 0.10546875 0.518066406
vt 0.0859375 0.518066406
vt 0.0859375 0.520996094
vt 0.10546875 0.520996094
f 280/837 279/838 278/839 277/840
o bodyModel35
v 67 37 -17
v 87 37 -17
v 87 32 -12
v 67 32 -12
v 67 37 17
v 87 37 17
v 87 32 12
v 67 32 12
vt 0.06640625 0.502441406
vt 0.04296875 0.502441406
vt 0.04296875 0.504882812
vt 0.06640625 0.504882812
f 287/841 283/842 282/843 286/844
vt 0.0234375 0.502441406
vt 0 0.502441406
vt 0 0.504882812
vt 0.0234375 0.504882812
f 284/845 288/846 285/847 281/848
vt 0.04296875 0.504882812
vt 0.0234375 0.504882812
vt 0.0234375 0.516601562
vt 0.04296875 0.516601562
f 282/849 281/850 285/851 286/852
vt 0.0625 0.516601562
vt 0.04296875 0.516601562
vt 0.04296875 0.504882812
vt 0.0625 0.504882812
f 287/853 288/854 284/855 283/856
vt 0.04296875 0.502441406
vt 0.0234375 0.502441406
vt 0.0234375 0.504882812
vt 0.04296875 0.504882812
f 283/857 284/858 281/859 282/860
vt 0.0859375 0.502441406
vt 0.06640625 0.502441406
vt 0.06640625 0.504882812
vt 0.0859375 0.504882812
f 288/861 287/862 286/863 285/864
o bodyModel36
v 87 37 -17
v 105 34 -9
v 105 32 -9
v 87 32 -12
v 87 37 17
v 105 34 9
v 105 32 9
v 87 32 12
vt 0.064453125 0.446289062
vt 0.041015625 0.446289062
vt 0.041015625 0.448730469
vt 0.064453125 0.448730469
f 295/865 291/866 290/867 294/868
vt 0.0234375 0.446289062
vt 0 0.446289062
vt 0 0.448730469
vt 0.0234375 0.448730469
f 292/869 296/870 293/871 289/872
vt 0.041015625 0.448730469
vt 0.0234375 0.448730469
vt 0.0234375 0.460449219
vt 0.041015625 0.460449219
f 290/873 289/874 293/875 294/876
vt 0.05859375 0.460449219
vt 0.041015625 0.460449219
vt 0.041015625 0.448730469
vt 0.05859375 0.448730469
f 295/877 296/878 292/879 291/880
vt 0.041015625 0.446289062
vt 0.0234375 0.446289062
vt 0.0234375 0.448730469
vt 0.041015625 0.448730469
f 291/881 292/882 289/883 290/884
vt 0.08203125 0.446289062
vt 0.064453125 0.446289062
vt 0.064453125 0.448730469
vt 0.08203125 0.448730469
f 296/885 295/886 294/887 293/888
o bodyModel37
v 87 43 -17
v 105 36 -6
v 105 34 -9
v 87 37 -17
v 87 43 17
v 105 36 6
v 105 34 9
v 87 37 17
vt 0.083984375 0.48046875
vt 0.05078125 0.48046875
vt 0.05078125 0.483398438
vt 0.083984375 0.483398438
f 303/889 299/890 298/891 302/892
vt 0.033203125 0.48046875
vt 0 0.48046875
vt 0 0.483398438
vt 0.033203125 0.483398438
f 300/893 304/894 301/895 297/896
vt 0.05078125 0.483398438
vt 0.033203125 0.483398438
vt 0.033203125 0.5
vt 0.05078125 0.5
f 298/897 297/898 301/899 302/900
vt 0.068359375 0.5
vt 0.05078125 0.5
vt 0.05078125 0.483398438
vt 0.068359375 0.483398438
f 303/901 304/902 300/903 299/904
vt 0.05078125 0.48046875
vt 0.033203125 0.48046875
vt 0.033203125 0.483398438
vt 0.05078125 0.483398438
f 299/905 300/906 297/907 298/908
vt 0.1015625 0.48046875
vt 0.083984375 0.48046875
vt 0.083984375 0.483398438
vt 0.1015625 0.483398438
f 304/909 303/910 302/911 301/912
o bodyModel38
v 87 48 -12
v 105 38 -3
v 105 36 -6
v 87 43 -17
v 87 48 12
v 105 38 3
v 105 36 6
v 87 43 17
vt 0.064453125 0.463378906
vt 0.041015625 0.463378906
vt 0.041015625 0.465820312
vt 0.064453125 0.465820312
f 311/913 307/914 306/915 310/916
vt 0.0234375 0.463378906
vt 0 0.463378906
vt 0 0.465820312
vt 0.0234375 0.465820312
f 308/917 312/918 309/919 305/920
vt 0.041015625 0.465820312
vt 0.0234375 0.465820312
vt 0.0234375 0.477539062
vt 0.041015625 0.477539062
f 306/921 305/922 309/923 310/924
vt 0.05859375 0.477539062
vt 0.041015625 0.477539062
vt 0.041015625 0.465820312
vt 0.05859375 0.465820312
f 311/925 312/926 308/927 307/928
vt 0.041015625 0.463378906
vt 0.0234375 0.463378906
vt 0.0234375 0.465820312
vt 0.041015625 0.465820312
f 307/929 308/930 305/931 306/932
vt 0.08203125 0.463378906
vt 0.064453125 0.463378906
vt 0.064453125 0.465820312
vt 0.08203125 0.465820312
f 312/933 311/934 310/935 309/936
o bodyModel39
v 87 47 -12
v 95 47 -12
v 95 36 -12
v 87 36 -12
v 87 47 -4
v 95 47 -4
v 95 36 -4
v 87 36 -4
vt 0.0234375 0.434082031
vt 0.015625 0.434082031
vt 0.015625 0.439453125
vt 0.0234375 0.439453125
f 319/937 315/938 314/939 318/940
vt 0.0078125 0.434082031
vt 0 0.434082031
vt 0 0.439453125
vt 0.0078125 0.439453125
f 316/941 320/942 317/943 313/944
vt 0.015625 0.439453125
vt 0.0078125 0.439453125
vt 0.0078125 0.443359375
vt 0.015625 0.443359375
f 314/945 313/946 317/947 318/948
vt 0.0234375 0.443359375
vt 0.015625 0.443359375
vt 0.015625 0.439453125
vt 0.0234375 0.439453125
f 319/949 320/950 316/951 315/952
vt 0.015625 0.434082031
vt 0.0078125 0.434082031
vt 0.0078125 0.439453125
vt 0.015625 0.439453125
f 315/953 316/954 313/955 314/956
vt 0.03125 0.434082031
vt 0.0234375 0.434082031
vt 0.0234375 0.439453125
vt 0.03125 0.439453125
f 320/957 319/958 318/959 317/960
o bodyModel40
v 95 47 -12
v 97 47 -10
v 97 36 -10
v 95 36 -12
v 95 47 -4
v 97 47 -6
v 97 36 -6
v 95 36 -4
vt 0.017578125 0.422363281
vt 0.009765625 0.422363281
vt 0.009765625 0.427734375
vt 0.017578125 0.427734375
f 327/961 323/962 322/963 326/964
vt 0.0078125 0.422363281
vt 0 0.422363281
vt 0 0.427734375
vt 0.0078125 0.427734375
f 324/965 328/966 325/967 321/968
vt 0.009765625 0.427734375
vt 0.0078125 0.427734375
vt 0.0078125 0.431640625
vt 0.009765625 0.431640625
f 322/969 321/970 325/971 326/972
vt 0.01171875 0.431640625
vt 0.009765625 0.431640625
vt 0.009765625 0.427734375
vt 0.01171875 0.427734375
f 327/973 328/974 324/975 323/976
vt 0.009765625 0.422363281
vt 0.0078125 0.422363281
vt 0.0078125 0.427734375
vt 0.009765625 0.427734375
f 323/977 324/978 321/979 322/980
vt 0.01953125 0.422363281
vt 0.017578125 0.422363281
vt 0.017578125 0.427734375
vt 0.01953125 0.427734375
f 328/981 327/982 326/983 325/984
o bodyModel41
v 95 47 4
v 97 47 6
v 97 36 6
v 95 36 4
v 95 47 12
v 97 47 10
v 97 36 10
v 95 36 12
vt 0.017578125 0.422363281
vt 0.009765625 0.422363281
vt 0.009765625 0.427734375
vt 0.017578125 0.427734375
f 335/985 331/986 330/987 334/988
vt 0.0078125 0.422363281
vt 0 0.422363281
vt 0 0.427734375
vt 0.0078125 0.427734375
f 332/989 336/990 333/991 329/992
vt 0.009765625 0.427734375
vt 0.0078125 0.427734375
vt 0.0078125 0.431640625
vt 0.009765625 0.431640625
f 330/993 329/994 333/995 334/996
vt 0.01171875 0.431640625
vt 0.009765625 0.431640625
vt 0.009765625 0.427734375
vt 0.01171875 0.427734375
f 335/997 336/998 332/999 331/1000
vt 0.009765625 0.422363281
vt 0.0078125 0.422363281
vt 0.0078125 0.427734375
vt 0.009765625 0.427734375
f 331/1001 332/1002 329/1003 330/1004
vt 0.01953125 0.422363281
vt 0.017578125 0.422363281
vt 0.017578125 0.427734375
vt 0.01953125 0.427734375
f 336/1005 335/1006 334/1007 333/1008
o bodyModel42
v 87 47 4
v 95 47 4
v 95 36 4
v 87 36 4
v 87 47 12
v 95 47 12
v 95 36 12
v 87 36 12
vt 0.0234375 0.434082031
vt 0.015625 0.434082031
vt 0.015625 0.439453125
vt 0.0234375 0.439453125
f 343/1009 339/1010 338/1011 342/1012
vt 0.0078125 0.434082031
vt 0 0.434082031
vt 0 0.439453125
vt 0.0078125 0.439453125
f 340/1013 344/1014 341/1015 337/1016
vt 0.015625 0.439453125
vt 0.0078125 0.439453125
vt 0.0078125 0.443359375
vt 0.015625 0.443359375
f 338/1017 337/1018 341/1019 342/1020
vt 0.0234375 0.443359375
vt 0.015625 0.443359375
vt 0.015625 0.439453125
vt 0.0234375 0.439453125
f 343/1021 344/1022 340/1023 339/1024
vt 0.015625 0.434082031
vt 0.0078125 0.434082031
vt 0.0078125 0.439453125
vt 0.015625 0.439453125
f 339/1025 340/1026 337/1027 338/1028
vt 0.03125 0.434082031
vt 0.0234375 0.434082031
vt 0.0234375 0.439453125
vt 0.03125 0.439453125
f 344/1029 343/1030 342/1031 341/1032
o bodyModel43
v 72 32 -12
v 87 32 -12
v 87 8 -12
v 72 7 -12
v 72 32 12
v 87 32 12
v 87 8 12
v 72 7 12
vt 0.0615234375 0.395019531
vt 0.0380859375 0.395019531
vt 0.0380859375 0.407226562
vt 0.0615234375 0.407226562
f 351/1033 347/1034 346/1035 350/1036
vt 0.0234375 0.395019531
vt 0 0.395019531
vt 0 0.407226562
vt 0.0234375 0.407226562
f 348/1037 352/1038 349/1039 345/1040
vt 0.0380859375 0.407226562
vt 0.0234375 0.407226562
vt 0.0234375 0.418945312
vt 0.0380859375 0.418945312
f 346/1041 345/1042 349/1043 350/1044
vt 0.052734375 0.418945312
vt 0.0380859375 0.418945312
vt 0.0380859375 0.407226562
vt 0.052734375 0.407226562
f 351/1045 352/1046 348/1047 347/1048
vt 0.0380859375 0.395019531
vt 0.0234375 0.395019531
vt 0.0234375 0.407226562
vt 0.0380859375 0.407226562
f 347/1049 348/1050 345/1051 346/1052
vt 0.076171875 0.395019531
vt 0.0615234375 0.395019531
vt 0.0615234375 0.407226562
vt 0.076171875 0.407226562
f 352/1053 351/1054 350/1055 349/1056
o bodyModel44
v -20 52 -3
v -16 58 -6
v -16 51 -6
v -20 51 -3
v -20 52 3
v -16 58 6
v -16 51 6
v -20 51 3
vt 0.02734375 0.383300781
vt 0.015625 0.383300781
vt 0.015625 0.38671875
vt 0.02734375 0.38671875
f 359/1057 355/1058 354/1059 358/1060
vt 0.01171875 0.383300781
vt 0 0.383300781
vt 0 0.38671875
vt 0.01171875 0.38671875
f 356/1061 360/1062 357/1063 353/1064
vt 0.015625 0.38671875
vt 0.01171875 0.38671875
vt 0.01171875 0.392578125
vt 0.015625 0.392578125
f 354/1065 353/1066 357/1067 358/1068
vt 0.01953125 0.392578125
vt 0.015625 0.392578125
vt 0.015625 0.38671875
vt 0.01953125 0.38671875
f 359/1069 360/1070 356/1071 355/1072
vt 0.015625 0.383300781
vt 0.01171875 0.383300781
vt 0.01171875 0.38671875
vt 0.015625 0.38671875
f 355/1073 356/1074 353/1075 354/1076
vt 0.03125 0.383300781
vt 0.02734375 0.383300781
vt 0.02734375 0.38671875
vt 0.03125 0.38671875
f 360/1077 359/1078 358/1079 357/1080
o bodyModel45
v -16 58 -6
v -9 61 -8
v -9 51 -8
v -16 51 -6
v -16 58 6
v -9 61 8
v -9 51 8
v -16 51 6
vt 0.0302734375 0.372070312
vt 0.0185546875 0.372070312
vt 0.0185546875 0.375488281
vt 0.0302734375 0.375488281
f 367/1081 363/1082 362/1083 366/1084
vt 0.01171875 0.372070312
vt 0 0.372070312
vt 0 0.375488281
vt 0.01171875 0.375488281
f 364/1085 368/1086 365/1087 361/1088
vt 0.0185546875 0.375488281
vt 0.01171875 0.375488281
vt 0.01171875 0.381347656
vt 0.0185546875 0.381347656
f 362/1089 361/1090 365/1091 366/1092
vt 0.025390625 0.381347656
vt 0.0185546875 0.381347656
vt 0.0185546875 0.375488281
vt 0.025390625 0.375488281
f 367/1093 368/1094 364/1095 363/1096
vt 0.0185546875 0.372070312
vt 0.01171875 0.372070312
vt 0.01171875 0.375488281
vt 0.0185546875 0.375488281
f 363/1097 364/1098 361/1099 362/1100
vt 0.037109375 0.372070312
vt 0.0302734375 0.372070312
vt 0.0302734375 0.375488281
vt 0.037109375 0.375488281
f 368/1101 367/1102 366/1103 365/1104
o bodyModel46
v -9 61 -8
v 9 61 -8
v 9 51 -8
v -9 51 -8
v -9 61 8
v 9 61 8
v 9 51 8
v -9 51 8
vt 0.048828125 0.357421875
vt 0.033203125 0.357421875
vt 0.033203125 0.362304688
vt 0.048828125 0.362304688
f 375/1105 371/1106 370/1107 374/1108
vt 0.015625 0.357421875
vt 0 0.357421875
vt 0 0.362304688
vt 0.015625 0.362304688
f 372/1109 376/1110 373/1111 369/1112
vt 0.033203125 0.362304688
vt 0.015625 0.362304688
vt 0.015625 0.370117188
vt 0.033203125 0.370117188
f 370/1113 369/1114 373/1115 374/1116
vt 0.05078125 0.370117188
vt 0.033203125 0.370117188
vt 0.033203125 0.362304688
vt 0.05078125 0.362304688
f 375/1117 376/1118 372/1119 371/1120
vt 0.033203125 0.357421875
vt 0.015625 0.357421875
vt 0.015625 0.362304688
vt 0.033203125 0.362304688
f 371/1121 372/1122 369/1123 370/1124
vt 0.06640625 0.357421875
vt 0.048828125 0.357421875
vt 0.048828125 0.362304688
vt 0.06640625 0.362304688
f 376/1125 375/1126 374/1127 373/1128
o bodyModel47
v 45 43 -16
v 60 43 -16
v 60 37 -16
v 43 37 -16
v 45 43 16
v 60 43 16
v 60 37 16
v 43 37 16
vt 0.0771484375 0.336914062
vt 0.0458984375 0.336914062
vt 0.0458984375 0.33984375
vt 0.0771484375 0.33984375
f 383/1129 379/1130 378/1131 382/1132
vt 0.03125 0.336914062
vt 0 0.336914062
vt 0 0.33984375
vt 0.03125 0.33984375
f 380/1133 384/1134 381/1135 377/1136
vt 0.0458984375 0.33984375
vt 0.03125 0.33984375
vt 0.03125 0.35546875
vt 0.0458984375 0.35546875
f 378/1137 377/1138 381/1139 382/1140
vt 0.060546875 0.35546875
vt 0.0458984375 0.35546875
vt 0.0458984375 0.33984375
vt 0.060546875 0.33984375
f 383/1141 384/1142 380/1143 379/1144
vt 0.0458984375 0.336914062
vt 0.03125 0.336914062
vt 0.03125 0.33984375
vt 0.0458984375 0.33984375
f 379/1145 380/1146 377/1147 378/1148
vt 0.091796875 0.336914062
vt 0.0771484375 0.336914062
vt 0.0771484375 0.33984375
vt 0.091796875 0.33984375
f 384/1149 383/1150 382/1151 381/1152
o bodyModel48
v 47 49 -10
v 60 49 -10
v 60 43 -16
v 45 43 -16
v 47 49 10
v 60 49 10
v 60 43 16
v 45 43 16
vt 0.0751953125 0.31640625
vt 0.0439453125 0.31640625
vt 0.0439453125 0.319335938
vt 0.0751953125 0.319335938
f 391/1153 387/1154 386/1155 390/1156
vt 0.03125 0.31640625
vt 0 0.31640625
vt 0 0.319335938
vt 0.03125 0.319335938
f 388/1157 392/1158 389/1159 385/1160
vt 0.0439453125 0.319335938
vt 0.03125 0.319335938
vt 0.03125 0.334960938
vt 0.0439453125 0.334960938
f 386/1161 385/1162 389/1163 390/1164
vt 0.056640625 0.334960938
vt 0.0439453125 0.334960938
vt 0.0439453125 0.319335938
vt 0.056640625 0.319335938
f 391/1165 392/1166 388/1167 387/1168
vt 0.0439453125 0.31640625
vt 0.03125 0.31640625
vt 0.03125 0.319335938
vt 0.0439453125 0.319335938
f 387/1169 388/1170 385/1171 386/1172
vt 0.087890625 0.31640625
vt 0.0751953125 0.31640625
vt 0.0751953125 0.319335938
vt 0.087890625 0.319335938
f 392/1173 391/1174 390/1175 389/1176
o bodyModel49
v 43 37 -16
v 60 37 -16
v 60 31 -10
v 41 31 -10
v 43 37 16
v 60 37 16
v 60 31 10
v 41 31 10
vt 0.0791015625 0.295898438
vt 0.0478515625 0.295898438
vt 0.0478515625 0.298828125
vt 0.0791015625 0.298828125
f 399/1177 395/1178 394/1179 398/1180
vt 0.03125 0.295898438
vt 0 0.295898438
vt 0 0.298828125
vt 0.03125 0.298828125
f 396/1181 400/1182 397/1183 393/1184
vt 0.0478515625 0.298828125
vt 0.03125 0.298828125
vt 0.03125 0.314453125
vt 0.0478515625 0.314453125
f 394/1185 393/1186 397/1187 398/1188
vt 0.064453125 0.314453125
vt 0.0478515625 0.314453125
vt 0.0478515625 0.298828125
vt 0.064453125 0.298828125
f 399/1189 400/1190 396/1191 395/1192
vt 0.0478515625 0.295898438
vt 0.03125 0.295898438
vt 0.03125 0.298828125
vt 0.0478515625 0.298828125
f 395/1193 396/1194 393/1195 394/1196
vt 0.095703125 0.295898438
vt 0.0791015625 0.295898438
vt 0.0791015625 0.298828125
vt 0.095703125 0.298828125
f 400/1197 399/1198 398/1199 397/1200
o bodyModel50
v 9 61 -8
v 38 53 -3.5
v 38 51 -3.5
v 9 51 -8
v 9 61 8
v 38 53 3.5
v 38 51 3.5
v 9 51 8
vt 0.0595703125 0.28125
vt 0.0439453125 0.28125
vt 0.0439453125 0.286132812
vt 0.0595703125 0.286132812
f 407/1201 403/1202 402/1203 406/1204
vt 0.015625 0.28125
vt 0 0.28125
vt 0 0.286132812
vt 0.015625 0.286132812
f 404/1205 408/1206 405/1207 401/1208
vt 0.0439453125 0.286132812
vt 0.015625 0.286132812
vt 0.015625 0.293945312
vt 0.0439453125 0.293945312
f 402/1209 401/1210 405/1211 406/1212
vt 0.072265625 0.293945312
vt 0.0439453125 0.293945312
vt 0.0439453125 0.286132812
vt 0.072265625 0.286132812
f 407/1213 408/1214 404/1215 403/1216
vt 0.0439453125 0.28125
vt 0.015625 0.28125
vt 0.015625 0.286132812
vt 0.0439453125 0.286132812
f 403/1217 404/1218 401/1219 402/1220
vt 0.087890625 0.28125
vt 0.0595703125 0.28125
vt 0.0595703125 0.286132812
vt 0.087890625 0.286132812
f 408/1221 407/1222 406/1223 405/1224
o bodyModel51
v 105 34 -9
v 109 34 -5
v 109 32 -5
v 105 32 -9
v 105 34 9
v 109 34 5
v 109 32 5
v 105 32 9
vt 0.0390625 0.269042969
vt 0.021484375 0.269042969
vt 0.021484375 0.270019531
vt 0.0390625 0.270019531
f 415/1225 411/1226 410/1227 414/1228
vt 0.017578125 0.269042969
vt 0 0.269042969
vt 0 0.270019531
vt 0.017578125 0.270019531
f 412/1229 416/1230 413/1231 409/1232
vt 0.021484375 0.270019531
vt 0.017578125 0.270019531
vt 0.017578125 0.278808594
vt 0.021484375 0.278808594
f 410/1233 409/1234 413/1235 414/1236
vt 0.025390625 0.278808594
vt 0.021484375 0.278808594
vt 0.021484375 0.270019531
vt 0.025390625 0.270019531
f 415/1237 416/1238 412/1239 411/1240
vt 0.021484375 0.269042969
vt 0.017578125 0.269042969
vt 0.017578125 0.270019531
vt 0.021484375 0.270019531
f 411/1241 412/1242 409/1243 410/1244
vt 0.04296875 0.269042969
vt 0.0390625 0.269042969
vt 0.0390625 0.270019531
vt 0.04296875 0.270019531
f 416/1245 415/1246 414/1247 413/1248
o bodyModel52
v 105 38 -3
v 109 36 -3
v 109 34 -5
v 105 34 -9
v 105 38 3
v 109 36 3
v 109 34 5
v 105 34 9
vt 0.0390625 0.256835938
vt 0.021484375 0.256835938
vt 0.021484375 0.258789062
vt 0.0390625 0.258789062
f 423/1249 419/1250 418/1251 422/1252
vt 0.017578125 0.256835938
vt 0 0.256835938
vt 0 0.258789062
vt 0.017578125 0.258789062
f 420/1253 424/1254 421/1255 417/1256
vt 0.021484375 0.258789062
vt 0.017578125 0.258789062
vt 0.017578125 0.267578125
vt 0.021484375 0.267578125
f 418/1257 417/1258 421/1259 422/1260
vt 0.025390625 0.267578125
vt 0.021484375 0.267578125
vt 0.021484375 0.258789062
vt 0.025390625 0.258789062
f 423/1261 424/1262 420/1263 419/1264
vt 0.021484375 0.256835938
vt 0.017578125 0.256835938
vt 0.017578125 0.258789062
vt 0.021484375 0.258789062
f 419/1265 420/1266 417/1267 418/1268
vt 0.04296875 0.256835938
vt 0.0390625 0.256835938
vt 0.0390625 0.258789062
vt 0.04296875 0.258789062
f 424/1269 423/1270 422/1271 421/1272
o bodyModel53
v 109 34 -5
v 135 34 -5
v 135 32 -5
v 109 32 -5
v 109 34 5
v 135 34 5
v 135 32 5
v 109 32 5
vt 0.044921875 0.249511719
vt 0.03515625 0.249511719
vt 0.03515625 0.250488281
vt 0.044921875 0.250488281
f 431/1273 427/1274 426/1275 430/1276
vt 0.009765625 0.249511719
vt 0 0.249511719
vt 0 0.250488281
vt 0.009765625 0.250488281
f 428/1277 432/1278 429/1279 425/1280
vt 0.03515625 0.250488281
vt 0.009765625 0.250488281
vt 0.009765625 0.255371094
vt 0.03515625 0.255371094
f 426/1281 425/1282 429/1283 430/1284
vt 0.060546875 0.255371094
vt 0.03515625 0.255371094
vt 0.03515625 0.250488281
vt 0.060546875 0.250488281
f 431/1285 432/1286 428/1287 427/1288
vt 0.03515625 0.249511719
vt 0.009765625 0.249511719
vt 0.009765625 0.250488281
vt 0.03515625 0.250488281
f 427/1289 428/1290 425/1291 426/1292
vt 0.0703125 0.249511719
vt 0.044921875 0.249511719
vt 0.044921875 0.250488281
vt 0.0703125 0.250488281
f 432/1293 431/1294 430/1295 429/1296
o bodyModel54
v 109 36 -3
v 135 36 -3
v 135 34 -5
v 109 34 -5
v 109 36 3
v 135 36 3
v 135 34 5
v 109 34 5
vt 0.044921875 0.241210938
vt 0.03515625 0.241210938
vt 0.03515625 0.2421875
vt 0.044921875 0.2421875
f 439/1297 435/1298 434/1299 438/1300
vt 0.009765625 0.241210938
vt 0 0.241210938
vt 0 0.2421875
vt 0.009765625 0.2421875
f 436/1301 440/1302 437/1303 433/1304
vt 0.03515625 0.2421875
vt 0.009765625 0.2421875
vt 0.009765625 0.247070312
vt 0.03515625 0.247070312
f 434/1305 433/1306 437/1307 438/1308
vt 0.060546875 0.247070312
vt 0.03515625 0.247070312
vt 0.03515625 0.2421875
vt 0.060546875 0.2421875
f 439/1309 440/1310 436/1311 435/1312
vt 0.03515625 0.241210938
vt 0.009765625 0.241210938
vt 0.009765625 0.2421875
vt 0.03515625 0.2421875
f 435/1313 436/1314 433/1315 434/1316
vt 0.0703125 0.241210938
vt 0.044921875 0.241210938
vt 0.044921875 0.2421875
vt 0.0703125 0.2421875
f 440/1317 439/1318 438/1319 437/1320
o bodyModel55
v 135 34 -5
v 161 33 -2.5
v 161 31 -2.5
v 135 32 -5
v 135 34 5
v 161 33 2.5
v 161 31 2.5
v 135 32 5
vt 0.044921875 0.232421875
vt 0.03515625 0.232421875
vt 0.03515625 0.233398438
vt 0.044921875 0.233398438
f 447/1321 443/1322 442/1323 446/1324
vt 0.009765625 0.232421875
vt 0 0.232421875
vt 0 0.233398438
vt 0.009765625 0.233398438
f 444/1325 448/1326 445/1327 441/1328
vt 0.03515625 0.233398438
vt 0.009765625 0.233398438
vt 0.009765625 0.23828125
vt 0.03515625 0.23828125
f 442/1329 441/1330 445/1331 446/1332
vt 0.060546875 0.23828125
vt 0.03515625 0.23828125
vt 0.03515625 0.233398438
vt 0.060546875 0.233398438
f 447/1333 448/1334 444/1335 443/1336
vt 0.03515625 0.232421875
vt 0.009765625 0.232421875
vt 0.009765625 0.233398438
vt 0.03515625 0.233398438
f 443/1337 444/1338 441/1339 442/1340
vt 0.0703125 0.232421875
vt 0.044921875 0.232421875
vt 0.044921875 0.233398438
vt 0.0703125 0.233398438
f 448/1341 447/1342 446/1343 445/1344
o bodyModel56
v 135 36 -3
v 161 35 -0.5
v 161 33 -2.5
v 135 34 -5
v 135 36 3
v 161 35 0.5
v 161 33 2.5
v 135 34 5
vt 0.044921875 0.224609375
vt 0.03515625 0.224609375
vt 0.03515625 0.225585938
vt 0.044921875 0.225585938
f 455/1345 451/1346 450/1347 454/1348
vt 0.009765625 0.224609375
vt 0 0.224609375
vt 0 0.225585938
vt 0.009765625 0.225585938
f 452/1349 456/1350 453/1351 449/1352
vt 0.03515625 0.225585938
vt 0.009765625 0.225585938
vt 0.009765625 0.23046875
vt 0.03515625 0.23046875
f 450/1353 449/1354 453/1355 454/1356
vt 0.060546875 0.23046875
vt 0.03515625 0.23046875
vt 0.03515625 0.225585938
vt 0.060546875 0.225585938
f 455/1357 456/1358 452/1359 451/1360
vt 0.03515625 0.224609375
vt 0.009765625 0.224609375
vt 0.009765625 0.225585938
vt 0.03515625 0.225585938
f 451/1361 452/1362 449/1363 450/1364
vt 0.0703125 0.224609375
vt 0.044921875 0.224609375
vt 0.044921875 0.225585938
vt 0.0703125 0.225585938
f 456/1365 455/1366 454/1367 453/1368
o bodyModel57
v -2.5 82 -2.5
v 2.5 82 -2.5
v 2.5 61 -2.5
v -2.5 61 -2.5
v -2.5 82 2.5
v 2.5 82 2.5
v 2.5 61 2.5
v -2.5 61 2.5
vt 0.0146484375 0.208984375
vt 0.009765625 0.208984375
vt 0.009765625 0.219238281
vt 0.0146484375 0.219238281
f 463/1369 459/1370 458/1371 462/1372
vt 0.0048828125 0.208984375
vt 0 0.208984375
vt 0 0.219238281
vt 0.0048828125 0.219238281
f 460/1373 464/1374 461/1375 457/1376
vt 0.009765625 0.219238281
vt 0.0048828125 0.219238281
vt 0.0048828125 0.221679688
vt 0.009765625 0.221679688
f 458/1377 457/1378 461/1379 462/1380
vt 0.0146484375 0.221679688
vt 0.009765625 0.221679688
vt 0.009765625 0.219238281
vt 0.0146484375 0.219238281
f 463/1381 464/1382 460/1383 459/1384
vt 0.009765625 0.208984375
vt 0.0048828125 0.208984375
vt 0.0048828125 0.219238281
vt 0.009765625 0.219238281
f 459/1385 460/1386 457/1387 458/1388
vt 0.01953125 0.208984375
vt 0.0146484375 0.208984375
vt 0.0146484375 0.219238281
vt 0.01953125 0.219238281
f 464/1389 463/1390 462/1391 461/1392
o bodyModel58
v -6 90 -2.5
v 6 90 -2.5
v 6 82 -2.5
v -6 82 -2.5
v -6 90 2.5
v 6 90 2.5
v 6 82 2.5
v -6 82 2.5
vt 0.021484375 0.19921875
vt 0.0166015625 0.19921875
vt 0.0166015625 0.203125
vt 0.021484375 0.203125
f 471/1393 467/1394 466/1395 470/1396
vt 0.0048828125 0.19921875
vt 0 0.19921875
vt 0 0.203125
vt 0.0048828125 0.203125
f 468/1397 472/1398 469/1399 465/1400
vt 0.0166015625 0.203125
vt 0.0048828125 0.203125
vt 0.0048828125 0.205566406
vt 0.0166015625 0.205566406
f 466/1401 465/1402 469/1403 470/1404
vt 0.0283203125 0.205566406
vt 0.0166015625 0.205566406
vt 0.0166015625 0.203125
vt 0.0283203125 0.203125
f 471/1405 472/1406 468/1407 467/1408
vt 0.0166015625 0.19921875
vt 0.0048828125 0.19921875
vt 0.0048828125 0.203125
vt 0.0166015625 0.203125
f 467/1409 468/1410 465/1411 466/1412
vt 0.033203125 0.19921875
vt 0.021484375 0.19921875
vt 0.021484375 0.203125
vt 0.033203125 0.203125
f 472/1413 471/1414 470/1415 469/1416
o bodyModel59
v -2 94 -2.5
v 2 94 -2.5
v 6 90 -2.5
v -6 90 -2.5
v -2 94 2.5
v 2 94 2.5
v 6 90 2.5
v -6 90 2.5
vt 0.021484375 0.190917969
vt 0.0166015625 0.190917969
vt 0.0166015625 0.192871094
vt 0.021484375 0.192871094
f 479/1417 475/1418 474/1419 478/1420
vt 0.0048828125 0.190917969
vt 0 0.190917969
vt 0 0.192871094
vt 0.0048828125 0.192871094
f 476/1421 480/1422 477/1423 473/1424
vt 0.0166015625 0.192871094
vt 0.0048828125 0.192871094
vt 0.0048828125 0.1953125
vt 0.0166015625 0.1953125
f 474/1425 473/1426 477/1427 478/1428
vt 0.0283203125 0.1953125
vt 0.0166015625 0.1953125
vt 0.0166015625 0.192871094
vt 0.0283203125 0.192871094
f 479/1429 480/1430 476/1431 475/1432
vt 0.0166015625 0.190917969
vt 0.0048828125 0.190917969
vt 0.0048828125 0.192871094
vt 0.0166015625 0.192871094
f 475/1433 476/1434 473/1435 474/1436
vt 0.033203125 0.190917969
vt 0.021484375 0.190917969
vt 0.021484375 0.192871094
vt 0.033203125 0.192871094
f 480/1437 479/1438 478/1439 477/1440
o bodyModel60
v -4.5 90 -9.5
v 4.5 90 -9.5
v 4.5 87 -9.5
v -4.5 87 -9.5
v -4.5 90 -2.5
v 4.5 90 -2.5
v 4.5 87 -2.5
v -4.5 87 -2.5
vt 0.0224609375 0.18359375
vt 0.015625 0.18359375
vt 0.015625 0.185058594
vt 0.0224609375 0.185058594
f 487/1441 483/1442 482/1443 486/1444
vt 0.0068359375 0.18359375
vt 0 0.18359375
vt 0 0.185058594
vt 0.0068359375 0.185058594
f 484/1445 488/1446 485/1447 481/1448
vt 0.015625 0.185058594
vt 0.0068359375 0.185058594
vt 0.0068359375 0.188476562
vt 0.015625 0.188476562
f 482/1449 481/1450 485/1451 486/1452
vt 0.0244140625 0.188476562
vt 0.015625 0.188476562
vt 0.015625 0.185058594
vt 0.0244140625 0.185058594
f 487/1453 488/1454 484/1455 483/1456
vt 0.015625 0.18359375
vt 0.0068359375 0.18359375
vt 0.0068359375 0.185058594
vt 0.015625 0.185058594
f 483/1457 484/1458 481/1459 482/1460
vt 0.03125 0.18359375
vt 0.0224609375 0.18359375
vt 0.0224609375 0.185058594
vt 0.03125 0.185058594
f 488/1461 487/1462 486/1463 485/1464
o bodyModel61
v -1.5 93 -9.5
v 1.5 93 -9.5
v 4.5 90 -9.5
v -4.5 90 -9.5
v -1.5 93 -2.5
v 1.5 93 -2.5
v 4.5 90 -2.5
v -4.5 90 -2.5
vt 0.0224609375 0.18359375
vt 0.015625 0.18359375
vt 0.015625 0.185058594
vt 0.0224609375 0.185058594
f 495/1465 491/1466 490/1467 494/1468
vt 0.0068359375 0.18359375
vt 0 0.18359375
vt 0 0.185058594
vt 0.0068359375 0.185058594
f 492/1469 496/1470 493/1471 489/1472
vt 0.015625 0.185058594
vt 0.0068359375 0.185058594
vt 0.0068359375 0.188476562
vt 0.015625 0.188476562
f 490/1473 489/1474 493/1475 494/1476
vt 0.0244140625 0.188476562
vt 0.015625 0.188476562
vt 0.015625 0.185058594
vt 0.0244140625 0.185058594
f 495/1477 496/1478 492/1479 491/1480
vt 0.015625 0.18359375
vt 0.0068359375 0.18359375
vt 0.0068359375 0.185058594
vt 0.015625 0.185058594
f 491/1481 492/1482 489/1483 490/1484
vt 0.03125 0.18359375
vt 0.0224609375 0.18359375
vt 0.0224609375 0.185058594
vt 0.03125 0.185058594
f 496/1485 495/1486 494/1487 493/1488
o bodyModel62
v -4.5 87 -9.5
v 4.5 87 -9.5
v 1.5 84 -9.5
v -1.5 84 -9.5
v -4.5 87 -2.5
v 4.5 87 -2.5
v 1.5 84 -2.5
v -1.5 84 -2.5
vt 0.0224609375 0.18359375
vt 0.015625 0.18359375
vt 0.015625 0.185058594
vt 0.0224609375 0.185058594
f 503/1489 499/1490 498/1491 502/1492
vt 0.0068359375 0.18359375
vt 0 0.18359375
vt 0 0.185058594
vt 0.0068359375 0.185058594
f 500/1493 504/1494 501/1495 497/1496
vt 0.015625 0.185058594
vt 0.0068359375 0.185058594
vt 0.0068359375 0.188476562
vt 0.015625 0.188476562
f 498/1497 497/1498 501/1499 502/1500
vt 0.0244140625 0.188476562
vt 0.015625 0.188476562
vt 0.015625 0.185058594
vt 0.0244140625 0.185058594
f 503/1501 504/1502 500/1503 499/1504
vt 0.015625 0.18359375
vt 0.0068359375 0.18359375
vt 0.0068359375 0.185058594
vt 0.015625 0.185058594
f 499/1505 500/1506 497/1507 498/1508
vt 0.03125 0.18359375
vt 0.0224609375 0.18359375
vt 0.0224609375 0.185058594
vt 0.03125 0.185058594
f 504/1509 503/1510 502/1511 501/1512
o bodyModel63
v -4.5 87 2.5
v 4.5 87 2.5
v 1.5 84 2.5
v -1.5 84 2.5
v -4.5 87 9.5
v 4.5 87 9.5
v 1.5 84 9.5
v -1.5 84 9.5
vt 0.0224609375 0.18359375
vt 0.015625 0.18359375
vt 0.015625 0.185058594
vt 0.0224609375 0.185058594
f 511/1513 507/1514 506/1515 510/1516
vt 0.0068359375 0.18359375
vt 0 0.18359375
vt 0 0.185058594
vt 0.0068359375 0.185058594
f 508/1517 512/1518 509/1519 505/1520
vt 0.015625 0.185058594
vt 0.0068359375 0.185058594
vt 0.0068359375 0.188476562
vt 0.015625 0.188476562
f 506/1521 505/1522 509/1523 510/1524
vt 0.0244140625 0.188476562
vt 0.015625 0.188476562
vt 0.015625 0.185058594
vt 0.0244140625 0.185058594
f 511/1525 512/1526 508/1527 507/1528
vt 0.015625 0.18359375
vt 0.0068359375 0.18359375
vt 0.0068359375 0.185058594
vt 0.015625 0.185058594
f 507/1529 508/1530 505/1531 506/1532
vt 0.03125 0.18359375
vt 0.0224609375 0.18359375
vt 0.0224609375 0.185058594
vt 0.03125 0.185058594
f 512/1533 511/1534 510/1535 509/1536
o bodyModel64
v -4.5 90 2.5
v 4.5 90 2.5
v 4.5 87 2.5
v -4.5 87 2.5
v -4.5 90 9.5
v 4.5 90 9.5
v 4.5 87 9.5
v -4.5 87 9.5
vt 0.0224609375 0.18359375
vt 0.015625 0.18359375
vt 0.015625 0.185058594
vt 0.0224609375 0.185058594
f 519/1537 515/1538 514/1539 518/1540
vt 0.0068359375 0.18359375
vt 0 0.18359375
vt 0 0.185058594
vt 0.0068359375 0.185058594
f 516/1541 520/1542 517/1543 513/1544
vt 0.015625 0.185058594
vt 0.0068359375 0.185058594
vt 0.0068359375 0.188476562
vt 0.015625 0.188476562
f 514/1545 513/1546 517/1547 518/1548
vt 0.0244140625 0.188476562
vt 0.015625 0.188476562
vt 0.015625 0.185058594
vt 0.0244140625 0.185058594
f 519/1549 520/1550 516/1551 515/1552
vt 0.015625 0.18359375
vt 0.0068359375 0.18359375
vt 0.0068359375 0.185058594
vt 0.015625 0.185058594
f 515/1553 516/1554 513/1555 514/1556
vt 0.03125 0.18359375
vt 0.0224609375 0.18359375
vt 0.0224609375 0.185058594
vt 0.03125 0.185058594
f 520/1557 519/1558 518/1559 517/1560
o bodyModel65
v -1.5 93 2.5
v 1.5 93 2.5
v 4.5 90 2.5
v -4.5 90 2.5
v -1.5 93 9.5
v 1.5 93 9.5
v 4.5 90 9.5
v -4.5 90 9.5
vt 0.0224609375 0.18359375
vt 0.015625 0.18359375
vt 0.015625 0.185058594
vt 0.0224609375 0.185058594
f 527/1561 523/1562 522/1563 526/1564
vt 0.0068359375 0.18359375
vt 0 0.18359375
vt 0 0.185058594
vt 0.0068359375 0.185058594
f 524/1565 528/1566 525/1567 521/1568
vt 0.015625 0.185058594
vt 0.0068359375 0.185058594
vt 0.0068359375 0.188476562
vt 0.015625 0.188476562
f 522/1569 521/1570 525/1571 526/1572
vt 0.0244140625 0.188476562
vt 0.015625 0.188476562
vt 0.015625 0.185058594
vt 0.0244140625 0.185058594
f 527/1573 528/1574 524/1575 523/1576
vt 0.015625 0.18359375
vt 0.0068359375 0.18359375
vt 0.0068359375 0.185058594
vt 0.015625 0.185058594
f 523/1577 524/1578 521/1579 522/1580
vt 0.03125 0.18359375
vt 0.0224609375 0.18359375
vt 0.0224609375 0.185058594
vt 0.03125 0.185058594
f 528/1581 527/1582 526/1583 525/1584
o bodyModel66
v -4.5 92 -7.5
v -1.5 92 -7.5
v -1.5 90 -7.5
v -4.5 90 -7.5
v -4.5 92 -5.5
v -1.5 92 -5.5
v -1.5 90 -5.5
v -4.5 90 -5.5
vt 0.0068359375 0.177734375
vt 0.0048828125 0.177734375
vt 0.0048828125 0.178710938
vt 0.0068359375 0.178710938
f 535/1585 531/1586 530/1587 534/1588
vt 0.001953125 0.177734375
vt 0 0.177734375
vt 0 0.178710938
vt 0.001953125 0.178710938
f 532/1589 536/1590 533/1591 529/1592
vt 0.0048828125 0.178710938
vt 0.001953125 0.178710938
vt 0.001953125 0.1796875
vt 0.0048828125 0.1796875
f 530/1593 529/1594 533/1595 534/1596
vt 0.0078125 0.1796875
vt 0.0048828125 0.1796875
vt 0.0048828125 0.178710938
vt 0.0078125 0.178710938
f 535/1597 536/1598 532/1599 531/1600
vt 0.0048828125 0.177734375
vt 0.001953125 0.177734375
vt 0.001953125 0.178710938
vt 0.0048828125 0.178710938
f 531/1601 532/1602 529/1603 530/1604
vt 0.009765625 0.177734375
vt 0.0068359375 0.177734375
vt 0.0068359375 0.178710938
vt 0.009765625 0.178710938
f 536/1605 535/1606 534/1607 533/1608
o bodyModel67
v -36 26 -7
v -23 26 -7
v -23 22 -7
v -36 22 -7
v -36 26 7
v -23 26 7
v -23 22 7
v -36 22 7
vt 0.0400390625 0.7421875
vt 0.0263671875 0.7421875
vt 0.0263671875 0.744140625
vt 0.0400390625 0.744140625
f 543/1609 539/1610 538/1611 542/1612
vt 0.013671875 0.7421875
vt 0 0.7421875
vt 0 0.744140625
vt 0.013671875 0.744140625
f 540/1613 544/1614 541/1615 537/1616
vt 0.0263671875 0.744140625
vt 0.013671875 0.744140625
vt 0.013671875 0.750976562
vt 0.0263671875 0.750976562
f 538/1617 537/1618 541/1619 542/1620
vt 0.0390625 0.750976562
vt 0.0263671875 0.750976562
vt 0.0263671875 0.744140625
vt 0.0390625 0.744140625
f 543/1621 544/1622 540/1623 539/1624
vt 0.0263671875 0.7421875
vt 0.013671875 0.7421875
vt 0.013671875 0.744140625
vt 0.0263671875 0.744140625
f 539/1625 540/1626 537/1627 538/1628
vt 0.052734375 0.7421875
vt 0.0400390625 0.7421875
vt 0.0400390625 0.744140625
vt 0.052734375 0.744140625
f 544/1629 543/1630 542/1631 541/1632
o bodyModel68
v -24 46 -4
v -22 46 -4
v -22 38 -4
v -24 38 -4
v -24 46 4
v -22 46 4
v -22 38 4
v -24 38 4
vt 0.017578125 0.733398438
vt 0.009765625 0.733398438
vt 0.009765625 0.737304688
vt 0.017578125 0.737304688
f 551/1633 547/1634 546/1635 550/1636
vt 0.0078125 0.733398438
vt 0 0.733398438
vt 0 0.737304688
vt 0.0078125 0.737304688
f 548/1637 552/1638 549/1639 545/1640
vt 0.009765625 0.737304688
vt 0.0078125 0.737304688
vt 0.0078125 0.741210938
vt 0.009765625 0.741210938
f 546/1641 545/1642 549/1643 550/1644
vt 0.01171875 0.741210938
vt 0.009765625 0.741210938
vt 0.009765625 0.737304688
vt 0.01171875 0.737304688
f 551/1645 552/1646 548/1647 547/1648
vt 0.009765625 0.733398438
vt 0.0078125 0.733398438
vt 0.0078125 0.737304688
vt 0.009765625 0.737304688
f 547/1649 548/1650 545/1651 546/1652
vt 0.01953125 0.733398438
vt 0.017578125 0.733398438
vt 0.017578125 0.737304688
vt 0.01953125 0.737304688
f 552/1653 551/1654 550/1655 549/1656
o bodyModel69
v -22 46 -4
v -21 45 -4
v -21 38 -4
v -22 38 -4
v -22 46 4
v -21 45 4
v -21 38 4
v -22 38 4
vt 0.0166015625 0.723632812
vt 0.0087890625 0.723632812
vt 0.0087890625 0.727539062
vt 0.0166015625 0.727539062
f 559/1657 555/1658 554/1659 558/1660
vt 0.0078125 0.723632812
vt 0 0.723632812
vt 0 0.727539062
vt 0.0078125 0.727539062
f 556/1661 560/1662 557/1663 553/1664
vt 0.0087890625 0.727539062
vt 0.0078125 0.727539062
vt 0.0078125 0.731445312
vt 0.0087890625 0.731445312
f 554/1665 553/1666 557/1667 558/1668
vt 0.009765625 0.731445312
vt 0.0087890625 0.731445312
vt 0.0087890625 0.727539062
vt 0.009765625 0.727539062
f 559/1669 560/1670 556/1671 555/1672
vt 0.0087890625 0.723632812
vt 0.0078125 0.723632812
vt 0.0078125 0.727539062
vt 0.0087890625 0.727539062
f 555/1673 556/1674 553/1675 554/1676
vt 0.017578125 0.723632812
vt 0.0166015625 0.723632812
vt 0.0166015625 0.727539062
vt 0.017578125 0.727539062
f 560/1677 559/1678 558/1679 557/1680
o bodyModel70
v -23 42 -7
v -19 42 -7
v -19 22 -7
v -23 22 -7
v -23 42 7
v -19 42 7
v -19 22 7
v -23 22 7
vt 0.03125 0.752929688
vt 0.017578125 0.752929688
vt 0.017578125 0.762695312
vt 0.03125 0.762695312
f 567/1681 563/1682 562/1683 566/1684
vt 0.013671875 0.752929688
vt 0 0.752929688
vt 0 0.762695312
vt 0.013671875 0.762695312
f 564/1685 568/1686 565/1687 561/1688
vt 0.017578125 0.762695312
vt 0.013671875 0.762695312
vt 0.013671875 0.76953125
vt 0.017578125 0.76953125
f 562/1689 561/1690 565/1691 566/1692
vt 0.021484375 0.76953125
vt 0.017578125 0.76953125
vt 0.017578125 0.762695312
vt 0.021484375 0.762695312
f 567/1693 568/1694 564/1695 563/1696
vt 0.017578125 0.752929688
vt 0.013671875 0.752929688
vt 0.013671875 0.762695312
vt 0.017578125 0.762695312
f 563/1697 564/1698 561/1699 562/1700
vt 0.03515625 0.752929688
vt 0.03125 0.752929688
vt 0.03125 0.762695312
vt 0.03515625 0.762695312
f 568/1701 567/1702 566/1703 565/1704
o bodyModel71
v -44 18 -10
v -16 18 -10
v -16 14 -10
v -44 14 -10
v -44 18 10
v -16 18 10
v -16 14 10
v -44 14 10
vt 0.06640625 0.163085938
vt 0.046875 0.163085938
vt 0.046875 0.165039062
vt 0.06640625 0.165039062
f 575/1705 571/1706 570/1707 574/1708
vt 0.01953125 0.163085938
vt 0 0.163085938
vt 0 0.165039062
vt 0.01953125 0.165039062
f 572/1709 576/1710 573/1711 569/1712
vt 0.046875 0.165039062
vt 0.01953125 0.165039062
vt 0.01953125 0.174804688
vt 0.046875 0.174804688
f 570/1713 569/1714 573/1715 574/1716
vt 0.07421875 0.174804688
vt 0.046875 0.174804688
vt 0.046875 0.165039062
vt 0.07421875 0.165039062
f 575/1717 576/1718 572/1719 571/1720
vt 0.046875 0.163085938
vt 0.01953125 0.163085938
vt 0.01953125 0.165039062
vt 0.046875 0.165039062
f 571/1721 572/1722 569/1723 570/1724
vt 0.09375 0.163085938
vt 0.06640625 0.163085938
vt 0.06640625 0.165039062
vt 0.09375 0.165039062
f 576/1725 575/1726 574/1727 573/1728
o bodyModel72
v -67 26 -10
v -63 22 -10
v -63 7 -10
v -67 7 -10
v -67 26 10
v -63 22 10
v -63 7 10
v -67 7 10
vt 0.04296875 0.142089844
vt 0.0234375 0.142089844
vt 0.0234375 0.151367188
vt 0.04296875 0.151367188
f 583/1729 579/1730 578/1731 582/1732
vt 0.01953125 0.142089844
vt 0 0.142089844
vt 0 0.151367188
vt 0.01953125 0.151367188
f 580/1733 584/1734 581/1735 577/1736
vt 0.0234375 0.151367188
vt 0.01953125 0.151367188
vt 0.01953125 0.161132812
vt 0.0234375 0.161132812
f 578/1737 577/1738 581/1739 582/1740
vt 0.02734375 0.161132812
vt 0.0234375 0.161132812
vt 0.0234375 0.151367188
vt 0.02734375 0.151367188
f 583/1741 584/1742 580/1743 579/1744
vt 0.0234375 0.142089844
vt 0.01953125 0.142089844
vt 0.01953125 0.151367188
vt 0.0234375 0.151367188
f 579/1745 580/1746 577/1747 578/1748
vt 0.046875 0.142089844
vt 0.04296875 0.142089844
vt 0.04296875 0.151367188
vt 0.046875 0.151367188
f 584/1749 583/1750 582/1751 581/1752
o bodyModel73
v -44 31 -10
v -40 27 -10
v -40 12 -10
v -44 12 -10
v -44 31 10
v -40 27 10
v -40 12 10
v -44 12 10
vt 0.04296875 0.12109375
vt 0.0234375 0.12109375
vt 0.0234375 0.130371094
vt 0.04296875 0.130371094
f 591/1753 587/1754 586/1755 590/1756
vt 0.01953125 0.12109375
vt 0 0.12109375
vt 0 0.130371094
vt 0.01953125 0.130371094
f 588/1757 592/1758 589/1759 585/1760
vt 0.0234375 0.130371094
vt 0.01953125 0.130371094
vt 0.01953125 0.140136719
vt 0.0234375 0.140136719
f 586/1761 585/1762 589/1763 590/1764
vt 0.02734375 0.140136719
vt 0.0234375 0.140136719
vt 0.0234375 0.130371094
vt 0.02734375 0.130371094
f 591/1765 592/1766 588/1767 587/1768
vt 0.0234375 0.12109375
vt 0.01953125 0.12109375
vt 0.01953125 0.130371094
vt 0.0234375 0.130371094
f 587/1769 588/1770 585/1771 586/1772
vt 0.046875 0.12109375
vt 0.04296875 0.12109375
vt 0.04296875 0.130371094
vt 0.046875 0.130371094
f 592/1773 591/1774 590/1775 589/1776
o bodyModel74
v -3 68 -3
v 3 68 -3
v 3 62 -3
v -3 62 -3
v -3 68 3
v 3 68 3
v 3 62 3
v -3 62 3
vt 0.212890625 0.779296875
vt 0.20703125 0.779296875
vt 0.20703125 0.782226562
vt 0.212890625 0.782226562
f 599/1777 595/1778 594/1779 598/1780
vt 0.201171875 0.779296875
vt 0.1953125 0.779296875
vt 0.1953125 0.782226562
vt 0.201171875 0.782226562
f 596/1781 600/1782 597/1783 593/1784
vt 0.20703125 0.782226562
vt 0.201171875 0.782226562
vt 0.201171875 0.78515625
vt 0.20703125 0.78515625
f 594/1785 593/1786 597/1787 598/1788
vt 0.212890625 0.78515625
vt 0.20703125 0.78515625
vt 0.20703125 0.782226562
vt 0.212890625 0.782226562
f 599/1789 600/1790 596/1791 595/1792
vt 0.20703125 0.779296875
vt 0.201171875 0.779296875
vt 0.201171875 0.782226562
vt 0.20703125 0.782226562
f 595/1793 596/1794 593/1795 594/1796
vt 0.21875 0.779296875
vt 0.212890625 0.779296875
vt 0.212890625 0.782226562
vt 0.21875 0.782226562
f 600/1797 599/1798 598/1799 597/1800
o bodyModel75
v 3 68 -3
v 11 66 -2
v 11 62 -2
v 3 62 -3
v 3 68 3
v 11 66 2
v 11 62 2
v 3 62 3
vt 0.21484375 0.771972656
vt 0.208984375 0.771972656
vt 0.208984375 0.774902344
vt 0.21484375 0.774902344
f 607/1801 603/1802 602/1803 606/1804
vt 0.201171875 0.771972656
vt 0.1953125 0.771972656
vt 0.1953125 0.774902344
vt 0.201171875 0.774902344
f 604/1805 608/1806 605/1807 601/1808
vt 0.208984375 0.774902344
vt 0.201171875 0.774902344
vt 0.201171875 0.777832031
vt 0.208984375 0.777832031
f 602/1809 601/1810 605/1811 606/1812
vt 0.216796875 0.777832031
vt 0.208984375 0.777832031
vt 0.208984375 0.774902344
vt 0.216796875 0.774902344
f 607/1813 608/1814 604/1815 603/1816
vt 0.208984375 0.771972656
vt 0.201171875 0.771972656
vt 0.201171875 0.774902344
vt 0.208984375 0.774902344
f 603/1817 604/1818 601/1819 602/1820
vt 0.22265625 0.771972656
vt 0.21484375 0.771972656
vt 0.21484375 0.774902344
vt 0.22265625 0.774902344
f 608/1821 607/1822 606/1823 605/1824
o bodyModel76
v 11 66 -2
v 23 66 -2
v 23 62 -2
v 11 62 -2
v 11 66 2
v 23 66 2
v 23 62 2
v 11 62 2
vt 0.21484375 0.766601562
vt 0.2109375 0.766601562
vt 0.2109375 0.768554688
vt 0.21484375 0.768554688
f 615/1825 611/1826 610/1827 614/1828
vt 0.19921875 0.766601562
vt 0.1953125 0.766601562
vt 0.1953125 0.768554688
vt 0.19921875 0.768554688
f 612/1829 616/1830 613/1831 609/1832
vt 0.2109375 0.768554688
vt 0.19921875 0.768554688
vt 0.19921875 0.770507812
vt 0.2109375 0.770507812
f 610/1833 609/1834 613/1835 614/1836
vt 0.22265625 0.770507812
vt 0.2109375 0.770507812
vt 0.2109375 0.768554688
vt 0.22265625 0.768554688
f 615/1837 616/1838 612/1839 611/1840
vt 0.2109375 0.766601562
vt 0.19921875 0.766601562
vt 0.19921875 0.768554688
vt 0.2109375 0.768554688
f 611/1841 612/1842 609/1843 610/1844
vt 0.2265625 0.766601562
vt 0.21484375 0.766601562
vt 0.21484375 0.768554688
vt 0.2265625 0.768554688
f 616/1845 615/1846 614/1847 613/1848
o bodyModel77
v 23 66 -2
v 30 66 -2
v 30 62 -2
v 23 62 -2
v 23 66 2
v 30 66 8
v 30 62 8
v 23 62 2
vt 0.209960938 0.760742188
vt 0.206054688 0.760742188
vt 0.206054688 0.762695312
vt 0.209960938 0.762695312
f 623/1849 619/1850 618/1851 622/1852
vt 0.19921875 0.760742188
vt 0.1953125 0.760742188
vt 0.1953125 0.762695312
vt 0.19921875 0.762695312
f 620/1853 624/1854 621/1855 617/1856
vt 0.206054688 0.762695312
vt 0.19921875 0.762695312
vt 0.19921875 0.764648438
vt 0.206054688 0.764648438
f 618/1857 617/1858 621/1859 622/1860
vt 0.212890625 0.764648438
vt 0.206054688 0.764648438
vt 0.206054688 0.762695312
vt 0.212890625 0.762695312
f 623/1861 624/1862 620/1863 619/1864
vt 0.206054688 0.760742188
vt 0.19921875 0.760742188
vt 0.19921875 0.762695312
vt 0.206054688 0.762695312
f 619/1865 620/1866 617/1867 618/1868
vt 0.216796875 0.760742188
vt 0.209960938 0.760742188
vt 0.209960938 0.762695312
vt 0.216796875 0.762695312
f 624/1869 623/1870 622/1871 621/1872
o bodyModel78
v 30 66 -2
v 116 66 -2
v 116 62 -2
v 30 62 -2
v 30 66 8
v 116 66 8
v 116 62 8
v 30 62 8
vt 0.298828125 0.752441406
vt 0.2890625 0.752441406
vt 0.2890625 0.754394531
vt 0.298828125 0.754394531
f 631/1873 627/1874 626/1875 630/1876
vt 0.205078125 0.752441406
vt 0.1953125 0.752441406
vt 0.1953125 0.754394531
vt 0.205078125 0.754394531
f 628/1877 632/1878 629/1879 625/1880
vt 0.2890625 0.754394531
vt 0.205078125 0.754394531
vt 0.205078125 0.759277344
vt 0.2890625 0.759277344
f 626/1881 625/1882 629/1883 630/1884
vt 0.373046875 0.759277344
vt 0.2890625 0.759277344
vt 0.2890625 0.754394531
vt 0.373046875 0.754394531
f 631/1885 632/1886 628/1887 627/1888
vt 0.2890625 0.752441406
vt 0.205078125 0.752441406
vt 0.205078125 0.754394531
vt 0.2890625 0.754394531
f 627/1889 628/1890 625/1891 626/1892
vt 0.3828125 0.752441406
vt 0.298828125 0.752441406
vt 0.298828125 0.754394531
vt 0.3828125 0.754394531
f 632/1893 631/1894 630/1895 629/1896
o bodyModel79
v 116 66 -2
v 125 66 3
v 125 62 3
v 116 62 -2
v 116 66 8
v 125 66 8
v 125 62 8
v 116 62 8
vt 0.223632812 0.744140625
vt 0.213867188 0.744140625
vt 0.213867188 0.74609375
vt 0.223632812 0.74609375
f 639/1897 635/1898 634/1899 638/1900
vt 0.205078125 0.744140625
vt 0.1953125 0.744140625
vt 0.1953125 0.74609375
vt 0.205078125 0.74609375
f 636/1901 640/1902 637/1903 633/1904
vt 0.213867188 0.74609375
vt 0.205078125 0.74609375
vt 0.205078125 0.750976562
vt 0.213867188 0.750976562
f 634/1905 633/1906 637/1907 638/1908
vt 0.22265625 0.750976562
vt 0.213867188 0.750976562
vt 0.213867188 0.74609375
vt 0.22265625 0.74609375
f 639/1909 640/1910 636/1911 635/1912
vt 0.213867188 0.744140625
vt 0.205078125 0.744140625
vt 0.205078125 0.74609375
vt 0.213867188 0.74609375
f 635/1913 636/1914 633/1915 634/1916
vt 0.232421875 0.744140625
vt 0.223632812 0.744140625
vt 0.223632812 0.74609375
vt 0.232421875 0.74609375
f 640/1917 639/1918 638/1919 637/1920
o bodyModel80
v -2.718922 69.26785 -3.000001
v -2.657849 67.03262 -11
v -4.348322 63.40739 -11
v -5.254632 63.83001 -3.000001
v 2.718924 66.73214 -2.999999
v 0.9673823 65.34215 -11
v -0.7230907 61.71692 -11
v 0.1832148 61.2943 -2.999999
vt 0.21484375 0.771972656
vt 0.208984375 0.771972656
vt 0.208984375 0.774902344
vt 0.21484375 0.774902344
f 647/1921 643/1922 642/1923 646/1924
vt 0.201171875 0.771972656
vt 0.1953125 0.771972656
vt 0.1953125 0.774902344
vt 0.201171875 0.774902344
f 644/1925 648/1926 645/1927 641/1928
vt 0.208984375 0.774902344
vt 0.201171875 0.774902344
vt 0.201171875 0.777832031
vt 0.208984375 0.777832031
f 642/1929 641/1930 645/1931 646/1932
vt 0.216796875 0.777832031
vt 0.208984375 0.777832031
vt 0.208984375 0.774902344
vt 0.216796875 0.774902344
f 647/1933 648/1934 644/1935 643/1936
vt 0.208984375 0.771972656
vt 0.201171875 0.771972656
vt 0.201171875 0.774902344
vt 0.208984375 0.774902344
f 643/1937 644/1938 641/1939 642/1940
vt 0.22265625 0.771972656
vt 0.21484375 0.771972656
vt 0.21484375 0.774902344
vt 0.22265625 0.774902344
f 648/1941 647/1942 646/1943 645/1944
o bodyModel81
v -2.657849 67.03262 -11
v -2.657845 67.03262 -23
v -4.348318 63.40739 -23
v -4.348322 63.40739 -11
v 0.9673823 65.34215 -11
v 0.9673859 65.34214 -23
v -0.7230871 61.71691 -23
v -0.7230907 61.71692 -11
vt 0.21484375 0.766601562
vt 0.2109375 0.766601562
vt 0.2109375 0.768554688
vt 0.21484375 0.768554688
f 655/1945 651/1946 650/1947 654/1948
vt 0.19921875 0.766601562
vt 0.1953125 0.766601562
vt 0.1953125 0.768554688
vt 0.19921875 0.768554688
f 652/1949 656/1950 653/1951 649/1952
vt 0.2109375 0.768554688
vt 0.19921875 0.768554688
vt 0.19921875 0.770507812
vt 0.2109375 0.770507812
f 650/1953 649/1954 653/1955 654/1956
vt 0.22265625 0.770507812
vt 0.2109375 0.770507812
vt 0.2109375 0.768554688
vt 0.22265625 0.768554688
f 655/1957 656/1958 652/1959 651/1960
vt 0.2109375 0.766601562
vt 0.19921875 0.766601562
vt 0.19921875 0.768554688
vt 0.2109375 0.768554688
f 651/1961 652/1962 649/1963 650/1964
vt 0.2265625 0.766601562
vt 0.21484375 0.766601562
vt 0.21484375 0.768554688
vt 0.2265625 0.768554688
f 656/1965 655/1966 654/1967 653/1968
o bodyModel82
v -2.657845 67.03262 -23
v -2.657843 67.03262 -30
v -4.348316 63.40739 -30
v -4.348318 63.40739 -23
v 0.9673859 65.34214 -23
v 6.405235 62.80643 -30
v 4.714762 59.1812 -30
v -0.7230871 61.71691 -23
vt 0.209960938 0.760742188
vt 0.206054688 0.760742188
vt 0.206054688 0.762695312
vt 0.209960938 0.762695312
f 663/1969 659/1970 658/1971 662/1972
vt 0.19921875 0.760742188
vt 0.1953125 0.760742188
vt 0.1953125 0.762695312
vt 0.19921875 0.762695312
f 660/1973 664/1974 661/1975 657/1976
vt 0.206054688 0.762695312
vt 0.19921875 0.762695312
vt 0.19921875 0.764648438
vt 0.206054688 0.764648438
f 658/1977 657/1978 661/1979 662/1980
vt 0.212890625 0.764648438
vt 0.206054688 0.764648438
vt 0.206054688 0.762695312
vt 0.212890625 0.762695312
f 663/1981 664/1982 660/1983 659/1984
vt 0.206054688 0.760742188
vt 0.19921875 0.760742188
vt 0.19921875 0.762695312
vt 0.206054688 0.762695312
f 659/1985 660/1986 657/1987 658/1988
vt 0.216796875 0.760742188
vt 0.209960938 0.760742188
vt 0.209960938 0.762695312
vt 0.216796875 0.762695312
f 664/1989 663/1990 662/1991 661/1992
o bodyModel83
v -2.657843 67.03262 -30
v -2.657818 67.0326 -116
v -4.348291 63.40737 -116
v -4.348316 63.40739 -30
v 6.405235 62.80643 -30
v 6.40526 62.80642 -116
v 4.714787 59.18119 -116
v 4.714762 59.1812 -30
vt 0.298828125 0.752441406
vt 0.2890625 0.752441406
vt 0.2890625 0.754394531
vt 0.298828125 0.754394531
f 671/1993 667/1994 666/1995 670/1996
vt 0.205078125 0.752441406
vt 0.1953125 0.752441406
vt 0.1953125 0.754394531
vt 0.205078125 0.754394531
f 668/1997 672/1998 669/1999 665/2000
vt 0.2890625 0.754394531
vt 0.205078125 0.754394531
vt 0.205078125 0.759277344
vt 0.2890625 0.759277344
f 666/2001 665/2002 669/2003 670/2004
vt 0.373046875 0.759277344
vt 0.2890625 0.759277344
vt 0.2890625 0.754394531
vt 0.373046875 0.754394531
f 671/2005 672/2006 668/2007 667/2008
vt 0.2890625 0.752441406
vt 0.205078125 0.752441406
vt 0.205078125 0.754394531
vt 0.2890625 0.754394531
f 667/2009 668/2010 665/2011 666/2012
vt 0.3828125 0.752441406
vt 0.298828125 0.752441406
vt 0.298828125 0.754394531
vt 0.3828125 0.754394531
f 672/2013 671/2014 670/2015 669/2016
o bodyModel84
v -2.657818 67.0326 -116
v 1.873724 64.91951 -125
v 0.1832509 61.29428 -125
v -4.348291 63.40737 -116
v 6.40526 62.80642 -116
v 6.405263 62.80642 -125
v 4.71479 59.18119 -125
v 4.714787 59.18119 -116
vt 0.223632812 0.744140625
vt 0.213867188 0.744140625
vt 0.213867188 0.74609375
vt 0.223632812 0.74609375
f 679/2017 675/2018 674/2019 678/2020
vt 0.205078125 0.744140625
vt 0.1953125 0.744140625
vt 0.1953125 0.74609375
vt 0.205078125 0.74609375
f 676/2021 680/2022 677/2023 673/2024
vt 0.213867188 0.74609375
vt 0.205078125 0.74609375
vt 0.205078125 0.750976562
vt 0.213867188 0.750976562
f 674/2025 673/2026 677/2027 678/2028
vt 0.22265625 0.750976562
vt 0.213867188 0.750976562
vt 0.213867188 0.74609375
vt 0.22265625 0.74609375
f 679/2029 680/2030 676/2031 675/2032
vt 0.213867188 0.744140625
vt 0.205078125 0.744140625
vt 0.205078125 0.74609375
vt 0.213867188 0.74609375
f 675/2033 676/2034 673/2035 674/2036
vt 0.232421875 0.744140625
vt 0.223632812 0.744140625
vt 0.223632812 0.74609375
vt 0.232421875 0.74609375
f 680/2037 679/2038 678/2039 677/2040
o bodyModel85
v -2.999999 68 3.000001
v -11 66 2.000004
v -11 62 2.000004
v -2.999999 62 3.000001
v -3.000001 68 -2.999999
v -11 66 -1.999996
v -11 62 -1.999996
v -3.000001 62 -2.999999
vt 0.21484375 0.771972656
vt 0.208984375 0.771972656
vt 0.208984375 0.774902344
vt 0.21484375 0.774902344
f 687/2041 683/2042 682/2043 686/2044
vt 0.201171875 0.771972656
vt 0.1953125 0.771972656
vt 0.1953125 0.774902344
vt 0.201171875 0.774902344
f 684/2045 688/2046 685/2047 681/2048
vt 0.208984375 0.774902344
vt 0.201171875 0.774902344
vt 0.201171875 0.777832031
vt 0.208984375 0.777832031
f 682/2049 681/2050 685/2051 686/2052
vt 0.216796875 0.777832031
vt 0.208984375 0.777832031
vt 0.208984375 0.774902344
vt 0.216796875 0.774902344
f 687/2053 688/2054 684/2055 683/2056
vt 0.208984375 0.771972656
vt 0.201171875 0.771972656
vt 0.201171875 0.774902344
vt 0.208984375 0.774902344
f 683/2057 684/2058 681/2059 682/2060
vt 0.22265625 0.771972656
vt 0.21484375 0.771972656
vt 0.21484375 0.774902344
vt 0.22265625 0.774902344
f 688/2061 687/2062 686/2063 685/2064
o bodyModel86
v -11 66 2.000004
v -23 66 2.000008
v -23 62 2.000008
v -11 62 2.000004
v -11 66 -1.999996
v -23 66 -1.999992
v -23 62 -1.999992
v -11 62 -1.999996
vt 0.21484375 0.766601562
vt 0.2109375 0.766601562
vt 0.2109375 0.768554688
vt 0.21484375 0.768554688
f 695/2065 691/2066 690/2067 694/2068
vt 0.19921875 0.766601562
vt 0.1953125 0.766601562
vt 0.1953125 0.768554688
vt 0.19921875 0.768554688
f 692/2069 696/2070 693/2071 689/2072
vt 0.2109375 0.768554688
vt 0.19921875 0.768554688
vt 0.19921875 0.770507812
vt 0.2109375 0.770507812
f 690/2073 689/2074 693/2075 694/2076
vt 0.22265625 0.770507812
vt 0.2109375 0.770507812
vt 0.2109375 0.768554688
vt 0.22265625 0.768554688
f 695/2077 696/2078 692/2079 691/2080
vt 0.2109375 0.766601562
vt 0.19921875 0.766601562
vt 0.19921875 0.768554688
vt 0.2109375 0.768554688
f 691/2081 692/2082 689/2083 690/2084
vt 0.2265625 0.766601562
vt 0.21484375 0.766601562
vt 0.21484375 0.768554688
vt 0.2265625 0.768554688
f 696/2085 695/2086 694/2087 693/2088
o bodyModel87
v -23 66 2.000008
v -30 66 2.00001
v -30 62 2.00001
v -23 62 2.000008
v -23 66 -1.999992
v -30 66 -7.99999
v -30 62 -7.99999
v -23 62 -1.999992
vt 0.209960938 0.760742188
vt 0.206054688 0.760742188
vt 0.206054688 0.762695312
vt 0.209960938 0.762695312
f 703/2089 699/2090 698/2091 702/2092
vt 0.19921875 0.760742188
vt 0.1953125 0.760742188
vt 0.1953125 0.762695312
vt 0.19921875 0.762695312
f 700/2093 704/2094 701/2095 697/2096
vt 0.206054688 0.762695312
vt 0.19921875 0.762695312
vt 0.19921875 0.764648438
vt 0.206054688 0.764648438
f 698/2097 697/2098 701/2099 702/2100
vt 0.212890625 0.764648438
vt 0.206054688 0.764648438
vt 0.206054688 0.762695312
vt 0.212890625 0.762695312
f 703/2101 704/2102 700/2103 699/2104
vt 0.206054688 0.760742188
vt 0.19921875 0.760742188
vt 0.19921875 0.762695312
vt 0.206054688 0.762695312
f 699/2105 700/2106 697/2107 698/2108
vt 0.216796875 0.760742188
vt 0.209960938 0.760742188
vt 0.209960938 0.762695312
vt 0.216796875 0.762695312
f 704/2109 703/2110 702/2111 701/2112
o bodyModel88
v -30.06643 68.09757 2.00001
v -115.8569 74.09662 2.00004
v -116.136 70.10637 2.00004
v -30.34546 64.10731 2.00001
v -30.06644 68.09757 -7.99999
v -115.8569 74.09662 -7.99996
v -116.136 70.10637 -7.99996
v -30.34546 64.10731 -7.99999
vt 0.298828125 0.752441406
vt 0.2890625 0.752441406
vt 0.2890625 0.754394531
vt 0.298828125 0.754394531
f 711/2113 707/2114 706/2115 710/2116
vt 0.205078125 0.752441406
vt 0.1953125 0.752441406
vt 0.1953125 0.754394531
vt 0.205078125 0.754394531
f 708/2117 712/2118 709/2119 705/2120
vt 0.2890625 0.754394531
vt 0.205078125 0.754394531
vt 0.205078125 0.759277344
vt 0.2890625 0.759277344
f 706/2121 705/2122 709/2123 710/2124
vt 0.373046875 0.759277344
vt 0.2890625 0.759277344
vt 0.2890625 0.754394531
vt 0.373046875 0.754394531
f 711/2125 712/2126 708/2127 707/2128
vt 0.2890625 0.752441406
vt 0.205078125 0.752441406
vt 0.205078125 0.754394531
vt 0.2890625 0.754394531
f 707/2129 708/2130 705/2131 706/2132
vt 0.3828125 0.752441406
vt 0.298828125 0.752441406
vt 0.298828125 0.754394531
vt 0.3828125 0.754394531
f 712/2133 711/2134 710/2135 709/2136
o bodyModel89
v -115.7329 76.11768 2.00004
v -124.6986 76.90208 -2.999957
v -125.0473 72.9173 -2.999957
v -116.0815 72.1329 2.00004
v -115.7329 76.11768 -7.99996
v -124.6987 76.90208 -7.999957
v -125.0473 72.9173 -7.999957
v -116.0815 72.1329 -7.99996
vt 0.223632812 0.744140625
vt 0.213867188 0.744140625
vt 0.213867188 0.74609375
vt 0.223632812 0.74609375
f 719/2137 715/2138 714/2139 718/2140
vt 0.205078125 0.744140625
vt 0.1953125 0.744140625
vt 0.1953125 0.74609375
vt 0.205078125 0.74609375
f 716/2141 720/2142 717/2143 713/2144
vt 0.213867188 0.74609375
vt 0.205078125 0.74609375
vt 0.205078125 0.750976562
vt 0.213867188 0.750976562
f 714/2145 713/2146 717/2147 718/2148
vt 0.22265625 0.750976562
vt 0.213867188 0.750976562
vt 0.213867188 0.74609375
vt 0.22265625 0.74609375
f 719/2149 720/2150 716/2151 715/2152
vt 0.213867188 0.744140625
vt 0.205078125 0.744140625
vt 0.205078125 0.74609375
vt 0.213867188 0.74609375
f 715/2153 716/2154 713/2155 714/2156
vt 0.232421875 0.744140625
vt 0.223632812 0.744140625
vt 0.223632812 0.74609375
vt 0.232421875 0.74609375
f 720/2157 719/2158 718/2159 717/2160
o bodyModel90
v 1.0161 67.28852 4.057257
v -3.930869 68.31087 10.65137
v -6.225175 65.03427 10.65137
v -2.425358 62.37361 4.057257
v -3.323511 70.32715 1.240429
v -6.823943 70.33663 8.773482
v -9.118248 67.06002 8.773482
v -6.764969 65.41223 1.240429
vt 0.21484375 0.771972656
vt 0.208984375 0.771972656
vt 0.208984375 0.774902344
vt 0.21484375 0.774902344
f 727/2161 723/2162 722/2163 726/2164
vt 0.201171875 0.771972656
vt 0.1953125 0.771972656
vt 0.1953125 0.774902344
vt 0.201171875 0.774902344
f 724/2165 728/2166 725/2167 721/2168
vt 0.208984375 0.774902344
vt 0.201171875 0.774902344
vt 0.201171875 0.777832031
vt 0.208984375 0.777832031
f 722/2169 721/2170 725/2171 726/2172
vt 0.216796875 0.777832031
vt 0.208984375 0.777832031
vt 0.208984375 0.774902344
vt 0.216796875 0.774902344
f 727/2173 728/2174 724/2175 723/2176
vt 0.208984375 0.771972656
vt 0.201171875 0.771972656
vt 0.201171875 0.774902344
vt 0.208984375 0.774902344
f 723/2177 724/2178 721/2179 722/2180
vt 0.22265625 0.771972656
vt 0.21484375 0.771972656
vt 0.21484375 0.774902344
vt 0.22265625 0.774902344
f 728/2181 727/2182 726/2183 725/2184
o bodyModel91
v -3.930869 68.31087 10.65137
v -8.54569 71.54221 21.24674
v -10.84 68.2656 21.24674
v -6.225175 65.03427 10.65137
v -6.823943 70.33663 8.773482
v -11.43876 73.56796 19.36885
v -13.73307 70.29135 19.36885
v -9.118248 67.06002 8.773482
vt 0.21484375 0.766601562
vt 0.2109375 0.766601562
vt 0.2109375 0.768554688
vt 0.21484375 0.768554688
f 735/2185 731/2186 730/2187 734/2188
vt 0.19921875 0.766601562
vt 0.1953125 0.766601562
vt 0.1953125 0.768554688
vt 0.19921875 0.768554688
f 732/2189 736/2190 733/2191 729/2192
vt 0.2109375 0.768554688
vt 0.19921875 0.768554688
vt 0.19921875 0.770507812
vt 0.2109375 0.770507812
f 730/2193 729/2194 733/2195 734/2196
vt 0.22265625 0.770507812
vt 0.2109375 0.770507812
vt 0.2109375 0.768554688
vt 0.22265625 0.768554688
f 735/2197 736/2198 732/2199 731/2200
vt 0.2109375 0.766601562
vt 0.19921875 0.766601562
vt 0.19921875 0.768554688
vt 0.2109375 0.768554688
f 731/2201 732/2202 729/2203 730/2204
vt 0.2265625 0.766601562
vt 0.21484375 0.766601562
vt 0.21484375 0.768554688
vt 0.2265625 0.768554688
f 736/2205 735/2206 734/2207 733/2208
o bodyModel92
v -8.54569 71.54221 21.24674
v -11.23767 73.42715 27.42737
v -13.53198 70.15054 27.42737
v -10.84 68.2656 21.24674
v -11.43876 73.56796 19.36885
v -18.47035 78.49153 22.73266
v -20.76466 75.21492 22.73266
v -13.73307 70.29135 19.36885
vt 0.209960938 0.760742188
vt 0.206054688 0.760742188
vt 0.206054688 0.762695312
vt 0.209960938 0.762695312
f 743/2209 739/2210 738/2211 742/2212
vt 0.19921875 0.760742188
vt 0.1953125 0.760742188
vt 0.1953125 0.762695312
vt 0.19921875 0.762695312
f 740/2213 744/2214 741/2215 737/2216
vt 0.206054688 0.762695312
vt 0.19921875 0.762695312
vt 0.19921875 0.764648438
vt 0.206054688 0.764648438
f 738/2217 737/2218 741/2219 742/2220
vt 0.212890625 0.764648438
vt 0.206054688 0.764648438
vt 0.206054688 0.762695312
vt 0.212890625 0.762695312
f 743/2221 744/2222 740/2223 739/2224
vt 0.206054688 0.760742188
vt 0.19921875 0.760742188
vt 0.19921875 0.762695312
vt 0.206054688 0.762695312
f 739/2225 740/2226 737/2227 738/2228
vt 0.216796875 0.760742188
vt 0.209960938 0.760742188
vt 0.209960938 0.762695312
vt 0.216796875 0.762695312
f 744/2229 743/2230 742/2231 741/2232
o bodyModel93
v -11.28298 73.41664 27.41084
v -44.35587 96.57452 103.3443
v -46.70031 93.33377 103.3116
v -13.62743 70.17588 27.37807
v -18.41446 78.62321 22.71684
v -51.48735 101.7811 98.65035
v -53.83179 98.54034 98.61757
v -20.75891 75.38245 22.68407
vt 0.298828125 0.752441406
vt 0.2890625 0.752441406
vt 0.2890625 0.754394531
vt 0.298828125 0.754394531
f 751/2233 747/2234 746/2235 750/2236
vt 0.205078125 0.752441406
vt 0.1953125 0.752441406
vt 0.1953125 0.754394531
vt 0.205078125 0.754394531
f 748/2237 752/2238 749/2239 745/2240
vt 0.2890625 0.754394531
vt 0.205078125 0.754394531
vt 0.205078125 0.759277344
vt 0.2890625 0.759277344
f 746/2241 745/2242 749/2243 750/2244
vt 0.373046875 0.759277344
vt 0.2890625 0.759277344
vt 0.2890625 0.754394531
vt 0.373046875 0.754394531
f 751/2245 752/2246 748/2247 747/2248
vt 0.2890625 0.752441406
vt 0.205078125 0.752441406
vt 0.205078125 0.754394531
vt 0.2890625 0.754394531
f 747/2249 748/2250 745/2251 746/2252
vt 0.3828125 0.752441406
vt 0.298828125 0.752441406
vt 0.298828125 0.754394531
vt 0.3828125 0.754394531
f 752/2253 751/2254 750/2255 749/2256
o bodyModel94
v -44.31056 96.58503 103.3609
v -51.38801 101.5407 108.96
v -53.68232 98.26411 108.96
v -46.60486 93.30843 103.3609
v -51.54324 101.6494 98.66616
v -55.00436 104.0729 106.6127
v -57.29866 100.7963 106.6127
v -53.83755 98.37281 98.66616
vt 0.223632812 0.744140625
vt 0.213867188 0.744140625
vt 0.213867188 0.74609375
vt 0.223632812 0.74609375
f 759/2257 755/2258 754/2259 758/2260
vt 0.205078125 0.744140625
vt 0.1953125 0.744140625
vt 0.1953125 0.74609375
vt 0.205078125 0.74609375
f 756/2261 760/2262 757/2263 753/2264
vt 0.213867188 0.74609375
vt 0.205078125 0.74609375
vt 0.205078125 0.750976562
vt 0.213867188 0.750976562
f 754/2265 753/2266 757/2267 758/2268
vt 0.22265625 0.750976562
vt 0.213867188 0.750976562
vt 0.213867188 0.74609375
vt 0.22265625 0.74609375
f 759/2269 760/2270 756/2271 755/2272
vt 0.213867188 0.744140625
vt 0.205078125 0.744140625
vt 0.205078125 0.74609375
vt 0.213867188 0.74609375
f 755/2273 756/2274 753/2275 754/2276
vt 0.232421875 0.744140625
vt 0.223632812 0.744140625
vt 0.223632812 0.74609375
vt 0.232421875 0.74609375
f 760/2277 759/2278 758/2279 757/2280
o bodyModel95
v 193 59 4
v 195 59 4
v 195 57 4
v 193 57 4
v 193 59 13
v 195 59 13
v 195 57 13
v 193 57 13
vt 0.21484375 0.737304688
vt 0.206054688 0.737304688
vt 0.206054688 0.73828125
vt 0.21484375 0.73828125
f 767/2281 763/2282 762/2283 766/2284
vt 0.204101562 0.737304688
vt 0.1953125 0.737304688
vt 0.1953125 0.73828125
vt 0.204101562 0.73828125
f 764/2285 768/2286 765/2287 761/2288
vt 0.206054688 0.73828125
vt 0.204101562 0.73828125
vt 0.204101562 0.742675781
vt 0.206054688 0.742675781
f 762/2289 761/2290 765/2291 766/2292
vt 0.208007812 0.742675781
vt 0.206054688 0.742675781
vt 0.206054688 0.73828125
vt 0.208007812 0.73828125
f 767/2293 768/2294 764/2295 763/2296
vt 0.206054688 0.737304688
vt 0.204101562 0.737304688
vt 0.204101562 0.73828125
vt 0.206054688 0.73828125
f 763/2297 764/2298 761/2299 762/2300
vt 0.216796875 0.737304688
vt 0.21484375 0.737304688
vt 0.21484375 0.73828125
vt 0.216796875 0.73828125
f 768/2301 767/2302 766/2303 765/2304
o bodyModel96
v 188.0481 81.19162 15.56391
v 191.9607 82.02327 15.56391
v 195.6826 64.51306 13.6824
v 191.77 63.68141 13.6824
v 188.0916 80.98713 17.55295
v 192.0042 81.81878 17.55295
v 195.7261 64.30857 15.67144
v 191.8135 63.47693 15.67144
vt 0.203125 0.725097656
vt 0.201171875 0.725097656
vt 0.201171875 0.733886719
vt 0.203125 0.733886719
f 775/2305 771/2306 770/2307 774/2308
vt 0.197265625 0.725097656
vt 0.1953125 0.725097656
vt 0.1953125 0.733886719
vt 0.197265625 0.733886719
f 772/2309 776/2310 773/2311 769/2312
vt 0.201171875 0.733886719
vt 0.197265625 0.733886719
vt 0.197265625 0.734863281
vt 0.201171875 0.734863281
f 770/2313 769/2314 773/2315 774/2316
vt 0.205078125 0.734863281
vt 0.201171875 0.734863281
vt 0.201171875 0.733886719
vt 0.205078125 0.733886719
f 775/2317 776/2318 772/2319 771/2320
vt 0.201171875 0.725097656
vt 0.197265625 0.725097656
vt 0.197265625 0.733886719
vt 0.201171875 0.733886719
f 771/2321 772/2322 769/2323 770/2324
vt 0.20703125 0.725097656
vt 0.203125 0.725097656
vt 0.203125 0.733886719
vt 0.20703125 0.733886719
f 776/2325 775/2326 774/2327 773/2328
o bodyModel97
v 193 65 13
v 195 65 13
v 195 51 13
v 193 51 13
v 193 65 15
v 195 65 15
v 195 51 15
v 193 51 15
vt 0.201171875 0.716796875
vt 0.19921875 0.716796875
vt 0.19921875 0.723632812
vt 0.201171875 0.723632812
f 783/2329 779/2330 778/2331 782/2332
vt 0.197265625 0.716796875
vt 0.1953125 0.716796875
vt 0.1953125 0.723632812
vt 0.197265625 0.723632812
f 780/2333 784/2334 781/2335 777/2336
vt 0.19921875 0.723632812
vt 0.197265625 0.723632812
vt 0.197265625 0.724609375
vt 0.19921875 0.724609375
f 778/2337 777/2338 781/2339 782/2340
vt 0.201171875 0.724609375
vt 0.19921875 0.724609375
vt 0.19921875 0.723632812
vt 0.201171875 0.723632812
f 783/2341 784/2342 780/2343 779/2344
vt 0.19921875 0.716796875
vt 0.197265625 0.716796875
vt 0.197265625 0.723632812
vt 0.19921875 0.723632812
f 779/2345 780/2346 777/2347 778/2348
vt 0.203125 0.716796875
vt 0.201171875 0.716796875
vt 0.201171875 0.723632812
vt 0.203125 0.723632812
f 784/2349 783/2350 782/2351 781/2352
o bodyModel98
v 191.4484 50.06937 12.34233
v 195.2534 51.08892 13.03692
v 199.9121 33.70225 13.03692
v 196.1071 32.6827 12.34233
v 191.1129 49.97948 14.31194
v 194.9179 50.99903 15.00653
v 199.5767 33.61236 15.00653
v 195.7717 32.59282 14.31194
vt 0.203125 0.725097656
vt 0.201171875 0.725097656
vt 0.201171875 0.733886719
vt 0.203125 0.733886719
f 791/2353 787/2354 786/2355 790/2356
vt 0.197265625 0.725097656
vt 0.1953125 0.725097656
vt 0.1953125 0.733886719
vt 0.197265625 0.733886719
f 788/2357 792/2358 789/2359 785/2360
vt 0.201171875 0.733886719
vt 0.197265625 0.733886719
vt 0.197265625 0.734863281
vt 0.201171875 0.734863281
f 786/2361 785/2362 789/2363 790/2364
vt 0.205078125 0.734863281
vt 0.201171875 0.734863281
vt 0.201171875 0.733886719
vt 0.205078125 0.733886719
f 791/2365 792/2366 788/2367 787/2368
vt 0.201171875 0.725097656
vt 0.197265625 0.725097656
vt 0.197265625 0.733886719
vt 0.201171875 0.733886719
f 787/2369 788/2370 785/2371 786/2372
vt 0.20703125 0.725097656
vt 0.203125 0.725097656
vt 0.203125 0.733886719
vt 0.20703125 0.733886719
f 792/2373 791/2374 790/2375 789/2376
o tailModel0
v 105 32 -9
v 135 32 -7
v 135 12 -7
v 105 9 -9
v 105 32 9
v 135 32 7
v 135 12 7
v 105 9 9
vt 0.064453125 0.099609375
vt 0.046875 0.099609375
vt 0.046875 0.110839844
vt 0.064453125 0.110839844
f 799/2377 795/2378 794/2379 798/2380
vt 0.017578125 0.099609375
vt 0 0.099609375
vt 0 0.110839844
vt 0.017578125 0.110839844
f 796/2381 800/2382 797/2383 793/2384
vt 0.046875 0.110839844
vt 0.017578125 0.110839844
vt 0.017578125 0.119628906
vt 0.046875 0.119628906
f 794/2385 793/2386 797/2387 798/2388
vt 0.076171875 0.119628906
vt 0.046875 0.119628906
vt 0.046875 0.110839844
vt 0.076171875 0.110839844
f 799/2389 800/2390 796/2391 795/2392
vt 0.046875 0.099609375
vt 0.017578125 0.099609375
vt 0.017578125 0.110839844
vt 0.046875 0.110839844
f 795/2393 796/2394 793/2395 794/2396
vt 0.09375 0.099609375
vt 0.064453125 0.099609375
vt 0.064453125 0.110839844
vt 0.09375 0.110839844
f 800/2397 799/2398 798/2399 797/2400
o tailModel1
v 135 32 -7
v 187 30 -2
v 171 15 -2
v 135 12 -7
v 135 32 7
v 187 30 2
v 171 15 2
v 135 12 7
vt 0.078125 0.0810546875
vt 0.064453125 0.0810546875
vt 0.064453125 0.0908203125
vt 0.078125 0.0908203125
f 807/2401 803/2402 802/2403 806/2404
vt 0.013671875 0.0810546875
vt 0 0.0810546875
vt 0 0.0908203125
vt 0.013671875 0.0908203125
f 804/2405 808/2406 805/2407 801/2408
vt 0.064453125 0.0908203125
vt 0.013671875 0.0908203125
vt 0.013671875 0.09765625
vt 0.064453125 0.09765625
f 802/2409 801/2410 805/2411 806/2412
vt 0.115234375 0.09765625
vt 0.064453125 0.09765625
vt 0.064453125 0.0908203125
vt 0.115234375 0.0908203125
f 807/2413 808/2414 804/2415 803/2416
vt 0.064453125 0.0810546875
vt 0.013671875 0.0810546875
vt 0.013671875 0.0908203125
vt 0.064453125 0.0908203125
f 803/2417 804/2418 801/2419 802/2420
vt 0.12890625 0.0810546875
vt 0.078125 0.0810546875
vt 0.078125 0.0908203125
vt 0.12890625 0.0908203125
f 808/2421 807/2422 806/2423 805/2424
o tailModel2
v 129 15 -2
v 169 15 -2
v 165 8 -2
v 143 3 -2
v 129 15 2
v 169 15 2
v 165 8 2
v 143 3 2
vt 0.046875 0.0712890625
vt 0.04296875 0.0712890625
vt 0.04296875 0.0771484375
vt 0.046875 0.0771484375
f 815/2425 811/2426 810/2427 814/2428
vt 0.00390625 0.0712890625
vt 0 0.0712890625
vt 0 0.0771484375
vt 0.00390625 0.0771484375
f 812/2429 816/2430 813/2431 809/2432
vt 0.04296875 0.0771484375
vt 0.00390625 0.0771484375
vt 0.00390625 0.0791015625
vt 0.04296875 0.0791015625
f 810/2433 809/2434 813/2435 814/2436
vt 0.08203125 0.0791015625
vt 0.04296875 0.0791015625
vt 0.04296875 0.0771484375
vt 0.08203125 0.0771484375
f 815/2437 816/2438 812/2439 811/2440
vt 0.04296875 0.0712890625
vt 0.00390625 0.0712890625
vt 0.00390625 0.0771484375
vt 0.04296875 0.0771484375
f 811/2441 812/2442 809/2443 810/2444
vt 0.0859375 0.0712890625
vt 0.046875 0.0712890625
vt 0.046875 0.0771484375
vt 0.0859375 0.0771484375
f 816/2445 815/2446 814/2447 813/2448
o tailModel3
v 152 36 -5.3654
v 187 36 -2
v 187 30 -2
v 152 31.346 -5.3654
v 152 36 5.3654
v 187 36 2
v 187 30 2
v 152 31.346 5.3654
vt 0.0615234375 0.0576171875
vt 0.0478515625 0.0576171875
vt 0.0478515625 0.060546875
vt 0.0615234375 0.060546875
f 823/2449 819/2450 818/2451 822/2452
vt 0.013671875 0.0576171875
vt 0 0.0576171875
vt 0 0.060546875
vt 0.013671875 0.060546875
f 820/2453 824/2454 821/2455 817/2456
vt 0.0478515625 0.060546875
vt 0.013671875 0.060546875
vt 0.013671875 0.0673828125
vt 0.0478515625 0.0673828125
f 818/2457 817/2458 821/2459 822/2460
vt 0.08203125 0.0673828125
vt 0.0478515625 0.0673828125
vt 0.0478515625 0.060546875
vt 0.08203125 0.060546875
f 823/2461 824/2462 820/2463 819/2464
vt 0.0478515625 0.0576171875
vt 0.013671875 0.0576171875
vt 0.013671875 0.060546875
vt 0.0478515625 0.060546875
f 819/2465 820/2466 817/2467 818/2468
vt 0.095703125 0.0576171875
vt 0.0615234375 0.0576171875
vt 0.0615234375 0.060546875
vt 0.095703125 0.060546875
f 824/2469 823/2470 822/2471 821/2472
o tailModel4
v 144 36 -2
v 152 36 -5.3654
v 152 31.346 -5.3654
v 144 30 -2
v 144 36 2
v 152 36 5.3654
v 152 31.346 5.3654
v 144 30 2
vt 0.03515625 0.0434570312
vt 0.021484375 0.0434570312
vt 0.021484375 0.0463867188
vt 0.03515625 0.0463867188
f 831/2473 827/2474 826/2475 830/2476
vt 0.013671875 0.0434570312
vt 0 0.0434570312
vt 0 0.0463867188
vt 0.013671875 0.0463867188
f 828/2477 832/2478 829/2479 825/2480
vt 0.021484375 0.0463867188
vt 0.013671875 0.0463867188
vt 0.013671875 0.0532226562
vt 0.021484375 0.0532226562
f 826/2481 825/2482 829/2483 830/2484
vt 0.029296875 0.0532226562
vt 0.021484375 0.0532226562
vt 0.021484375 0.0463867188
vt 0.029296875 0.0463867188
f 831/2485 832/2486 828/2487 827/2488
vt 0.021484375 0.0434570312
vt 0.013671875 0.0434570312
vt 0.013671875 0.0463867188
vt 0.021484375 0.0463867188
f 827/2489 828/2490 825/2491 826/2492
vt 0.04296875 0.0434570312
vt 0.03515625 0.0434570312
vt 0.03515625 0.0463867188
vt 0.04296875 0.0463867188
f 832/2493 831/2494 830/2495 829/2496
o tailModel5
v 194 66 -2
v 207 66 -2
v 187 36 -2
v 152 36 -5.3654
v 194 66 2
v 207 66 2
v 187 36 2
v 152 36 5.3654
vt 0.0615234375 0.0200195312
vt 0.0478515625 0.0200195312
vt 0.0478515625 0.0346679688
vt 0.0615234375 0.0346679688
f 839/2497 835/2498 834/2499 838/2500
vt 0.013671875 0.0200195312
vt 0 0.0200195312
vt 0 0.0346679688
vt 0.013671875 0.0346679688
f 836/2501 840/2502 837/2503 833/2504
vt 0.0478515625 0.0346679688
vt 0.013671875 0.0346679688
vt 0.013671875 0.0415039062
vt 0.0478515625 0.0415039062
f 834/2505 833/2506 837/2507 838/2508
vt 0.08203125 0.0415039062
vt 0.0478515625 0.0415039062
vt 0.0478515625 0.0346679688
vt 0.08203125 0.0346679688
f 839/2509 840/2510 836/2511 835/2512
vt 0.0478515625 0.0200195312
vt 0.013671875 0.0200195312
vt 0.013671875 0.0346679688
vt 0.0478515625 0.0346679688
f 835/2513 836/2514 833/2515 834/2516
vt 0.095703125 0.0200195312
vt 0.0615234375 0.0200195312
vt 0.0615234375 0.0346679688
vt 0.095703125 0.0346679688
f 840/2517 839/2518 838/2519 837/2520
o tailModel6
v 152 32 -33
v 166 32 -33
v 166 30.10896 -32.34886
v 152 30.10896 -32.34886
v 152 53.4875 29.40423
v 166 53.4875 29.40423
v 166 51.59646 30.05536
v 152 51.59646 30.05536
vt 0.337890625 0.966796875
vt 0.2734375 0.966796875
vt 0.2734375 0.967773438
vt 0.337890625 0.967773438
f 847/2521 843/2522 842/2523 846/2524
vt 0.259765625 0.966796875
vt 0.1953125 0.966796875
vt 0.1953125 0.967773438
vt 0.259765625 0.967773438
f 844/2525 848/2526 845/2527 841/2528
vt 0.2734375 0.967773438
vt 0.259765625 0.967773438
vt 0.259765625 1
vt 0.2734375 1
f 842/2529 841/2530 845/2531 846/2532
vt 0.287109375 1
vt 0.2734375 1
vt 0.2734375 0.967773438
vt 0.287109375 0.967773438
f 847/2533 848/2534 844/2535 843/2536
vt 0.2734375 0.966796875
vt 0.259765625 0.966796875
vt 0.259765625 0.967773438
vt 0.2734375 0.967773438
f 843/2537 844/2538 841/2539 842/2540
vt 0.3515625 0.966796875
vt 0.337890625 0.966796875
vt 0.337890625 0.967773438
vt 0.3515625 0.967773438
f 848/2541 847/2542 846/2543 845/2544
o tailModel7
v 166 44.5 -35
v 177 44.5 -35
v 166 30.5 -35
v 150 30.5 -35
v 166 44.5 -33
v 177 44.5 -33
v 166 30.5 -33
v 150 30.5 -33
vt 0.21484375 0.95703125
vt 0.212890625 0.95703125
vt 0.212890625 0.963867188
vt 0.21484375 0.963867188
f 855/2545 851/2546 850/2547 854/2548
vt 0.197265625 0.95703125
vt 0.1953125 0.95703125
vt 0.1953125 0.963867188
vt 0.197265625 0.963867188
f 852/2549 856/2550 853/2551 849/2552
vt 0.212890625 0.963867188
vt 0.197265625 0.963867188
vt 0.197265625 0.96484375
vt 0.212890625 0.96484375
f 850/2553 849/2554 853/2555 854/2556
vt 0.228515625 0.96484375
vt 0.212890625 0.96484375
vt 0.212890625 0.963867188
vt 0.228515625 0.963867188
f 855/2557 856/2558 852/2559 851/2560
vt 0.212890625 0.95703125
vt 0.197265625 0.95703125
vt 0.197265625 0.963867188
vt 0.212890625 0.963867188
f 851/2561 852/2562 849/2563 850/2564
vt 0.23046875 0.95703125
vt 0.21484375 0.95703125
vt 0.21484375 0.963867188
vt 0.23046875 0.963867188
f 856/2565 855/2566 854/2567 853/2568
o tailModel8
v 150 30.5 -35
v 166 30.5 -35
v 160 22.5 -35
v 153 22.5 -35
v 150 30.5 -33
v 166 30.5 -33
v 160 22.5 -33
v 153 22.5 -33
vt 0.21484375 0.948730469
vt 0.212890625 0.948730469
vt 0.212890625 0.952636719
vt 0.21484375 0.952636719
f 863/2569 859/2570 858/2571 862/2572
vt 0.197265625 0.948730469
vt 0.1953125 0.948730469
vt 0.1953125 0.952636719
vt 0.197265625 0.952636719
f 860/2573 864/2574 861/2575 857/2576
vt 0.212890625 0.952636719
vt 0.197265625 0.952636719
vt 0.197265625 0.953613281
vt 0.212890625 0.953613281
f 858/2577 857/2578 861/2579 862/2580
vt 0.228515625 0.953613281
vt 0.212890625 0.953613281
vt 0.212890625 0.952636719
vt 0.228515625 0.952636719
f 863/2581 864/2582 860/2583 859/2584
vt 0.212890625 0.948730469
vt 0.197265625 0.948730469
vt 0.197265625 0.952636719
vt 0.212890625 0.952636719
f 859/2585 860/2586 857/2587 858/2588
vt 0.23046875 0.948730469
vt 0.21484375 0.948730469
vt 0.21484375 0.952636719
vt 0.23046875 0.952636719
f 864/2589 863/2590 862/2591 861/2592
o tailModel9
v 190 61 2
v 198 61 2
v 198 55 2
v 190 55 2
v 190 61 4
v 198 61 4
v 198 55 4
v 190 55 4
vt 0.20703125 0.942382812
vt 0.205078125 0.942382812
vt 0.205078125 0.9453125
vt 0.20703125 0.9453125
f 871/2593 867/2594 866/2595 870/2596
vt 0.197265625 0.942382812
vt 0.1953125 0.942382812
vt 0.1953125 0.9453125
vt 0.197265625 0.9453125
f 868/2597 872/2598 869/2599 865/2600
vt 0.205078125 0.9453125
vt 0.197265625 0.9453125
vt 0.197265625 0.946289062
vt 0.205078125 0.946289062
f 866/2601 865/2602 869/2603 870/2604
vt 0.212890625 0.946289062
vt 0.205078125 0.946289062
vt 0.205078125 0.9453125
vt 0.212890625 0.9453125
f 871/2605 872/2606 868/2607 867/2608
vt 0.205078125 0.942382812
vt 0.197265625 0.942382812
vt 0.197265625 0.9453125
vt 0.205078125 0.9453125
f 867/2609 868/2610 865/2611 866/2612
vt 0.21484375 0.942382812
vt 0.20703125 0.942382812
vt 0.20703125 0.9453125
vt 0.21484375 0.9453125
f 872/2613 871/2614 870/2615 869/2616
o tailModel10
v 188 59 2
v 190 61 2
v 190 55 2
v 188 57 2
v 188 59 4
v 190 61 4
v 190 55 4
v 188 57 4
vt 0.201171875 0.935058594
vt 0.19921875 0.935058594
vt 0.19921875 0.937988281
vt 0.201171875 0.937988281
f 879/2617 875/2618 874/2619 878/2620
vt 0.197265625 0.935058594
vt 0.1953125 0.935058594
vt 0.1953125 0.937988281
vt 0.197265625 0.937988281
f 876/2621 880/2622 877/2623 873/2624
vt 0.19921875 0.937988281
vt 0.197265625 0.937988281
vt 0.197265625 0.938964844
vt 0.19921875 0.938964844
f 874/2625 873/2626 877/2627 878/2628
vt 0.201171875 0.938964844
vt 0.19921875 0.938964844
vt 0.19921875 0.937988281
vt 0.201171875 0.937988281
f 879/2629 880/2630 876/2631 875/2632
vt 0.19921875 0.935058594
vt 0.197265625 0.935058594
vt 0.197265625 0.937988281
vt 0.19921875 0.937988281
f 875/2633 876/2634 873/2635 874/2636
vt 0.203125 0.935058594
vt 0.201171875 0.935058594
vt 0.201171875 0.937988281
vt 0.203125 0.937988281
f 880/2637 879/2638 878/2639 877/2640
o tailModel11
v 198 61 2
v 200 59 2
v 200 57 2
v 198 55 2
v 198 61 4
v 200 59 4
v 200 57 4
v 198 55 4
vt 0.201171875 0.935058594
vt 0.19921875 0.935058594
vt 0.19921875 0.937988281
vt 0.201171875 0.937988281
f 887/2641 883/2642 882/2643 886/2644
vt 0.197265625 0.935058594
vt 0.1953125 0.935058594
vt 0.1953125 0.937988281
vt 0.197265625 0.937988281
f 884/2645 888/2646 885/2647 881/2648
vt 0.19921875 0.937988281
vt 0.197265625 0.937988281
vt 0.197265625 0.938964844
vt 0.19921875 0.938964844
f 882/2649 881/2650 885/2651 886/2652
vt 0.201171875 0.938964844
vt 0.19921875 0.938964844
vt 0.19921875 0.937988281
vt 0.201171875 0.937988281
f 887/2653 888/2654 884/2655 883/2656
vt 0.19921875 0.935058594
vt 0.197265625 0.935058594
vt 0.197265625 0.937988281
vt 0.19921875 0.937988281
f 883/2657 884/2658 881/2659 882/2660
vt 0.203125 0.935058594
vt 0.201171875 0.935058594
vt 0.201171875 0.937988281
vt 0.203125 0.937988281
f 888/2661 887/2662 886/2663 885/2664
o leftWingModel0
v -11 31 -32
v 5 31 -32
v 5 27 -32
v -11 27 -32
v -16 31 -12
v 5 31 -12
v 5 27 -12
v -16 27 -12
vt 0.254882812 0.919921875
vt 0.235351562 0.919921875
vt 0.235351562 0.921875
vt 0.254882812 0.921875
f 895/2665 891/2666 890/2667 894/2668
vt 0.21484375 0.919921875
vt 0.1953125 0.919921875
vt 0.1953125 0.921875
vt 0.21484375 0.921875
f 892/2669 896/2670 893/2671 889/2672
vt 0.235351562 0.921875
vt 0.21484375 0.921875
vt 0.21484375 0.931640625
vt 0.235351562 0.931640625
f 890/2673 889/2674 893/2675 894/2676
vt 0.255859375 0.931640625
vt 0.235351562 0.931640625
vt 0.235351562 0.921875
vt 0.255859375 0.921875
f 895/2677 896/2678 892/2679 891/2680
vt 0.235351562 0.919921875
vt 0.21484375 0.919921875
vt 0.21484375 0.921875
vt 0.235351562 0.921875
f 891/2681 892/2682 889/2683 890/2684
vt 0.275390625 0.919921875
vt 0.254882812 0.919921875
vt 0.254882812 0.921875
vt 0.275390625 0.921875
f 896/2685 895/2686 894/2687 893/2688
o leftWingModel1
v -6 26 -45
v 5 26 -45
v 5 24 -45
v -6 24 -45
v -11 31 -32
v 5 31 -32
v 5 27 -32
v -11 27 -32
vt 0.236328125 0.908691406
vt 0.223632812 0.908691406
vt 0.223632812 0.910644531
vt 0.236328125 0.910644531
f 903/2689 899/2690 898/2691 902/2692
vt 0.208007812 0.908691406
vt 0.1953125 0.908691406
vt 0.1953125 0.910644531
vt 0.208007812 0.910644531
f 900/2693 904/2694 901/2695 897/2696
vt 0.223632812 0.910644531
vt 0.208007812 0.910644531
vt 0.208007812 0.916992188
vt 0.223632812 0.916992188
f 898/2697 897/2698 901/2699 902/2700
vt 0.239257812 0.916992188
vt 0.223632812 0.916992188
vt 0.223632812 0.910644531
vt 0.239257812 0.910644531
f 903/2701 904/2702 900/2703 899/2704
vt 0.223632812 0.908691406
vt 0.208007812 0.908691406
vt 0.208007812 0.910644531
vt 0.223632812 0.910644531
f 899/2705 900/2706 897/2707 898/2708
vt 0.251953125 0.908691406
vt 0.236328125 0.908691406
vt 0.236328125 0.910644531
vt 0.251953125 0.910644531
f 904/2709 903/2710 902/2711 901/2712
o leftWingModel2
v -5 25 -44
v 4 25 -44
v 4 21 -44
v -5 21 -44
v -5 25 -42
v 4 25 -42
v 4 21 -42
v -5 21 -42
vt 0.208007812 0.903808594
vt 0.206054688 0.903808594
vt 0.206054688 0.905761719
vt 0.208007812 0.905761719
f 911/2713 907/2714 906/2715 910/2716
vt 0.197265625 0.903808594
vt 0.1953125 0.903808594
vt 0.1953125 0.905761719
vt 0.197265625 0.905761719
f 908/2717 912/2718 909/2719 905/2720
vt 0.206054688 0.905761719
vt 0.197265625 0.905761719
vt 0.197265625 0.906738281
vt 0.206054688 0.906738281
f 906/2721 905/2722 909/2723 910/2724
vt 0.21484375 0.906738281
vt 0.206054688 0.906738281
vt 0.206054688 0.905761719
vt 0.21484375 0.905761719
f 911/2725 912/2726 908/2727 907/2728
vt 0.206054688 0.903808594
vt 0.197265625 0.903808594
vt 0.197265625 0.905761719
vt 0.206054688 0.905761719
f 907/2729 908/2730 905/2731 906/2732
vt 0.216796875 0.903808594
vt 0.208007812 0.903808594
vt 0.208007812 0.905761719
vt 0.216796875 0.905761719
f 912/2733 911/2734 910/2735 909/2736
o leftWingModel3
v -16 21 -46
v 17 21 -46
v 17 18 -46
v -16 18 -46
v -16 21 -40
v 17 21 -40
v 17 18 -40
v -16 18 -40
vt 0.239257812 0.897949219
vt 0.233398438 0.897949219
vt 0.233398438 0.899414062
vt 0.239257812 0.899414062
f 919/2737 915/2738 914/2739 918/2740
vt 0.201171875 0.897949219
vt 0.1953125 0.897949219
vt 0.1953125 0.899414062
vt 0.201171875 0.899414062
f 916/2741 920/2742 917/2743 913/2744
vt 0.233398438 0.899414062
vt 0.201171875 0.899414062
vt 0.201171875 0.90234375
vt 0.233398438 0.90234375
f 914/2745 913/2746 917/2747 918/2748
vt 0.265625 0.90234375
vt 0.233398438 0.90234375
vt 0.233398438 0.899414062
vt 0.265625 0.899414062
f 919/2749 920/2750 916/2751 915/2752
vt 0.233398438 0.897949219
vt 0.201171875 0.897949219
vt 0.201171875 0.899414062
vt 0.233398438 0.899414062
f 915/2753 916/2754 913/2755 914/2756
vt 0.271484375 0.897949219
vt 0.239257812 0.897949219
vt 0.239257812 0.899414062
vt 0.271484375 0.899414062
f 920/2757 919/2758 918/2759 917/2760
o leftWingModel4
v -20 20.5 -45.5
v 21 20.5 -45.5
v 21 18.5 -45.5
v -20 18.5 -45.5
v -20 20.5 -43.5
v 21 20.5 -43.5
v 21 18.5 -43.5
v -20 18.5 -43.5
vt 0.239257812 0.895507812
vt 0.237304688 0.895507812
vt 0.237304688 0.896484375
vt 0.239257812 0.896484375
f 927/2761 923/2762 922/2763 926/2764
vt 0.197265625 0.895507812
vt 0.1953125 0.895507812
vt 0.1953125 0.896484375
vt 0.197265625 0.896484375
f 924/2765 928/2766 925/2767 921/2768
vt 0.237304688 0.896484375
vt 0.197265625 0.896484375
vt 0.197265625 0.897460938
vt 0.237304688 0.897460938
f 922/2769 921/2770 925/2771 926/2772
vt 0.27734375 0.897460938
vt 0.237304688 0.897460938
vt 0.237304688 0.896484375
vt 0.27734375 0.896484375
f 927/2773 928/2774 924/2775 923/2776
vt 0.237304688 0.895507812
vt 0.197265625 0.895507812
vt 0.197265625 0.896484375
vt 0.237304688 0.896484375
f 923/2777 924/2778 921/2779 922/2780
vt 0.279296875 0.895507812
vt 0.239257812 0.895507812
vt 0.239257812 0.896484375
vt 0.279296875 0.896484375
f 928/2781 927/2782 926/2783 925/2784
o leftWingModel5
v -20 20.5 -42.5
v 21 20.5 -42.5
v 21 18.5 -42.5
v -20 18.5 -42.5
v -20 20.5 -40.5
v 21 20.5 -40.5
v 21 18.5 -40.5
v -20 18.5 -40.5
vt 0.239257812 0.895507812
vt 0.237304688 0.895507812
vt 0.237304688 0.896484375
vt 0.239257812 0.896484375
f 935/2785 931/2786 930/2787 934/2788
vt 0.197265625 0.895507812
vt 0.1953125 0.895507812
vt 0.1953125 0.896484375
vt 0.197265625 0.896484375
f 932/2789 936/2790 933/2791 929/2792
vt 0.237304688 0.896484375
vt 0.197265625 0.896484375
vt 0.197265625 0.897460938
vt 0.237304688 0.897460938
f 930/2793 929/2794 933/2795 934/2796
vt 0.27734375 0.897460938
vt 0.237304688 0.897460938
vt 0.237304688 0.896484375
vt 0.27734375 0.896484375
f 935/2797 936/2798 932/2799 931/2800
vt 0.237304688 0.895507812
vt 0.197265625 0.895507812
vt 0.197265625 0.896484375
vt 0.237304688 0.896484375
f 931/2801 932/2802 929/2803 930/2804
vt 0.279296875 0.895507812
vt 0.239257812 0.895507812
vt 0.239257812 0.896484375
vt 0.279296875 0.896484375
f 936/2805 935/2806 934/2807 933/2808
o leftWingModel6
v -5 28 -32
v 4 28 -32
v 4 24 -32
v -5 24 -32
v -5 28 -30
v 4 28 -30
v 4 24 -30
v -5 24 -30
vt 0.208007812 0.903808594
vt 0.206054688 0.903808594
vt 0.206054688 0.905761719
vt 0.208007812 0.905761719
f 943/2809 939/2810 938/2811 942/2812
vt 0.197265625 0.903808594
vt 0.1953125 0.903808594
vt 0.1953125 0.905761719
vt 0.197265625 0.905761719
f 940/2813 944/2814 941/2815 937/2816
vt 0.206054688 0.905761719
vt 0.197265625 0.905761719
vt 0.197265625 0.906738281
vt 0.206054688 0.906738281
f 938/2817 937/2818 941/2819 942/2820
vt 0.21484375 0.906738281
vt 0.206054688 0.906738281
vt 0.206054688 0.905761719
vt 0.21484375 0.905761719
f 943/2821 944/2822 940/2823 939/2824
vt 0.206054688 0.903808594
vt 0.197265625 0.903808594
vt 0.197265625 0.905761719
vt 0.206054688 0.905761719
f 939/2825 940/2826 937/2827 938/2828
vt 0.216796875 0.903808594
vt 0.208007812 0.903808594
vt 0.208007812 0.905761719
vt 0.216796875 0.905761719
f 944/2829 943/2830 942/2831 941/2832
o leftWingModel7
v -16 24 -33
v 13 24 -33
v 13 22 -35
v -17 22 -35
v -16 24 -29
v 13 24 -29
v 13 22 -27
v -17 22 -27
vt 0.240234375 0.887695312
vt 0.232421875 0.887695312
vt 0.232421875 0.888671875
vt 0.240234375 0.888671875
f 951/2833 947/2834 946/2835 950/2836
vt 0.203125 0.887695312
vt 0.1953125 0.887695312
vt 0.1953125 0.888671875
vt 0.203125 0.888671875
f 948/2837 952/2838 949/2839 945/2840
vt 0.232421875 0.888671875
vt 0.203125 0.888671875
vt 0.203125 0.892578125
vt 0.232421875 0.892578125
f 946/2841 945/2842 949/2843 950/2844
vt 0.26171875 0.892578125
vt 0.232421875 0.892578125
vt 0.232421875 0.888671875
vt 0.26171875 0.888671875
f 951/2845 952/2846 948/2847 947/2848
vt 0.232421875 0.887695312
vt 0.203125 0.887695312
vt 0.203125 0.888671875
vt 0.232421875 0.888671875
f 947/2849 948/2850 945/2851 946/2852
vt 0.26953125 0.887695312
vt 0.240234375 0.887695312
vt 0.240234375 0.888671875
vt 0.26953125 0.888671875
f 952/2853 951/2854 950/2855 949/2856
o leftWingModel8
v -17 22 -35
v 13 22 -35
v 13 18 -35
v -19 18 -35
v -17 22 -27
v 13 22 -27
v 13 18 -27
v -19 18 -27
vt 0.240234375 0.879394531
vt 0.232421875 0.879394531
vt 0.232421875 0.881347656
vt 0.240234375 0.881347656
f 959/2857 955/2858 954/2859 958/2860
vt 0.203125 0.879394531
vt 0.1953125 0.879394531
vt 0.1953125 0.881347656
vt 0.203125 0.881347656
f 956/2861 960/2862 957/2863 953/2864
vt 0.232421875 0.881347656
vt 0.203125 0.881347656
vt 0.203125 0.885253906
vt 0.232421875 0.885253906
f 954/2865 953/2866 957/2867 958/2868
vt 0.26171875 0.885253906
vt 0.232421875 0.885253906
vt 0.232421875 0.881347656
vt 0.26171875 0.881347656
f 959/2869 960/2870 956/2871 955/2872
vt 0.232421875 0.879394531
vt 0.203125 0.879394531
vt 0.203125 0.881347656
vt 0.232421875 0.881347656
f 955/2873 956/2874 953/2875 954/2876
vt 0.26953125 0.879394531
vt 0.240234375 0.879394531
vt 0.240234375 0.881347656
vt 0.26953125 0.881347656
f 960/2877 959/2878 958/2879 957/2880
o leftWingModel9
v -19 18 -35
v 13 18 -35
v 13 16 -33
v -20 16 -33
v -19 18 -27
v 13 18 -27
v 13 16 -29
v -20 16 -29
vt 0.2421875 0.872070312
vt 0.234375 0.872070312
vt 0.234375 0.873046875
vt 0.2421875 0.873046875
f 967/2881 963/2882 962/2883 966/2884
vt 0.203125 0.872070312
vt 0.1953125 0.872070312
vt 0.1953125 0.873046875
vt 0.203125 0.873046875
f 964/2885 968/2886 965/2887 961/2888
vt 0.234375 0.873046875
vt 0.203125 0.873046875
vt 0.203125 0.876953125
vt 0.234375 0.876953125
f 962/2889 961/2890 965/2891 966/2892
vt 0.265625 0.876953125
vt 0.234375 0.876953125
vt 0.234375 0.873046875
vt 0.265625 0.873046875
f 967/2893 968/2894 964/2895 963/2896
vt 0.234375 0.872070312
vt 0.203125 0.872070312
vt 0.203125 0.873046875
vt 0.234375 0.873046875
f 963/2897 964/2898 961/2899 962/2900
vt 0.2734375 0.872070312
vt 0.2421875 0.872070312
vt 0.2421875 0.873046875
vt 0.2734375 0.873046875
f 968/2901 967/2902 966/2903 965/2904
o leftWingModel10
v -23 22 -32
v -17 22 -32
v -17 20 -32
v -23 20 -32
v -23 22 -30
v -17 22 -30
v -17 20 -30
v -23 20 -30
vt 0.205078125 0.866210938
vt 0.203125 0.866210938
vt 0.203125 0.8671875
vt 0.205078125 0.8671875
f 975/2905 971/2906 970/2907 974/2908
vt 0.197265625 0.866210938
vt 0.1953125 0.866210938
vt 0.1953125 0.8671875
vt 0.197265625 0.8671875
f 972/2909 976/2910 973/2911 969/2912
vt 0.203125 0.8671875
vt 0.197265625 0.8671875
vt 0.197265625 0.868164062
vt 0.203125 0.868164062
f 970/2913 969/2914 973/2915 974/2916
vt 0.208984375 0.868164062
vt 0.203125 0.868164062
vt 0.203125 0.8671875
vt 0.208984375 0.8671875
f 975/2917 976/2918 972/2919 971/2920
vt 0.203125 0.866210938
vt 0.197265625 0.866210938
vt 0.197265625 0.8671875
vt 0.203125 0.8671875
f 971/2921 972/2922 969/2923 970/2924
vt 0.2109375 0.866210938
vt 0.205078125 0.866210938
vt 0.205078125 0.8671875
vt 0.2109375 0.8671875
f 976/2925 975/2926 974/2927 973/2928
o leftWingModel11
v -27 22.2 -32.2
v -23 22.2 -32.2
v -23 19.8 -32.2
v -27 19.8 -32.2
v -27 22.2 -29.8
v -23 22.2 -29.8
v -23 19.8 -29.8
v -27 19.8 -29.8
vt 0.203125 0.861328125
vt 0.201171875 0.861328125
vt 0.201171875 0.862304688
vt 0.203125 0.862304688
f 983/2929 979/2930 978/2931 982/2932
vt 0.197265625 0.861328125
vt 0.1953125 0.861328125
vt 0.1953125 0.862304688
vt 0.197265625 0.862304688
f 980/2933 984/2934 981/2935 977/2936
vt 0.201171875 0.862304688
vt 0.197265625 0.862304688
vt 0.197265625 0.86328125
vt 0.201171875 0.86328125
f 978/2937 977/2938 981/2939 982/2940
vt 0.205078125 0.86328125
vt 0.201171875 0.86328125
vt 0.201171875 0.862304688
vt 0.205078125 0.862304688
f 983/2941 984/2942 980/2943 979/2944
vt 0.201171875 0.861328125
vt 0.197265625 0.861328125
vt 0.197265625 0.862304688
vt 0.201171875 0.862304688
f 979/2945 980/2946 977/2947 978/2948
vt 0.20703125 0.861328125
vt 0.203125 0.861328125
vt 0.203125 0.862304688
vt 0.20703125 0.862304688
f 984/2949 983/2950 982/2951 981/2952
o rightWingModel0
v -16 31 12
v 5 31 12
v 5 27 12
v -16 27 12
v -11 31 32
v 5 31 32
v 5 27 32
v -11 27 32
vt 0.254882812 0.919921875
vt 0.235351562 0.919921875
vt 0.235351562 0.921875
vt 0.254882812 0.921875
f 991/2953 987/2954 986/2955 990/2956
vt 0.21484375 0.919921875
vt 0.1953125 0.919921875
vt 0.1953125 0.921875
vt 0.21484375 0.921875
f 988/2957 992/2958 989/2959 985/2960
vt 0.235351562 0.921875
vt 0.21484375 0.921875
vt 0.21484375 0.931640625
vt 0.235351562 0.931640625
f 986/2961 985/2962 989/2963 990/2964
vt 0.255859375 0.931640625
vt 0.235351562 0.931640625
vt 0.235351562 0.921875
vt 0.255859375 0.921875
f 991/2965 992/2966 988/2967 987/2968
vt 0.235351562 0.919921875
vt 0.21484375 0.919921875
vt 0.21484375 0.921875
vt 0.235351562 0.921875
f 987/2969 988/2970 985/2971 986/2972
vt 0.275390625 0.919921875
vt 0.254882812 0.919921875
vt 0.254882812 0.921875
vt 0.275390625 0.921875
f 992/2973 991/2974 990/2975 989/2976
o rightWingModel1
v -11 31 32
v 5 31 32
v 5 27 32
v -11 27 32
v -6 26 45
v 5 26 45
v 5 24 45
v -6 24 45
vt 0.236328125 0.908691406
vt 0.223632812 0.908691406
vt 0.223632812 0.910644531
vt 0.236328125 0.910644531
f 999/2977 995/2978 994/2979 998/2980
vt 0.208007812 0.908691406
vt 0.1953125 0.908691406
vt 0.1953125 0.910644531
vt 0.208007812 0.910644531
f 996/2981 1000/2982 997/2983 993/2984
vt 0.223632812 0.910644531
vt 0.208007812 0.910644531
vt 0.208007812 0.916992188
vt 0.223632812 0.916992188
f 994/2985 993/2986 997/2987 998/2988
vt 0.239257812 0.916992188
vt 0.223632812 0.916992188
vt 0.223632812 0.910644531
vt 0.239257812 0.910644531
f 999/2989 1000/2990 996/2991 995/2992
vt 0.223632812 0.908691406
vt 0.208007812 0.908691406
vt 0.208007812 0.910644531
vt 0.223632812 0.910644531
f 995/2993 996/2994 993/2995 994/2996
vt 0.251953125 0.908691406
vt 0.236328125 0.908691406
vt 0.236328125 0.910644531
vt 0.251953125 0.910644531
f 1000/2997 999/2998 998/2999 997/3000
o rightWingModel2
v -5 28 30
v 4 28 30
v 4 24 30
v -5 24 30
v -5 28 32
v 4 28 32
v 4 24 32
v -5 24 32
vt 0.208007812 0.903808594
vt 0.206054688 0.903808594
vt 0.206054688 0.905761719
vt 0.208007812 0.905761719
f 1007/3001 1003/3002 1002/3003 1006/3004
vt 0.197265625 0.903808594
vt 0.1953125 0.903808594
vt 0.1953125 0.905761719
vt 0.197265625 0.905761719
f 1004/3005 1008/3006 1005/3007 1001/3008
vt 0.206054688 0.905761719
vt 0.197265625 0.905761719
vt 0.197265625 0.906738281
vt 0.206054688 0.906738281
f 1002/3009 1001/3010 1005/3011 1006/3012
vt 0.21484375 0.906738281
vt 0.206054688 0.906738281
vt 0.206054688 0.905761719
vt 0.21484375 0.905761719
f 1007/3013 1008/3014 1004/3015 1003/3016
vt 0.206054688 0.903808594
vt 0.197265625 0.903808594
vt 0.197265625 0.905761719
vt 0.206054688 0.905761719
f 1003/3017 1004/3018 1001/3019 1002/3020
vt 0.216796875 0.903808594
vt 0.208007812 0.903808594
vt 0.208007812 0.905761719
vt 0.216796875 0.905761719
f 1008/3021 1007/3022 1006/3023 1005/3024
o rightWingModel3
v -5 25 42
v 4 25 42
v 4 21 42
v -5 21 42
v -5 25 44
v 4 25 44
v 4 21 44
v -5 21 44
vt 0.208007812 0.903808594
vt 0.206054688 0.903808594
vt 0.206054688 0.905761719
vt 0.208007812 0.905761719
f 1015/3025 1011/3026 1010/3027 1014/3028
vt 0.197265625 0.903808594
vt 0.1953125 0.903808594
vt 0.1953125 0.905761719
vt 0.197265625 0.905761719
f 1012/3029 1016/3030 1013/3031 1009/3032
vt 0.206054688 0.905761719
vt 0.197265625 0.905761719
vt 0.197265625 0.906738281
vt 0.206054688 0.906738281
f 1010/3033 1009/3034 1013/3035 1014/3036
vt 0.21484375 0.906738281
vt 0.206054688 0.906738281
vt 0.206054688 0.905761719
vt 0.21484375 0.905761719
f 1015/3037 1016/3038 1012/3039 1011/3040
vt 0.206054688 0.903808594
vt 0.197265625 0.903808594
vt 0.197265625 0.905761719
vt 0.206054688 0.905761719
f 1011/3041 1012/3042 1009/3043 1010/3044
vt 0.216796875 0.903808594
vt 0.208007812 0.903808594
vt 0.208007812 0.905761719
vt 0.216796875 0.905761719
f 1016/3045 1015/3046 1014/3047 1013/3048
o rightWingModel4
v -16 21 40
v 17 21 40
v 17 18 40
v -16 18 40
v -16 21 46
v 17 21 46
v 17 18 46
v -16 18 46
vt 0.239257812 0.897949219
vt 0.233398438 0.897949219
vt 0.233398438 0.899414062
vt 0.239257812 0.899414062
f 1023/3049 1019/3050 1018/3051 1022/3052
vt 0.201171875 0.897949219
vt 0.1953125 0.897949219
vt 0.1953125 0.899414062
vt 0.201171875 0.899414062
f 1020/3053 1024/3054 1021/3055 1017/3056
vt 0.233398438 0.899414062
vt 0.201171875 0.899414062
vt 0.201171875 0.90234375
vt 0.233398438 0.90234375
f 1018/3057 1017/3058 1021/3059 1022/3060
vt 0.265625 0.90234375
vt 0.233398438 0.90234375
vt 0.233398438 0.899414062
vt 0.265625 0.899414062
f 1023/3061 1024/3062 1020/3063 1019/3064
vt 0.233398438 0.897949219
vt 0.201171875 0.897949219
vt 0.201171875 0.899414062
vt 0.233398438 0.899414062
f 1019/3065 1020/3066 1017/3067 1018/3068
vt 0.271484375 0.897949219
vt 0.239257812 0.897949219
vt 0.239257812 0.899414062
vt 0.271484375 0.899414062
f 1024/3069 1023/3070 1022/3071 1021/3072
o rightWingModel5
v -20 20.5 43.5
v 21 20.5 43.5
v 21 18.5 43.5
v -20 18.5 43.5
v -20 20.5 45.5
v 21 20.5 45.5
v 21 18.5 45.5
v -20 18.5 45.5
vt 0.239257812 0.895507812
vt 0.237304688 0.895507812
vt 0.237304688 0.896484375
vt 0.239257812 0.896484375
f 1031/3073 1027/3074 1026/3075 1030/3076
vt 0.197265625 0.895507812
vt 0.1953125 0.895507812
vt 0.1953125 0.896484375
vt 0.197265625 0.896484375
f 1028/3077 1032/3078 1029/3079 1025/3080
vt 0.237304688 0.896484375
vt 0.197265625 0.896484375
vt 0.197265625 0.897460938
vt 0.237304688 0.897460938
f 1026/3081 1025/3082 1029/3083 1030/3084
vt 0.27734375 0.897460938
vt 0.237304688 0.897460938
vt 0.237304688 0.896484375
vt 0.27734375 0.896484375
f 1031/3085 1032/3086 1028/3087 1027/3088
vt 0.237304688 0.895507812
vt 0.197265625 0.895507812
vt 0.197265625 0.896484375
vt 0.237304688 0.896484375
f 1027/3089 1028/3090 1025/3091 1026/3092
vt 0.279296875 0.895507812
vt 0.239257812 0.895507812
vt 0.239257812 0.896484375
vt 0.279296875 0.896484375
f 1032/3093 1031/3094 1030/3095 1029/3096
o rightWingModel6
v -20 20.5 40.5
v 21 20.5 40.5
v 21 18.5 40.5
v -20 18.5 40.5
v -20 20.5 42.5
v 21 20.5 42.5
v 21 18.5 42.5
v -20 18.5 42.5
vt 0.239257812 0.895507812
vt 0.237304688 0.895507812
vt 0.237304688 0.896484375
vt 0.239257812 0.896484375
f 1039/3097 1035/3098 1034/3099 1038/3100
vt 0.197265625 0.895507812
vt 0.1953125 0.895507812
vt 0.1953125 0.896484375
vt 0.197265625 0.896484375
f 1036/3101 1040/3102 1037/3103 1033/3104
vt 0.237304688 0.896484375
vt 0.197265625 0.896484375
vt 0.197265625 0.897460938
vt 0.237304688 0.897460938
f 1034/3105 1033/3106 1037/3107 1038/3108
vt 0.27734375 0.897460938
vt 0.237304688 0.897460938
vt 0.237304688 0.896484375
vt 0.27734375 0.896484375
f 1039/3109 1040/3110 1036/3111 1035/3112
vt 0.237304688 0.895507812
vt 0.197265625 0.895507812
vt 0.197265625 0.896484375
vt 0.237304688 0.896484375
f 1035/3113 1036/3114 1033/3115 1034/3116
vt 0.279296875 0.895507812
vt 0.239257812 0.895507812
vt 0.239257812 0.896484375
vt 0.279296875 0.896484375
f 1040/3117 1039/3118 1038/3119 1037/3120
o rightWingModel7
v -5 24 29
v 4 24 29
v 4 22 27
v -5 22 27
v -5 24 33
v 4 24 33
v 4 22 35
v -5 22 35
vt 0.219726562 0.853515625
vt 0.211914062 0.853515625
vt 0.211914062 0.854492188
vt 0.219726562 0.854492188
f 1047/3121 1043/3122 1042/3123 1046/3124
vt 0.203125 0.853515625
vt 0.1953125 0.853515625
vt 0.1953125 0.854492188
vt 0.203125 0.854492188
f 1044/3125 1048/3126 1045/3127 1041/3128
vt 0.211914062 0.854492188
vt 0.203125 0.854492188
vt 0.203125 0.858398438
vt 0.211914062 0.858398438
f 1042/3129 1041/3130 1045/3131 1046/3132
vt 0.220703125 0.858398438
vt 0.211914062 0.858398438
vt 0.211914062 0.854492188
vt 0.220703125 0.854492188
f 1047/3133 1048/3134 1044/3135 1043/3136
vt 0.211914062 0.853515625
vt 0.203125 0.853515625
vt 0.203125 0.854492188
vt 0.211914062 0.854492188
f 1043/3137 1044/3138 1041/3139 1042/3140
vt 0.228515625 0.853515625
vt 0.219726562 0.853515625
vt 0.219726562 0.854492188
vt 0.228515625 0.854492188
f 1048/3141 1047/3142 1046/3143 1045/3144
o rightWingModel8
v -14 22 26
v 10 22 26
v 10 19 26
v -14 19 26
v -14 22 29
v 10 22 29
v 10 19 29
v -14 19 29
vt 0.224609375 0.848144531
vt 0.221679688 0.848144531
vt 0.221679688 0.849609375
vt 0.224609375 0.849609375
f 1055/3145 1051/3146 1050/3147 1054/3148
vt 0.198242188 0.848144531
vt 0.1953125 0.848144531
vt 0.1953125 0.849609375
vt 0.198242188 0.849609375
f 1052/3149 1056/3150 1053/3151 1049/3152
vt 0.221679688 0.849609375
vt 0.198242188 0.849609375
vt 0.198242188 0.851074219
vt 0.221679688 0.851074219
f 1050/3153 1049/3154 1053/3155 1054/3156
vt 0.245117188 0.851074219
vt 0.221679688 0.851074219
vt 0.221679688 0.849609375
vt 0.245117188 0.849609375
f 1055/3157 1056/3158 1052/3159 1051/3160
vt 0.221679688 0.848144531
vt 0.198242188 0.848144531
vt 0.198242188 0.849609375
vt 0.221679688 0.849609375
f 1051/3161 1052/3162 1049/3163 1050/3164
vt 0.248046875 0.848144531
vt 0.224609375 0.848144531
vt 0.224609375 0.849609375
vt 0.248046875 0.849609375
f 1056/3165 1055/3166 1054/3167 1053/3168
o rightWingModel9
v -16 22 26
v -15 22 26
v -15 21 26
v -16 21 26
v -16 22 27
v -15 22 27
v -15 21 27
v -16 21 27
vt 0.198242188 0.845703125
vt 0.197265625 0.845703125
vt 0.197265625 0.846191406
vt 0.198242188 0.846191406
f 1063/3169 1059/3170 1058/3171 1062/3172
vt 0.196289062 0.845703125
vt 0.1953125 0.845703125
vt 0.1953125 0.846191406
vt 0.196289062 0.846191406
f 1060/3173 1064/3174 1061/3175 1057/3176
vt 0.197265625 0.846191406
vt 0.196289062 0.846191406
vt 0.196289062 0.846679688
vt 0.197265625 0.846679688
f 1058/3177 1057/3178 1061/3179 1062/3180
vt 0.198242188 0.846679688
vt 0.197265625 0.846679688
vt 0.197265625 0.846191406
vt 0.198242188 0.846191406
f 1063/3181 1064/3182 1060/3183 1059/3184
vt 0.197265625 0.845703125
vt 0.196289062 0.845703125
vt 0.196289062 0.846191406
vt 0.197265625 0.846191406
f 1059/3185 1060/3186 1057/3187 1058/3188
vt 0.19921875 0.845703125
vt 0.198242188 0.845703125
vt 0.198242188 0.846191406
vt 0.19921875 0.846191406
f 1064/3189 1063/3190 1062/3191 1061/3192
o rightWingModel10
v -16 22 33
v -15 22 33
v -15 21 33
v -16 21 33
v -16 22 34
v -15 22 34
v -15 21 34
v -16 21 34
vt 0.198242188 0.845703125
vt 0.197265625 0.845703125
vt 0.197265625 0.846191406
vt 0.198242188 0.846191406
f 1071/3193 1067/3194 1066/3195 1070/3196
vt 0.196289062 0.845703125
vt 0.1953125 0.845703125
vt 0.1953125 0.846191406
vt 0.196289062 0.846191406
f 1068/3197 1072/3198 1069/3199 1065/3200
vt 0.197265625 0.846191406
vt 0.196289062 0.846191406
vt 0.196289062 0.846679688
vt 0.197265625 0.846679688
f 1066/3201 1065/3202 1069/3203 1070/3204
vt 0.198242188 0.846679688
vt 0.197265625 0.846679688
vt 0.197265625 0.846191406
vt 0.198242188 0.846191406
f 1071/3205 1072/3206 1068/3207 1067/3208
vt 0.197265625 0.845703125
vt 0.196289062 0.845703125
vt 0.196289062 0.846191406
vt 0.197265625 0.846191406
f 1067/3209 1068/3210 1065/3211 1066/3212
vt 0.19921875 0.845703125
vt 0.198242188 0.845703125
vt 0.198242188 0.846191406
vt 0.19921875 0.846191406
f 1072/3213 1071/3214 1070/3215 1069/3216
o rightWingModel11
v -14 22 33
v 10 22 33
v 10 19 33
v -14 19 33
v -14 22 36
v 10 22 36
v 10 19 36
v -14 19 36
vt 0.224609375 0.848144531
vt 0.221679688 0.848144531
vt 0.221679688 0.849609375
vt 0.224609375 0.849609375
f 1079/3217 1075/3218 1074/3219 1078/3220
vt 0.198242188 0.848144531
vt 0.1953125 0.848144531
vt 0.1953125 0.849609375
vt 0.198242188 0.849609375
f 1076/3221 1080/3222 1077/3223 1073/3224
vt 0.221679688 0.849609375
vt 0.198242188 0.849609375
vt 0.198242188 0.851074219
vt 0.221679688 0.851074219
f 1074/3225 1073/3226 1077/3227 1078/3228
vt 0.245117188 0.851074219
vt 0.221679688 0.851074219
vt 0.221679688 0.849609375
vt 0.245117188 0.849609375
f 1079/3229 1080/3230 1076/3231 1075/3232
vt 0.221679688 0.848144531
vt 0.198242188 0.848144531
vt 0.198242188 0.849609375
vt 0.221679688 0.849609375
f 1075/3233 1076/3234 1073/3235 1074/3236
vt 0.248046875 0.848144531
vt 0.224609375 0.848144531
vt 0.224609375 0.849609375
vt 0.248046875 0.849609375
f 1080/3237 1079/3238 1078/3239 1077/3240
o rightWingModel12
v -5 19 29
v 4 19 29
v 4 17 27
v -5 17 27
v -5 19 33
v 4 19 33
v 4 17 35
v -5 17 35
vt 0.219726562 0.853515625
vt 0.211914062 0.853515625
vt 0.211914062 0.854492188
vt 0.219726562 0.854492188
f 1087/3241 1083/3242 1082/3243 1086/3244
vt 0.203125 0.853515625
vt 0.1953125 0.853515625
vt 0.1953125 0.854492188
vt 0.203125 0.854492188
f 1084/3245 1088/3246 1085/3247 1081/3248
vt 0.211914062 0.854492188
vt 0.203125 0.854492188
vt 0.203125 0.858398438
vt 0.211914062 0.858398438
f 1082/3249 1081/3250 1085/3251 1086/3252
vt 0.220703125 0.858398438
vt 0.211914062 0.858398438
vt 0.211914062 0.854492188
vt 0.220703125 0.854492188
f 1087/3253 1088/3254 1084/3255 1083/3256
vt 0.211914062 0.853515625
vt 0.203125 0.853515625
vt 0.203125 0.854492188
vt 0.211914062 0.854492188
f 1083/3257 1084/3258 1081/3259 1082/3260
vt 0.228515625 0.853515625
vt 0.219726562 0.853515625
vt 0.219726562 0.854492188
vt 0.228515625 0.854492188
f 1088/3261 1087/3262 1086/3263 1085/3264
o rightWingModel13
v -5 22 30
v 4 22 30
v 4 19 30
v -5 19 30
v -5 22 32
v 4 22 32
v 4 19 32
v -5 19 32
vt 0.208007812 0.904296875
vt 0.206054688 0.904296875
vt 0.206054688 0.905761719
vt 0.208007812 0.905761719
f 1095/3265 1091/3266 1090/3267 1094/3268
vt 0.197265625 0.904296875
vt 0.1953125 0.904296875
vt 0.1953125 0.905761719
vt 0.197265625 0.905761719
f 1092/3269 1096/3270 1093/3271 1089/3272
vt 0.206054688 0.905761719
vt 0.197265625 0.905761719
vt 0.197265625 0.906738281
vt 0.206054688 0.906738281
f 1090/3273 1089/3274 1093/3275 1094/3276
vt 0.21484375 0.906738281
vt 0.206054688 0.906738281
vt 0.206054688 0.905761719
vt 0.21484375 0.905761719
f 1095/3277 1096/3278 1092/3279 1091/3280
vt 0.206054688 0.904296875
vt 0.197265625 0.904296875
vt 0.197265625 0.905761719
vt 0.206054688 0.905761719
f 1091/3281 1092/3282 1089/3283 1090/3284
vt 0.216796875 0.904296875
vt 0.208007812 0.904296875
vt 0.208007812 0.905761719
vt 0.216796875 0.905761719
f 1096/3285 1095/3286 1094/3287 1093/3288
o rightWingModel14
v -14 17 26
v 10 17 26
v 10 14 26
v -14 14 26
v -14 17 29
v 10 17 29
v 10 14 29
v -14 14 29
vt 0.224609375 0.848144531
vt 0.221679688 0.848144531
vt 0.221679688 0.849609375
vt 0.224609375 0.849609375
f 1103/3289 1099/3290 1098/3291 1102/3292
vt 0.198242188 0.848144531
vt 0.1953125 0.848144531
vt 0.1953125 0.849609375
vt 0.198242188 0.849609375
f 1100/3293 1104/3294 1101/3295 1097/3296
vt 0.221679688 0.849609375
vt 0.198242188 0.849609375
vt 0.198242188 0.851074219
vt 0.221679688 0.851074219
f 1098/3297 1097/3298 1101/3299 1102/3300
vt 0.245117188 0.851074219
vt 0.221679688 0.851074219
vt 0.221679688 0.849609375
vt 0.245117188 0.849609375
f 1103/3301 1104/3302 1100/3303 1099/3304
vt 0.221679688 0.848144531
vt 0.198242188 0.848144531
vt 0.198242188 0.849609375
vt 0.221679688 0.849609375
f 1099/3305 1100/3306 1097/3307 1098/3308
vt 0.248046875 0.848144531
vt 0.224609375 0.848144531
vt 0.224609375 0.849609375
vt 0.248046875 0.849609375
f 1104/3309 1103/3310 1102/3311 1101/3312
o rightWingModel15
v -16 17 26
v -15 17 26
v -15 16 26
v -16 16 26
v -16 17 27
v -15 17 27
v -15 16 27
v -16 16 27
vt 0.198242188 0.845703125
vt 0.197265625 0.845703125
vt 0.197265625 0.846191406
vt 0.198242188 0.846191406
f 1111/3313 1107/3314 1106/3315 1110/3316
vt 0.196289062 0.845703125
vt 0.1953125 0.845703125
vt 0.1953125 0.846191406
vt 0.196289062 0.846191406
f 1108/3317 1112/3318 1109/3319 1105/3320
vt 0.197265625 0.846191406
vt 0.196289062 0.846191406
vt 0.196289062 0.846679688
vt 0.197265625 0.846679688
f 1106/3321 1105/3322 1109/3323 1110/3324
vt 0.198242188 0.846679688
vt 0.197265625 0.846679688
vt 0.197265625 0.846191406
vt 0.198242188 0.846191406
f 1111/3325 1112/3326 1108/3327 1107/3328
vt 0.197265625 0.845703125
vt 0.196289062 0.845703125
vt 0.196289062 0.846191406
vt 0.197265625 0.846191406
f 1107/3329 1108/3330 1105/3331 1106/3332
vt 0.19921875 0.845703125
vt 0.198242188 0.845703125
vt 0.198242188 0.846191406
vt 0.19921875 0.846191406
f 1112/3333 1111/3334 1110/3335 1109/3336
o rightWingModel16
v -14 17 33
v 10 17 33
v 10 14 33
v -14 14 33
v -14 17 36
v 10 17 36
v 10 14 36
v -14 14 36
vt 0.224609375 0.848144531
vt 0.221679688 0.848144531
vt 0.221679688 0.849609375
vt 0.224609375 0.849609375
f 1119/3337 1115/3338 1114/3339 1118/3340
vt 0.198242188 0.848144531
vt 0.1953125 0.848144531
vt 0.1953125 0.849609375
vt 0.198242188 0.849609375
f 1116/3341 1120/3342 1117/3343 1113/3344
vt 0.221679688 0.849609375
vt 0.198242188 0.849609375
vt 0.198242188 0.851074219
vt 0.221679688 0.851074219
f 1114/3345 1113/3346 1117/3347 1118/3348
vt 0.245117188 0.851074219
vt 0.221679688 0.851074219
vt 0.221679688 0.849609375
vt 0.245117188 0.849609375
f 1119/3349 1120/3350 1116/3351 1115/3352
vt 0.221679688 0.848144531
vt 0.198242188 0.848144531
vt 0.198242188 0.849609375
vt 0.221679688 0.849609375
f 1115/3353 1116/3354 1113/3355 1114/3356
vt 0.248046875 0.848144531
vt 0.224609375 0.848144531
vt 0.224609375 0.849609375
vt 0.248046875 0.849609375
f 1120/3357 1119/3358 1118/3359 1117/3360
o rightWingModel17
v -16 17 33
v -15 17 33
v -15 16 33
v -16 16 33
v -16 17 34
v -15 17 34
v -15 16 34
v -16 16 34
vt 0.198242188 0.845703125
vt 0.197265625 0.845703125
vt 0.197265625 0.846191406
vt 0.198242188 0.846191406
f 1127/3361 1123/3362 1122/3363 1126/3364
vt 0.196289062 0.845703125
vt 0.1953125 0.845703125
vt 0.1953125 0.846191406
vt 0.196289062 0.846191406
f 1124/3365 1128/3366 1125/3367 1121/3368
vt 0.197265625 0.846191406
vt 0.196289062 0.846191406
vt 0.196289062 0.846679688
vt 0.197265625 0.846679688
f 1122/3369 1121/3370 1125/3371 1126/3372
vt 0.198242188 0.846679688
vt 0.197265625 0.846679688
vt 0.197265625 0.846191406
vt 0.198242188 0.846191406
f 1127/3373 1128/3374 1124/3375 1123/3376
vt 0.197265625 0.845703125
vt 0.196289062 0.845703125
vt 0.196289062 0.846191406
vt 0.197265625 0.846191406
f 1123/3377 1124/3378 1121/3379 1122/3380
vt 0.19921875 0.845703125
vt 0.198242188 0.845703125
vt 0.198242188 0.846191406
vt 0.19921875 0.846191406
f 1128/3381 1127/3382 1126/3383 1125/3384
o tailWheelModel0
v 146 7 -1
v 149.2361 9.351141 -1
v 158.6406 -3.593131 -1
v 155.4046 -5.944272 -1
v 146 7 1
v 149.2361 9.351141 1
v 158.6406 -3.593131 1
v 155.4046 -5.944272 1
vt 0.203125 0.832519531
vt 0.201171875 0.832519531
vt 0.201171875 0.840332031
vt 0.203125 0.840332031
f 1135/3385 1131/3386 1130/3387 1134/3388
vt 0.197265625 0.832519531
vt 0.1953125 0.832519531
vt 0.1953125 0.840332031
vt 0.197265625 0.840332031
f 1132/3389 1136/3390 1133/3391 1129/3392
vt 0.201171875 0.840332031
vt 0.197265625 0.840332031
vt 0.197265625 0.841308594
vt 0.201171875 0.841308594
f 1130/3393 1129/3394 1133/3395 1134/3396
vt 0.205078125 0.841308594
vt 0.201171875 0.841308594
vt 0.201171875 0.840332031
vt 0.205078125 0.840332031
f 1135/3397 1136/3398 1132/3399 1131/3400
vt 0.201171875 0.832519531
vt 0.197265625 0.832519531
vt 0.197265625 0.840332031
vt 0.201171875 0.840332031
f 1131/3401 1132/3402 1129/3403 1130/3404
vt 0.20703125 0.832519531
vt 0.203125 0.832519531
vt 0.203125 0.840332031
vt 0.20703125 0.840332031
f 1136/3405 1135/3406 1134/3407 1133/3408
o tailWheelModel1
v 149 -6 1
v 161 -6 1
v 157 -10 1
v 153 -10 1
v 149 -6 4
v 161 -6 4
v 157 -10 4
v 153 -10 4
vt 0.212890625 0.827148438
vt 0.209960938 0.827148438
vt 0.209960938 0.829101562
vt 0.212890625 0.829101562
f 1143/3409 1139/3410 1138/3411 1142/3412
vt 0.198242188 0.827148438
vt 0.1953125 0.827148438
vt 0.1953125 0.829101562
vt 0.198242188 0.829101562
f 1140/3413 1144/3414 1141/3415 1137/3416
vt 0.209960938 0.829101562
vt 0.198242188 0.829101562
vt 0.198242188 0.830566406
vt 0.209960938 0.830566406
f 1138/3417 1137/3418 1141/3419 1142/3420
vt 0.221679688 0.830566406
vt 0.209960938 0.830566406
vt 0.209960938 0.829101562
vt 0.221679688 0.829101562
f 1143/3421 1144/3422 1140/3423 1139/3424
vt 0.209960938 0.827148438
vt 0.198242188 0.827148438
vt 0.198242188 0.829101562
vt 0.209960938 0.829101562
f 1139/3425 1140/3426 1137/3427 1138/3428
vt 0.224609375 0.827148438
vt 0.212890625 0.827148438
vt 0.212890625 0.829101562
vt 0.224609375 0.829101562
f 1144/3429 1143/3430 1142/3431 1141/3432
o tailWheelModel2
v 149 -2 1
v 161 -2 1
v 161 -6 1
v 149 -6 1
v 149 -2 4
v 161 -2 4
v 161 -6 4
v 149 -6 4
vt 0.212890625 0.822265625
vt 0.209960938 0.822265625
vt 0.209960938 0.82421875
vt 0.212890625 0.82421875
f 1151/3433 1147/3434 1146/3435 1150/3436
vt 0.198242188 0.822265625
vt 0.1953125 0.822265625
vt 0.1953125 0.82421875
vt 0.198242188 0.82421875
f 1148/3437 1152/3438 1149/3439 1145/3440
vt 0.209960938 0.82421875
vt 0.198242188 0.82421875
vt 0.198242188 0.825683594
vt 0.209960938 0.825683594
f 1146/3441 1145/3442 1149/3443 1150/3444
vt 0.221679688 0.825683594
vt 0.209960938 0.825683594
vt 0.209960938 0.82421875
vt 0.221679688 0.82421875
f 1151/3445 1152/3446 1148/3447 1147/3448
vt 0.209960938 0.822265625
vt 0.198242188 0.822265625
vt 0.198242188 0.82421875
vt 0.209960938 0.82421875
f 1147/3449 1148/3450 1145/3451 1146/3452
vt 0.224609375 0.822265625
vt 0.212890625 0.822265625
vt 0.212890625 0.82421875
vt 0.224609375 0.82421875
f 1152/3453 1151/3454 1150/3455 1149/3456
o tailWheelModel3
v 153 2 1
v 157 2 1
v 161 -2 1
v 149 -2 1
v 153 2 4
v 157 2 4
v 161 -2 4
v 149 -2 4
vt 0.212890625 0.817382812
vt 0.209960938 0.817382812
vt 0.209960938 0.819335938
vt 0.212890625 0.819335938
f 1159/3457 1155/3458 1154/3459 1158/3460
vt 0.198242188 0.817382812
vt 0.1953125 0.817382812
vt 0.1953125 0.819335938
vt 0.198242188 0.819335938
f 1156/3461 1160/3462 1157/3463 1153/3464
vt 0.209960938 0.819335938
vt 0.198242188 0.819335938
vt 0.198242188 0.820800781
vt 0.209960938 0.820800781
f 1154/3465 1153/3466 1157/3467 1158/3468
vt 0.221679688 0.820800781
vt 0.209960938 0.820800781
vt 0.209960938 0.819335938
vt 0.221679688 0.819335938
f 1159/3469 1160/3470 1156/3471 1155/3472
vt 0.209960938 0.817382812
vt 0.198242188 0.817382812
vt 0.198242188 0.819335938
vt 0.209960938 0.819335938
f 1155/3473 1156/3474 1153/3475 1154/3476
vt 0.224609375 0.817382812
vt 0.212890625 0.817382812
vt 0.212890625 0.819335938
vt 0.224609375 0.819335938
f 1160/3477 1159/3478 1158/3479 1157/3480
o leftWingWheelModel0
v -44 21 -14
v -42 21 -14
v -31 2 -22
v -33 2 -22
v -44 21 -12
v -42 21 -12
v -31 2 -20
v -33 2 -20
vt 0.201171875 0.805664062
vt 0.19921875 0.805664062
vt 0.19921875 0.814941406
vt 0.201171875 0.814941406
f 1167/3481 1163/3482 1162/3483 1166/3484
vt 0.197265625 0.805664062
vt 0.1953125 0.805664062
vt 0.1953125 0.814941406
vt 0.197265625 0.814941406
f 1164/3485 1168/3486 1165/3487 1161/3488
vt 0.19921875 0.814941406
vt 0.197265625 0.814941406
vt 0.197265625 0.815917969
vt 0.19921875 0.815917969
f 1162/3489 1161/3490 1165/3491 1166/3492
vt 0.201171875 0.815917969
vt 0.19921875 0.815917969
vt 0.19921875 0.814941406
vt 0.201171875 0.814941406
f 1167/3493 1168/3494 1164/3495 1163/3496
vt 0.19921875 0.805664062
vt 0.197265625 0.805664062
vt 0.197265625 0.814941406
vt 0.19921875 0.814941406
f 1163/3497 1164/3498 1161/3499 1162/3500
vt 0.203125 0.805664062
vt 0.201171875 0.805664062
vt 0.201171875 0.814941406
vt 0.203125 0.814941406
f 1168/3501 1167/3502 1166/3503 1165/3504
o leftWingWheelModel1
v -44 23 -14
v -42 23 -14
v -42 21 -14
v -44 21 -14
v -44 23 -12
v -42 23 -12
v -42 21 -12
v -44 21 -12
vt 0.201171875 0.800292969
vt 0.19921875 0.800292969
vt 0.19921875 0.801269531
vt 0.201171875 0.801269531
f 1175/3505 1171/3506 1170/3507 1174/3508
vt 0.197265625 0.800292969
vt 0.1953125 0.800292969
vt 0.1953125 0.801269531
vt 0.197265625 0.801269531
f 1172/3509 1176/3510 1173/3511 1169/3512
vt 0.19921875 0.801269531
vt 0.197265625 0.801269531
vt 0.197265625 0.802246094
vt 0.19921875 0.802246094
f 1170/3513 1169/3514 1173/3515 1174/3516
vt 0.201171875 0.802246094
vt 0.19921875 0.802246094
vt 0.19921875 0.801269531
vt 0.201171875 0.801269531
f 1175/3517 1176/3518 1172/3519 1171/3520
vt 0.19921875 0.800292969
vt 0.197265625 0.800292969
vt 0.197265625 0.801269531
vt 0.19921875 0.801269531
f 1171/3521 1172/3522 1169/3523 1170/3524
vt 0.203125 0.800292969
vt 0.201171875 0.800292969
vt 0.201171875 0.801269531
vt 0.203125 0.801269531
f 1176/3525 1175/3526 1174/3527 1173/3528
o leftWingWheelModel2
v -33 2 -22
v -31 2 -22
v -31 -4 -22
v -33 -4 -22
v -33 2 -20
v -31 2 -20
v -31 -4 -20
v -33 -4 -20
vt 0.201171875 0.795410156
vt 0.19921875 0.795410156
vt 0.19921875 0.798339844
vt 0.201171875 0.798339844
f 1183/3529 1179/3530 1178/3531 1182/3532
vt 0.197265625 0.795410156
vt 0.1953125 0.795410156
vt 0.1953125 0.798339844
vt 0.197265625 0.798339844
f 1180/3533 1184/3534 1181/3535 1177/3536
vt 0.19921875 0.798339844
vt 0.197265625 0.798339844
vt 0.197265625 0.799316406
vt 0.19921875 0.799316406
f 1178/3537 1177/3538 1181/3539 1182/3540
vt 0.201171875 0.799316406
vt 0.19921875 0.799316406
vt 0.19921875 0.798339844
vt 0.201171875 0.798339844
f 1183/3541 1184/3542 1180/3543 1179/3544
vt 0.19921875 0.795410156
vt 0.197265625 0.795410156
vt 0.197265625 0.798339844
vt 0.19921875 0.798339844
f 1179/3545 1180/3546 1177/3547 1178/3548
vt 0.203125 0.795410156
vt 0.201171875 0.795410156
vt 0.201171875 0.798339844
vt 0.203125 0.798339844
f 1184/3549 1183/3550 1182/3551 1181/3552
o leftWingWheelModel3
v -33 2 -20
v -31 2 -20
v -31 -0 -20
v -33 -0 -20
v -44 6 -12
v -42 6 -12
v -42 4 -12
v -44 4 -12
vt 0.212890625 0.788574219
vt 0.205078125 0.788574219
vt 0.205078125 0.789550781
vt 0.212890625 0.789550781
f 1191/3553 1187/3554 1186/3555 1190/3556
vt 0.203125 0.788574219
vt 0.1953125 0.788574219
vt 0.1953125 0.789550781
vt 0.203125 0.789550781
f 1188/3557 1192/3558 1189/3559 1185/3560
vt 0.205078125 0.789550781
vt 0.203125 0.789550781
vt 0.203125 0.793457031
vt 0.205078125 0.793457031
f 1186/3561 1185/3562 1189/3563 1190/3564
vt 0.20703125 0.793457031
vt 0.205078125 0.793457031
vt 0.205078125 0.789550781
vt 0.20703125 0.789550781
f 1191/3565 1192/3566 1188/3567 1187/3568
vt 0.205078125 0.788574219
vt 0.203125 0.788574219
vt 0.203125 0.789550781
vt 0.205078125 0.789550781
f 1187/3569 1188/3570 1185/3571 1186/3572
vt 0.21484375 0.788574219
vt 0.212890625 0.788574219
vt 0.212890625 0.789550781
vt 0.21484375 0.789550781
f 1192/3573 1191/3574 1190/3575 1189/3576
o leftWingWheelModel4
v -38 -2 -25
v -26 -2 -25
v -26 -6 -25
v -38 -6 -25
v -38 -2 -22
v -26 -2 -22
v -26 -6 -22
v -38 -6 -22
vt 0.212890625 0.822265625
vt 0.209960938 0.822265625
vt 0.209960938 0.82421875
vt 0.212890625 0.82421875
f 1199/3577 1195/3578 1194/3579 1198/3580
vt 0.198242188 0.822265625
vt 0.1953125 0.822265625
vt 0.1953125 0.82421875
vt 0.198242188 0.82421875
f 1196/3581 1200/3582 1197/3583 1193/3584
vt 0.209960938 0.82421875
vt 0.198242188 0.82421875
vt 0.198242188 0.825683594
vt 0.209960938 0.825683594
f 1194/3585 1193/3586 1197/3587 1198/3588
vt 0.221679688 0.825683594
vt 0.209960938 0.825683594
vt 0.209960938 0.82421875
vt 0.221679688 0.82421875
f 1199/3589 1200/3590 1196/3591 1195/3592
vt 0.209960938 0.822265625
vt 0.198242188 0.822265625
vt 0.198242188 0.82421875
vt 0.209960938 0.82421875
f 1195/3593 1196/3594 1193/3595 1194/3596
vt 0.224609375 0.822265625
vt 0.212890625 0.822265625
vt 0.212890625 0.82421875
vt 0.224609375 0.82421875
f 1200/3597 1199/3598 1198/3599 1197/3600
o leftWingWheelModel5
v -38 -6 -25
v -26 -6 -25
v -30 -10 -25
v -34 -10 -25
v -38 -6 -22
v -26 -6 -22
v -30 -10 -22
v -34 -10 -22
vt 0.212890625 0.827148438
vt 0.209960938 0.827148438
vt 0.209960938 0.829101562
vt 0.212890625 0.829101562
f 1207/3601 1203/3602 1202/3603 1206/3604
vt 0.198242188 0.827148438
vt 0.1953125 0.827148438
vt 0.1953125 0.829101562
vt 0.198242188 0.829101562
f 1204/3605 1208/3606 1205/3607 1201/3608
vt 0.209960938 0.829101562
vt 0.198242188 0.829101562
vt 0.198242188 0.830566406
vt 0.209960938 0.830566406
f 1202/3609 1201/3610 1205/3611 1206/3612
vt 0.221679688 0.830566406
vt 0.209960938 0.830566406
vt 0.209960938 0.829101562
vt 0.221679688 0.829101562
f 1207/3613 1208/3614 1204/3615 1203/3616
vt 0.209960938 0.827148438
vt 0.198242188 0.827148438
vt 0.198242188 0.829101562
vt 0.209960938 0.829101562
f 1203/3617 1204/3618 1201/3619 1202/3620
vt 0.224609375 0.827148438
vt 0.212890625 0.827148438
vt 0.212890625 0.829101562
vt 0.224609375 0.829101562
f 1208/3621 1207/3622 1206/3623 1205/3624
o leftWingWheelModel6
v -34 2 -25
v -30 2 -25
v -26 -2 -25
v -38 -2 -25
v -34 2 -22
v -30 2 -22
v -26 -2 -22
v -38 -2 -22
vt 0.212890625 0.817382812
vt 0.209960938 0.817382812
vt 0.209960938 0.819335938
vt 0.212890625 0.819335938
f 1215/3625 1211/3626 1210/3627 1214/3628
vt 0.198242188 0.817382812
vt 0.1953125 0.817382812
vt 0.1953125 0.819335938
vt 0.198242188 0.819335938
f 1212/3629 1216/3630 1213/3631 1209/3632
vt 0.209960938 0.819335938
vt 0.198242188 0.819335938
vt 0.198242188 0.820800781
vt 0.209960938 0.820800781
f 1210/3633 1209/3634 1213/3635 1214/3636
vt 0.221679688 0.820800781
vt 0.209960938 0.820800781
vt 0.209960938 0.819335938
vt 0.221679688 0.819335938
f 1215/3637 1216/3638 1212/3639 1211/3640
vt 0.209960938 0.817382812
vt 0.198242188 0.817382812
vt 0.198242188 0.819335938
vt 0.209960938 0.819335938
f 1211/3641 1212/3642 1209/3643 1210/3644
vt 0.224609375 0.817382812
vt 0.212890625 0.817382812
vt 0.212890625 0.819335938
vt 0.224609375 0.819335938
f 1216/3645 1215/3646 1214/3647 1213/3648
o rightWingWheelModel0
v -44 23 12
v -42 23 12
v -42 21 12
v -44 21 12
v -44 23 14
v -42 23 14
v -42 21 14
v -44 21 14
vt 0.201171875 0.800292969
vt 0.19921875 0.800292969
vt 0.19921875 0.801269531
vt 0.201171875 0.801269531
f 1223/3649 1219/3650 1218/3651 1222/3652
vt 0.197265625 0.800292969
vt 0.1953125 0.800292969
vt 0.1953125 0.801269531
vt 0.197265625 0.801269531
f 1220/3653 1224/3654 1221/3655 1217/3656
vt 0.19921875 0.801269531
vt 0.197265625 0.801269531
vt 0.197265625 0.802246094
vt 0.19921875 0.802246094
f 1218/3657 1217/3658 1221/3659 1222/3660
vt 0.201171875 0.802246094
vt 0.19921875 0.802246094
vt 0.19921875 0.801269531
vt 0.201171875 0.801269531
f 1223/3661 1224/3662 1220/3663 1219/3664
vt 0.19921875 0.800292969
vt 0.197265625 0.800292969
vt 0.197265625 0.801269531
vt 0.19921875 0.801269531
f 1219/3665 1220/3666 1217/3667 1218/3668
vt 0.203125 0.800292969
vt 0.201171875 0.800292969
vt 0.201171875 0.801269531
vt 0.203125 0.801269531
f 1224/3669 1223/3670 1222/3671 1221/3672
o rightWingWheelModel1
v -44 6 12
v -42 6 12
v -42 4 12
v -44 4 12
v -33 2 20
v -31 2 20
v -31 -0 20
v -33 -0 20
vt 0.212890625 0.788574219
vt 0.205078125 0.788574219
vt 0.205078125 0.789550781
vt 0.212890625 0.789550781
f 1231/3673 1227/3674 1226/3675 1230/3676
vt 0.203125 0.788574219
vt 0.1953125 0.788574219
vt 0.1953125 0.789550781
vt 0.203125 0.789550781
f 1228/3677 1232/3678 1229/3679 1225/3680
vt 0.205078125 0.789550781
vt 0.203125 0.789550781
vt 0.203125 0.793457031
vt 0.205078125 0.793457031
f 1226/3681 1225/3682 1229/3683 1230/3684
vt 0.20703125 0.793457031
vt 0.205078125 0.793457031
vt 0.205078125 0.789550781
vt 0.20703125 0.789550781
f 1231/3685 1232/3686 1228/3687 1227/3688
vt 0.205078125 0.788574219
vt 0.203125 0.788574219
vt 0.203125 0.789550781
vt 0.205078125 0.789550781
f 1227/3689 1228/3690 1225/3691 1226/3692
vt 0.21484375 0.788574219
vt 0.212890625 0.788574219
vt 0.212890625 0.789550781
vt 0.21484375 0.789550781
f 1232/3693 1231/3694 1230/3695 1229/3696
o rightWingWheelModel2
v -44 21 12
v -42 21 12
v -31 2 20
v -33 2 20
v -44 21 14
v -42 21 14
v -31 2 22
v -33 2 22
vt 0.201171875 0.805664062
vt 0.19921875 0.805664062
vt 0.19921875 0.814941406
vt 0.201171875 0.814941406
f 1239/3697 1235/3698 1234/3699 1238/3700
vt 0.197265625 0.805664062
vt 0.1953125 0.805664062
vt 0.1953125 0.814941406
vt 0.197265625 0.814941406
f 1236/3701 1240/3702 1237/3703 1233/3704
vt 0.19921875 0.814941406
vt 0.197265625 0.814941406
vt 0.197265625 0.815917969
vt 0.19921875 0.815917969
f 1234/3705 1233/3706 1237/3707 1238/3708
vt 0.201171875 0.815917969
vt 0.19921875 0.815917969
vt 0.19921875 0.814941406
vt 0.201171875 0.814941406
f 1239/3709 1240/3710 1236/3711 1235/3712
vt 0.19921875 0.805664062
vt 0.197265625 0.805664062
vt 0.197265625 0.814941406
vt 0.19921875 0.814941406
f 1235/3713 1236/3714 1233/3715 1234/3716
vt 0.203125 0.805664062
vt 0.201171875 0.805664062
vt 0.201171875 0.814941406
vt 0.203125 0.814941406
f 1240/3717 1239/3718 1238/3719 1237/3720
o rightWingWheelModel3
v -33 2 20
v -31 2 20
v -31 -4 20
v -33 -4 20
v -33 2 22
v -31 2 22
v -31 -4 22
v -33 -4 22
vt 0.201171875 0.795410156
vt 0.19921875 0.795410156
vt 0.19921875 0.798339844
vt 0.201171875 0.798339844
f 1247/3721 1243/3722 1242/3723 1246/3724
vt 0.197265625 0.795410156
vt 0.1953125 0.795410156
vt 0.1953125 0.798339844
vt 0.197265625 0.798339844
f 1244/3725 1248/3726 1245/3727 1241/3728
vt 0.19921875 0.798339844
vt 0.197265625 0.798339844
vt 0.197265625 0.799316406
vt 0.19921875 0.799316406
f 1242/3729 1241/3730 1245/3731 1246/3732
vt 0.201171875 0.799316406
vt 0.19921875 0.799316406
vt 0.19921875 0.798339844
vt 0.201171875 0.798339844
f 1247/3733 1248/3734 1244/3735 1243/3736
vt 0.19921875 0.795410156
vt 0.197265625 0.795410156
vt 0.197265625 0.798339844
vt 0.19921875 0.798339844
f 1243/3737 1244/3738 1241/3739 1242/3740
vt 0.203125 0.795410156
vt 0.201171875 0.795410156
vt 0.201171875 0.798339844
vt 0.203125 0.798339844
f 1248/3741 1247/3742 1246/3743 1245/3744
o rightWingWheelModel4
v -34 2 22
v -30 2 22
v -26 -2 22
v -38 -2 22
v -34 2 25
v -30 2 25
v -26 -2 25
v -38 -2 25
vt 0.212890625 0.817382812
vt 0.209960938 0.817382812
vt 0.209960938 0.819335938
vt 0.212890625 0.819335938
f 1255/3745 1251/3746 1250/3747 1254/3748
vt 0.198242188 0.817382812
vt 0.1953125 0.817382812
vt 0.1953125 0.819335938
vt 0.198242188 0.819335938
f 1252/3749 1256/3750 1253/3751 1249/3752
vt 0.209960938 0.819335938
vt 0.198242188 0.819335938
vt 0.198242188 0.820800781
vt 0.209960938 0.820800781
f 1250/3753 1249/3754 1253/3755 1254/3756
vt 0.221679688 0.820800781
vt 0.209960938 0.820800781
vt 0.209960938 0.819335938
vt 0.221679688 0.819335938
f 1255/3757 1256/3758 1252/3759 1251/3760
vt 0.209960938 0.817382812
vt 0.198242188 0.817382812
vt 0.198242188 0.819335938
vt 0.209960938 0.819335938
f 1251/3761 1252/3762 1249/3763 1250/3764
vt 0.224609375 0.817382812
vt 0.212890625 0.817382812
vt 0.212890625 0.819335938
vt 0.224609375 0.819335938
f 1256/3765 1255/3766 1254/3767 1253/3768
o rightWingWheelModel5
v -38 -2 22
v -26 -2 22
v -26 -6 22
v -38 -6 22
v -38 -2 25
v -26 -2 25
v -26 -6 25
v -38 -6 25
vt 0.212890625 0.822265625
vt 0.209960938 0.822265625
vt 0.209960938 0.82421875
vt 0.212890625 0.82421875
f 1263/3769 1259/3770 1258/3771 1262/3772
vt 0.198242188 0.822265625
vt 0.1953125 0.822265625
vt 0.1953125 0.82421875
vt 0.198242188 0.82421875
f 1260/3773 1264/3774 1261/3775 1257/3776
vt 0.209960938 0.82421875
vt 0.198242188 0.82421875
vt 0.198242188 0.825683594
vt 0.209960938 0.825683594
f 1258/3777 1257/3778 1261/3779 1262/3780
vt 0.221679688 0.825683594
vt 0.209960938 0.825683594
vt 0.209960938 0.82421875
vt 0.221679688 0.82421875
f 1263/3781 1264/3782 1260/3783 1259/3784
vt 0.209960938 0.822265625
vt 0.198242188 0.822265625
vt 0.198242188 0.82421875
vt 0.209960938 0.82421875
f 1259/3785 1260/3786 1257/3787 1258/3788
vt 0.224609375 0.822265625
vt 0.212890625 0.822265625
vt 0.212890625 0.82421875
vt 0.224609375 0.82421875
f 1264/3789 1263/3790 1262/3791 1261/3792
o rightWingWheelModel6
v -38 -6 22
v -26 -6 22
v -30 -10 22
v -34 -10 22
v -38 -6 25
v -26 -6 25
v -30 -10 25
v -34 -10 25
vt 0.212890625 0.827148438
vt 0.209960938 0.827148438
vt 0.209960938 0.829101562
vt 0.212890625 0.829101562
f 1271/3793 1267/3794 1266/3795 1270/3796
vt 0.198242188 0.827148438
vt 0.1953125 0.827148438
vt 0.1953125 0.829101562
vt 0.198242188 0.829101562
f 1268/3797 1272/3798 1269/3799 1265/3800
vt 0.209960938 0.829101562
vt 0.198242188 0.829101562
vt 0.198242188 0.830566406
vt 0.209960938 0.830566406
f 1266/3801 1265/3802 1269/3803 1270/3804
vt 0.221679688 0.830566406
vt 0.209960938 0.830566406
vt 0.209960938 0.829101562
vt 0.221679688 0.829101562
f 1271/3805 1272/3806 1268/3807 1267/3808
vt 0.209960938 0.827148438
vt 0.198242188 0.827148438
vt 0.198242188 0.829101562
vt 0.209960938 0.829101562
f 1267/3809 1268/3810 1265/3811 1266/3812
vt 0.224609375 0.827148438
vt 0.212890625 0.827148438
vt 0.212890625 0.829101562
vt 0.224609375 0.829101562
f 1272/3813 1271/3814 1270/3815 1269/3816
