# Converted from Decimation Beardie model: m4a4.bmodel
# Coordinates retain the original Beardie model units.
mtllib m4a4.mtl
usemtl m4a4_material
o gunModel0
v 1.25 3 -0.55
v 7.9 3 -0.55
v 7.9 2.6 -0.85
v 1.25 2.6 -0.85
v 1.25 3 0.25
v 7.9 3 0.25
v 7.9 2.6 0.55
v 1.25 2.6 0.55
vt 0.017578125 0.90625
vt 0.015625 0.90625
vt 0.015625 0.9375
vt 0.017578125 0.9375
f 7/1 3/2 2/3 6/4
vt 0.00390625 0.90625
vt 0.001953125 0.90625
vt 0.001953125 0.9375
vt 0.00390625 0.9375
f 4/5 8/6 5/7 1/8
vt 0.015625 0.9375
vt 0.00390625 0.9375
vt 0.00390625 0.96875
vt 0.015625 0.96875
f 2/9 1/10 5/11 6/12
vt 0.02734375 0.96875
vt 0.015625 0.96875
vt 0.015625 0.9375
vt 0.02734375 0.9375
f 7/13 8/14 4/15 3/16
vt 0.015625 0.90625
vt 0.00390625 0.90625
vt 0.00390625 0.9375
vt 0.015625 0.9375
f 3/17 4/18 1/19 2/20
vt 0.029296875 0.90625
vt 0.017578125 0.90625
vt 0.017578125 0.9375
vt 0.029296875 0.9375
f 8/21 7/22 6/23 5/24
o gunModel1
v 1.25 2.600001 -0.85
v 7.9 2.600001 -0.85
v 7.9 2.200001 -0.8
v 1.25 2.200001 -0.8
v 1.25 2.600001 0.55
v 7.9 2.600001 0.55
v 7.9 2.200001 0.5
v 1.25 2.200001 0.5
vt 0.048828125 0.90625
vt 0.046875 0.90625
vt 0.046875 0.9375
vt 0.048828125 0.9375
f 15/25 11/26 10/27 14/28
vt 0.03515625 0.90625
vt 0.033203125 0.90625
vt 0.033203125 0.9375
vt 0.03515625 0.9375
f 12/29 16/30 13/31 9/32
vt 0.046875 0.9375
vt 0.03515625 0.9375
vt 0.03515625 0.96875
vt 0.046875 0.96875
f 10/33 9/34 13/35 14/36
vt 0.05859375 0.96875
vt 0.046875 0.96875
vt 0.046875 0.9375
vt 0.05859375 0.9375
f 15/37 16/38 12/39 11/40
vt 0.046875 0.90625
vt 0.03515625 0.90625
vt 0.03515625 0.9375
vt 0.046875 0.9375
f 11/41 12/42 9/43 10/44
vt 0.060546875 0.90625
vt 0.048828125 0.90625
vt 0.048828125 0.9375
vt 0.060546875 0.9375
f 16/45 15/46 14/47 13/48
o gunModel2
v 1.25 2.200001 -0.8
v 7.9 2.200001 -0.8
v 7.9 1.800001 -0.65
v 1.25 1.800001 -0.65
v 1.25 2.200001 0.5
v 7.9 2.200001 0.5
v 7.9 1.800001 0.35
v 1.25 1.800001 0.35
vt 0.080078125 0.90625
vt 0.078125 0.90625
vt 0.078125 0.9375
vt 0.080078125 0.9375
f 23/49 19/50 18/51 22/52
vt 0.06640625 0.90625
vt 0.064453125 0.90625
vt 0.064453125 0.9375
vt 0.06640625 0.9375
f 20/53 24/54 21/55 17/56
vt 0.078125 0.9375
vt 0.06640625 0.9375
vt 0.06640625 0.96875
vt 0.078125 0.96875
f 18/57 17/58 21/59 22/60
vt 0.08984375 0.96875
vt 0.078125 0.96875
vt 0.078125 0.9375
vt 0.08984375 0.9375
f 23/61 24/62 20/63 19/64
vt 0.078125 0.90625
vt 0.06640625 0.90625
vt 0.06640625 0.9375
vt 0.078125 0.9375
f 19/65 20/66 17/67 18/68
vt 0.091796875 0.90625
vt 0.080078125 0.90625
vt 0.080078125 0.9375
vt 0.091796875 0.9375
f 24/69 23/70 22/71 21/72
o gunModel3
v 1.25 1.8 -0.65
v 7.7 1.8 -0.65
v 7.45 1.3 -0.55
v 1.25 1.3 -0.55
v 1.25 1.8 0.35
v 7.7 1.8 0.35
v 7.45 1.3 0.25
v 1.25 1.3 0.25
vt 0.109375 0.90625
vt 0.107421875 0.90625
vt 0.107421875 0.9375
vt 0.109375 0.9375
f 31/73 27/74 26/75 30/76
vt 0.09765625 0.90625
vt 0.095703125 0.90625
vt 0.095703125 0.9375
vt 0.09765625 0.9375
f 28/77 32/78 29/79 25/80
vt 0.107421875 0.9375
vt 0.09765625 0.9375
vt 0.09765625 0.96875
vt 0.107421875 0.96875
f 26/81 25/82 29/83 30/84
vt 0.1171875 0.96875
vt 0.107421875 0.96875
vt 0.107421875 0.9375
vt 0.1171875 0.9375
f 31/85 32/86 28/87 27/88
vt 0.107421875 0.90625
vt 0.09765625 0.90625
vt 0.09765625 0.9375
vt 0.107421875 0.9375
f 27/89 28/90 25/91 26/92
vt 0.119140625 0.90625
vt 0.109375 0.90625
vt 0.109375 0.9375
vt 0.119140625 0.9375
f 32/93 31/94 30/95 29/96
o gunModel4
v 1.549999 1.300001 -0.55
v 7.449999 1.300001 -0.55
v 7.449999 0.800001 -0.55
v 1.949999 0.800001 -0.55
v 1.549999 1.300001 0.25
v 7.449999 1.300001 0.25
v 7.449999 0.800001 0.25
v 1.949999 0.800001 0.25
vt 0.138671875 0.90625
vt 0.13671875 0.90625
vt 0.13671875 0.9375
vt 0.138671875 0.9375
f 39/97 35/98 34/99 38/100
vt 0.12890625 0.90625
vt 0.126953125 0.90625
vt 0.126953125 0.9375
vt 0.12890625 0.9375
f 36/101 40/102 37/103 33/104
vt 0.13671875 0.9375
vt 0.12890625 0.9375
vt 0.12890625 0.96875
vt 0.13671875 0.96875
f 34/105 33/106 37/107 38/108
vt 0.14453125 0.96875
vt 0.13671875 0.96875
vt 0.13671875 0.9375
vt 0.14453125 0.9375
f 39/109 40/110 36/111 35/112
vt 0.13671875 0.90625
vt 0.12890625 0.90625
vt 0.12890625 0.9375
vt 0.13671875 0.9375
f 35/113 36/114 33/115 34/116
vt 0.146484375 0.90625
vt 0.138671875 0.90625
vt 0.138671875 0.9375
vt 0.146484375 0.9375
f 40/117 39/118 38/119 37/120
o gunModel5
v 5.150002 2.599997 -0.7
v 7.450002 2.599997 -0.7
v 7.450002 0.099997 -0.7
v 5.150002 -0.200003 -0.7
v 5.150002 2.599997 0.4
v 7.450002 2.599997 0.4
v 7.450002 0.099997 0.4
v 5.150002 -0.200003 0.4
vt 0.1640625 0.8125
vt 0.162109375 0.8125
vt 0.162109375 0.9375
vt 0.1640625 0.9375
f 47/121 43/122 42/123 46/124
vt 0.16015625 0.8125
vt 0.158203125 0.8125
vt 0.158203125 0.9375
vt 0.16015625 0.9375
f 44/125 48/126 45/127 41/128
vt 0.162109375 0.9375
vt 0.16015625 0.9375
vt 0.16015625 0.96875
vt 0.162109375 0.96875
f 42/129 41/130 45/131 46/132
vt 0.1640625 0.96875
vt 0.162109375 0.96875
vt 0.162109375 0.9375
vt 0.1640625 0.9375
f 47/133 48/134 44/135 43/136
vt 0.162109375 0.8125
vt 0.16015625 0.8125
vt 0.16015625 0.9375
vt 0.162109375 0.9375
f 43/137 44/138 41/139 42/140
vt 0.166015625 0.8125
vt 0.1640625 0.8125
vt 0.1640625 0.9375
vt 0.166015625 0.9375
f 48/141 47/142 46/143 45/144
o gunModel6
v 5.100002 -0.0999992 -0.8
v 7.500002 0.2500008 -0.8
v 7.500002 0.0500008 -0.8
v 5.100002 -0.2999992 -0.8
v 5.100002 -0.0999992 0.5
v 7.500002 0.2500008 0.5
v 7.500002 0.0500008 0.5
v 5.100002 -0.2999992 0.5
vt 0.1796875 0.875
vt 0.177734375 0.875
vt 0.177734375 0.9375
vt 0.1796875 0.9375
f 55/145 51/146 50/147 54/148
vt 0.17578125 0.875
vt 0.173828125 0.875
vt 0.173828125 0.9375
vt 0.17578125 0.9375
f 52/149 56/150 53/151 49/152
vt 0.177734375 0.9375
vt 0.17578125 0.9375
vt 0.17578125 0.96875
vt 0.177734375 0.96875
f 50/153 49/154 53/155 54/156
vt 0.1796875 0.96875
vt 0.177734375 0.96875
vt 0.177734375 0.9375
vt 0.1796875 0.9375
f 55/157 56/158 52/159 51/160
vt 0.177734375 0.875
vt 0.17578125 0.875
vt 0.17578125 0.9375
vt 0.177734375 0.9375
f 51/161 52/162 49/163 50/164
vt 0.181640625 0.875
vt 0.1796875 0.875
vt 0.1796875 0.9375
vt 0.181640625 0.9375
f 56/165 55/166 54/167 53/168
o gunModel7
v 1.95 0.800001 -0.65
v 3.15 0.800001 -0.65
v 3.15 -0.299999 -0.65
v 1.95 -0.299999 -0.65
v 1.95 0.800001 0.35
v 3.15 0.800001 0.35
v 3.15 -0.299999 0.35
v 1.95 -0.299999 0.35
vt 0.1953125 0.875
vt 0.193359375 0.875
vt 0.193359375 0.9375
vt 0.1953125 0.9375
f 63/169 59/170 58/171 62/172
vt 0.19140625 0.875
vt 0.189453125 0.875
vt 0.189453125 0.9375
vt 0.19140625 0.9375
f 60/173 64/174 61/175 57/176
vt 0.193359375 0.9375
vt 0.19140625 0.9375
vt 0.19140625 0.96875
vt 0.193359375 0.96875
f 58/177 57/178 61/179 62/180
vt 0.1953125 0.96875
vt 0.193359375 0.96875
vt 0.193359375 0.9375
vt 0.1953125 0.9375
f 63/181 64/182 60/183 59/184
vt 0.193359375 0.875
vt 0.19140625 0.875
vt 0.19140625 0.9375
vt 0.193359375 0.9375
f 59/185 60/186 57/187 58/188
vt 0.197265625 0.875
vt 0.1953125 0.875
vt 0.1953125 0.9375
vt 0.197265625 0.9375
f 64/189 63/190 62/191 61/192
o gunModel8
v 1.45 -0.3 -0.65
v 3.05 -0.3 -0.65
v 2.4 -1.4 -0.65
v 0.7 -1.4 -0.65
v 1.45 -0.3 0.35
v 3.05 -0.3 0.35
v 2.4 -1.4 0.35
v 0.7 -1.4 0.35
vt 0.2109375 0.875
vt 0.208984375 0.875
vt 0.208984375 0.9375
vt 0.2109375 0.9375
f 71/193 67/194 66/195 70/196
vt 0.20703125 0.875
vt 0.205078125 0.875
vt 0.205078125 0.9375
vt 0.20703125 0.9375
f 68/197 72/198 69/199 65/200
vt 0.208984375 0.9375
vt 0.20703125 0.9375
vt 0.20703125 0.96875
vt 0.208984375 0.96875
f 66/201 65/202 69/203 70/204
vt 0.2109375 0.96875
vt 0.208984375 0.96875
vt 0.208984375 0.9375
vt 0.2109375 0.9375
f 71/205 72/206 68/207 67/208
vt 0.208984375 0.875
vt 0.20703125 0.875
vt 0.20703125 0.9375
vt 0.208984375 0.9375
f 67/209 68/210 65/211 66/212
vt 0.212890625 0.875
vt 0.2109375 0.875
vt 0.2109375 0.9375
vt 0.212890625 0.9375
f 72/213 71/214 70/215 69/216
o gunModel9
v 1.95 0.450001 -0.65
v 1.97 0.450001 -0.65
v 1.95 -0.299999 -0.65
v 1.45 -0.299999 -0.65
v 1.95 0.450001 0.35
v 1.97 0.450001 0.35
v 1.95 -0.299999 0.35
v 1.45 -0.299999 0.35
vt 0.2265625 0.875
vt 0.224609375 0.875
vt 0.224609375 0.9375
vt 0.2265625 0.9375
f 79/217 75/218 74/219 78/220
vt 0.22265625 0.875
vt 0.220703125 0.875
vt 0.220703125 0.9375
vt 0.22265625 0.9375
f 76/221 80/222 77/223 73/224
vt 0.224609375 0.9375
vt 0.22265625 0.9375
vt 0.22265625 0.96875
vt 0.224609375 0.96875
f 74/225 73/226 77/227 78/228
vt 0.2265625 0.96875
vt 0.224609375 0.96875
vt 0.224609375 0.9375
vt 0.2265625 0.9375
f 79/229 80/230 76/231 75/232
vt 0.224609375 0.875
vt 0.22265625 0.875
vt 0.22265625 0.9375
vt 0.224609375 0.9375
f 75/233 76/234 73/235 74/236
vt 0.228515625 0.875
vt 0.2265625 0.875
vt 0.2265625 0.9375
vt 0.228515625 0.9375
f 80/237 79/238 78/239 77/240
o gunModel10
v 0.7000002 -1.4 -0.65
v 2.4 -1.4 -0.65
v 1.75 -2.45 -0.65
v 0.3000002 -1.95 -0.65
v 0.7000002 -1.4 0.35
v 2.4 -1.4 0.35
v 1.75 -2.45 0.35
v 0.3000002 -1.95 0.35
vt 0.2421875 0.875
vt 0.240234375 0.875
vt 0.240234375 0.9375
vt 0.2421875 0.9375
f 87/241 83/242 82/243 86/244
vt 0.23828125 0.875
vt 0.236328125 0.875
vt 0.236328125 0.9375
vt 0.23828125 0.9375
f 84/245 88/246 85/247 81/248
vt 0.240234375 0.9375
vt 0.23828125 0.9375
vt 0.23828125 0.96875
vt 0.240234375 0.96875
f 82/249 81/250 85/251 86/252
vt 0.2421875 0.96875
vt 0.240234375 0.96875
vt 0.240234375 0.9375
vt 0.2421875 0.9375
f 87/253 88/254 84/255 83/256
vt 0.240234375 0.875
vt 0.23828125 0.875
vt 0.23828125 0.9375
vt 0.240234375 0.9375
f 83/257 84/258 81/259 82/260
vt 0.244140625 0.875
vt 0.2421875 0.875
vt 0.2421875 0.9375
vt 0.244140625 0.9375
f 88/261 87/262 86/263 85/264
o gunModel11
v 3.149999 0.800001 -0.45
v 3.349999 0.800001 -0.45
v 3.349999 -0.299999 -0.45
v 3.149999 -0.299999 -0.45
v 3.149999 0.800001 0.15
v 3.349999 0.800001 0.15
v 3.349999 -0.299999 0.15
v 3.149999 -0.299999 0.15
vt 0.2578125 0.875
vt 0.255859375 0.875
vt 0.255859375 0.9375
vt 0.2578125 0.9375
f 95/265 91/266 90/267 94/268
vt 0.25390625 0.875
vt 0.251953125 0.875
vt 0.251953125 0.9375
vt 0.25390625 0.9375
f 92/269 96/270 93/271 89/272
vt 0.255859375 0.9375
vt 0.25390625 0.9375
vt 0.25390625 0.96875
vt 0.255859375 0.96875
f 90/273 89/274 93/275 94/276
vt 0.2578125 0.96875
vt 0.255859375 0.96875
vt 0.255859375 0.9375
vt 0.2578125 0.9375
f 95/277 96/278 92/279 91/280
vt 0.255859375 0.875
vt 0.25390625 0.875
vt 0.25390625 0.9375
vt 0.255859375 0.9375
f 91/281 92/282 89/283 90/284
vt 0.259765625 0.875
vt 0.2578125 0.875
vt 0.2578125 0.9375
vt 0.259765625 0.9375
f 96/285 95/286 94/287 93/288
o gunModel12
v 4.949999 0.800001 -0.45
v 5.149999 0.800001 -0.45
v 5.149999 -0.299999 -0.45
v 4.949999 -0.299999 -0.45
v 4.949999 0.800001 0.15
v 5.149999 0.800001 0.15
v 5.149999 -0.299999 0.15
v 4.949999 -0.299999 0.15
vt 0.2734375 0.875
vt 0.271484375 0.875
vt 0.271484375 0.9375
vt 0.2734375 0.9375
f 103/289 99/290 98/291 102/292
vt 0.26953125 0.875
vt 0.267578125 0.875
vt 0.267578125 0.9375
vt 0.26953125 0.9375
f 100/293 104/294 101/295 97/296
vt 0.271484375 0.9375
vt 0.26953125 0.9375
vt 0.26953125 0.96875
vt 0.271484375 0.96875
f 98/297 97/298 101/299 102/300
vt 0.2734375 0.96875
vt 0.271484375 0.96875
vt 0.271484375 0.9375
vt 0.2734375 0.9375
f 103/301 104/302 100/303 99/304
vt 0.271484375 0.875
vt 0.26953125 0.875
vt 0.26953125 0.9375
vt 0.271484375 0.9375
f 99/305 100/306 97/307 98/308
vt 0.275390625 0.875
vt 0.2734375 0.875
vt 0.2734375 0.9375
vt 0.275390625 0.9375
f 104/309 103/310 102/311 101/312
o gunModel13
v 3.349999 -0.0999999 -0.45
v 4.949999 -0.0999999 -0.45
v 4.949999 -0.2999999 -0.45
v 3.349999 -0.2999999 -0.45
v 3.349999 -0.0999999 0.15
v 4.949999 -0.0999999 0.15
v 4.949999 -0.2999999 0.15
v 3.349999 -0.2999999 0.15
vt 0.29296875 0.90625
vt 0.291015625 0.90625
vt 0.291015625 0.9375
vt 0.29296875 0.9375
f 111/313 107/314 106/315 110/316
vt 0.28515625 0.90625
vt 0.283203125 0.90625
vt 0.283203125 0.9375
vt 0.28515625 0.9375
f 108/317 112/318 109/319 105/320
vt 0.291015625 0.9375
vt 0.28515625 0.9375
vt 0.28515625 0.96875
vt 0.291015625 0.96875
f 106/321 105/322 109/323 110/324
vt 0.296875 0.96875
vt 0.291015625 0.96875
vt 0.291015625 0.9375
vt 0.296875 0.9375
f 111/325 112/326 108/327 107/328
vt 0.291015625 0.90625
vt 0.28515625 0.90625
vt 0.28515625 0.9375
vt 0.291015625 0.9375
f 107/329 108/330 105/331 106/332
vt 0.298828125 0.90625
vt 0.29296875 0.90625
vt 0.29296875 0.9375
vt 0.298828125 0.9375
f 112/333 111/334 110/335 109/336
o gunModel14
v 4.749999 0.790001 -0.45
v 4.949999 0.790001 -0.45
v 4.949999 0.640001 -0.45
v 4.749999 0.790001 -0.45
v 4.749999 0.790001 0.15
v 4.949999 0.790001 0.15
v 4.949999 0.640001 0.15
v 4.749999 0.790001 0.15
vt 0.3203125 0.90625
vt 0.318359375 0.90625
vt 0.318359375 0.9375
vt 0.3203125 0.9375
f 119/337 115/338 114/339 118/340
vt 0.31640625 0.90625
vt 0.314453125 0.90625
vt 0.314453125 0.9375
vt 0.31640625 0.9375
f 116/341 120/342 117/343 113/344
vt 0.318359375 0.9375
vt 0.31640625 0.9375
vt 0.31640625 0.96875
vt 0.318359375 0.96875
f 114/345 113/346 117/347 118/348
vt 0.3203125 0.96875
vt 0.318359375 0.96875
vt 0.318359375 0.9375
vt 0.3203125 0.9375
f 119/349 120/350 116/351 115/352
vt 0.318359375 0.90625
vt 0.31640625 0.90625
vt 0.31640625 0.9375
vt 0.318359375 0.9375
f 115/353 116/354 113/355 114/356
vt 0.322265625 0.90625
vt 0.3203125 0.90625
vt 0.3203125 0.9375
vt 0.322265625 0.9375
f 120/357 119/358 118/359 117/360
o gunModel15
v 4.749999 -0.0999997 -0.45
v 4.949999 0.0500003 -0.45
v 4.949999 -0.0999997 -0.45
v 4.749999 -0.0999997 -0.45
v 4.749999 -0.0999997 0.15
v 4.949999 0.0500003 0.15
v 4.949999 -0.0999997 0.15
v 4.749999 -0.0999997 0.15
vt 0.3359375 0.90625
vt 0.333984375 0.90625
vt 0.333984375 0.9375
vt 0.3359375 0.9375
f 127/361 123/362 122/363 126/364
vt 0.33203125 0.90625
vt 0.330078125 0.90625
vt 0.330078125 0.9375
vt 0.33203125 0.9375
f 124/365 128/366 125/367 121/368
vt 0.333984375 0.9375
vt 0.33203125 0.9375
vt 0.33203125 0.96875
vt 0.333984375 0.96875
f 122/369 121/370 125/371 126/372
vt 0.3359375 0.96875
vt 0.333984375 0.96875
vt 0.333984375 0.9375
vt 0.3359375 0.9375
f 127/373 128/374 124/375 123/376
vt 0.333984375 0.90625
vt 0.33203125 0.90625
vt 0.33203125 0.9375
vt 0.333984375 0.9375
f 123/377 124/378 121/379 122/380
vt 0.337890625 0.90625
vt 0.3359375 0.90625
vt 0.3359375 0.9375
vt 0.337890625 0.9375
f 128/381 127/382 126/383 125/384
o gunModel16
v 3.349999 0.1500003 -0.45
v 3.599999 -0.0999997 -0.45
v 3.599999 -0.0999997 -0.45
v 3.349999 -0.0999997 -0.45
v 3.349999 0.1500003 0.15
v 3.599999 -0.0999997 0.15
v 3.599999 -0.0999997 0.15
v 3.349999 -0.0999997 0.15
vt 0.3515625 0.90625
vt 0.349609375 0.90625
vt 0.349609375 0.9375
vt 0.3515625 0.9375
f 135/385 131/386 130/387 134/388
vt 0.34765625 0.90625
vt 0.345703125 0.90625
vt 0.345703125 0.9375
vt 0.34765625 0.9375
f 132/389 136/390 133/391 129/392
vt 0.349609375 0.9375
vt 0.34765625 0.9375
vt 0.34765625 0.96875
vt 0.349609375 0.96875
f 130/393 129/394 133/395 134/396
vt 0.3515625 0.96875
vt 0.349609375 0.96875
vt 0.349609375 0.9375
vt 0.3515625 0.9375
f 135/397 136/398 132/399 131/400
vt 0.349609375 0.90625
vt 0.34765625 0.90625
vt 0.34765625 0.9375
vt 0.349609375 0.9375
f 131/401 132/402 129/403 130/404
vt 0.353515625 0.90625
vt 0.3515625 0.90625
vt 0.3515625 0.9375
vt 0.353515625 0.9375
f 136/405 135/406 134/407 133/408
o gunModel17
v 3.349999 0.800001 -0.45
v 3.599999 0.800001 -0.45
v 3.599999 0.800001 -0.45
v 3.349999 0.550001 -0.45
v 3.349999 0.800001 0.15
v 3.599999 0.800001 0.15
v 3.599999 0.800001 0.15
v 3.349999 0.550001 0.15
vt 0.3671875 0.90625
vt 0.365234375 0.90625
vt 0.365234375 0.9375
vt 0.3671875 0.9375
f 143/409 139/410 138/411 142/412
vt 0.36328125 0.90625
vt 0.361328125 0.90625
vt 0.361328125 0.9375
vt 0.36328125 0.9375
f 140/413 144/414 141/415 137/416
vt 0.365234375 0.9375
vt 0.36328125 0.9375
vt 0.36328125 0.96875
vt 0.365234375 0.96875
f 138/417 137/418 141/419 142/420
vt 0.3671875 0.96875
vt 0.365234375 0.96875
vt 0.365234375 0.9375
vt 0.3671875 0.9375
f 143/421 144/422 140/423 139/424
vt 0.365234375 0.90625
vt 0.36328125 0.90625
vt 0.36328125 0.9375
vt 0.365234375 0.9375
f 139/425 140/426 137/427 138/428
vt 0.369140625 0.90625
vt 0.3671875 0.90625
vt 0.3671875 0.9375
vt 0.369140625 0.9375
f 144/429 143/430 142/431 141/432
o gunModel18
v 1.499998 3.499998 -0.55
v 7.899998 3.499998 -0.55
v 7.899998 2.999998 -0.55
v 1.499998 2.999998 -0.55
v 1.499998 3.499998 0.25
v 7.899998 3.499998 0.25
v 7.899998 2.999998 0.25
v 1.499998 2.999998 0.25
vt 0.388671875 0.90625
vt 0.38671875 0.90625
vt 0.38671875 0.9375
vt 0.388671875 0.9375
f 151/433 147/434 146/435 150/436
vt 0.37890625 0.90625
vt 0.376953125 0.90625
vt 0.376953125 0.9375
vt 0.37890625 0.9375
f 148/437 152/438 149/439 145/440
vt 0.38671875 0.9375
vt 0.37890625 0.9375
vt 0.37890625 0.96875
vt 0.38671875 0.96875
f 146/441 145/442 149/443 150/444
vt 0.39453125 0.96875
vt 0.38671875 0.96875
vt 0.38671875 0.9375
vt 0.39453125 0.9375
f 151/445 152/446 148/447 147/448
vt 0.38671875 0.90625
vt 0.37890625 0.90625
vt 0.37890625 0.9375
vt 0.38671875 0.9375
f 147/449 148/450 145/451 146/452
vt 0.396484375 0.90625
vt 0.388671875 0.90625
vt 0.388671875 0.9375
vt 0.396484375 0.9375
f 152/453 151/454 150/455 149/456
o gunModel19
v 1.25 3.399998 -0.85
v 1.65 3.399998 -0.85
v 1.65 3.099998 -0.85
v 1.25 3.099998 -0.85
v 1.25 3.399998 0.55
v 1.65 3.399998 0.55
v 1.65 3.099998 0.55
v 1.25 3.099998 0.55
vt 0.4140625 0.90625
vt 0.412109375 0.90625
vt 0.412109375 0.9375
vt 0.4140625 0.9375
f 159/457 155/458 154/459 158/460
vt 0.41015625 0.90625
vt 0.408203125 0.90625
vt 0.408203125 0.9375
vt 0.41015625 0.9375
f 156/461 160/462 157/463 153/464
vt 0.412109375 0.9375
vt 0.41015625 0.9375
vt 0.41015625 0.96875
vt 0.412109375 0.96875
f 154/465 153/466 157/467 158/468
vt 0.4140625 0.96875
vt 0.412109375 0.96875
vt 0.412109375 0.9375
vt 0.4140625 0.9375
f 159/469 160/470 156/471 155/472
vt 0.412109375 0.90625
vt 0.41015625 0.90625
vt 0.41015625 0.9375
vt 0.412109375 0.9375
f 155/473 156/474 153/475 154/476
vt 0.416015625 0.90625
vt 0.4140625 0.90625
vt 0.4140625 0.9375
vt 0.416015625 0.9375
f 160/477 159/478 158/479 157/480
o gunModel20
v 6.200002 3.349998 -0.25
v 7.150002 3.349998 -0.25
v 7.150002 2.249998 -0.25
v 6.200002 2.249998 -0.25
v 6.300002 3.249998 0.4
v 7.050002 3.249998 0.4
v 7.050002 2.249998 0.4
v 6.300002 2.249998 0.4
vt 0.4296875 0.875
vt 0.427734375 0.875
vt 0.427734375 0.9375
vt 0.4296875 0.9375
f 167/481 163/482 162/483 166/484
vt 0.42578125 0.875
vt 0.423828125 0.875
vt 0.423828125 0.9375
vt 0.42578125 0.9375
f 164/485 168/486 165/487 161/488
vt 0.427734375 0.9375
vt 0.42578125 0.9375
vt 0.42578125 0.96875
vt 0.427734375 0.96875
f 162/489 161/490 165/491 166/492
vt 0.4296875 0.96875
vt 0.427734375 0.96875
vt 0.427734375 0.9375
vt 0.4296875 0.9375
f 167/493 168/494 164/495 163/496
vt 0.427734375 0.875
vt 0.42578125 0.875
vt 0.42578125 0.9375
vt 0.427734375 0.9375
f 163/497 164/498 161/499 162/500
vt 0.431640625 0.875
vt 0.4296875 0.875
vt 0.4296875 0.9375
vt 0.431640625 0.9375
f 168/501 167/502 166/503 165/504
o gunModel21
v 7.900002 3.249999 -0.45
v 8.550002 3.249999 -0.45
v 8.550002 2.649999 -0.95
v 7.900002 2.649999 -0.95
v 7.900002 3.249999 0.15
v 8.550002 3.249999 0.15
v 8.550002 2.649999 0.65
v 7.900002 2.649999 0.65
vt 0.4453125 0.90625
vt 0.443359375 0.90625
vt 0.443359375 0.9375
vt 0.4453125 0.9375
f 175/505 171/506 170/507 174/508
vt 0.44140625 0.90625
vt 0.439453125 0.90625
vt 0.439453125 0.9375
vt 0.44140625 0.9375
f 172/509 176/510 173/511 169/512
vt 0.443359375 0.9375
vt 0.44140625 0.9375
vt 0.44140625 0.96875
vt 0.443359375 0.96875
f 170/513 169/514 173/515 174/516
vt 0.4453125 0.96875
vt 0.443359375 0.96875
vt 0.443359375 0.9375
vt 0.4453125 0.9375
f 175/517 176/518 172/519 171/520
vt 0.443359375 0.90625
vt 0.44140625 0.90625
vt 0.44140625 0.9375
vt 0.443359375 0.9375
f 171/521 172/522 169/523 170/524
vt 0.447265625 0.90625
vt 0.4453125 0.90625
vt 0.4453125 0.9375
vt 0.447265625 0.9375
f 176/525 175/526 174/527 173/528
o gunModel22
v 7.900002 2.150001 -0.95
v 8.550002 2.150001 -0.95
v 8.550002 1.550001 -0.45
v 7.900002 1.550001 -0.45
v 7.900002 2.150001 0.65
v 8.550002 2.150001 0.65
v 8.550002 1.550001 0.15
v 7.900002 1.550001 0.15
vt 0.4609375 0.90625
vt 0.458984375 0.90625
vt 0.458984375 0.9375
vt 0.4609375 0.9375
f 183/529 179/530 178/531 182/532
vt 0.45703125 0.90625
vt 0.455078125 0.90625
vt 0.455078125 0.9375
vt 0.45703125 0.9375
f 180/533 184/534 181/535 177/536
vt 0.458984375 0.9375
vt 0.45703125 0.9375
vt 0.45703125 0.96875
vt 0.458984375 0.96875
f 178/537 177/538 181/539 182/540
vt 0.4609375 0.96875
vt 0.458984375 0.96875
vt 0.458984375 0.9375
vt 0.4609375 0.9375
f 183/541 184/542 180/543 179/544
vt 0.458984375 0.90625
vt 0.45703125 0.90625
vt 0.45703125 0.9375
vt 0.458984375 0.9375
f 179/545 180/546 177/547 178/548
vt 0.462890625 0.90625
vt 0.4609375 0.90625
vt 0.4609375 0.9375
vt 0.462890625 0.9375
f 184/549 183/550 182/551 181/552
o gunModel23
v 7.900002 2.650001 -0.95
v 8.550002 2.650001 -0.95
v 8.550002 2.150001 -0.95
v 7.900002 2.150001 -0.95
v 7.900002 2.650001 0.65
v 8.550002 2.650001 0.65
v 8.550002 2.150001 0.65
v 7.900002 2.150001 0.65
vt 0.4765625 0.90625
vt 0.474609375 0.90625
vt 0.474609375 0.9375
vt 0.4765625 0.9375
f 191/553 187/554 186/555 190/556
vt 0.47265625 0.90625
vt 0.470703125 0.90625
vt 0.470703125 0.9375
vt 0.47265625 0.9375
f 188/557 192/558 189/559 185/560
vt 0.474609375 0.9375
vt 0.47265625 0.9375
vt 0.47265625 0.96875
vt 0.474609375 0.96875
f 186/561 185/562 189/563 190/564
vt 0.4765625 0.96875
vt 0.474609375 0.96875
vt 0.474609375 0.9375
vt 0.4765625 0.9375
f 191/565 192/566 188/567 187/568
vt 0.474609375 0.90625
vt 0.47265625 0.90625
vt 0.47265625 0.9375
vt 0.474609375 0.9375
f 187/569 188/570 185/571 186/572
vt 0.478515625 0.90625
vt 0.4765625 0.90625
vt 0.4765625 0.9375
vt 0.478515625 0.9375
f 192/573 191/574 190/575 189/576
o gunModel24
v 1.75 2.650001 -1.3
v 3.45 2.650001 -0.8
v 3.5 2.150001 -0.75
v 1.75 2.150001 -1.3
v 2.15 3.000001 0.2
v 3.45 2.900001 0.25
v 3.5 2.150001 0.25
v 2.15 1.700001 0.25
vt 0.4921875 0.90625
vt 0.490234375 0.90625
vt 0.490234375 0.9375
vt 0.4921875 0.9375
f 199/577 195/578 194/579 198/580
vt 0.48828125 0.90625
vt 0.486328125 0.90625
vt 0.486328125 0.9375
vt 0.48828125 0.9375
f 196/581 200/582 197/583 193/584
vt 0.490234375 0.9375
vt 0.48828125 0.9375
vt 0.48828125 0.96875
vt 0.490234375 0.96875
f 194/585 193/586 197/587 198/588
vt 0.4921875 0.96875
vt 0.490234375 0.96875
vt 0.490234375 0.9375
vt 0.4921875 0.9375
f 199/589 200/590 196/591 195/592
vt 0.490234375 0.90625
vt 0.48828125 0.90625
vt 0.48828125 0.9375
vt 0.490234375 0.9375
f 195/593 196/594 193/595 194/596
vt 0.494140625 0.90625
vt 0.4921875 0.90625
vt 0.4921875 0.9375
vt 0.494140625 0.9375
f 200/597 199/598 198/599 197/600
o gunModel25
v 1.45 2.550001 -1.3
v 2.15 2.550001 -1.15
v 2.15 2.250001 -1.15
v 1.45 2.250001 -1.3
v 1.45 2.550001 -1
v 2.15 2.550001 -0.85
v 2.15 2.250001 -0.85
v 1.45 2.250001 -1
vt 0.5078125 0.90625
vt 0.505859375 0.90625
vt 0.505859375 0.9375
vt 0.5078125 0.9375
f 207/601 203/602 202/603 206/604
vt 0.50390625 0.90625
vt 0.501953125 0.90625
vt 0.501953125 0.9375
vt 0.50390625 0.9375
f 204/605 208/606 205/607 201/608
vt 0.505859375 0.9375
vt 0.50390625 0.9375
vt 0.50390625 0.96875
vt 0.505859375 0.96875
f 202/609 201/610 205/611 206/612
vt 0.5078125 0.96875
vt 0.505859375 0.96875
vt 0.505859375 0.9375
vt 0.5078125 0.9375
f 207/613 208/614 204/615 203/616
vt 0.505859375 0.90625
vt 0.50390625 0.90625
vt 0.50390625 0.9375
vt 0.505859375 0.9375
f 203/617 204/618 201/619 202/620
vt 0.509765625 0.90625
vt 0.5078125 0.90625
vt 0.5078125 0.9375
vt 0.509765625 0.9375
f 208/621 207/622 206/623 205/624
o gunModel26
v 1.35 2.600001 -1.35
v 1.45 2.600001 -1.35
v 1.45 2.200001 -1.35
v 1.35 2.200001 -1.35
v 1.35 2.600001 -0.95
v 1.45 2.600001 -0.95
v 1.45 2.200001 -0.95
v 1.35 2.200001 -0.95
vt 0.5234375 0.90625
vt 0.521484375 0.90625
vt 0.521484375 0.9375
vt 0.5234375 0.9375
f 215/625 211/626 210/627 214/628
vt 0.51953125 0.90625
vt 0.517578125 0.90625
vt 0.517578125 0.9375
vt 0.51953125 0.9375
f 212/629 216/630 213/631 209/632
vt 0.521484375 0.9375
vt 0.51953125 0.9375
vt 0.51953125 0.96875
vt 0.521484375 0.96875
f 210/633 209/634 213/635 214/636
vt 0.5234375 0.96875
vt 0.521484375 0.96875
vt 0.521484375 0.9375
vt 0.5234375 0.9375
f 215/637 216/638 212/639 211/640
vt 0.521484375 0.90625
vt 0.51953125 0.90625
vt 0.51953125 0.9375
vt 0.521484375 0.9375
f 211/641 212/642 209/643 210/644
vt 0.525390625 0.90625
vt 0.5234375 0.90625
vt 0.5234375 0.9375
vt 0.525390625 0.9375
f 216/645 215/646 214/647 213/648
o gunModel27
v 4.750002 2.800001 -0.9
v 7.450002 2.800001 -0.9
v 7.450002 2.000001 -1
v 4.750002 2.000001 -1
v 4.750002 2.800001 0.15
v 7.450002 2.800001 0.15
v 7.450002 2.000001 0.1
v 4.750002 2.000001 0.1
vt 0.5390625 0.90625
vt 0.537109375 0.90625
vt 0.537109375 0.9375
vt 0.5390625 0.9375
f 223/649 219/650 218/651 222/652
vt 0.53515625 0.90625
vt 0.533203125 0.90625
vt 0.533203125 0.9375
vt 0.53515625 0.9375
f 220/653 224/654 221/655 217/656
vt 0.537109375 0.9375
vt 0.53515625 0.9375
vt 0.53515625 0.96875
vt 0.537109375 0.96875
f 218/657 217/658 221/659 222/660
vt 0.5390625 0.96875
vt 0.537109375 0.96875
vt 0.537109375 0.9375
vt 0.5390625 0.9375
f 223/661 224/662 220/663 219/664
vt 0.537109375 0.90625
vt 0.53515625 0.90625
vt 0.53515625 0.9375
vt 0.537109375 0.9375
f 219/665 220/666 217/667 218/668
vt 0.541015625 0.90625
vt 0.5390625 0.90625
vt 0.5390625 0.9375
vt 0.541015625 0.9375
f 224/669 223/670 222/671 221/672
o gunModel28
v 4.950001 1.900001 -0.85
v 7.450001 1.900001 -0.85
v 7.450001 1.700001 -0.85
v 4.950001 1.700001 -0.85
v 4.950001 1.900001 -0.25
v 7.450001 1.900001 -0.25
v 7.450001 1.700001 -0.25
v 4.950001 1.700001 -0.25
vt 0.556640625 0.90625
vt 0.5546875 0.90625
vt 0.5546875 0.9375
vt 0.556640625 0.9375
f 231/673 227/674 226/675 230/676
vt 0.55078125 0.90625
vt 0.548828125 0.90625
vt 0.548828125 0.9375
vt 0.55078125 0.9375
f 228/677 232/678 229/679 225/680
vt 0.5546875 0.9375
vt 0.55078125 0.9375
vt 0.55078125 0.96875
vt 0.5546875 0.96875
f 226/681 225/682 229/683 230/684
vt 0.55859375 0.96875
vt 0.5546875 0.96875
vt 0.5546875 0.9375
vt 0.55859375 0.9375
f 231/685 232/686 228/687 227/688
vt 0.5546875 0.90625
vt 0.55078125 0.90625
vt 0.55078125 0.9375
vt 0.5546875 0.9375
f 227/689 228/690 225/691 226/692
vt 0.560546875 0.90625
vt 0.556640625 0.90625
vt 0.556640625 0.9375
vt 0.560546875 0.9375
f 232/693 231/694 230/695 229/696
o gunModel29
v 4.799999 2.100001 -0.7
v 5.149999 2.100001 -0.7
v 5.149999 1.100001 -0.7
v 4.799999 1.100001 -0.7
v 4.799999 2.100001 0.4
v 5.149999 2.100001 0.4
v 5.149999 1.100001 0.4
v 4.799999 1.100001 0.4
vt 0.5703125 0.875
vt 0.568359375 0.875
vt 0.568359375 0.9375
vt 0.5703125 0.9375
f 239/697 235/698 234/699 238/700
vt 0.56640625 0.875
vt 0.564453125 0.875
vt 0.564453125 0.9375
vt 0.56640625 0.9375
f 236/701 240/702 237/703 233/704
vt 0.568359375 0.9375
vt 0.56640625 0.9375
vt 0.56640625 0.96875
vt 0.568359375 0.96875
f 234/705 233/706 237/707 238/708
vt 0.5703125 0.96875
vt 0.568359375 0.96875
vt 0.568359375 0.9375
vt 0.5703125 0.9375
f 239/709 240/710 236/711 235/712
vt 0.568359375 0.875
vt 0.56640625 0.875
vt 0.56640625 0.9375
vt 0.568359375 0.9375
f 235/713 236/714 233/715 234/716
vt 0.572265625 0.875
vt 0.5703125 0.875
vt 0.5703125 0.9375
vt 0.572265625 0.9375
f 240/717 239/718 238/719 237/720
o gunModel30
v 5.19 1.800001 -0.8
v 5.31 1.800001 -0.8
v 5.31 1.200001 -0.8
v 5.19 1.200001 -0.8
v 5.19 1.800001 -0.2
v 5.31 1.800001 -0.2
v 5.31 1.200001 -0.2
v 5.19 1.200001 -0.2
vt 0.5859375 0.90625
vt 0.583984375 0.90625
vt 0.583984375 0.9375
vt 0.5859375 0.9375
f 247/721 243/722 242/723 246/724
vt 0.58203125 0.90625
vt 0.580078125 0.90625
vt 0.580078125 0.9375
vt 0.58203125 0.9375
f 244/725 248/726 245/727 241/728
vt 0.583984375 0.9375
vt 0.58203125 0.9375
vt 0.58203125 0.96875
vt 0.583984375 0.96875
f 242/729 241/730 245/731 246/732
vt 0.5859375 0.96875
vt 0.583984375 0.96875
vt 0.583984375 0.9375
vt 0.5859375 0.9375
f 247/733 248/734 244/735 243/736
vt 0.583984375 0.90625
vt 0.58203125 0.90625
vt 0.58203125 0.9375
vt 0.583984375 0.9375
f 243/737 244/738 241/739 242/740
vt 0.587890625 0.90625
vt 0.5859375 0.90625
vt 0.5859375 0.9375
vt 0.587890625 0.9375
f 248/741 247/742 246/743 245/744
o gunModel31
v 4.86 1.210001 -0.8
v 5.31 1.210001 -0.8
v 5.31 1.090001 -0.8
v 4.86 1.090001 -0.8
v 4.86 1.210001 -0.2
v 5.31 1.210001 -0.2
v 5.31 1.090001 -0.2
v 4.86 1.090001 -0.2
vt 0.6015625 0.90625
vt 0.599609375 0.90625
vt 0.599609375 0.9375
vt 0.6015625 0.9375
f 255/745 251/746 250/747 254/748
vt 0.59765625 0.90625
vt 0.595703125 0.90625
vt 0.595703125 0.9375
vt 0.59765625 0.9375
f 252/749 256/750 253/751 249/752
vt 0.599609375 0.9375
vt 0.59765625 0.9375
vt 0.59765625 0.96875
vt 0.599609375 0.96875
f 250/753 249/754 253/755 254/756
vt 0.6015625 0.96875
vt 0.599609375 0.96875
vt 0.599609375 0.9375
vt 0.6015625 0.9375
f 255/757 256/758 252/759 251/760
vt 0.599609375 0.90625
vt 0.59765625 0.90625
vt 0.59765625 0.9375
vt 0.599609375 0.9375
f 251/761 252/762 249/763 250/764
vt 0.603515625 0.90625
vt 0.6015625 0.90625
vt 0.6015625 0.9375
vt 0.603515625 0.9375
f 256/765 255/766 254/767 253/768
o gunModel32
v 4.899999 1.600001 -0.85
v 5.119999 1.600001 -0.85
v 5.119999 1.300001 -0.85
v 4.899999 1.300001 -0.85
v 4.899999 1.600001 -0.25
v 5.119999 1.600001 -0.25
v 5.119999 1.300001 -0.25
v 4.899999 1.300001 -0.25
vt 0.6171875 0.90625
vt 0.615234375 0.90625
vt 0.615234375 0.9375
vt 0.6171875 0.9375
f 263/769 259/770 258/771 262/772
vt 0.61328125 0.90625
vt 0.611328125 0.90625
vt 0.611328125 0.9375
vt 0.61328125 0.9375
f 260/773 264/774 261/775 257/776
vt 0.615234375 0.9375
vt 0.61328125 0.9375
vt 0.61328125 0.96875
vt 0.615234375 0.96875
f 258/777 257/778 261/779 262/780
vt 0.6171875 0.96875
vt 0.615234375 0.96875
vt 0.615234375 0.9375
vt 0.6171875 0.9375
f 263/781 264/782 260/783 259/784
vt 0.615234375 0.90625
vt 0.61328125 0.90625
vt 0.61328125 0.9375
vt 0.615234375 0.9375
f 259/785 260/786 257/787 258/788
vt 0.619140625 0.90625
vt 0.6171875 0.90625
vt 0.6171875 0.9375
vt 0.619140625 0.9375
f 264/789 263/790 262/791 261/792
o gunModel33
v 1.75 -2.05 -0.65
v 2.15 -2.25 -0.65
v 1.95 -2.45 -0.65
v 1.75 -2.45 -0.65
v 1.75 -2.05 0.35
v 2.15 -2.25 0.35
v 1.95 -2.45 0.35
v 1.75 -2.45 0.35
vt 0.6328125 0.875
vt 0.630859375 0.875
vt 0.630859375 0.9375
vt 0.6328125 0.9375
f 271/793 267/794 266/795 270/796
vt 0.62890625 0.875
vt 0.626953125 0.875
vt 0.626953125 0.9375
vt 0.62890625 0.9375
f 268/797 272/798 269/799 265/800
vt 0.630859375 0.9375
vt 0.62890625 0.9375
vt 0.62890625 0.96875
vt 0.630859375 0.96875
f 266/801 265/802 269/803 270/804
vt 0.6328125 0.96875
vt 0.630859375 0.96875
vt 0.630859375 0.9375
vt 0.6328125 0.9375
f 271/805 272/806 268/807 267/808
vt 0.630859375 0.875
vt 0.62890625 0.875
vt 0.62890625 0.9375
vt 0.630859375 0.9375
f 267/809 268/810 265/811 266/812
vt 0.634765625 0.875
vt 0.6328125 0.875
vt 0.6328125 0.9375
vt 0.634765625 0.9375
f 272/813 271/814 270/815 269/816
o gunModel34
v 12.15001 2.460001 -0.4
v 18.15001 2.460001 -0.4
v 18.15001 2.300001 -0.4
v 12.15001 2.300001 -0.4
v 12.15001 2.460001 0.1
v 18.15001 2.460001 0.1
v 18.15001 2.300001 0.1
v 12.15001 2.300001 0.1
vt 0.658203125 0.90625
vt 0.65625 0.90625
vt 0.65625 0.9375
vt 0.658203125 0.9375
f 279/817 275/818 274/819 278/820
vt 0.64453125 0.90625
vt 0.642578125 0.90625
vt 0.642578125 0.9375
vt 0.64453125 0.9375
f 276/821 280/822 277/823 273/824
vt 0.65625 0.9375
vt 0.64453125 0.9375
vt 0.64453125 0.96875
vt 0.65625 0.96875
f 274/825 273/826 277/827 278/828
vt 0.66796875 0.96875
vt 0.65625 0.96875
vt 0.65625 0.9375
vt 0.66796875 0.9375
f 279/829 280/830 276/831 275/832
vt 0.65625 0.90625
vt 0.64453125 0.90625
vt 0.64453125 0.9375
vt 0.65625 0.9375
f 275/833 276/834 273/835 274/836
vt 0.669921875 0.90625
vt 0.658203125 0.90625
vt 0.658203125 0.9375
vt 0.669921875 0.9375
f 280/837 279/838 278/839 277/840
o gunModel35
v 12.15001 2.640001 -0.23
v 18.15001 2.640001 -0.23
v 18.15001 2.460001 -0.4
v 12.15001 2.460001 -0.4
v 12.15001 2.640001 -0.07
v 18.15001 2.640001 -0.07
v 18.15001 2.460001 0.1
v 12.15001 2.460001 0.1
vt 0.689453125 0.90625
vt 0.6875 0.90625
vt 0.6875 0.9375
vt 0.689453125 0.9375
f 287/841 283/842 282/843 286/844
vt 0.67578125 0.90625
vt 0.673828125 0.90625
vt 0.673828125 0.9375
vt 0.67578125 0.9375
f 284/845 288/846 285/847 281/848
vt 0.6875 0.9375
vt 0.67578125 0.9375
vt 0.67578125 0.96875
vt 0.6875 0.96875
f 282/849 281/850 285/851 286/852
vt 0.69921875 0.96875
vt 0.6875 0.96875
vt 0.6875 0.9375
vt 0.69921875 0.9375
f 287/853 288/854 284/855 283/856
vt 0.6875 0.90625
vt 0.67578125 0.90625
vt 0.67578125 0.9375
vt 0.6875 0.9375
f 283/857 284/858 281/859 282/860
vt 0.701171875 0.90625
vt 0.689453125 0.90625
vt 0.689453125 0.9375
vt 0.701171875 0.9375
f 288/861 287/862 286/863 285/864
o gunModel36
v 12.15001 2.300001 -0.4
v 18.15001 2.300001 -0.4
v 18.15001 2.120001 -0.23
v 12.15001 2.120001 -0.23
v 12.15001 2.300001 0.1
v 18.15001 2.300001 0.1
v 18.15001 2.120001 -0.07
v 12.15001 2.120001 -0.07
vt 0.720703125 0.90625
vt 0.71875 0.90625
vt 0.71875 0.9375
vt 0.720703125 0.9375
f 295/865 291/866 290/867 294/868
vt 0.70703125 0.90625
vt 0.705078125 0.90625
vt 0.705078125 0.9375
vt 0.70703125 0.9375
f 292/869 296/870 293/871 289/872
vt 0.71875 0.9375
vt 0.70703125 0.9375
vt 0.70703125 0.96875
vt 0.71875 0.96875
f 290/873 289/874 293/875 294/876
vt 0.73046875 0.96875
vt 0.71875 0.96875
vt 0.71875 0.9375
vt 0.73046875 0.9375
f 295/877 296/878 292/879 291/880
vt 0.71875 0.90625
vt 0.70703125 0.90625
vt 0.70703125 0.9375
vt 0.71875 0.9375
f 291/881 292/882 289/883 290/884
vt 0.732421875 0.90625
vt 0.720703125 0.90625
vt 0.720703125 0.9375
vt 0.732421875 0.9375
f 296/885 295/886 294/887 293/888
o gunModel37
v 16.05001 4.199995 -0.43
v 16.25001 4.199995 -0.43
v 16.25001 1.899995 -0.43
v 16.05001 1.899995 -0.43
v 16.05001 4.199995 0.13
v 16.25001 4.199995 0.13
v 16.25001 1.899995 0.13
v 16.05001 1.899995 0.13
vt 0.7421875 0.84375
vt 0.740234375 0.84375
vt 0.740234375 0.9375
vt 0.7421875 0.9375
f 303/889 299/890 298/891 302/892
vt 0.73828125 0.84375
vt 0.736328125 0.84375
vt 0.736328125 0.9375
vt 0.73828125 0.9375
f 300/893 304/894 301/895 297/896
vt 0.740234375 0.9375
vt 0.73828125 0.9375
vt 0.73828125 0.96875
vt 0.740234375 0.96875
f 298/897 297/898 301/899 302/900
vt 0.7421875 0.96875
vt 0.740234375 0.96875
vt 0.740234375 0.9375
vt 0.7421875 0.9375
f 303/901 304/902 300/903 299/904
vt 0.740234375 0.84375
vt 0.73828125 0.84375
vt 0.73828125 0.9375
vt 0.740234375 0.9375
f 299/905 300/906 297/907 298/908
vt 0.744140625 0.84375
vt 0.7421875 0.84375
vt 0.7421875 0.9375
vt 0.744140625 0.9375
f 304/909 303/910 302/911 301/912
o gunModel38
v 14.68001 3.249999 -0.43
v 14.88001 3.249999 -0.43
v 14.88001 1.799999 -0.43
v 14.68001 1.799999 -0.43
v 14.68001 3.249999 0.13
v 14.88001 3.249999 0.13
v 14.88001 1.799999 0.13
v 14.68001 1.799999 0.13
vt 0.7578125 0.875
vt 0.755859375 0.875
vt 0.755859375 0.9375
vt 0.7578125 0.9375
f 311/913 307/914 306/915 310/916
vt 0.75390625 0.875
vt 0.751953125 0.875
vt 0.751953125 0.9375
vt 0.75390625 0.9375
f 308/917 312/918 309/919 305/920
vt 0.755859375 0.9375
vt 0.75390625 0.9375
vt 0.75390625 0.96875
vt 0.755859375 0.96875
f 306/921 305/922 309/923 310/924
vt 0.7578125 0.96875
vt 0.755859375 0.96875
vt 0.755859375 0.9375
vt 0.7578125 0.9375
f 311/925 312/926 308/927 307/928
vt 0.755859375 0.875
vt 0.75390625 0.875
vt 0.75390625 0.9375
vt 0.755859375 0.9375
f 307/929 308/930 305/931 306/932
vt 0.759765625 0.875
vt 0.7578125 0.875
vt 0.7578125 0.9375
vt 0.759765625 0.9375
f 312/933 311/934 310/935 309/936
o gunModel39
v 15.48001 4.199996 -0.43
v 15.68001 4.199996 -0.43
v 14.88001 3.199996 -0.43
v 14.68001 3.199996 -0.43
v 15.48001 4.199996 0.13
v 15.68001 4.199996 0.13
v 14.88001 3.199996 0.13
v 14.68001 3.199996 0.13
vt 0.7734375 0.875
vt 0.771484375 0.875
vt 0.771484375 0.9375
vt 0.7734375 0.9375
f 319/937 315/938 314/939 318/940
vt 0.76953125 0.875
vt 0.767578125 0.875
vt 0.767578125 0.9375
vt 0.76953125 0.9375
f 316/941 320/942 317/943 313/944
vt 0.771484375 0.9375
vt 0.76953125 0.9375
vt 0.76953125 0.96875
vt 0.771484375 0.96875
f 314/945 313/946 317/947 318/948
vt 0.7734375 0.96875
vt 0.771484375 0.96875
vt 0.771484375 0.9375
vt 0.7734375 0.9375
f 319/949 320/950 316/951 315/952
vt 0.771484375 0.875
vt 0.76953125 0.875
vt 0.76953125 0.9375
vt 0.771484375 0.9375
f 315/953 316/954 313/955 314/956
vt 0.775390625 0.875
vt 0.7734375 0.875
vt 0.7734375 0.9375
vt 0.775390625 0.9375
f 320/957 319/958 318/959 317/960
o gunModel40
v 14.90001 3.199999 -0.3
v 16.10001 3.199999 -0.3
v 16.10001 2.899999 -0.3
v 14.90001 2.899999 -0.3
v 14.90001 3.199999 0
v 16.10001 3.199999 0
v 16.10001 2.899999 0
v 14.90001 2.899999 0
vt 0.791015625 0.90625
vt 0.7890625 0.90625
vt 0.7890625 0.9375
vt 0.791015625 0.9375
f 327/961 323/962 322/963 326/964
vt 0.78515625 0.90625
vt 0.783203125 0.90625
vt 0.783203125 0.9375
vt 0.78515625 0.9375
f 324/965 328/966 325/967 321/968
vt 0.7890625 0.9375
vt 0.78515625 0.9375
vt 0.78515625 0.96875
vt 0.7890625 0.96875
f 322/969 321/970 325/971 326/972
vt 0.79296875 0.96875
vt 0.7890625 0.96875
vt 0.7890625 0.9375
vt 0.79296875 0.9375
f 327/973 328/974 324/975 323/976
vt 0.7890625 0.90625
vt 0.78515625 0.90625
vt 0.78515625 0.9375
vt 0.7890625 0.9375
f 323/977 324/978 321/979 322/980
vt 0.794921875 0.90625
vt 0.791015625 0.90625
vt 0.791015625 0.9375
vt 0.794921875 0.9375
f 328/981 327/982 326/983 325/984
o gunModel41
v 15.70001 2.899999 -0.25
v 15.90001 2.899999 -0.25
v 15.90001 2.749999 -0.25
v 15.70001 2.899999 -0.25
v 15.70001 2.899999 -0.05
v 15.90001 2.899999 -0.05
v 15.90001 2.749999 -0.05
v 15.70001 2.899999 -0.05
vt 0.8046875 0.90625
vt 0.802734375 0.90625
vt 0.802734375 0.9375
vt 0.8046875 0.9375
f 335/985 331/986 330/987 334/988
vt 0.80078125 0.90625
vt 0.798828125 0.90625
vt 0.798828125 0.9375
vt 0.80078125 0.9375
f 332/989 336/990 333/991 329/992
vt 0.802734375 0.9375
vt 0.80078125 0.9375
vt 0.80078125 0.96875
vt 0.802734375 0.96875
f 330/993 329/994 333/995 334/996
vt 0.8046875 0.96875
vt 0.802734375 0.96875
vt 0.802734375 0.9375
vt 0.8046875 0.9375
f 335/997 336/998 332/999 331/1000
vt 0.802734375 0.90625
vt 0.80078125 0.90625
vt 0.80078125 0.9375
vt 0.802734375 0.9375
f 331/1001 332/1002 329/1003 330/1004
vt 0.806640625 0.90625
vt 0.8046875 0.90625
vt 0.8046875 0.9375
vt 0.806640625 0.9375
f 336/1005 335/1006 334/1007 333/1008
o gunModel42
v 15.00001 2.899999 -0.25
v 15.20001 2.899999 -0.25
v 15.20001 2.899999 -0.25
v 15.00001 2.749999 -0.25
v 15.00001 2.899999 -0.05
v 15.20001 2.899999 -0.05
v 15.20001 2.899999 -0.05
v 15.00001 2.749999 -0.05
vt 0.8203125 0.90625
vt 0.818359375 0.90625
vt 0.818359375 0.9375
vt 0.8203125 0.9375
f 343/1009 339/1010 338/1011 342/1012
vt 0.81640625 0.90625
vt 0.814453125 0.90625
vt 0.814453125 0.9375
vt 0.81640625 0.9375
f 340/1013 344/1014 341/1015 337/1016
vt 0.818359375 0.9375
vt 0.81640625 0.9375
vt 0.81640625 0.96875
vt 0.818359375 0.96875
f 338/1017 337/1018 341/1019 342/1020
vt 0.8203125 0.96875
vt 0.818359375 0.96875
vt 0.818359375 0.9375
vt 0.8203125 0.9375
f 343/1021 344/1022 340/1023 339/1024
vt 0.818359375 0.90625
vt 0.81640625 0.90625
vt 0.81640625 0.9375
vt 0.818359375 0.9375
f 339/1025 340/1026 337/1027 338/1028
vt 0.822265625 0.90625
vt 0.8203125 0.90625
vt 0.8203125 0.9375
vt 0.822265625 0.9375
f 344/1029 343/1030 342/1031 341/1032
o gunModel43
v 15.85001 4.199996 -0.35
v 16.05001 4.199996 -0.35
v 16.05001 3.699996 -0.35
v 15.85001 3.699996 -0.35
v 15.85001 4.199996 0.05
v 16.05001 4.199996 0.05
v 16.05001 3.699996 0.05
v 15.85001 3.699996 0.05
vt 0.8359375 0.90625
vt 0.833984375 0.90625
vt 0.833984375 0.9375
vt 0.8359375 0.9375
f 351/1033 347/1034 346/1035 350/1036
vt 0.83203125 0.90625
vt 0.830078125 0.90625
vt 0.830078125 0.9375
vt 0.83203125 0.9375
f 348/1037 352/1038 349/1039 345/1040
vt 0.833984375 0.9375
vt 0.83203125 0.9375
vt 0.83203125 0.96875
vt 0.833984375 0.96875
f 346/1041 345/1042 349/1043 350/1044
vt 0.8359375 0.96875
vt 0.833984375 0.96875
vt 0.833984375 0.9375
vt 0.8359375 0.9375
f 351/1045 352/1046 348/1047 347/1048
vt 0.833984375 0.90625
vt 0.83203125 0.90625
vt 0.83203125 0.9375
vt 0.833984375 0.9375
f 347/1049 348/1050 345/1051 346/1052
vt 0.837890625 0.90625
vt 0.8359375 0.90625
vt 0.8359375 0.9375
vt 0.837890625 0.9375
f 352/1053 351/1054 350/1055 349/1056
o gunModel44
v 15.90001 2.080001 -0.25
v 16.20001 2.080001 -0.25
v 16.20001 1.530001 -0.25
v 15.90001 1.530001 -0.25
v 15.90001 2.080001 -0.05
v 16.20001 2.080001 -0.05
v 16.20001 1.530001 -0.05
v 15.90001 1.530001 -0.05
vt 0.8515625 0.90625
vt 0.849609375 0.90625
vt 0.849609375 0.9375
vt 0.8515625 0.9375
f 359/1057 355/1058 354/1059 358/1060
vt 0.84765625 0.90625
vt 0.845703125 0.90625
vt 0.845703125 0.9375
vt 0.84765625 0.9375
f 356/1061 360/1062 357/1063 353/1064
vt 0.849609375 0.9375
vt 0.84765625 0.9375
vt 0.84765625 0.96875
vt 0.849609375 0.96875
f 354/1065 353/1066 357/1067 358/1068
vt 0.8515625 0.96875
vt 0.849609375 0.96875
vt 0.849609375 0.9375
vt 0.8515625 0.9375
f 359/1069 360/1070 356/1071 355/1072
vt 0.849609375 0.90625
vt 0.84765625 0.90625
vt 0.84765625 0.9375
vt 0.849609375 0.9375
f 355/1073 356/1074 353/1075 354/1076
vt 0.853515625 0.90625
vt 0.8515625 0.90625
vt 0.8515625 0.9375
vt 0.853515625 0.9375
f 360/1077 359/1078 358/1079 357/1080
o gunModel45
v 14.70001 2.150001 -0.25
v 15.00001 2.150001 -0.25
v 15.00001 1.600001 -0.25
v 14.70001 1.600001 -0.25
v 14.70001 2.150001 -0.05
v 15.00001 2.150001 -0.05
v 15.00001 1.600001 -0.05
v 14.70001 1.600001 -0.05
vt 0.8671875 0.90625
vt 0.865234375 0.90625
vt 0.865234375 0.9375
vt 0.8671875 0.9375
f 367/1081 363/1082 362/1083 366/1084
vt 0.86328125 0.90625
vt 0.861328125 0.90625
vt 0.861328125 0.9375
vt 0.86328125 0.9375
f 364/1085 368/1086 365/1087 361/1088
vt 0.865234375 0.9375
vt 0.86328125 0.9375
vt 0.86328125 0.96875
vt 0.865234375 0.96875
f 362/1089 361/1090 365/1091 366/1092
vt 0.8671875 0.96875
vt 0.865234375 0.96875
vt 0.865234375 0.9375
vt 0.8671875 0.9375
f 367/1093 368/1094 364/1095 363/1096
vt 0.865234375 0.90625
vt 0.86328125 0.90625
vt 0.86328125 0.9375
vt 0.865234375 0.9375
f 363/1097 364/1098 361/1099 362/1100
vt 0.869140625 0.90625
vt 0.8671875 0.90625
vt 0.8671875 0.9375
vt 0.869140625 0.9375
f 368/1101 367/1102 366/1103 365/1104
o gunModel46
v 14.70001 3.149999 -0.25
v 15.00001 3.149999 -0.25
v 15.00001 2.599999 -0.25
v 14.70001 2.599999 -0.25
v 14.70001 3.149999 -0.05
v 15.00001 3.149999 -0.05
v 15.00001 2.599999 -0.05
v 14.70001 2.599999 -0.05
vt 0.8828125 0.90625
vt 0.880859375 0.90625
vt 0.880859375 0.9375
vt 0.8828125 0.9375
f 375/1105 371/1106 370/1107 374/1108
vt 0.87890625 0.90625
vt 0.876953125 0.90625
vt 0.876953125 0.9375
vt 0.87890625 0.9375
f 372/1109 376/1110 373/1111 369/1112
vt 0.880859375 0.9375
vt 0.87890625 0.9375
vt 0.87890625 0.96875
vt 0.880859375 0.96875
f 370/1113 369/1114 373/1115 374/1116
vt 0.8828125 0.96875
vt 0.880859375 0.96875
vt 0.880859375 0.9375
vt 0.8828125 0.9375
f 375/1117 376/1118 372/1119 371/1120
vt 0.880859375 0.90625
vt 0.87890625 0.90625
vt 0.87890625 0.9375
vt 0.880859375 0.9375
f 371/1121 372/1122 369/1123 370/1124
vt 0.884765625 0.90625
vt 0.8828125 0.90625
vt 0.8828125 0.9375
vt 0.884765625 0.9375
f 376/1125 375/1126 374/1127 373/1128
o gunModel47
v 15.90001 3.149999 -0.25
v 16.20001 3.149999 -0.25
v 16.20001 2.599999 -0.25
v 15.90001 2.599999 -0.25
v 15.90001 3.149999 -0.05
v 16.20001 3.149999 -0.05
v 16.20001 2.599999 -0.05
v 15.90001 2.599999 -0.05
vt 0.8984375 0.90625
vt 0.896484375 0.90625
vt 0.896484375 0.9375
vt 0.8984375 0.9375
f 383/1129 379/1130 378/1131 382/1132
vt 0.89453125 0.90625
vt 0.892578125 0.90625
vt 0.892578125 0.9375
vt 0.89453125 0.9375
f 380/1133 384/1134 381/1135 377/1136
vt 0.896484375 0.9375
vt 0.89453125 0.9375
vt 0.89453125 0.96875
vt 0.896484375 0.96875
f 378/1137 377/1138 381/1139 382/1140
vt 0.8984375 0.96875
vt 0.896484375 0.96875
vt 0.896484375 0.9375
vt 0.8984375 0.9375
f 383/1141 384/1142 380/1143 379/1144
vt 0.896484375 0.90625
vt 0.89453125 0.90625
vt 0.89453125 0.9375
vt 0.896484375 0.9375
f 379/1145 380/1146 377/1147 378/1148
vt 0.900390625 0.90625
vt 0.8984375 0.90625
vt 0.8984375 0.9375
vt 0.900390625 0.9375
f 384/1149 383/1150 382/1151 381/1152
o gunModel48
v 16.10001 1.890001 -0.28
v 16.60001 1.890001 -0.28
v 16.60001 1.530001 -0.28
v 16.10001 1.530001 -0.28
v 16.10001 1.890001 -0.02
v 16.60001 1.890001 -0.02
v 16.60001 1.530001 -0.02
v 16.10001 1.530001 -0.02
vt 0.9140625 0.90625
vt 0.912109375 0.90625
vt 0.912109375 0.9375
vt 0.9140625 0.9375
f 391/1153 387/1154 386/1155 390/1156
vt 0.91015625 0.90625
vt 0.908203125 0.90625
vt 0.908203125 0.9375
vt 0.91015625 0.9375
f 388/1157 392/1158 389/1159 385/1160
vt 0.912109375 0.9375
vt 0.91015625 0.9375
vt 0.91015625 0.96875
vt 0.912109375 0.96875
f 386/1161 385/1162 389/1163 390/1164
vt 0.9140625 0.96875
vt 0.912109375 0.96875
vt 0.912109375 0.9375
vt 0.9140625 0.9375
f 391/1165 392/1166 388/1167 387/1168
vt 0.912109375 0.90625
vt 0.91015625 0.90625
vt 0.91015625 0.9375
vt 0.912109375 0.9375
f 387/1169 388/1170 385/1171 386/1172
vt 0.916015625 0.90625
vt 0.9140625 0.90625
vt 0.9140625 0.9375
vt 0.916015625 0.9375
f 392/1173 391/1174 390/1175 389/1176
o gunModel49
v 15.65001 4.499996 -0.43
v 16.25001 4.499996 -0.43
v 16.25001 4.199996 -0.43
v 15.45001 4.199996 -0.43
v 15.65001 4.499996 -0.35
v 16.25001 4.499996 -0.35
v 16.25001 4.199996 -0.35
v 15.45001 4.199996 -0.35
vt 0.931640625 0.90625
vt 0.9296875 0.90625
vt 0.9296875 0.9375
vt 0.931640625 0.9375
f 399/1177 395/1178 394/1179 398/1180
vt 0.92578125 0.90625
vt 0.923828125 0.90625
vt 0.923828125 0.9375
vt 0.92578125 0.9375
f 396/1181 400/1182 397/1183 393/1184
vt 0.9296875 0.9375
vt 0.92578125 0.9375
vt 0.92578125 0.96875
vt 0.9296875 0.96875
f 394/1185 393/1186 397/1187 398/1188
vt 0.93359375 0.96875
vt 0.9296875 0.96875
vt 0.9296875 0.9375
vt 0.93359375 0.9375
f 399/1189 400/1190 396/1191 395/1192
vt 0.9296875 0.90625
vt 0.92578125 0.90625
vt 0.92578125 0.9375
vt 0.9296875 0.9375
f 395/1193 396/1194 393/1195 394/1196
vt 0.935546875 0.90625
vt 0.931640625 0.90625
vt 0.931640625 0.9375
vt 0.935546875 0.9375
f 400/1197 399/1198 398/1199 397/1200
o gunModel50
v 15.65001 4.499996 0.05
v 16.25001 4.499996 0.05
v 16.25001 4.199996 0.05
v 15.45001 4.199996 0.05
v 15.65001 4.499996 0.13
v 16.25001 4.499996 0.13
v 16.25001 4.199996 0.13
v 15.45001 4.199996 0.13
vt 0.947265625 0.90625
vt 0.9453125 0.90625
vt 0.9453125 0.9375
vt 0.947265625 0.9375
f 407/1201 403/1202 402/1203 406/1204
vt 0.94140625 0.90625
vt 0.939453125 0.90625
vt 0.939453125 0.9375
vt 0.94140625 0.9375
f 404/1205 408/1206 405/1207 401/1208
vt 0.9453125 0.9375
vt 0.94140625 0.9375
vt 0.94140625 0.96875
vt 0.9453125 0.96875
f 402/1209 401/1210 405/1211 406/1212
vt 0.94921875 0.96875
vt 0.9453125 0.96875
vt 0.9453125 0.9375
vt 0.94921875 0.9375
f 407/1213 408/1214 404/1215 403/1216
vt 0.9453125 0.90625
vt 0.94140625 0.90625
vt 0.94140625 0.9375
vt 0.9453125 0.9375
f 403/1217 404/1218 401/1219 402/1220
vt 0.951171875 0.90625
vt 0.947265625 0.90625
vt 0.947265625 0.9375
vt 0.951171875 0.9375
f 408/1221 407/1222 406/1223 405/1224
o gunModel51
v 15.65001 4.339996 -0.35
v 16.25001 4.339996 -0.35
v 16.25001 4.299996 -0.35
v 15.65001 4.299996 -0.35
v 15.65001 4.339996 0.05
v 16.25001 4.339996 0.05
v 16.25001 4.299996 0.05
v 15.65001 4.299996 0.05
vt 0.9609375 0.90625
vt 0.958984375 0.90625
vt 0.958984375 0.9375
vt 0.9609375 0.9375
f 415/1225 411/1226 410/1227 414/1228
vt 0.95703125 0.90625
vt 0.955078125 0.90625
vt 0.955078125 0.9375
vt 0.95703125 0.9375
f 412/1229 416/1230 413/1231 409/1232
vt 0.958984375 0.9375
vt 0.95703125 0.9375
vt 0.95703125 0.96875
vt 0.958984375 0.96875
f 410/1233 409/1234 413/1235 414/1236
vt 0.9609375 0.96875
vt 0.958984375 0.96875
vt 0.958984375 0.9375
vt 0.9609375 0.9375
f 415/1237 416/1238 412/1239 411/1240
vt 0.958984375 0.90625
vt 0.95703125 0.90625
vt 0.95703125 0.9375
vt 0.958984375 0.9375
f 411/1241 412/1242 409/1243 410/1244
vt 0.962890625 0.90625
vt 0.9609375 0.90625
vt 0.9609375 0.9375
vt 0.962890625 0.9375
f 416/1245 415/1246 414/1247 413/1248
o gunModel52
v 15.80001 4.699996 0.09
v 16.25001 4.699996 0.09
v 16.25001 4.499996 0.05
v 15.65001 4.499996 0.05
v 15.80001 4.699996 0.18
v 16.25001 4.699996 0.18
v 16.25001 4.499996 0.13
v 15.65001 4.499996 0.13
vt 0.978515625 0.90625
vt 0.9765625 0.90625
vt 0.9765625 0.9375
vt 0.978515625 0.9375
f 423/1249 419/1250 418/1251 422/1252
vt 0.97265625 0.90625
vt 0.970703125 0.90625
vt 0.970703125 0.9375
vt 0.97265625 0.9375
f 420/1253 424/1254 421/1255 417/1256
vt 0.9765625 0.9375
vt 0.97265625 0.9375
vt 0.97265625 0.96875
vt 0.9765625 0.96875
f 418/1257 417/1258 421/1259 422/1260
vt 0.98046875 0.96875
vt 0.9765625 0.96875
vt 0.9765625 0.9375
vt 0.98046875 0.9375
f 423/1261 424/1262 420/1263 419/1264
vt 0.9765625 0.90625
vt 0.97265625 0.90625
vt 0.97265625 0.9375
vt 0.9765625 0.9375
f 419/1265 420/1266 417/1267 418/1268
vt 0.982421875 0.90625
vt 0.978515625 0.90625
vt 0.978515625 0.9375
vt 0.982421875 0.9375
f 424/1269 423/1270 422/1271 421/1272
o gunModel53
v 15.80001 4.699996 -0.49
v 16.25001 4.699996 -0.49
v 16.25001 4.499996 -0.43
v 15.65001 4.499996 -0.43
v 15.80001 4.699996 -0.41
v 16.25001 4.699996 -0.41
v 16.25001 4.499996 -0.35
v 15.65001 4.499996 -0.35
vt 0.994140625 0.90625
vt 0.9921875 0.90625
vt 0.9921875 0.9375
vt 0.994140625 0.9375
f 431/1273 427/1274 426/1275 430/1276
vt 0.98828125 0.90625
vt 0.986328125 0.90625
vt 0.986328125 0.9375
vt 0.98828125 0.9375
f 428/1277 432/1278 429/1279 425/1280
vt 0.9921875 0.9375
vt 0.98828125 0.9375
vt 0.98828125 0.96875
vt 0.9921875 0.96875
f 426/1281 425/1282 429/1283 430/1284
vt 0.99609375 0.96875
vt 0.9921875 0.96875
vt 0.9921875 0.9375
vt 0.99609375 0.9375
f 431/1285 432/1286 428/1287 427/1288
vt 0.9921875 0.90625
vt 0.98828125 0.90625
vt 0.98828125 0.9375
vt 0.9921875 0.9375
f 427/1289 428/1290 425/1291 426/1292
vt 0.998046875 0.90625
vt 0.994140625 0.90625
vt 0.994140625 0.9375
vt 0.998046875 0.9375
f 432/1293 431/1294 430/1295 429/1296
o gunModel54
v 15.87001 4.699996 -0.17
v 16.03001 4.699996 -0.17
v 16.03001 4.299996 -0.17
v 15.87001 4.299996 -0.17
v 15.87001 4.699996 -0.13
v 16.03001 4.699996 -0.13
v 16.03001 4.299996 -0.13
v 15.87001 4.299996 -0.13
vt 0.009765625 0.65625
vt 0.0078125 0.65625
vt 0.0078125 0.6875
vt 0.009765625 0.6875
f 439/1297 435/1298 434/1299 438/1300
vt 0.00390625 0.65625
vt 0.001953125 0.65625
vt 0.001953125 0.6875
vt 0.00390625 0.6875
f 436/1301 440/1302 437/1303 433/1304
vt 0.0078125 0.6875
vt 0.00390625 0.6875
vt 0.00390625 0.71875
vt 0.0078125 0.71875
f 434/1305 433/1306 437/1307 438/1308
vt 0.01171875 0.71875
vt 0.0078125 0.71875
vt 0.0078125 0.6875
vt 0.01171875 0.6875
f 439/1309 440/1310 436/1311 435/1312
vt 0.0078125 0.65625
vt 0.00390625 0.65625
vt 0.00390625 0.6875
vt 0.0078125 0.6875
f 435/1313 436/1314 433/1315 434/1316
vt 0.013671875 0.65625
vt 0.009765625 0.65625
vt 0.009765625 0.6875
vt 0.013671875 0.6875
f 440/1317 439/1318 438/1319 437/1320
o gunModel55
v 3.809999 0.800001 -0.35
v 4.159999 0.800001 -0.35
v 4.159999 0.800001 -0.35
v 3.709999 0.550001 -0.35
v 3.809999 0.800001 0.05
v 4.159999 0.800001 0.05
v 4.159999 0.800001 0.05
v 3.709999 0.550001 0.05
vt 0.0234375 0.65625
vt 0.021484375 0.65625
vt 0.021484375 0.6875
vt 0.0234375 0.6875
f 447/1321 443/1322 442/1323 446/1324
vt 0.01953125 0.65625
vt 0.017578125 0.65625
vt 0.017578125 0.6875
vt 0.01953125 0.6875
f 444/1325 448/1326 445/1327 441/1328
vt 0.021484375 0.6875
vt 0.01953125 0.6875
vt 0.01953125 0.71875
vt 0.021484375 0.71875
f 442/1329 441/1330 445/1331 446/1332
vt 0.0234375 0.71875
vt 0.021484375 0.71875
vt 0.021484375 0.6875
vt 0.0234375 0.6875
f 447/1333 448/1334 444/1335 443/1336
vt 0.021484375 0.65625
vt 0.01953125 0.65625
vt 0.01953125 0.6875
vt 0.021484375 0.6875
f 443/1337 444/1338 441/1339 442/1340
vt 0.025390625 0.65625
vt 0.0234375 0.65625
vt 0.0234375 0.6875
vt 0.025390625 0.6875
f 448/1341 447/1342 446/1343 445/1344
o gunModel56
v 3.719999 0.5500007 -0.35
v 3.969999 0.7000007 -0.35
v 3.969999 -0.0499993 -0.35
v 3.819999 0.0500007 -0.35
v 3.719999 0.5500007 0.05
v 3.969999 0.7000007 0.05
v 3.969999 -0.0499993 0.05
v 3.819999 0.0500007 0.05
vt 0.0390625 0.65625
vt 0.037109375 0.65625
vt 0.037109375 0.6875
vt 0.0390625 0.6875
f 455/1345 451/1346 450/1347 454/1348
vt 0.03515625 0.65625
vt 0.033203125 0.65625
vt 0.033203125 0.6875
vt 0.03515625 0.6875
f 452/1349 456/1350 453/1351 449/1352
vt 0.037109375 0.6875
vt 0.03515625 0.6875
vt 0.03515625 0.71875
vt 0.037109375 0.71875
f 450/1353 449/1354 453/1355 454/1356
vt 0.0390625 0.71875
vt 0.037109375 0.71875
vt 0.037109375 0.6875
vt 0.0390625 0.6875
f 455/1357 456/1358 452/1359 451/1360
vt 0.037109375 0.65625
vt 0.03515625 0.65625
vt 0.03515625 0.6875
vt 0.037109375 0.6875
f 451/1361 452/1362 449/1363 450/1364
vt 0.041015625 0.65625
vt 0.0390625 0.65625
vt 0.0390625 0.6875
vt 0.041015625 0.6875
f 456/1365 455/1366 454/1367 453/1368
o gunModel57
v 1.94 1.710001 -0.7
v 2.16 1.710001 -0.7
v 2.16 1.490001 -0.65
v 1.94 1.490001 -0.65
v 1.94 1.710001 0.4
v 2.16 1.710001 0.4
v 2.16 1.490001 0.35
v 1.94 1.490001 0.35
vt 0.15234375 0.625
vt 0.1484375 0.625
vt 0.1484375 0.65625
vt 0.15234375 0.65625
f 463/1369 459/1370 458/1371 462/1372
vt 0.146484375 0.625
vt 0.142578125 0.625
vt 0.142578125 0.65625
vt 0.146484375 0.65625
f 460/1373 464/1374 461/1375 457/1376
vt 0.1484375 0.65625
vt 0.146484375 0.65625
vt 0.146484375 0.71875
vt 0.1484375 0.71875
f 458/1377 457/1378 461/1379 462/1380
vt 0.150390625 0.71875
vt 0.1484375 0.71875
vt 0.1484375 0.65625
vt 0.150390625 0.65625
f 463/1381 464/1382 460/1383 459/1384
vt 0.1484375 0.625
vt 0.146484375 0.625
vt 0.146484375 0.65625
vt 0.1484375 0.65625
f 459/1385 460/1386 457/1387 458/1388
vt 0.154296875 0.625
vt 0.15234375 0.625
vt 0.15234375 0.65625
vt 0.154296875 0.65625
f 464/1389 463/1390 462/1391 461/1392
o gunModel58
v 2.4 1.350001 -0.65
v 2.7 1.350001 -0.65
v 2.7 1.050001 -0.65
v 2.4 1.050001 -0.65
v 2.4 1.350001 0.35
v 2.7 1.350001 0.35
v 2.7 1.050001 0.35
v 2.4 1.050001 0.35
vt 0.16796875 0.625
vt 0.1640625 0.625
vt 0.1640625 0.65625
vt 0.16796875 0.65625
f 471/1393 467/1394 466/1395 470/1396
vt 0.162109375 0.625
vt 0.158203125 0.625
vt 0.158203125 0.65625
vt 0.162109375 0.65625
f 468/1397 472/1398 469/1399 465/1400
vt 0.1640625 0.65625
vt 0.162109375 0.65625
vt 0.162109375 0.71875
vt 0.1640625 0.71875
f 466/1401 465/1402 469/1403 470/1404
vt 0.166015625 0.71875
vt 0.1640625 0.71875
vt 0.1640625 0.65625
vt 0.166015625 0.65625
f 471/1405 472/1406 468/1407 467/1408
vt 0.1640625 0.625
vt 0.162109375 0.625
vt 0.162109375 0.65625
vt 0.1640625 0.65625
f 467/1409 468/1410 465/1411 466/1412
vt 0.169921875 0.625
vt 0.16796875 0.625
vt 0.16796875 0.65625
vt 0.169921875 0.65625
f 472/1413 471/1414 470/1415 469/1416
o gunModel59
v 1.95 1.290001 0
v 2.56 1.290001 0
v 2.56 1.110001 0
v 1.95 1.110001 0
v 1.95 1.290001 0.4
v 2.56 1.290001 0.4
v 2.56 1.110001 0.4
v 1.95 1.110001 0.4
vt 0.1796875 0.65625
vt 0.177734375 0.65625
vt 0.177734375 0.6875
vt 0.1796875 0.6875
f 479/1417 475/1418 474/1419 478/1420
vt 0.17578125 0.65625
vt 0.173828125 0.65625
vt 0.173828125 0.6875
vt 0.17578125 0.6875
f 476/1421 480/1422 477/1423 473/1424
vt 0.177734375 0.6875
vt 0.17578125 0.6875
vt 0.17578125 0.71875
vt 0.177734375 0.71875
f 474/1425 473/1426 477/1427 478/1428
vt 0.1796875 0.71875
vt 0.177734375 0.71875
vt 0.177734375 0.6875
vt 0.1796875 0.6875
f 479/1429 480/1430 476/1431 475/1432
vt 0.177734375 0.65625
vt 0.17578125 0.65625
vt 0.17578125 0.6875
vt 0.177734375 0.6875
f 475/1433 476/1434 473/1435 474/1436
vt 0.181640625 0.65625
vt 0.1796875 0.65625
vt 0.1796875 0.6875
vt 0.181640625 0.6875
f 480/1437 479/1438 478/1439 477/1440
o gunModel60
v 5.550001 2.099997 -0.53
v 6.150001 2.099997 -0.53
v 6.150001 -3e-06 -0.53
v 5.550001 -0.200003 -0.53
v 5.550001 2.099997 0.47
v 6.150001 2.099997 0.47
v 6.150001 -3e-06 0.47
v 5.550001 -0.200003 0.47
vt 0.1953125 0.5625
vt 0.193359375 0.5625
vt 0.193359375 0.6875
vt 0.1953125 0.6875
f 487/1441 483/1442 482/1443 486/1444
vt 0.19140625 0.5625
vt 0.189453125 0.5625
vt 0.189453125 0.6875
vt 0.19140625 0.6875
f 484/1445 488/1446 485/1447 481/1448
vt 0.193359375 0.6875
vt 0.19140625 0.6875
vt 0.19140625 0.71875
vt 0.193359375 0.71875
f 482/1449 481/1450 485/1451 486/1452
vt 0.1953125 0.71875
vt 0.193359375 0.71875
vt 0.193359375 0.6875
vt 0.1953125 0.6875
f 487/1453 488/1454 484/1455 483/1456
vt 0.193359375 0.5625
vt 0.19140625 0.5625
vt 0.19140625 0.6875
vt 0.193359375 0.6875
f 483/1457 484/1458 481/1459 482/1460
vt 0.197265625 0.5625
vt 0.1953125 0.5625
vt 0.1953125 0.6875
vt 0.197265625 0.6875
f 488/1461 487/1462 486/1463 485/1464
o gunModel61
v 7.490002 1.910001 -0.7
v 7.710002 1.910001 -0.7
v 7.710002 1.690001 -0.65
v 7.490002 1.690001 -0.65
v 7.490002 1.910001 0.4
v 7.710002 1.910001 0.4
v 7.710002 1.690001 0.35
v 7.490002 1.690001 0.35
vt 0.21484375 0.625
vt 0.2109375 0.625
vt 0.2109375 0.65625
vt 0.21484375 0.65625
f 495/1465 491/1466 490/1467 494/1468
vt 0.208984375 0.625
vt 0.205078125 0.625
vt 0.205078125 0.65625
vt 0.208984375 0.65625
f 492/1469 496/1470 493/1471 489/1472
vt 0.2109375 0.65625
vt 0.208984375 0.65625
vt 0.208984375 0.71875
vt 0.2109375 0.71875
f 490/1473 489/1474 493/1475 494/1476
vt 0.212890625 0.71875
vt 0.2109375 0.71875
vt 0.2109375 0.65625
vt 0.212890625 0.65625
f 495/1477 496/1478 492/1479 491/1480
vt 0.2109375 0.625
vt 0.208984375 0.625
vt 0.208984375 0.65625
vt 0.2109375 0.65625
f 491/1481 492/1482 489/1483 490/1484
vt 0.216796875 0.625
vt 0.21484375 0.625
vt 0.21484375 0.65625
vt 0.216796875 0.65625
f 496/1485 495/1486 494/1487 493/1488
o gunModel62
v 4.899999 2.050001 -0.1
v 5.119999 2.050001 -0.1
v 5.119999 1.750001 -0.1
v 4.899999 1.750001 -0.1
v 4.899999 2.050001 0.5
v 5.119999 2.050001 0.5
v 5.119999 1.750001 0.5
v 4.899999 1.750001 0.5
vt 0.2265625 0.65625
vt 0.224609375 0.65625
vt 0.224609375 0.6875
vt 0.2265625 0.6875
f 503/1489 499/1490 498/1491 502/1492
vt 0.22265625 0.65625
vt 0.220703125 0.65625
vt 0.220703125 0.6875
vt 0.22265625 0.6875
f 500/1493 504/1494 501/1495 497/1496
vt 0.224609375 0.6875
vt 0.22265625 0.6875
vt 0.22265625 0.71875
vt 0.224609375 0.71875
f 498/1497 497/1498 501/1499 502/1500
vt 0.2265625 0.71875
vt 0.224609375 0.71875
vt 0.224609375 0.6875
vt 0.2265625 0.6875
f 503/1501 504/1502 500/1503 499/1504
vt 0.224609375 0.65625
vt 0.22265625 0.65625
vt 0.22265625 0.6875
vt 0.224609375 0.6875
f 499/1505 500/1506 497/1507 498/1508
vt 0.228515625 0.65625
vt 0.2265625 0.65625
vt 0.2265625 0.6875
vt 0.228515625 0.6875
f 504/1509 503/1510 502/1511 501/1512
o gunModel63
v 4.929999 1.750001 -0.05
v 5.089999 1.750001 -0.05
v 5.089999 1.450001 -0.05
v 4.929999 1.450001 -0.05
v 4.929999 1.750001 0.45
v 5.089999 1.750001 0.45
v 5.089999 1.450001 0.45
v 4.929999 1.450001 0.45
vt 0.2421875 0.65625
vt 0.240234375 0.65625
vt 0.240234375 0.6875
vt 0.2421875 0.6875
f 511/1513 507/1514 506/1515 510/1516
vt 0.23828125 0.65625
vt 0.236328125 0.65625
vt 0.236328125 0.6875
vt 0.23828125 0.6875
f 508/1517 512/1518 509/1519 505/1520
vt 0.240234375 0.6875
vt 0.23828125 0.6875
vt 0.23828125 0.71875
vt 0.240234375 0.71875
f 506/1521 505/1522 509/1523 510/1524
vt 0.2421875 0.71875
vt 0.240234375 0.71875
vt 0.240234375 0.6875
vt 0.2421875 0.6875
f 511/1525 512/1526 508/1527 507/1528
vt 0.240234375 0.65625
vt 0.23828125 0.65625
vt 0.23828125 0.6875
vt 0.240234375 0.6875
f 507/1529 508/1530 505/1531 506/1532
vt 0.244140625 0.65625
vt 0.2421875 0.65625
vt 0.2421875 0.6875
vt 0.244140625 0.6875
f 512/1533 511/1534 510/1535 509/1536
o gunModel64
v 1.95 3.1 -0.55
v 2.15 3.1 -0.55
v 2.15 2.6 -0.95
v 1.95 2.6 -0.95
v 1.95 3.1 0.25
v 2.15 3.1 0.25
v 2.15 2.6 0.65
v 1.95 2.6 0.65
vt 0.2578125 0.65625
vt 0.255859375 0.65625
vt 0.255859375 0.6875
vt 0.2578125 0.6875
f 519/1537 515/1538 514/1539 518/1540
vt 0.25390625 0.65625
vt 0.251953125 0.65625
vt 0.251953125 0.6875
vt 0.25390625 0.6875
f 516/1541 520/1542 517/1543 513/1544
vt 0.255859375 0.6875
vt 0.25390625 0.6875
vt 0.25390625 0.71875
vt 0.255859375 0.71875
f 514/1545 513/1546 517/1547 518/1548
vt 0.2578125 0.71875
vt 0.255859375 0.71875
vt 0.255859375 0.6875
vt 0.2578125 0.6875
f 519/1549 520/1550 516/1551 515/1552
vt 0.255859375 0.65625
vt 0.25390625 0.65625
vt 0.25390625 0.6875
vt 0.255859375 0.6875
f 515/1553 516/1554 513/1555 514/1556
vt 0.259765625 0.65625
vt 0.2578125 0.65625
vt 0.2578125 0.6875
vt 0.259765625 0.6875
f 520/1557 519/1558 518/1559 517/1560
o gunModel65
v 1.95 2.600001 -0.95
v 2.15 2.600001 -0.95
v 2.15 2.150001 -0.85
v 1.95 2.150001 -0.85
v 1.95 2.600001 0.65
v 2.15 2.600001 0.65
v 2.55 2.150001 0.55
v 2.35 2.150001 0.55
vt 0.2734375 0.65625
vt 0.271484375 0.65625
vt 0.271484375 0.6875
vt 0.2734375 0.6875
f 527/1561 523/1562 522/1563 526/1564
vt 0.26953125 0.65625
vt 0.267578125 0.65625
vt 0.267578125 0.6875
vt 0.26953125 0.6875
f 524/1565 528/1566 525/1567 521/1568
vt 0.271484375 0.6875
vt 0.26953125 0.6875
vt 0.26953125 0.71875
vt 0.271484375 0.71875
f 522/1569 521/1570 525/1571 526/1572
vt 0.2734375 0.71875
vt 0.271484375 0.71875
vt 0.271484375 0.6875
vt 0.2734375 0.6875
f 527/1573 528/1574 524/1575 523/1576
vt 0.271484375 0.65625
vt 0.26953125 0.65625
vt 0.26953125 0.6875
vt 0.271484375 0.6875
f 523/1577 524/1578 521/1579 522/1580
vt 0.275390625 0.65625
vt 0.2734375 0.65625
vt 0.2734375 0.6875
vt 0.275390625 0.6875
f 528/1581 527/1582 526/1583 525/1584
o gunModel66
v 1.25 2.25 -0.58
v 8.05 2.25 -0.58
v 8.05 2.15 -0.58
v 1.25 2.15 -0.58
v 1.25 2.25 0.52
v 8.05 2.25 0.52
v 8.05 2.15 0.52
v 1.25 2.15 0.52
vt 0.30078125 0.625
vt 0.298828125 0.625
vt 0.298828125 0.6875
vt 0.30078125 0.6875
f 535/1585 531/1586 530/1587 534/1588
vt 0.28515625 0.625
vt 0.283203125 0.625
vt 0.283203125 0.6875
vt 0.28515625 0.6875
f 532/1589 536/1590 533/1591 529/1592
vt 0.298828125 0.6875
vt 0.28515625 0.6875
vt 0.28515625 0.71875
vt 0.298828125 0.71875
f 530/1593 529/1594 533/1595 534/1596
vt 0.3125 0.71875
vt 0.298828125 0.71875
vt 0.298828125 0.6875
vt 0.3125 0.6875
f 535/1597 536/1598 532/1599 531/1600
vt 0.298828125 0.625
vt 0.28515625 0.625
vt 0.28515625 0.6875
vt 0.298828125 0.6875
f 531/1601 532/1602 529/1603 530/1604
vt 0.314453125 0.625
vt 0.30078125 0.625
vt 0.30078125 0.6875
vt 0.314453125 0.6875
f 536/1605 535/1606 534/1607 533/1608
o gunModel67
v 1.25 2.25 -0.83
v 8.05 2.25 -0.83
v 8.05 2.15 -0.83
v 1.25 2.15 -0.83
v 1.25 2.25 0.27
v 8.05 2.25 0.27
v 8.05 2.15 0.27
v 1.25 2.15 0.27
vt 0.34765625 0.625
vt 0.345703125 0.625
vt 0.345703125 0.6875
vt 0.34765625 0.6875
f 543/1609 539/1610 538/1611 542/1612
vt 0.33203125 0.625
vt 0.330078125 0.625
vt 0.330078125 0.6875
vt 0.33203125 0.6875
f 540/1613 544/1614 541/1615 537/1616
vt 0.345703125 0.6875
vt 0.33203125 0.6875
vt 0.33203125 0.71875
vt 0.345703125 0.71875
f 538/1617 537/1618 541/1619 542/1620
vt 0.359375 0.71875
vt 0.345703125 0.71875
vt 0.345703125 0.6875
vt 0.359375 0.6875
f 543/1621 544/1622 540/1623 539/1624
vt 0.345703125 0.625
vt 0.33203125 0.625
vt 0.33203125 0.6875
vt 0.345703125 0.6875
f 539/1625 540/1626 537/1627 538/1628
vt 0.361328125 0.625
vt 0.34765625 0.625
vt 0.34765625 0.6875
vt 0.361328125 0.6875
f 544/1629 543/1630 542/1631 541/1632
o gunModel68
v -3.949999 2.550001 -0.65
v 1.450001 2.550001 -0.65
v 1.450001 2.250001 -0.65
v -3.949999 2.250001 -0.65
v -3.949999 2.550001 0.35
v 1.450001 2.550001 0.35
v 1.450001 2.250001 0.35
v -3.949999 2.250001 0.35
vt 0.390625 0.65625
vt 0.388671875 0.65625
vt 0.388671875 0.6875
vt 0.390625 0.6875
f 551/1633 547/1634 546/1635 550/1636
vt 0.37890625 0.65625
vt 0.376953125 0.65625
vt 0.376953125 0.6875
vt 0.37890625 0.6875
f 548/1637 552/1638 549/1639 545/1640
vt 0.388671875 0.6875
vt 0.37890625 0.6875
vt 0.37890625 0.71875
vt 0.388671875 0.71875
f 546/1641 545/1642 549/1643 550/1644
vt 0.3984375 0.71875
vt 0.388671875 0.71875
vt 0.388671875 0.6875
vt 0.3984375 0.6875
f 551/1645 552/1646 548/1647 547/1648
vt 0.388671875 0.65625
vt 0.37890625 0.65625
vt 0.37890625 0.6875
vt 0.388671875 0.6875
f 547/1649 548/1650 545/1651 546/1652
vt 0.400390625 0.65625
vt 0.390625 0.65625
vt 0.390625 0.6875
vt 0.400390625 0.6875
f 552/1653 551/1654 550/1655 549/1656
o gunModel69
v -3.949999 2.85 -0.35
v 1.450001 2.85 -0.35
v 1.450001 2.55 -0.65
v -3.949999 2.55 -0.65
v -3.949999 2.85 0.05
v 1.450001 2.85 0.05
v 1.450001 2.55 0.35
v -3.949999 2.55 0.35
vt 0.421875 0.65625
vt 0.419921875 0.65625
vt 0.419921875 0.6875
vt 0.421875 0.6875
f 559/1657 555/1658 554/1659 558/1660
vt 0.41015625 0.65625
vt 0.408203125 0.65625
vt 0.408203125 0.6875
vt 0.41015625 0.6875
f 556/1661 560/1662 557/1663 553/1664
vt 0.419921875 0.6875
vt 0.41015625 0.6875
vt 0.41015625 0.71875
vt 0.419921875 0.71875
f 554/1665 553/1666 557/1667 558/1668
vt 0.4296875 0.71875
vt 0.419921875 0.71875
vt 0.419921875 0.6875
vt 0.4296875 0.6875
f 559/1669 560/1670 556/1671 555/1672
vt 0.419921875 0.65625
vt 0.41015625 0.65625
vt 0.41015625 0.6875
vt 0.419921875 0.6875
f 555/1673 556/1674 553/1675 554/1676
vt 0.431640625 0.65625
vt 0.421875 0.65625
vt 0.421875 0.6875
vt 0.431640625 0.6875
f 560/1677 559/1678 558/1679 557/1680
o gunModel70
v -3.949999 2.250001 -0.65
v 1.450001 2.250001 -0.65
v 1.450001 1.950001 -0.35
v -3.949999 1.950001 -0.35
v -3.949999 2.250001 0.35
v 1.450001 2.250001 0.35
v 1.450001 1.950001 0.05
v -3.949999 1.950001 0.05
vt 0.453125 0.65625
vt 0.451171875 0.65625
vt 0.451171875 0.6875
vt 0.453125 0.6875
f 567/1681 563/1682 562/1683 566/1684
vt 0.44140625 0.65625
vt 0.439453125 0.65625
vt 0.439453125 0.6875
vt 0.44140625 0.6875
f 564/1685 568/1686 565/1687 561/1688
vt 0.451171875 0.6875
vt 0.44140625 0.6875
vt 0.44140625 0.71875
vt 0.451171875 0.71875
f 562/1689 561/1690 565/1691 566/1692
vt 0.4609375 0.71875
vt 0.451171875 0.71875
vt 0.451171875 0.6875
vt 0.4609375 0.6875
f 567/1693 568/1694 564/1695 563/1696
vt 0.451171875 0.65625
vt 0.44140625 0.65625
vt 0.44140625 0.6875
vt 0.451171875 0.6875
f 563/1697 564/1698 561/1699 562/1700
vt 0.462890625 0.65625
vt 0.453125 0.65625
vt 0.453125 0.6875
vt 0.462890625 0.6875
f 568/1701 567/1702 566/1703 565/1704
o gunModel71
v -4.949998 2.95 -0.45
v -0.049998 2.95 -0.45
v -0.049998 2.55 -0.75
v -4.949998 2.55 -0.75
v -4.949998 2.95 0.15
v -0.049998 2.95 0.15
v -0.049998 2.55 0.45
v -4.949998 2.55 0.45
vt 0.482421875 0.65625
vt 0.48046875 0.65625
vt 0.48046875 0.6875
vt 0.482421875 0.6875
f 575/1705 571/1706 570/1707 574/1708
vt 0.47265625 0.65625
vt 0.470703125 0.65625
vt 0.470703125 0.6875
vt 0.47265625 0.6875
f 572/1709 576/1710 573/1711 569/1712
vt 0.48046875 0.6875
vt 0.47265625 0.6875
vt 0.47265625 0.71875
vt 0.48046875 0.71875
f 570/1713 569/1714 573/1715 574/1716
vt 0.48828125 0.71875
vt 0.48046875 0.71875
vt 0.48046875 0.6875
vt 0.48828125 0.6875
f 575/1717 576/1718 572/1719 571/1720
vt 0.48046875 0.65625
vt 0.47265625 0.65625
vt 0.47265625 0.6875
vt 0.48046875 0.6875
f 571/1721 572/1722 569/1723 570/1724
vt 0.490234375 0.65625
vt 0.482421875 0.65625
vt 0.482421875 0.6875
vt 0.490234375 0.6875
f 576/1725 575/1726 574/1727 573/1728
o gunModel72
v -4.949998 2.250001 -0.75
v -0.049998 2.250001 -0.75
v -0.049998 1.850001 -0.45
v -4.949998 1.850001 -0.45
v -4.949998 2.250001 0.45
v -0.049998 2.250001 0.45
v -0.049998 1.850001 0.15
v -4.949998 1.850001 0.15
vt 0.513671875 0.65625
vt 0.51171875 0.65625
vt 0.51171875 0.6875
vt 0.513671875 0.6875
f 583/1729 579/1730 578/1731 582/1732
vt 0.50390625 0.65625
vt 0.501953125 0.65625
vt 0.501953125 0.6875
vt 0.50390625 0.6875
f 580/1733 584/1734 581/1735 577/1736
vt 0.51171875 0.6875
vt 0.50390625 0.6875
vt 0.50390625 0.71875
vt 0.51171875 0.71875
f 578/1737 577/1738 581/1739 582/1740
vt 0.51953125 0.71875
vt 0.51171875 0.71875
vt 0.51171875 0.6875
vt 0.51953125 0.6875
f 583/1741 584/1742 580/1743 579/1744
vt 0.51171875 0.65625
vt 0.50390625 0.65625
vt 0.50390625 0.6875
vt 0.51171875 0.6875
f 579/1745 580/1746 577/1747 578/1748
vt 0.521484375 0.65625
vt 0.513671875 0.65625
vt 0.513671875 0.6875
vt 0.521484375 0.6875
f 584/1749 583/1750 582/1751 581/1752
o gunModel73
v -4.949998 2.550001 -0.75
v -0.049998 2.550001 -0.75
v -0.049998 2.250001 -0.75
v -4.949998 2.250001 -0.75
v -4.949998 2.550001 0.45
v -0.049998 2.550001 0.45
v -0.049998 2.250001 0.45
v -4.949998 2.250001 0.45
vt 0.544921875 0.65625
vt 0.54296875 0.65625
vt 0.54296875 0.6875
vt 0.544921875 0.6875
f 591/1753 587/1754 586/1755 590/1756
vt 0.53515625 0.65625
vt 0.533203125 0.65625
vt 0.533203125 0.6875
vt 0.53515625 0.6875
f 588/1757 592/1758 589/1759 585/1760
vt 0.54296875 0.6875
vt 0.53515625 0.6875
vt 0.53515625 0.71875
vt 0.54296875 0.71875
f 586/1761 585/1762 589/1763 590/1764
vt 0.55078125 0.71875
vt 0.54296875 0.71875
vt 0.54296875 0.6875
vt 0.55078125 0.6875
f 591/1765 592/1766 588/1767 587/1768
vt 0.54296875 0.65625
vt 0.53515625 0.65625
vt 0.53515625 0.6875
vt 0.54296875 0.6875
f 587/1769 588/1770 585/1771 586/1772
vt 0.552734375 0.65625
vt 0.544921875 0.65625
vt 0.544921875 0.6875
vt 0.552734375 0.6875
f 592/1773 591/1774 590/1775 589/1776
o gunModel74
v -4.949998 1.850001 -0.45
v -0.049998 1.850001 -0.45
v -0.049998 1.450001 -0.45
v -4.949998 1.450001 -0.45
v -4.949998 1.850001 0.15
v -0.049998 1.850001 0.15
v -0.049998 1.450001 0.15
v -4.949998 1.450001 0.15
vt 0.576171875 0.65625
vt 0.57421875 0.65625
vt 0.57421875 0.6875
vt 0.576171875 0.6875
f 599/1777 595/1778 594/1779 598/1780
vt 0.56640625 0.65625
vt 0.564453125 0.65625
vt 0.564453125 0.6875
vt 0.56640625 0.6875
f 596/1781 600/1782 597/1783 593/1784
vt 0.57421875 0.6875
vt 0.56640625 0.6875
vt 0.56640625 0.71875
vt 0.57421875 0.71875
f 594/1785 593/1786 597/1787 598/1788
vt 0.58203125 0.71875
vt 0.57421875 0.71875
vt 0.57421875 0.6875
vt 0.58203125 0.6875
f 599/1789 600/1790 596/1791 595/1792
vt 0.57421875 0.65625
vt 0.56640625 0.65625
vt 0.56640625 0.6875
vt 0.57421875 0.6875
f 595/1793 596/1794 593/1795 594/1796
vt 0.583984375 0.65625
vt 0.576171875 0.65625
vt 0.576171875 0.6875
vt 0.583984375 0.6875
f 600/1797 599/1798 598/1799 597/1800
o gunModel75
v -4.949998 1.450001 -0.35
v -1.049998 1.450001 -0.35
v -1.049998 1.050001 -0.35
v -4.949998 1.050001 -0.35
v -4.949998 1.450001 0.05
v -1.049998 1.450001 0.05
v -1.049998 1.050001 0.05
v -4.949998 1.050001 0.05
vt 0.60546875 0.65625
vt 0.603515625 0.65625
vt 0.603515625 0.6875
vt 0.60546875 0.6875
f 607/1801 603/1802 602/1803 606/1804
vt 0.59765625 0.65625
vt 0.595703125 0.65625
vt 0.595703125 0.6875
vt 0.59765625 0.6875
f 604/1805 608/1806 605/1807 601/1808
vt 0.603515625 0.6875
vt 0.59765625 0.6875
vt 0.59765625 0.71875
vt 0.603515625 0.71875
f 602/1809 601/1810 605/1811 606/1812
vt 0.609375 0.71875
vt 0.603515625 0.71875
vt 0.603515625 0.6875
vt 0.609375 0.6875
f 607/1813 608/1814 604/1815 603/1816
vt 0.603515625 0.65625
vt 0.59765625 0.65625
vt 0.59765625 0.6875
vt 0.603515625 0.6875
f 603/1817 604/1818 601/1819 602/1820
vt 0.611328125 0.65625
vt 0.60546875 0.65625
vt 0.60546875 0.6875
vt 0.611328125 0.6875
f 608/1821 607/1822 606/1823 605/1824
o gunModel76
v -4.949998 1.450001 -0.35
v -2.049998 1.450001 -0.35
v -2.049998 1.050001 -0.35
v -4.949998 -0.149999 -0.35
v -4.949998 1.450001 0.05
v -2.049998 1.450001 0.05
v -2.049998 1.050001 0.05
v -4.949998 -0.149999 0.05
vt 0.634765625 0.65625
vt 0.6328125 0.65625
vt 0.6328125 0.6875
vt 0.634765625 0.6875
f 615/1825 611/1826 610/1827 614/1828
vt 0.62890625 0.65625
vt 0.626953125 0.65625
vt 0.626953125 0.6875
vt 0.62890625 0.6875
f 612/1829 616/1830 613/1831 609/1832
vt 0.6328125 0.6875
vt 0.62890625 0.6875
vt 0.62890625 0.71875
vt 0.6328125 0.71875
f 610/1833 609/1834 613/1835 614/1836
vt 0.63671875 0.71875
vt 0.6328125 0.71875
vt 0.6328125 0.6875
vt 0.63671875 0.6875
f 615/1837 616/1838 612/1839 611/1840
vt 0.6328125 0.65625
vt 0.62890625 0.65625
vt 0.62890625 0.6875
vt 0.6328125 0.6875
f 611/1841 612/1842 609/1843 610/1844
vt 0.638671875 0.65625
vt 0.634765625 0.65625
vt 0.634765625 0.6875
vt 0.638671875 0.6875
f 616/1845 615/1846 614/1847 613/1848
o gunModel77
v -2.840002 1.250001 -0.55
v -1.040002 1.250001 -0.55
v -1.040002 0.750001 -0.55
v -2.840002 0.750001 -0.55
v -2.840002 1.250001 0.25
v -1.040002 1.250001 0.25
v -1.040002 0.750001 0.25
v -2.840002 0.750001 0.25
vt 0.6484375 0.65625
vt 0.646484375 0.65625
vt 0.646484375 0.6875
vt 0.6484375 0.6875
f 623/1849 619/1850 618/1851 622/1852
vt 0.64453125 0.65625
vt 0.642578125 0.65625
vt 0.642578125 0.6875
vt 0.64453125 0.6875
f 620/1853 624/1854 621/1855 617/1856
vt 0.646484375 0.6875
vt 0.64453125 0.6875
vt 0.64453125 0.71875
vt 0.646484375 0.71875
f 618/1857 617/1858 621/1859 622/1860
vt 0.6484375 0.71875
vt 0.646484375 0.71875
vt 0.646484375 0.6875
vt 0.6484375 0.6875
f 623/1861 624/1862 620/1863 619/1864
vt 0.646484375 0.65625
vt 0.64453125 0.65625
vt 0.64453125 0.6875
vt 0.646484375 0.6875
f 619/1865 620/1866 617/1867 618/1868
vt 0.650390625 0.65625
vt 0.6484375 0.65625
vt 0.6484375 0.6875
vt 0.650390625 0.6875
f 624/1869 623/1870 622/1871 621/1872
o gunModel78
v -3.739998 0.7967958 -0.55
v -2.848973 1.253495 -0.55
v -2.598973 0.8204819 -0.55
v -3.489998 0.3637831 -0.55
v -3.739998 0.7967958 0.25
v -2.848973 1.253495 0.25
v -2.598973 0.8204819 0.25
v -3.489998 0.3637831 0.25
vt 0.6640625 0.65625
vt 0.662109375 0.65625
vt 0.662109375 0.6875
vt 0.6640625 0.6875
f 631/1873 627/1874 626/1875 630/1876
vt 0.66015625 0.65625
vt 0.658203125 0.65625
vt 0.658203125 0.6875
vt 0.66015625 0.6875
f 628/1877 632/1878 629/1879 625/1880
vt 0.662109375 0.6875
vt 0.66015625 0.6875
vt 0.66015625 0.71875
vt 0.662109375 0.71875
f 626/1881 625/1882 629/1883 630/1884
vt 0.6640625 0.71875
vt 0.662109375 0.71875
vt 0.662109375 0.6875
vt 0.6640625 0.6875
f 631/1885 632/1886 628/1887 627/1888
vt 0.662109375 0.65625
vt 0.66015625 0.65625
vt 0.66015625 0.6875
vt 0.662109375 0.6875
f 627/1889 628/1890 625/1891 626/1892
vt 0.666015625 0.65625
vt 0.6640625 0.65625
vt 0.6640625 0.6875
vt 0.666015625 0.6875
f 632/1893 631/1894 630/1895 629/1896
o gunModel79
v -5.149998 2.500001 -0.85
v -4.949998 2.500001 -0.85
v -4.949998 0.900001 -0.85
v -5.149998 0.900001 -0.85
v -5.149998 2.500001 0.55
v -4.949998 2.500001 0.55
v -4.949998 0.900001 0.55
v -5.149998 0.900001 0.55
vt 0.6796875 0.65625
vt 0.677734375 0.65625
vt 0.677734375 0.6875
vt 0.6796875 0.6875
f 639/1897 635/1898 634/1899 638/1900
vt 0.67578125 0.65625
vt 0.673828125 0.65625
vt 0.673828125 0.6875
vt 0.67578125 0.6875
f 636/1901 640/1902 637/1903 633/1904
vt 0.677734375 0.6875
vt 0.67578125 0.6875
vt 0.67578125 0.71875
vt 0.677734375 0.71875
f 634/1905 633/1906 637/1907 638/1908
vt 0.6796875 0.71875
vt 0.677734375 0.71875
vt 0.677734375 0.6875
vt 0.6796875 0.6875
f 639/1909 640/1910 636/1911 635/1912
vt 0.677734375 0.65625
vt 0.67578125 0.65625
vt 0.67578125 0.6875
vt 0.677734375 0.6875
f 635/1913 636/1914 633/1915 634/1916
vt 0.681640625 0.65625
vt 0.6796875 0.65625
vt 0.6796875 0.6875
vt 0.681640625 0.6875
f 640/1917 639/1918 638/1919 637/1920
o gunModel80
v -5.149998 3.149998 -0.45
v -4.949998 3.149998 -0.45
v -4.949998 2.499998 -0.85
v -5.149998 2.499998 -0.85
v -5.149998 3.149998 0.15
v -4.949998 3.149998 0.15
v -4.949998 2.499998 0.55
v -5.149998 2.499998 0.55
vt 0.6953125 0.65625
vt 0.693359375 0.65625
vt 0.693359375 0.6875
vt 0.6953125 0.6875
f 647/1921 643/1922 642/1923 646/1924
vt 0.69140625 0.65625
vt 0.689453125 0.65625
vt 0.689453125 0.6875
vt 0.69140625 0.6875
f 644/1925 648/1926 645/1927 641/1928
vt 0.693359375 0.6875
vt 0.69140625 0.6875
vt 0.69140625 0.71875
vt 0.693359375 0.71875
f 642/1929 641/1930 645/1931 646/1932
vt 0.6953125 0.71875
vt 0.693359375 0.71875
vt 0.693359375 0.6875
vt 0.6953125 0.6875
f 647/1933 648/1934 644/1935 643/1936
vt 0.693359375 0.65625
vt 0.69140625 0.65625
vt 0.69140625 0.6875
vt 0.693359375 0.6875
f 643/1937 644/1938 641/1939 642/1940
vt 0.697265625 0.65625
vt 0.6953125 0.65625
vt 0.6953125 0.6875
vt 0.697265625 0.6875
f 648/1941 647/1942 646/1943 645/1944
o gunModel81
v -5.149998 0.9000005 -0.85
v -4.949998 0.9000005 -0.85
v -4.949998 -0.3499995 -0.45
v -5.149998 -0.3499995 -0.45
v -5.149998 0.9000005 0.55
v -4.949998 0.9000005 0.55
v -4.949998 -0.3499995 0.15
v -5.149998 -0.3499995 0.15
vt 0.7109375 0.625
vt 0.708984375 0.625
vt 0.708984375 0.6875
vt 0.7109375 0.6875
f 655/1945 651/1946 650/1947 654/1948
vt 0.70703125 0.625
vt 0.705078125 0.625
vt 0.705078125 0.6875
vt 0.70703125 0.6875
f 652/1949 656/1950 653/1951 649/1952
vt 0.708984375 0.6875
vt 0.70703125 0.6875
vt 0.70703125 0.71875
vt 0.708984375 0.71875
f 650/1953 649/1954 653/1955 654/1956
vt 0.7109375 0.71875
vt 0.708984375 0.71875
vt 0.708984375 0.6875
vt 0.7109375 0.6875
f 655/1957 656/1958 652/1959 651/1960
vt 0.708984375 0.625
vt 0.70703125 0.625
vt 0.70703125 0.6875
vt 0.708984375 0.6875
f 651/1961 652/1962 649/1963 650/1964
vt 0.712890625 0.625
vt 0.7109375 0.625
vt 0.7109375 0.6875
vt 0.712890625 0.6875
f 656/1965 655/1966 654/1967 653/1968
o gunModel82
v -4.949998 3.149997 -0.35
v -3.949998 3.149997 -0.35
v -3.949998 3.049997 -0.35
v -4.949998 3.049997 -0.35
v -4.949998 3.149997 0.05
v -3.949998 3.149997 0.05
v -3.949998 3.049997 0.05
v -4.949998 3.049997 0.05
vt 0.7265625 0.65625
vt 0.724609375 0.65625
vt 0.724609375 0.6875
vt 0.7265625 0.6875
f 663/1969 659/1970 658/1971 662/1972
vt 0.72265625 0.65625
vt 0.720703125 0.65625
vt 0.720703125 0.6875
vt 0.72265625 0.6875
f 660/1973 664/1974 661/1975 657/1976
vt 0.724609375 0.6875
vt 0.72265625 0.6875
vt 0.72265625 0.71875
vt 0.724609375 0.71875
f 658/1977 657/1978 661/1979 662/1980
vt 0.7265625 0.71875
vt 0.724609375 0.71875
vt 0.724609375 0.6875
vt 0.7265625 0.6875
f 663/1981 664/1982 660/1983 659/1984
vt 0.724609375 0.65625
vt 0.72265625 0.65625
vt 0.72265625 0.6875
vt 0.724609375 0.6875
f 659/1985 660/1986 657/1987 658/1988
vt 0.728515625 0.65625
vt 0.7265625 0.65625
vt 0.7265625 0.6875
vt 0.728515625 0.6875
f 664/1989 663/1990 662/1991 661/1992
o gunModel83
v -4.049998 3.149999 -0.35
v -3.949998 3.149999 -0.35
v -3.799998 2.949999 -0.35
v -3.899998 2.949999 -0.35
v -4.049998 3.149999 0.05
v -3.949998 3.149999 0.05
v -3.799998 2.949999 0.05
v -3.899998 2.949999 0.05
vt 0.7421875 0.65625
vt 0.740234375 0.65625
vt 0.740234375 0.6875
vt 0.7421875 0.6875
f 671/1993 667/1994 666/1995 670/1996
vt 0.73828125 0.65625
vt 0.736328125 0.65625
vt 0.736328125 0.6875
vt 0.73828125 0.6875
f 668/1997 672/1998 669/1999 665/2000
vt 0.740234375 0.6875
vt 0.73828125 0.6875
vt 0.73828125 0.71875
vt 0.740234375 0.71875
f 666/2001 665/2002 669/2003 670/2004
vt 0.7421875 0.71875
vt 0.740234375 0.71875
vt 0.740234375 0.6875
vt 0.7421875 0.6875
f 671/2005 672/2006 668/2007 667/2008
vt 0.740234375 0.65625
vt 0.73828125 0.65625
vt 0.73828125 0.6875
vt 0.740234375 0.6875
f 667/2009 668/2010 665/2011 666/2012
vt 0.744140625 0.65625
vt 0.7421875 0.65625
vt 0.7421875 0.6875
vt 0.744140625 0.6875
f 672/2013 671/2014 670/2015 669/2016
o gunModel84
v 8.550003 3.299999 -0.45
v 14.45 3.199999 -0.45
v 14.45 2.699999 -0.95
v 8.550003 2.699999 -0.95
v 8.550003 3.299999 0.15
v 14.45 3.199999 0.15
v 14.45 2.699999 0.65
v 8.550003 2.699999 0.65
vt 0.767578125 0.65625
vt 0.765625 0.65625
vt 0.765625 0.6875
vt 0.767578125 0.6875
f 679/2017 675/2018 674/2019 678/2020
vt 0.75390625 0.65625
vt 0.751953125 0.65625
vt 0.751953125 0.6875
vt 0.75390625 0.6875
f 676/2021 680/2022 677/2023 673/2024
vt 0.765625 0.6875
vt 0.75390625 0.6875
vt 0.75390625 0.71875
vt 0.765625 0.71875
f 674/2025 673/2026 677/2027 678/2028
vt 0.77734375 0.71875
vt 0.765625 0.71875
vt 0.765625 0.6875
vt 0.77734375 0.6875
f 679/2029 680/2030 676/2031 675/2032
vt 0.765625 0.65625
vt 0.75390625 0.65625
vt 0.75390625 0.6875
vt 0.765625 0.6875
f 675/2033 676/2034 673/2035 674/2036
vt 0.779296875 0.65625
vt 0.767578125 0.65625
vt 0.767578125 0.6875
vt 0.779296875 0.6875
f 680/2037 679/2038 678/2039 677/2040
o gunModel85
v 8.550003 2.100001 -0.95
v 14.45 2.100001 -0.95
v 14.45 1.600001 -0.45
v 8.550003 1.500001 -0.45
v 8.550003 2.100001 0.65
v 14.45 2.100001 0.65
v 14.45 1.600001 0.15
v 8.550003 1.500001 0.15
vt 0.798828125 0.65625
vt 0.796875 0.65625
vt 0.796875 0.6875
vt 0.798828125 0.6875
f 687/2041 683/2042 682/2043 686/2044
vt 0.78515625 0.65625
vt 0.783203125 0.65625
vt 0.783203125 0.6875
vt 0.78515625 0.6875
f 684/2045 688/2046 685/2047 681/2048
vt 0.796875 0.6875
vt 0.78515625 0.6875
vt 0.78515625 0.71875
vt 0.796875 0.71875
f 682/2049 681/2050 685/2051 686/2052
vt 0.80859375 0.71875
vt 0.796875 0.71875
vt 0.796875 0.6875
vt 0.80859375 0.6875
f 687/2053 688/2054 684/2055 683/2056
vt 0.796875 0.65625
vt 0.78515625 0.65625
vt 0.78515625 0.6875
vt 0.796875 0.6875
f 683/2057 684/2058 681/2059 682/2060
vt 0.810546875 0.65625
vt 0.798828125 0.65625
vt 0.798828125 0.6875
vt 0.810546875 0.6875
f 688/2061 687/2062 686/2063 685/2064
o gunModel86
v 8.550003 2.700001 -0.95
v 14.45 2.700001 -0.95
v 14.45 2.100001 -0.95
v 8.550003 2.100001 -0.95
v 8.550003 2.700001 0.65
v 14.45 2.700001 0.65
v 14.45 2.100001 0.65
v 8.550003 2.100001 0.65
vt 0.830078125 0.65625
vt 0.828125 0.65625
vt 0.828125 0.6875
vt 0.830078125 0.6875
f 695/2065 691/2066 690/2067 694/2068
vt 0.81640625 0.65625
vt 0.814453125 0.65625
vt 0.814453125 0.6875
vt 0.81640625 0.6875
f 692/2069 696/2070 693/2071 689/2072
vt 0.828125 0.6875
vt 0.81640625 0.6875
vt 0.81640625 0.71875
vt 0.828125 0.71875
f 690/2073 689/2074 693/2075 694/2076
vt 0.83984375 0.71875
vt 0.828125 0.71875
vt 0.828125 0.6875
vt 0.83984375 0.6875
f 695/2077 696/2078 692/2079 691/2080
vt 0.828125 0.65625
vt 0.81640625 0.65625
vt 0.81640625 0.6875
vt 0.828125 0.6875
f 691/2081 692/2082 689/2083 690/2084
vt 0.841796875 0.65625
vt 0.830078125 0.65625
vt 0.830078125 0.6875
vt 0.841796875 0.6875
f 696/2085 695/2086 694/2087 693/2088
o gunModel87
v 14.45001 3.249999 -0.45
v 14.65001 3.249999 -0.45
v 14.65001 2.699999 -0.95
v 14.45001 2.699999 -0.95
v 14.45001 3.249999 0.15
v 14.65001 3.249999 0.15
v 14.65001 2.699999 0.65
v 14.45001 2.699999 0.65
vt 0.8515625 0.65625
vt 0.849609375 0.65625
vt 0.849609375 0.6875
vt 0.8515625 0.6875
f 703/2089 699/2090 698/2091 702/2092
vt 0.84765625 0.65625
vt 0.845703125 0.65625
vt 0.845703125 0.6875
vt 0.84765625 0.6875
f 700/2093 704/2094 701/2095 697/2096
vt 0.849609375 0.6875
vt 0.84765625 0.6875
vt 0.84765625 0.71875
vt 0.849609375 0.71875
f 698/2097 697/2098 701/2099 702/2100
vt 0.8515625 0.71875
vt 0.849609375 0.71875
vt 0.849609375 0.6875
vt 0.8515625 0.6875
f 703/2101 704/2102 700/2103 699/2104
vt 0.849609375 0.65625
vt 0.84765625 0.65625
vt 0.84765625 0.6875
vt 0.849609375 0.6875
f 699/2105 700/2106 697/2107 698/2108
vt 0.853515625 0.65625
vt 0.8515625 0.65625
vt 0.8515625 0.6875
vt 0.853515625 0.6875
f 704/2109 703/2110 702/2111 701/2112
o gunModel88
v 14.45001 2.100001 -0.95
v 14.65001 2.100001 -0.95
v 14.65001 1.550001 -0.45
v 14.45001 1.550001 -0.45
v 14.45001 2.100001 0.65
v 14.65001 2.100001 0.65
v 14.65001 1.550001 0.15
v 14.45001 1.550001 0.15
vt 0.8671875 0.65625
vt 0.865234375 0.65625
vt 0.865234375 0.6875
vt 0.8671875 0.6875
f 711/2113 707/2114 706/2115 710/2116
vt 0.86328125 0.65625
vt 0.861328125 0.65625
vt 0.861328125 0.6875
vt 0.86328125 0.6875
f 708/2117 712/2118 709/2119 705/2120
vt 0.865234375 0.6875
vt 0.86328125 0.6875
vt 0.86328125 0.71875
vt 0.865234375 0.71875
f 706/2121 705/2122 709/2123 710/2124
vt 0.8671875 0.71875
vt 0.865234375 0.71875
vt 0.865234375 0.6875
vt 0.8671875 0.6875
f 711/2125 712/2126 708/2127 707/2128
vt 0.865234375 0.65625
vt 0.86328125 0.65625
vt 0.86328125 0.6875
vt 0.865234375 0.6875
f 707/2129 708/2130 705/2131 706/2132
vt 0.869140625 0.65625
vt 0.8671875 0.65625
vt 0.8671875 0.6875
vt 0.869140625 0.6875
f 712/2133 711/2134 710/2135 709/2136
o gunModel89
v 14.45001 2.700001 -0.95
v 14.65001 2.700001 -0.95
v 14.65001 2.100001 -0.95
v 14.45001 2.100001 -0.95
v 14.45001 2.700001 0.65
v 14.65001 2.700001 0.65
v 14.65001 2.100001 0.65
v 14.45001 2.100001 0.65
vt 0.8828125 0.65625
vt 0.880859375 0.65625
vt 0.880859375 0.6875
vt 0.8828125 0.6875
f 719/2137 715/2138 714/2139 718/2140
vt 0.87890625 0.65625
vt 0.876953125 0.65625
vt 0.876953125 0.6875
vt 0.87890625 0.6875
f 716/2141 720/2142 717/2143 713/2144
vt 0.880859375 0.6875
vt 0.87890625 0.6875
vt 0.87890625 0.71875
vt 0.880859375 0.71875
f 714/2145 713/2146 717/2147 718/2148
vt 0.8828125 0.71875
vt 0.880859375 0.71875
vt 0.880859375 0.6875
vt 0.8828125 0.6875
f 719/2149 720/2150 716/2151 715/2152
vt 0.880859375 0.65625
vt 0.87890625 0.65625
vt 0.87890625 0.6875
vt 0.880859375 0.6875
f 715/2153 716/2154 713/2155 714/2156
vt 0.884765625 0.65625
vt 0.8828125 0.65625
vt 0.8828125 0.6875
vt 0.884765625 0.6875
f 720/2157 719/2158 718/2159 717/2160
o gunModel90
v 8.550003 2.400001 0.7
v 14.45 2.400001 0.7
v 14.45 1.900001 0.6
v 8.550003 1.900001 0.6
v 8.550003 2.400001 0.85
v 14.45 2.400001 0.85
v 14.45 1.900001 0.75
v 8.550003 1.900001 0.75
vt 0.908203125 0.65625
vt 0.90625 0.65625
vt 0.90625 0.6875
vt 0.908203125 0.6875
f 727/2161 723/2162 722/2163 726/2164
vt 0.89453125 0.65625
vt 0.892578125 0.65625
vt 0.892578125 0.6875
vt 0.89453125 0.6875
f 724/2165 728/2166 725/2167 721/2168
vt 0.90625 0.6875
vt 0.89453125 0.6875
vt 0.89453125 0.71875
vt 0.90625 0.71875
f 722/2169 721/2170 725/2171 726/2172
vt 0.91796875 0.71875
vt 0.90625 0.71875
vt 0.90625 0.6875
vt 0.91796875 0.6875
f 727/2173 728/2174 724/2175 723/2176
vt 0.90625 0.65625
vt 0.89453125 0.65625
vt 0.89453125 0.6875
vt 0.90625 0.6875
f 723/2177 724/2178 721/2179 722/2180
vt 0.919921875 0.65625
vt 0.908203125 0.65625
vt 0.908203125 0.6875
vt 0.919921875 0.6875
f 728/2181 727/2182 726/2183 725/2184
o gunModel91
v 8.550003 2.900001 0.6
v 14.45 2.900001 0.6
v 14.45 2.400001 0.7
v 8.550003 2.400001 0.7
v 8.550003 2.900001 0.75
v 14.45 2.900001 0.75
v 14.45 2.400001 0.85
v 8.550003 2.400001 0.85
vt 0.939453125 0.65625
vt 0.9375 0.65625
vt 0.9375 0.6875
vt 0.939453125 0.6875
f 735/2185 731/2186 730/2187 734/2188
vt 0.92578125 0.65625
vt 0.923828125 0.65625
vt 0.923828125 0.6875
vt 0.92578125 0.6875
f 732/2189 736/2190 733/2191 729/2192
vt 0.9375 0.6875
vt 0.92578125 0.6875
vt 0.92578125 0.71875
vt 0.9375 0.71875
f 730/2193 729/2194 733/2195 734/2196
vt 0.94921875 0.71875
vt 0.9375 0.71875
vt 0.9375 0.6875
vt 0.94921875 0.6875
f 735/2197 736/2198 732/2199 731/2200
vt 0.9375 0.65625
vt 0.92578125 0.65625
vt 0.92578125 0.6875
vt 0.9375 0.6875
f 731/2201 732/2202 729/2203 730/2204
vt 0.951171875 0.65625
vt 0.939453125 0.65625
vt 0.939453125 0.6875
vt 0.951171875 0.6875
f 736/2205 735/2206 734/2207 733/2208
o gunModel92
v 8.550003 2.400001 -1.15
v 14.45 2.400001 -1.15
v 14.45 1.900001 -1.05
v 8.550003 1.900001 -1.05
v 8.550003 2.400001 -1
v 14.45 2.400001 -1
v 14.45 1.900001 -0.9
v 8.550003 1.900001 -0.9
vt 0.970703125 0.65625
vt 0.96875 0.65625
vt 0.96875 0.6875
vt 0.970703125 0.6875
f 743/2209 739/2210 738/2211 742/2212
vt 0.95703125 0.65625
vt 0.955078125 0.65625
vt 0.955078125 0.6875
vt 0.95703125 0.6875
f 740/2213 744/2214 741/2215 737/2216
vt 0.96875 0.6875
vt 0.95703125 0.6875
vt 0.95703125 0.71875
vt 0.96875 0.71875
f 738/2217 737/2218 741/2219 742/2220
vt 0.98046875 0.71875
vt 0.96875 0.71875
vt 0.96875 0.6875
vt 0.98046875 0.6875
f 743/2221 744/2222 740/2223 739/2224
vt 0.96875 0.65625
vt 0.95703125 0.65625
vt 0.95703125 0.6875
vt 0.96875 0.6875
f 739/2225 740/2226 737/2227 738/2228
vt 0.982421875 0.65625
vt 0.970703125 0.65625
vt 0.970703125 0.6875
vt 0.982421875 0.6875
f 744/2229 743/2230 742/2231 741/2232
o gunModel93
v 8.550003 2.900001 -1.05
v 14.45 2.900001 -1.05
v 14.45 2.400001 -1.15
v 8.550003 2.400001 -1.15
v 8.550003 2.900001 -0.9
v 14.45 2.900001 -0.9
v 14.45 2.400001 -1
v 8.550003 2.400001 -1
vt 0.017578125 0.40625
vt 0.015625 0.40625
vt 0.015625 0.4375
vt 0.017578125 0.4375
f 751/2233 747/2234 746/2235 750/2236
vt 0.00390625 0.40625
vt 0.001953125 0.40625
vt 0.001953125 0.4375
vt 0.00390625 0.4375
f 748/2237 752/2238 749/2239 745/2240
vt 0.015625 0.4375
vt 0.00390625 0.4375
vt 0.00390625 0.46875
vt 0.015625 0.46875
f 746/2241 745/2242 749/2243 750/2244
vt 0.02734375 0.46875
vt 0.015625 0.46875
vt 0.015625 0.4375
vt 0.02734375 0.4375
f 751/2245 752/2246 748/2247 747/2248
vt 0.015625 0.40625
vt 0.00390625 0.40625
vt 0.00390625 0.4375
vt 0.015625 0.4375
f 747/2249 748/2250 745/2251 746/2252
vt 0.029296875 0.40625
vt 0.017578125 0.40625
vt 0.017578125 0.4375
vt 0.029296875 0.4375
f 752/2253 751/2254 750/2255 749/2256
o gunModel94
v 8.550003 3.249998 -0.7
v 14.45 3.249998 -0.7
v 14.45 3.099998 -0.7
v 8.550003 3.099998 -0.7
v 8.550003 3.299998 -0.15
v 14.45 3.299998 -0.15
v 14.45 3.149998 -0.15
v 8.550003 3.149998 -0.15
vt 0.048828125 0.40625
vt 0.046875 0.40625
vt 0.046875 0.4375
vt 0.048828125 0.4375
f 759/2257 755/2258 754/2259 758/2260
vt 0.03515625 0.40625
vt 0.033203125 0.40625
vt 0.033203125 0.4375
vt 0.03515625 0.4375
f 756/2261 760/2262 757/2263 753/2264
vt 0.046875 0.4375
vt 0.03515625 0.4375
vt 0.03515625 0.46875
vt 0.046875 0.46875
f 754/2265 753/2266 757/2267 758/2268
vt 0.05859375 0.46875
vt 0.046875 0.46875
vt 0.046875 0.4375
vt 0.05859375 0.4375
f 759/2269 760/2270 756/2271 755/2272
vt 0.046875 0.40625
vt 0.03515625 0.40625
vt 0.03515625 0.4375
vt 0.046875 0.4375
f 755/2273 756/2274 753/2275 754/2276
vt 0.060546875 0.40625
vt 0.048828125 0.40625
vt 0.048828125 0.4375
vt 0.060546875 0.4375
f 760/2277 759/2278 758/2279 757/2280
o gunModel95
v 8.550003 3.299998 -0.15
v 14.45 3.299998 -0.15
v 14.45 3.149998 -0.15
v 8.550003 3.149998 -0.15
v 8.550003 3.249998 0.4
v 14.45 3.249998 0.4
v 14.45 3.099998 0.4
v 8.550003 3.099998 0.4
vt 0.080078125 0.40625
vt 0.078125 0.40625
vt 0.078125 0.4375
vt 0.080078125 0.4375
f 767/2281 763/2282 762/2283 766/2284
vt 0.06640625 0.40625
vt 0.064453125 0.40625
vt 0.064453125 0.4375
vt 0.06640625 0.4375
f 764/2285 768/2286 765/2287 761/2288
vt 0.078125 0.4375
vt 0.06640625 0.4375
vt 0.06640625 0.46875
vt 0.078125 0.46875
f 762/2289 761/2290 765/2291 766/2292
vt 0.08984375 0.46875
vt 0.078125 0.46875
vt 0.078125 0.4375
vt 0.08984375 0.4375
f 767/2293 768/2294 764/2295 763/2296
vt 0.078125 0.40625
vt 0.06640625 0.40625
vt 0.06640625 0.4375
vt 0.078125 0.4375
f 763/2297 764/2298 761/2299 762/2300
vt 0.091796875 0.40625
vt 0.080078125 0.40625
vt 0.080078125 0.4375
vt 0.091796875 0.4375
f 768/2301 767/2302 766/2303 765/2304
o gunModel96
v 18.14999 2.7 -0.23
v 19.14999 2.7 -0.23
v 19.14999 2.47 -0.45
v 18.14999 2.47 -0.45
v 18.14999 2.7 -0.07
v 19.14999 2.7 -0.07
v 19.14999 2.47 0.15
v 18.14999 2.47 0.15
vt 0.9921875 0.65625
vt 0.990234375 0.65625
vt 0.990234375 0.6875
vt 0.9921875 0.6875
f 775/2305 771/2306 770/2307 774/2308
vt 0.98828125 0.65625
vt 0.986328125 0.65625
vt 0.986328125 0.6875
vt 0.98828125 0.6875
f 772/2309 776/2310 773/2311 769/2312
vt 0.990234375 0.6875
vt 0.98828125 0.6875
vt 0.98828125 0.71875
vt 0.990234375 0.71875
f 770/2313 769/2314 773/2315 774/2316
vt 0.9921875 0.71875
vt 0.990234375 0.71875
vt 0.990234375 0.6875
vt 0.9921875 0.6875
f 775/2317 776/2318 772/2319 771/2320
vt 0.990234375 0.65625
vt 0.98828125 0.65625
vt 0.98828125 0.6875
vt 0.990234375 0.6875
f 771/2321 772/2322 769/2323 770/2324
vt 0.994140625 0.65625
vt 0.9921875 0.65625
vt 0.9921875 0.6875
vt 0.994140625 0.6875
f 776/2325 775/2326 774/2327 773/2328
o gunModel97
v 18.14999 2.300001 -0.45
v 19.14999 2.300001 -0.45
v 19.14999 2.070001 -0.23
v 18.14999 2.070001 -0.23
v 18.14999 2.300001 0.15
v 19.14999 2.300001 0.15
v 19.14999 2.070001 -0.07
v 18.14999 2.070001 -0.07
vt 0.1015625 0.40625
vt 0.099609375 0.40625
vt 0.099609375 0.4375
vt 0.1015625 0.4375
f 783/2329 779/2330 778/2331 782/2332
vt 0.09765625 0.40625
vt 0.095703125 0.40625
vt 0.095703125 0.4375
vt 0.09765625 0.4375
f 780/2333 784/2334 781/2335 777/2336
vt 0.099609375 0.4375
vt 0.09765625 0.4375
vt 0.09765625 0.46875
vt 0.099609375 0.46875
f 778/2337 777/2338 781/2339 782/2340
vt 0.1015625 0.46875
vt 0.099609375 0.46875
vt 0.099609375 0.4375
vt 0.1015625 0.4375
f 783/2341 784/2342 780/2343 779/2344
vt 0.099609375 0.40625
vt 0.09765625 0.40625
vt 0.09765625 0.4375
vt 0.099609375 0.4375
f 779/2345 780/2346 777/2347 778/2348
vt 0.103515625 0.40625
vt 0.1015625 0.40625
vt 0.1015625 0.4375
vt 0.103515625 0.4375
f 784/2349 783/2350 782/2351 781/2352
o gunModel98
v 18.14999 2.470001 -0.45
v 19.14999 2.470001 -0.45
v 19.14999 2.300001 -0.45
v 18.14999 2.300001 -0.45
v 18.14999 2.470001 0.15
v 19.14999 2.470001 0.15
v 19.14999 2.300001 0.15
v 18.14999 2.300001 0.15
vt 0.1171875 0.40625
vt 0.115234375 0.40625
vt 0.115234375 0.4375
vt 0.1171875 0.4375
f 791/2353 787/2354 786/2355 790/2356
vt 0.11328125 0.40625
vt 0.111328125 0.40625
vt 0.111328125 0.4375
vt 0.11328125 0.4375
f 788/2357 792/2358 789/2359 785/2360
vt 0.115234375 0.4375
vt 0.11328125 0.4375
vt 0.11328125 0.46875
vt 0.115234375 0.46875
f 786/2361 785/2362 789/2363 790/2364
vt 0.1171875 0.46875
vt 0.115234375 0.46875
vt 0.115234375 0.4375
vt 0.1171875 0.4375
f 791/2365 792/2366 788/2367 787/2368
vt 0.115234375 0.40625
vt 0.11328125 0.40625
vt 0.11328125 0.4375
vt 0.115234375 0.4375
f 787/2369 788/2370 785/2371 786/2372
vt 0.119140625 0.40625
vt 0.1171875 0.40625
vt 0.1171875 0.4375
vt 0.119140625 0.4375
f 792/2373 791/2374 790/2375 789/2376
o gunModel99
v 17.88999 2.7 -0.23
v 18.00999 2.7 -0.23
v 18.00999 2.47 -0.45
v 17.88999 2.47 -0.45
v 17.88999 2.7 -0.07
v 18.00999 2.7 -0.07
v 18.00999 2.47 0.15
v 17.88999 2.47 0.15
vt 0.1328125 0.40625
vt 0.130859375 0.40625
vt 0.130859375 0.4375
vt 0.1328125 0.4375
f 799/2377 795/2378 794/2379 798/2380
vt 0.12890625 0.40625
vt 0.126953125 0.40625
vt 0.126953125 0.4375
vt 0.12890625 0.4375
f 796/2381 800/2382 797/2383 793/2384
vt 0.130859375 0.4375
vt 0.12890625 0.4375
vt 0.12890625 0.46875
vt 0.130859375 0.46875
f 794/2385 793/2386 797/2387 798/2388
vt 0.1328125 0.46875
vt 0.130859375 0.46875
vt 0.130859375 0.4375
vt 0.1328125 0.4375
f 799/2389 800/2390 796/2391 795/2392
vt 0.130859375 0.40625
vt 0.12890625 0.40625
vt 0.12890625 0.4375
vt 0.130859375 0.4375
f 795/2393 796/2394 793/2395 794/2396
vt 0.134765625 0.40625
vt 0.1328125 0.40625
vt 0.1328125 0.4375
vt 0.134765625 0.4375
f 800/2397 799/2398 798/2399 797/2400
o gunModel100
v 17.88999 2.470001 -0.45
v 18.00999 2.470001 -0.45
v 18.00999 2.300001 -0.45
v 17.88999 2.300001 -0.45
v 17.88999 2.470001 0.15
v 18.00999 2.470001 0.15
v 18.00999 2.300001 0.15
v 17.88999 2.300001 0.15
vt 0.1484375 0.40625
vt 0.146484375 0.40625
vt 0.146484375 0.4375
vt 0.1484375 0.4375
f 807/2401 803/2402 802/2403 806/2404
vt 0.14453125 0.40625
vt 0.142578125 0.40625
vt 0.142578125 0.4375
vt 0.14453125 0.4375
f 804/2405 808/2406 805/2407 801/2408
vt 0.146484375 0.4375
vt 0.14453125 0.4375
vt 0.14453125 0.46875
vt 0.146484375 0.46875
f 802/2409 801/2410 805/2411 806/2412
vt 0.1484375 0.46875
vt 0.146484375 0.46875
vt 0.146484375 0.4375
vt 0.1484375 0.4375
f 807/2413 808/2414 804/2415 803/2416
vt 0.146484375 0.40625
vt 0.14453125 0.40625
vt 0.14453125 0.4375
vt 0.146484375 0.4375
f 803/2417 804/2418 801/2419 802/2420
vt 0.150390625 0.40625
vt 0.1484375 0.40625
vt 0.1484375 0.4375
vt 0.150390625 0.4375
f 808/2421 807/2422 806/2423 805/2424
o gunModel101
v 17.88999 2.300001 -0.45
v 18.00999 2.300001 -0.45
v 18.00999 2.070001 -0.23
v 17.88999 2.070001 -0.23
v 17.88999 2.300001 0.15
v 18.00999 2.300001 0.15
v 18.00999 2.070001 -0.07
v 17.88999 2.070001 -0.07
vt 0.1640625 0.40625
vt 0.162109375 0.40625
vt 0.162109375 0.4375
vt 0.1640625 0.4375
f 815/2425 811/2426 810/2427 814/2428
vt 0.16015625 0.40625
vt 0.158203125 0.40625
vt 0.158203125 0.4375
vt 0.16015625 0.4375
f 812/2429 816/2430 813/2431 809/2432
vt 0.162109375 0.4375
vt 0.16015625 0.4375
vt 0.16015625 0.46875
vt 0.162109375 0.46875
f 810/2433 809/2434 813/2435 814/2436
vt 0.1640625 0.46875
vt 0.162109375 0.46875
vt 0.162109375 0.4375
vt 0.1640625 0.4375
f 815/2437 816/2438 812/2439 811/2440
vt 0.162109375 0.40625
vt 0.16015625 0.40625
vt 0.16015625 0.4375
vt 0.162109375 0.4375
f 811/2441 812/2442 809/2443 810/2444
vt 0.166015625 0.40625
vt 0.1640625 0.40625
vt 0.1640625 0.4375
vt 0.166015625 0.4375
f 816/2445 815/2446 814/2447 813/2448
o gunModel102
v 17.62 2.300001 -0.45
v 17.78 2.300001 -0.45
v 17.78 2.070001 -0.23
v 17.62 2.070001 -0.23
v 17.62 2.300001 0.15
v 17.78 2.300001 0.15
v 17.78 2.070001 -0.07
v 17.62 2.070001 -0.07
vt 0.1796875 0.40625
vt 0.177734375 0.40625
vt 0.177734375 0.4375
vt 0.1796875 0.4375
f 823/2449 819/2450 818/2451 822/2452
vt 0.17578125 0.40625
vt 0.173828125 0.40625
vt 0.173828125 0.4375
vt 0.17578125 0.4375
f 820/2453 824/2454 821/2455 817/2456
vt 0.177734375 0.4375
vt 0.17578125 0.4375
vt 0.17578125 0.46875
vt 0.177734375 0.46875
f 818/2457 817/2458 821/2459 822/2460
vt 0.1796875 0.46875
vt 0.177734375 0.46875
vt 0.177734375 0.4375
vt 0.1796875 0.4375
f 823/2461 824/2462 820/2463 819/2464
vt 0.177734375 0.40625
vt 0.17578125 0.40625
vt 0.17578125 0.4375
vt 0.177734375 0.4375
f 819/2465 820/2466 817/2467 818/2468
vt 0.181640625 0.40625
vt 0.1796875 0.40625
vt 0.1796875 0.4375
vt 0.181640625 0.4375
f 824/2469 823/2470 822/2471 821/2472
o gunModel103
v 17.62 2.470001 -0.45
v 17.78 2.470001 -0.45
v 17.78 2.300001 -0.45
v 17.62 2.300001 -0.45
v 17.62 2.470001 0.15
v 17.78 2.470001 0.15
v 17.78 2.300001 0.15
v 17.62 2.300001 0.15
vt 0.1953125 0.40625
vt 0.193359375 0.40625
vt 0.193359375 0.4375
vt 0.1953125 0.4375
f 831/2473 827/2474 826/2475 830/2476
vt 0.19140625 0.40625
vt 0.189453125 0.40625
vt 0.189453125 0.4375
vt 0.19140625 0.4375
f 828/2477 832/2478 829/2479 825/2480
vt 0.193359375 0.4375
vt 0.19140625 0.4375
vt 0.19140625 0.46875
vt 0.193359375 0.46875
f 826/2481 825/2482 829/2483 830/2484
vt 0.1953125 0.46875
vt 0.193359375 0.46875
vt 0.193359375 0.4375
vt 0.1953125 0.4375
f 831/2485 832/2486 828/2487 827/2488
vt 0.193359375 0.40625
vt 0.19140625 0.40625
vt 0.19140625 0.4375
vt 0.193359375 0.4375
f 827/2489 828/2490 825/2491 826/2492
vt 0.197265625 0.40625
vt 0.1953125 0.40625
vt 0.1953125 0.4375
vt 0.197265625 0.4375
f 832/2493 831/2494 830/2495 829/2496
o gunModel104
v 17.62 2.7 -0.23
v 17.78 2.7 -0.23
v 17.78 2.47 -0.45
v 17.62 2.47 -0.45
v 17.62 2.7 -0.07
v 17.78 2.7 -0.07
v 17.78 2.47 0.15
v 17.62 2.47 0.15
vt 0.2109375 0.40625
vt 0.208984375 0.40625
vt 0.208984375 0.4375
vt 0.2109375 0.4375
f 839/2497 835/2498 834/2499 838/2500
vt 0.20703125 0.40625
vt 0.205078125 0.40625
vt 0.205078125 0.4375
vt 0.20703125 0.4375
f 836/2501 840/2502 837/2503 833/2504
vt 0.208984375 0.4375
vt 0.20703125 0.4375
vt 0.20703125 0.46875
vt 0.208984375 0.46875
f 834/2505 833/2506 837/2507 838/2508
vt 0.2109375 0.46875
vt 0.208984375 0.46875
vt 0.208984375 0.4375
vt 0.2109375 0.4375
f 839/2509 840/2510 836/2511 835/2512
vt 0.208984375 0.40625
vt 0.20703125 0.40625
vt 0.20703125 0.4375
vt 0.208984375 0.4375
f 835/2513 836/2514 833/2515 834/2516
vt 0.212890625 0.40625
vt 0.2109375 0.40625
vt 0.2109375 0.4375
vt 0.212890625 0.4375
f 840/2517 839/2518 838/2519 837/2520
o gunModel105
v 8.800003 2.900001 0.65
v 9.000003 2.900001 0.65
v 9.000003 2.400001 0.75
v 8.800003 2.400001 0.75
v 8.800003 2.900001 0.8
v 9.000003 2.900001 0.8
v 9.000003 2.400001 0.9
v 8.800003 2.400001 0.9
vt 0.2265625 0.40625
vt 0.224609375 0.40625
vt 0.224609375 0.4375
vt 0.2265625 0.4375
f 847/2521 843/2522 842/2523 846/2524
vt 0.22265625 0.40625
vt 0.220703125 0.40625
vt 0.220703125 0.4375
vt 0.22265625 0.4375
f 844/2525 848/2526 845/2527 841/2528
vt 0.224609375 0.4375
vt 0.22265625 0.4375
vt 0.22265625 0.46875
vt 0.224609375 0.46875
f 842/2529 841/2530 845/2531 846/2532
vt 0.2265625 0.46875
vt 0.224609375 0.46875
vt 0.224609375 0.4375
vt 0.2265625 0.4375
f 847/2533 848/2534 844/2535 843/2536
vt 0.224609375 0.40625
vt 0.22265625 0.40625
vt 0.22265625 0.4375
vt 0.224609375 0.4375
f 843/2537 844/2538 841/2539 842/2540
vt 0.228515625 0.40625
vt 0.2265625 0.40625
vt 0.2265625 0.4375
vt 0.228515625 0.4375
f 848/2541 847/2542 846/2543 845/2544
o gunModel106
v 9.200004 2.900001 0.65
v 9.400004 2.900001 0.65
v 9.400004 2.400001 0.75
v 9.200004 2.400001 0.75
v 9.200004 2.900001 0.8
v 9.400004 2.900001 0.8
v 9.400004 2.400001 0.9
v 9.200004 2.400001 0.9
vt 0.2421875 0.40625
vt 0.240234375 0.40625
vt 0.240234375 0.4375
vt 0.2421875 0.4375
f 855/2545 851/2546 850/2547 854/2548
vt 0.23828125 0.40625
vt 0.236328125 0.40625
vt 0.236328125 0.4375
vt 0.23828125 0.4375
f 852/2549 856/2550 853/2551 849/2552
vt 0.240234375 0.4375
vt 0.23828125 0.4375
vt 0.23828125 0.46875
vt 0.240234375 0.46875
f 850/2553 849/2554 853/2555 854/2556
vt 0.2421875 0.46875
vt 0.240234375 0.46875
vt 0.240234375 0.4375
vt 0.2421875 0.4375
f 855/2557 856/2558 852/2559 851/2560
vt 0.240234375 0.40625
vt 0.23828125 0.40625
vt 0.23828125 0.4375
vt 0.240234375 0.4375
f 851/2561 852/2562 849/2563 850/2564
vt 0.244140625 0.40625
vt 0.2421875 0.40625
vt 0.2421875 0.4375
vt 0.244140625 0.4375
f 856/2565 855/2566 854/2567 853/2568
o gunModel107
v 9.600005 2.900001 0.65
v 9.800005 2.900001 0.65
v 9.800005 2.400001 0.75
v 9.600005 2.400001 0.75
v 9.600005 2.900001 0.8
v 9.800005 2.900001 0.8
v 9.800005 2.400001 0.9
v 9.600005 2.400001 0.9
vt 0.2578125 0.40625
vt 0.255859375 0.40625
vt 0.255859375 0.4375
vt 0.2578125 0.4375
f 863/2569 859/2570 858/2571 862/2572
vt 0.25390625 0.40625
vt 0.251953125 0.40625
vt 0.251953125 0.4375
vt 0.25390625 0.4375
f 860/2573 864/2574 861/2575 857/2576
vt 0.255859375 0.4375
vt 0.25390625 0.4375
vt 0.25390625 0.46875
vt 0.255859375 0.46875
f 858/2577 857/2578 861/2579 862/2580
vt 0.2578125 0.46875
vt 0.255859375 0.46875
vt 0.255859375 0.4375
vt 0.2578125 0.4375
f 863/2581 864/2582 860/2583 859/2584
vt 0.255859375 0.40625
vt 0.25390625 0.40625
vt 0.25390625 0.4375
vt 0.255859375 0.4375
f 859/2585 860/2586 857/2587 858/2588
vt 0.259765625 0.40625
vt 0.2578125 0.40625
vt 0.2578125 0.4375
vt 0.259765625 0.4375
f 864/2589 863/2590 862/2591 861/2592
o gunModel108
v 10.00001 2.900001 0.65
v 10.20001 2.900001 0.65
v 10.20001 2.400001 0.75
v 10.00001 2.400001 0.75
v 10.00001 2.900001 0.8
v 10.20001 2.900001 0.8
v 10.20001 2.400001 0.9
v 10.00001 2.400001 0.9
vt 0.2734375 0.40625
vt 0.271484375 0.40625
vt 0.271484375 0.4375
vt 0.2734375 0.4375
f 871/2593 867/2594 866/2595 870/2596
vt 0.26953125 0.40625
vt 0.267578125 0.40625
vt 0.267578125 0.4375
vt 0.26953125 0.4375
f 868/2597 872/2598 869/2599 865/2600
vt 0.271484375 0.4375
vt 0.26953125 0.4375
vt 0.26953125 0.46875
vt 0.271484375 0.46875
f 866/2601 865/2602 869/2603 870/2604
vt 0.2734375 0.46875
vt 0.271484375 0.46875
vt 0.271484375 0.4375
vt 0.2734375 0.4375
f 871/2605 872/2606 868/2607 867/2608
vt 0.271484375 0.40625
vt 0.26953125 0.40625
vt 0.26953125 0.4375
vt 0.271484375 0.4375
f 867/2609 868/2610 865/2611 866/2612
vt 0.275390625 0.40625
vt 0.2734375 0.40625
vt 0.2734375 0.4375
vt 0.275390625 0.4375
f 872/2613 871/2614 870/2615 869/2616
o gunModel109
v 10.40001 2.900001 0.65
v 10.60001 2.900001 0.65
v 10.60001 2.400001 0.75
v 10.40001 2.400001 0.75
v 10.40001 2.900001 0.8
v 10.60001 2.900001 0.8
v 10.60001 2.400001 0.9
v 10.40001 2.400001 0.9
vt 0.2890625 0.40625
vt 0.287109375 0.40625
vt 0.287109375 0.4375
vt 0.2890625 0.4375
f 879/2617 875/2618 874/2619 878/2620
vt 0.28515625 0.40625
vt 0.283203125 0.40625
vt 0.283203125 0.4375
vt 0.28515625 0.4375
f 876/2621 880/2622 877/2623 873/2624
vt 0.287109375 0.4375
vt 0.28515625 0.4375
vt 0.28515625 0.46875
vt 0.287109375 0.46875
f 874/2625 873/2626 877/2627 878/2628
vt 0.2890625 0.46875
vt 0.287109375 0.46875
vt 0.287109375 0.4375
vt 0.2890625 0.4375
f 879/2629 880/2630 876/2631 875/2632
vt 0.287109375 0.40625
vt 0.28515625 0.40625
vt 0.28515625 0.4375
vt 0.287109375 0.4375
f 875/2633 876/2634 873/2635 874/2636
vt 0.291015625 0.40625
vt 0.2890625 0.40625
vt 0.2890625 0.4375
vt 0.291015625 0.4375
f 880/2637 879/2638 878/2639 877/2640
o gunModel110
v 10.80001 2.900001 0.65
v 11.00001 2.900001 0.65
v 11.00001 2.400001 0.75
v 10.80001 2.400001 0.75
v 10.80001 2.900001 0.8
v 11.00001 2.900001 0.8
v 11.00001 2.400001 0.9
v 10.80001 2.400001 0.9
vt 0.3046875 0.40625
vt 0.302734375 0.40625
vt 0.302734375 0.4375
vt 0.3046875 0.4375
f 887/2641 883/2642 882/2643 886/2644
vt 0.30078125 0.40625
vt 0.298828125 0.40625
vt 0.298828125 0.4375
vt 0.30078125 0.4375
f 884/2645 888/2646 885/2647 881/2648
vt 0.302734375 0.4375
vt 0.30078125 0.4375
vt 0.30078125 0.46875
vt 0.302734375 0.46875
f 882/2649 881/2650 885/2651 886/2652
vt 0.3046875 0.46875
vt 0.302734375 0.46875
vt 0.302734375 0.4375
vt 0.3046875 0.4375
f 887/2653 888/2654 884/2655 883/2656
vt 0.302734375 0.40625
vt 0.30078125 0.40625
vt 0.30078125 0.4375
vt 0.302734375 0.4375
f 883/2657 884/2658 881/2659 882/2660
vt 0.306640625 0.40625
vt 0.3046875 0.40625
vt 0.3046875 0.4375
vt 0.306640625 0.4375
f 888/2661 887/2662 886/2663 885/2664
o gunModel111
v 11.20001 2.900001 0.65
v 11.40001 2.900001 0.65
v 11.40001 2.400001 0.75
v 11.20001 2.400001 0.75
v 11.20001 2.900001 0.8
v 11.40001 2.900001 0.8
v 11.40001 2.400001 0.9
v 11.20001 2.400001 0.9
vt 0.3203125 0.40625
vt 0.318359375 0.40625
vt 0.318359375 0.4375
vt 0.3203125 0.4375
f 895/2665 891/2666 890/2667 894/2668
vt 0.31640625 0.40625
vt 0.314453125 0.40625
vt 0.314453125 0.4375
vt 0.31640625 0.4375
f 892/2669 896/2670 893/2671 889/2672
vt 0.318359375 0.4375
vt 0.31640625 0.4375
vt 0.31640625 0.46875
vt 0.318359375 0.46875
f 890/2673 889/2674 893/2675 894/2676
vt 0.3203125 0.46875
vt 0.318359375 0.46875
vt 0.318359375 0.4375
vt 0.3203125 0.4375
f 895/2677 896/2678 892/2679 891/2680
vt 0.318359375 0.40625
vt 0.31640625 0.40625
vt 0.31640625 0.4375
vt 0.318359375 0.4375
f 891/2681 892/2682 889/2683 890/2684
vt 0.322265625 0.40625
vt 0.3203125 0.40625
vt 0.3203125 0.4375
vt 0.322265625 0.4375
f 896/2685 895/2686 894/2687 893/2688
o gunModel112
v 11.60001 2.900001 0.65
v 11.80001 2.900001 0.65
v 11.80001 2.400001 0.75
v 11.60001 2.400001 0.75
v 11.60001 2.900001 0.8
v 11.80001 2.900001 0.8
v 11.80001 2.400001 0.9
v 11.60001 2.400001 0.9
vt 0.3359375 0.40625
vt 0.333984375 0.40625
vt 0.333984375 0.4375
vt 0.3359375 0.4375
f 903/2689 899/2690 898/2691 902/2692
vt 0.33203125 0.40625
vt 0.330078125 0.40625
vt 0.330078125 0.4375
vt 0.33203125 0.4375
f 900/2693 904/2694 901/2695 897/2696
vt 0.333984375 0.4375
vt 0.33203125 0.4375
vt 0.33203125 0.46875
vt 0.333984375 0.46875
f 898/2697 897/2698 901/2699 902/2700
vt 0.3359375 0.46875
vt 0.333984375 0.46875
vt 0.333984375 0.4375
vt 0.3359375 0.4375
f 903/2701 904/2702 900/2703 899/2704
vt 0.333984375 0.40625
vt 0.33203125 0.40625
vt 0.33203125 0.4375
vt 0.333984375 0.4375
f 899/2705 900/2706 897/2707 898/2708
vt 0.337890625 0.40625
vt 0.3359375 0.40625
vt 0.3359375 0.4375
vt 0.337890625 0.4375
f 904/2709 903/2710 902/2711 901/2712
o gunModel113
v 12.00001 2.900001 0.65
v 12.20001 2.900001 0.65
v 12.20001 2.400001 0.75
v 12.00001 2.400001 0.75
v 12.00001 2.900001 0.8
v 12.20001 2.900001 0.8
v 12.20001 2.400001 0.9
v 12.00001 2.400001 0.9
vt 0.3515625 0.40625
vt 0.349609375 0.40625
vt 0.349609375 0.4375
vt 0.3515625 0.4375
f 911/2713 907/2714 906/2715 910/2716
vt 0.34765625 0.40625
vt 0.345703125 0.40625
vt 0.345703125 0.4375
vt 0.34765625 0.4375
f 908/2717 912/2718 909/2719 905/2720
vt 0.349609375 0.4375
vt 0.34765625 0.4375
vt 0.34765625 0.46875
vt 0.349609375 0.46875
f 906/2721 905/2722 909/2723 910/2724
vt 0.3515625 0.46875
vt 0.349609375 0.46875
vt 0.349609375 0.4375
vt 0.3515625 0.4375
f 911/2725 912/2726 908/2727 907/2728
vt 0.349609375 0.40625
vt 0.34765625 0.40625
vt 0.34765625 0.4375
vt 0.349609375 0.4375
f 907/2729 908/2730 905/2731 906/2732
vt 0.353515625 0.40625
vt 0.3515625 0.40625
vt 0.3515625 0.4375
vt 0.353515625 0.4375
f 912/2733 911/2734 910/2735 909/2736
o gunModel114
v 12.40001 2.900001 0.65
v 12.60001 2.900001 0.65
v 12.60001 2.400001 0.75
v 12.40001 2.400001 0.75
v 12.40001 2.900001 0.8
v 12.60001 2.900001 0.8
v 12.60001 2.400001 0.9
v 12.40001 2.400001 0.9
vt 0.3671875 0.40625
vt 0.365234375 0.40625
vt 0.365234375 0.4375
vt 0.3671875 0.4375
f 919/2737 915/2738 914/2739 918/2740
vt 0.36328125 0.40625
vt 0.361328125 0.40625
vt 0.361328125 0.4375
vt 0.36328125 0.4375
f 916/2741 920/2742 917/2743 913/2744
vt 0.365234375 0.4375
vt 0.36328125 0.4375
vt 0.36328125 0.46875
vt 0.365234375 0.46875
f 914/2745 913/2746 917/2747 918/2748
vt 0.3671875 0.46875
vt 0.365234375 0.46875
vt 0.365234375 0.4375
vt 0.3671875 0.4375
f 919/2749 920/2750 916/2751 915/2752
vt 0.365234375 0.40625
vt 0.36328125 0.40625
vt 0.36328125 0.4375
vt 0.365234375 0.4375
f 915/2753 916/2754 913/2755 914/2756
vt 0.369140625 0.40625
vt 0.3671875 0.40625
vt 0.3671875 0.4375
vt 0.369140625 0.4375
f 920/2757 919/2758 918/2759 917/2760
o gunModel115
v 12.80001 2.900001 0.65
v 13.00001 2.900001 0.65
v 13.00001 2.400001 0.75
v 12.80001 2.400001 0.75
v 12.80001 2.900001 0.8
v 13.00001 2.900001 0.8
v 13.00001 2.400001 0.9
v 12.80001 2.400001 0.9
vt 0.3828125 0.40625
vt 0.380859375 0.40625
vt 0.380859375 0.4375
vt 0.3828125 0.4375
f 927/2761 923/2762 922/2763 926/2764
vt 0.37890625 0.40625
vt 0.376953125 0.40625
vt 0.376953125 0.4375
vt 0.37890625 0.4375
f 924/2765 928/2766 925/2767 921/2768
vt 0.380859375 0.4375
vt 0.37890625 0.4375
vt 0.37890625 0.46875
vt 0.380859375 0.46875
f 922/2769 921/2770 925/2771 926/2772
vt 0.3828125 0.46875
vt 0.380859375 0.46875
vt 0.380859375 0.4375
vt 0.3828125 0.4375
f 927/2773 928/2774 924/2775 923/2776
vt 0.380859375 0.40625
vt 0.37890625 0.40625
vt 0.37890625 0.4375
vt 0.380859375 0.4375
f 923/2777 924/2778 921/2779 922/2780
vt 0.384765625 0.40625
vt 0.3828125 0.40625
vt 0.3828125 0.4375
vt 0.384765625 0.4375
f 928/2781 927/2782 926/2783 925/2784
o gunModel116
v 13.20001 2.900001 0.65
v 13.40001 2.900001 0.65
v 13.40001 2.400001 0.75
v 13.20001 2.400001 0.75
v 13.20001 2.900001 0.8
v 13.40001 2.900001 0.8
v 13.40001 2.400001 0.9
v 13.20001 2.400001 0.9
vt 0.3984375 0.40625
vt 0.396484375 0.40625
vt 0.396484375 0.4375
vt 0.3984375 0.4375
f 935/2785 931/2786 930/2787 934/2788
vt 0.39453125 0.40625
vt 0.392578125 0.40625
vt 0.392578125 0.4375
vt 0.39453125 0.4375
f 932/2789 936/2790 933/2791 929/2792
vt 0.396484375 0.4375
vt 0.39453125 0.4375
vt 0.39453125 0.46875
vt 0.396484375 0.46875
f 930/2793 929/2794 933/2795 934/2796
vt 0.3984375 0.46875
vt 0.396484375 0.46875
vt 0.396484375 0.4375
vt 0.3984375 0.4375
f 935/2797 936/2798 932/2799 931/2800
vt 0.396484375 0.40625
vt 0.39453125 0.40625
vt 0.39453125 0.4375
vt 0.396484375 0.4375
f 931/2801 932/2802 929/2803 930/2804
vt 0.400390625 0.40625
vt 0.3984375 0.40625
vt 0.3984375 0.4375
vt 0.400390625 0.4375
f 936/2805 935/2806 934/2807 933/2808
o gunModel117
v 13.60001 2.900001 0.65
v 13.80001 2.900001 0.65
v 13.80001 2.400001 0.75
v 13.60001 2.400001 0.75
v 13.60001 2.900001 0.8
v 13.80001 2.900001 0.8
v 13.80001 2.400001 0.9
v 13.60001 2.400001 0.9
vt 0.4140625 0.40625
vt 0.412109375 0.40625
vt 0.412109375 0.4375
vt 0.4140625 0.4375
f 943/2809 939/2810 938/2811 942/2812
vt 0.41015625 0.40625
vt 0.408203125 0.40625
vt 0.408203125 0.4375
vt 0.41015625 0.4375
f 940/2813 944/2814 941/2815 937/2816
vt 0.412109375 0.4375
vt 0.41015625 0.4375
vt 0.41015625 0.46875
vt 0.412109375 0.46875
f 938/2817 937/2818 941/2819 942/2820
vt 0.4140625 0.46875
vt 0.412109375 0.46875
vt 0.412109375 0.4375
vt 0.4140625 0.4375
f 943/2821 944/2822 940/2823 939/2824
vt 0.412109375 0.40625
vt 0.41015625 0.40625
vt 0.41015625 0.4375
vt 0.412109375 0.4375
f 939/2825 940/2826 937/2827 938/2828
vt 0.416015625 0.40625
vt 0.4140625 0.40625
vt 0.4140625 0.4375
vt 0.416015625 0.4375
f 944/2829 943/2830 942/2831 941/2832
o gunModel118
v 14.00001 2.900001 0.65
v 14.20001 2.900001 0.65
v 14.20001 2.400001 0.75
v 14.00001 2.400001 0.75
v 14.00001 2.900001 0.8
v 14.20001 2.900001 0.8
v 14.20001 2.400001 0.9
v 14.00001 2.400001 0.9
vt 0.4296875 0.40625
vt 0.427734375 0.40625
vt 0.427734375 0.4375
vt 0.4296875 0.4375
f 951/2833 947/2834 946/2835 950/2836
vt 0.42578125 0.40625
vt 0.423828125 0.40625
vt 0.423828125 0.4375
vt 0.42578125 0.4375
f 948/2837 952/2838 949/2839 945/2840
vt 0.427734375 0.4375
vt 0.42578125 0.4375
vt 0.42578125 0.46875
vt 0.427734375 0.46875
f 946/2841 945/2842 949/2843 950/2844
vt 0.4296875 0.46875
vt 0.427734375 0.46875
vt 0.427734375 0.4375
vt 0.4296875 0.4375
f 951/2845 952/2846 948/2847 947/2848
vt 0.427734375 0.40625
vt 0.42578125 0.40625
vt 0.42578125 0.4375
vt 0.427734375 0.4375
f 947/2849 948/2850 945/2851 946/2852
vt 0.431640625 0.40625
vt 0.4296875 0.40625
vt 0.4296875 0.4375
vt 0.431640625 0.4375
f 952/2853 951/2854 950/2855 949/2856
o gunModel119
v 14.00001 2.400001 0.75
v 14.20001 2.400001 0.75
v 14.20001 1.900001 0.65
v 14.00001 1.900001 0.65
v 14.00001 2.400001 0.9
v 14.20001 2.400001 0.9
v 14.20001 1.900001 0.8
v 14.00001 1.900001 0.8
vt 0.4453125 0.40625
vt 0.443359375 0.40625
vt 0.443359375 0.4375
vt 0.4453125 0.4375
f 959/2857 955/2858 954/2859 958/2860
vt 0.44140625 0.40625
vt 0.439453125 0.40625
vt 0.439453125 0.4375
vt 0.44140625 0.4375
f 956/2861 960/2862 957/2863 953/2864
vt 0.443359375 0.4375
vt 0.44140625 0.4375
vt 0.44140625 0.46875
vt 0.443359375 0.46875
f 954/2865 953/2866 957/2867 958/2868
vt 0.4453125 0.46875
vt 0.443359375 0.46875
vt 0.443359375 0.4375
vt 0.4453125 0.4375
f 959/2869 960/2870 956/2871 955/2872
vt 0.443359375 0.40625
vt 0.44140625 0.40625
vt 0.44140625 0.4375
vt 0.443359375 0.4375
f 955/2873 956/2874 953/2875 954/2876
vt 0.447265625 0.40625
vt 0.4453125 0.40625
vt 0.4453125 0.4375
vt 0.447265625 0.4375
f 960/2877 959/2878 958/2879 957/2880
o gunModel120
v 13.60001 2.400001 0.75
v 13.80001 2.400001 0.75
v 13.80001 1.900001 0.65
v 13.60001 1.900001 0.65
v 13.60001 2.400001 0.9
v 13.80001 2.400001 0.9
v 13.80001 1.900001 0.8
v 13.60001 1.900001 0.8
vt 0.4609375 0.40625
vt 0.458984375 0.40625
vt 0.458984375 0.4375
vt 0.4609375 0.4375
f 967/2881 963/2882 962/2883 966/2884
vt 0.45703125 0.40625
vt 0.455078125 0.40625
vt 0.455078125 0.4375
vt 0.45703125 0.4375
f 964/2885 968/2886 965/2887 961/2888
vt 0.458984375 0.4375
vt 0.45703125 0.4375
vt 0.45703125 0.46875
vt 0.458984375 0.46875
f 962/2889 961/2890 965/2891 966/2892
vt 0.4609375 0.46875
vt 0.458984375 0.46875
vt 0.458984375 0.4375
vt 0.4609375 0.4375
f 967/2893 968/2894 964/2895 963/2896
vt 0.458984375 0.40625
vt 0.45703125 0.40625
vt 0.45703125 0.4375
vt 0.458984375 0.4375
f 963/2897 964/2898 961/2899 962/2900
vt 0.462890625 0.40625
vt 0.4609375 0.40625
vt 0.4609375 0.4375
vt 0.462890625 0.4375
f 968/2901 967/2902 966/2903 965/2904
o gunModel121
v 13.20001 2.400001 0.75
v 13.40001 2.400001 0.75
v 13.40001 1.900001 0.65
v 13.20001 1.900001 0.65
v 13.20001 2.400001 0.9
v 13.40001 2.400001 0.9
v 13.40001 1.900001 0.8
v 13.20001 1.900001 0.8
vt 0.4765625 0.40625
vt 0.474609375 0.40625
vt 0.474609375 0.4375
vt 0.4765625 0.4375
f 975/2905 971/2906 970/2907 974/2908
vt 0.47265625 0.40625
vt 0.470703125 0.40625
vt 0.470703125 0.4375
vt 0.47265625 0.4375
f 972/2909 976/2910 973/2911 969/2912
vt 0.474609375 0.4375
vt 0.47265625 0.4375
vt 0.47265625 0.46875
vt 0.474609375 0.46875
f 970/2913 969/2914 973/2915 974/2916
vt 0.4765625 0.46875
vt 0.474609375 0.46875
vt 0.474609375 0.4375
vt 0.4765625 0.4375
f 975/2917 976/2918 972/2919 971/2920
vt 0.474609375 0.40625
vt 0.47265625 0.40625
vt 0.47265625 0.4375
vt 0.474609375 0.4375
f 971/2921 972/2922 969/2923 970/2924
vt 0.478515625 0.40625
vt 0.4765625 0.40625
vt 0.4765625 0.4375
vt 0.478515625 0.4375
f 976/2925 975/2926 974/2927 973/2928
o gunModel122
v 12.80001 2.400001 0.75
v 13.00001 2.400001 0.75
v 13.00001 1.900001 0.65
v 12.80001 1.900001 0.65
v 12.80001 2.400001 0.9
v 13.00001 2.400001 0.9
v 13.00001 1.900001 0.8
v 12.80001 1.900001 0.8
vt 0.4921875 0.40625
vt 0.490234375 0.40625
vt 0.490234375 0.4375
vt 0.4921875 0.4375
f 983/2929 979/2930 978/2931 982/2932
vt 0.48828125 0.40625
vt 0.486328125 0.40625
vt 0.486328125 0.4375
vt 0.48828125 0.4375
f 980/2933 984/2934 981/2935 977/2936
vt 0.490234375 0.4375
vt 0.48828125 0.4375
vt 0.48828125 0.46875
vt 0.490234375 0.46875
f 978/2937 977/2938 981/2939 982/2940
vt 0.4921875 0.46875
vt 0.490234375 0.46875
vt 0.490234375 0.4375
vt 0.4921875 0.4375
f 983/2941 984/2942 980/2943 979/2944
vt 0.490234375 0.40625
vt 0.48828125 0.40625
vt 0.48828125 0.4375
vt 0.490234375 0.4375
f 979/2945 980/2946 977/2947 978/2948
vt 0.494140625 0.40625
vt 0.4921875 0.40625
vt 0.4921875 0.4375
vt 0.494140625 0.4375
f 984/2949 983/2950 982/2951 981/2952
o gunModel123
v 12.40001 2.400001 0.75
v 12.60001 2.400001 0.75
v 12.60001 1.900001 0.65
v 12.40001 1.900001 0.65
v 12.40001 2.400001 0.9
v 12.60001 2.400001 0.9
v 12.60001 1.900001 0.8
v 12.40001 1.900001 0.8
vt 0.5078125 0.40625
vt 0.505859375 0.40625
vt 0.505859375 0.4375
vt 0.5078125 0.4375
f 991/2953 987/2954 986/2955 990/2956
vt 0.50390625 0.40625
vt 0.501953125 0.40625
vt 0.501953125 0.4375
vt 0.50390625 0.4375
f 988/2957 992/2958 989/2959 985/2960
vt 0.505859375 0.4375
vt 0.50390625 0.4375
vt 0.50390625 0.46875
vt 0.505859375 0.46875
f 986/2961 985/2962 989/2963 990/2964
vt 0.5078125 0.46875
vt 0.505859375 0.46875
vt 0.505859375 0.4375
vt 0.5078125 0.4375
f 991/2965 992/2966 988/2967 987/2968
vt 0.505859375 0.40625
vt 0.50390625 0.40625
vt 0.50390625 0.4375
vt 0.505859375 0.4375
f 987/2969 988/2970 985/2971 986/2972
vt 0.509765625 0.40625
vt 0.5078125 0.40625
vt 0.5078125 0.4375
vt 0.509765625 0.4375
f 992/2973 991/2974 990/2975 989/2976
o gunModel124
v 12.00001 2.400001 0.75
v 12.20001 2.400001 0.75
v 12.20001 1.900001 0.65
v 12.00001 1.900001 0.65
v 12.00001 2.400001 0.9
v 12.20001 2.400001 0.9
v 12.20001 1.900001 0.8
v 12.00001 1.900001 0.8
vt 0.5234375 0.40625
vt 0.521484375 0.40625
vt 0.521484375 0.4375
vt 0.5234375 0.4375
f 999/2977 995/2978 994/2979 998/2980
vt 0.51953125 0.40625
vt 0.517578125 0.40625
vt 0.517578125 0.4375
vt 0.51953125 0.4375
f 996/2981 1000/2982 997/2983 993/2984
vt 0.521484375 0.4375
vt 0.51953125 0.4375
vt 0.51953125 0.46875
vt 0.521484375 0.46875
f 994/2985 993/2986 997/2987 998/2988
vt 0.5234375 0.46875
vt 0.521484375 0.46875
vt 0.521484375 0.4375
vt 0.5234375 0.4375
f 999/2989 1000/2990 996/2991 995/2992
vt 0.521484375 0.40625
vt 0.51953125 0.40625
vt 0.51953125 0.4375
vt 0.521484375 0.4375
f 995/2993 996/2994 993/2995 994/2996
vt 0.525390625 0.40625
vt 0.5234375 0.40625
vt 0.5234375 0.4375
vt 0.525390625 0.4375
f 1000/2997 999/2998 998/2999 997/3000
o gunModel125
v 11.60001 2.400001 0.75
v 11.80001 2.400001 0.75
v 11.80001 1.900001 0.65
v 11.60001 1.900001 0.65
v 11.60001 2.400001 0.9
v 11.80001 2.400001 0.9
v 11.80001 1.900001 0.8
v 11.60001 1.900001 0.8
vt 0.5390625 0.40625
vt 0.537109375 0.40625
vt 0.537109375 0.4375
vt 0.5390625 0.4375
f 1007/3001 1003/3002 1002/3003 1006/3004
vt 0.53515625 0.40625
vt 0.533203125 0.40625
vt 0.533203125 0.4375
vt 0.53515625 0.4375
f 1004/3005 1008/3006 1005/3007 1001/3008
vt 0.537109375 0.4375
vt 0.53515625 0.4375
vt 0.53515625 0.46875
vt 0.537109375 0.46875
f 1002/3009 1001/3010 1005/3011 1006/3012
vt 0.5390625 0.46875
vt 0.537109375 0.46875
vt 0.537109375 0.4375
vt 0.5390625 0.4375
f 1007/3013 1008/3014 1004/3015 1003/3016
vt 0.537109375 0.40625
vt 0.53515625 0.40625
vt 0.53515625 0.4375
vt 0.537109375 0.4375
f 1003/3017 1004/3018 1001/3019 1002/3020
vt 0.541015625 0.40625
vt 0.5390625 0.40625
vt 0.5390625 0.4375
vt 0.541015625 0.4375
f 1008/3021 1007/3022 1006/3023 1005/3024
o gunModel126
v 11.20001 2.400001 0.75
v 11.40001 2.400001 0.75
v 11.40001 1.900001 0.65
v 11.20001 1.900001 0.65
v 11.20001 2.400001 0.9
v 11.40001 2.400001 0.9
v 11.40001 1.900001 0.8
v 11.20001 1.900001 0.8
vt 0.5546875 0.40625
vt 0.552734375 0.40625
vt 0.552734375 0.4375
vt 0.5546875 0.4375
f 1015/3025 1011/3026 1010/3027 1014/3028
vt 0.55078125 0.40625
vt 0.548828125 0.40625
vt 0.548828125 0.4375
vt 0.55078125 0.4375
f 1012/3029 1016/3030 1013/3031 1009/3032
vt 0.552734375 0.4375
vt 0.55078125 0.4375
vt 0.55078125 0.46875
vt 0.552734375 0.46875
f 1010/3033 1009/3034 1013/3035 1014/3036
vt 0.5546875 0.46875
vt 0.552734375 0.46875
vt 0.552734375 0.4375
vt 0.5546875 0.4375
f 1015/3037 1016/3038 1012/3039 1011/3040
vt 0.552734375 0.40625
vt 0.55078125 0.40625
vt 0.55078125 0.4375
vt 0.552734375 0.4375
f 1011/3041 1012/3042 1009/3043 1010/3044
vt 0.556640625 0.40625
vt 0.5546875 0.40625
vt 0.5546875 0.4375
vt 0.556640625 0.4375
f 1016/3045 1015/3046 1014/3047 1013/3048
o gunModel127
v 10.80001 2.400001 0.75
v 11.00001 2.400001 0.75
v 11.00001 1.900001 0.65
v 10.80001 1.900001 0.65
v 10.80001 2.400001 0.9
v 11.00001 2.400001 0.9
v 11.00001 1.900001 0.8
v 10.80001 1.900001 0.8
vt 0.5703125 0.40625
vt 0.568359375 0.40625
vt 0.568359375 0.4375
vt 0.5703125 0.4375
f 1023/3049 1019/3050 1018/3051 1022/3052
vt 0.56640625 0.40625
vt 0.564453125 0.40625
vt 0.564453125 0.4375
vt 0.56640625 0.4375
f 1020/3053 1024/3054 1021/3055 1017/3056
vt 0.568359375 0.4375
vt 0.56640625 0.4375
vt 0.56640625 0.46875
vt 0.568359375 0.46875
f 1018/3057 1017/3058 1021/3059 1022/3060
vt 0.5703125 0.46875
vt 0.568359375 0.46875
vt 0.568359375 0.4375
vt 0.5703125 0.4375
f 1023/3061 1024/3062 1020/3063 1019/3064
vt 0.568359375 0.40625
vt 0.56640625 0.40625
vt 0.56640625 0.4375
vt 0.568359375 0.4375
f 1019/3065 1020/3066 1017/3067 1018/3068
vt 0.572265625 0.40625
vt 0.5703125 0.40625
vt 0.5703125 0.4375
vt 0.572265625 0.4375
f 1024/3069 1023/3070 1022/3071 1021/3072
o gunModel128
v 10.40001 2.400001 0.75
v 10.60001 2.400001 0.75
v 10.60001 1.900001 0.65
v 10.40001 1.900001 0.65
v 10.40001 2.400001 0.9
v 10.60001 2.400001 0.9
v 10.60001 1.900001 0.8
v 10.40001 1.900001 0.8
vt 0.5859375 0.40625
vt 0.583984375 0.40625
vt 0.583984375 0.4375
vt 0.5859375 0.4375
f 1031/3073 1027/3074 1026/3075 1030/3076
vt 0.58203125 0.40625
vt 0.580078125 0.40625
vt 0.580078125 0.4375
vt 0.58203125 0.4375
f 1028/3077 1032/3078 1029/3079 1025/3080
vt 0.583984375 0.4375
vt 0.58203125 0.4375
vt 0.58203125 0.46875
vt 0.583984375 0.46875
f 1026/3081 1025/3082 1029/3083 1030/3084
vt 0.5859375 0.46875
vt 0.583984375 0.46875
vt 0.583984375 0.4375
vt 0.5859375 0.4375
f 1031/3085 1032/3086 1028/3087 1027/3088
vt 0.583984375 0.40625
vt 0.58203125 0.40625
vt 0.58203125 0.4375
vt 0.583984375 0.4375
f 1027/3089 1028/3090 1025/3091 1026/3092
vt 0.587890625 0.40625
vt 0.5859375 0.40625
vt 0.5859375 0.4375
vt 0.587890625 0.4375
f 1032/3093 1031/3094 1030/3095 1029/3096
o gunModel129
v 10.00001 2.400001 0.75
v 10.20001 2.400001 0.75
v 10.20001 1.900001 0.65
v 10.00001 1.900001 0.65
v 10.00001 2.400001 0.9
v 10.20001 2.400001 0.9
v 10.20001 1.900001 0.8
v 10.00001 1.900001 0.8
vt 0.6015625 0.40625
vt 0.599609375 0.40625
vt 0.599609375 0.4375
vt 0.6015625 0.4375
f 1039/3097 1035/3098 1034/3099 1038/3100
vt 0.59765625 0.40625
vt 0.595703125 0.40625
vt 0.595703125 0.4375
vt 0.59765625 0.4375
f 1036/3101 1040/3102 1037/3103 1033/3104
vt 0.599609375 0.4375
vt 0.59765625 0.4375
vt 0.59765625 0.46875
vt 0.599609375 0.46875
f 1034/3105 1033/3106 1037/3107 1038/3108
vt 0.6015625 0.46875
vt 0.599609375 0.46875
vt 0.599609375 0.4375
vt 0.6015625 0.4375
f 1039/3109 1040/3110 1036/3111 1035/3112
vt 0.599609375 0.40625
vt 0.59765625 0.40625
vt 0.59765625 0.4375
vt 0.599609375 0.4375
f 1035/3113 1036/3114 1033/3115 1034/3116
vt 0.603515625 0.40625
vt 0.6015625 0.40625
vt 0.6015625 0.4375
vt 0.603515625 0.4375
f 1040/3117 1039/3118 1038/3119 1037/3120
o gunModel130
v 9.600005 2.400001 0.75
v 9.800005 2.400001 0.75
v 9.800005 1.900001 0.65
v 9.600005 1.900001 0.65
v 9.600005 2.400001 0.9
v 9.800005 2.400001 0.9
v 9.800005 1.900001 0.8
v 9.600005 1.900001 0.8
vt 0.6171875 0.40625
vt 0.615234375 0.40625
vt 0.615234375 0.4375
vt 0.6171875 0.4375
f 1047/3121 1043/3122 1042/3123 1046/3124
vt 0.61328125 0.40625
vt 0.611328125 0.40625
vt 0.611328125 0.4375
vt 0.61328125 0.4375
f 1044/3125 1048/3126 1045/3127 1041/3128
vt 0.615234375 0.4375
vt 0.61328125 0.4375
vt 0.61328125 0.46875
vt 0.615234375 0.46875
f 1042/3129 1041/3130 1045/3131 1046/3132
vt 0.6171875 0.46875
vt 0.615234375 0.46875
vt 0.615234375 0.4375
vt 0.6171875 0.4375
f 1047/3133 1048/3134 1044/3135 1043/3136
vt 0.615234375 0.40625
vt 0.61328125 0.40625
vt 0.61328125 0.4375
vt 0.615234375 0.4375
f 1043/3137 1044/3138 1041/3139 1042/3140
vt 0.619140625 0.40625
vt 0.6171875 0.40625
vt 0.6171875 0.4375
vt 0.619140625 0.4375
f 1048/3141 1047/3142 1046/3143 1045/3144
o gunModel131
v 9.200004 2.400001 0.75
v 9.400004 2.400001 0.75
v 9.400004 1.900001 0.65
v 9.200004 1.900001 0.65
v 9.200004 2.400001 0.9
v 9.400004 2.400001 0.9
v 9.400004 1.900001 0.8
v 9.200004 1.900001 0.8
vt 0.6328125 0.40625
vt 0.630859375 0.40625
vt 0.630859375 0.4375
vt 0.6328125 0.4375
f 1055/3145 1051/3146 1050/3147 1054/3148
vt 0.62890625 0.40625
vt 0.626953125 0.40625
vt 0.626953125 0.4375
vt 0.62890625 0.4375
f 1052/3149 1056/3150 1053/3151 1049/3152
vt 0.630859375 0.4375
vt 0.62890625 0.4375
vt 0.62890625 0.46875
vt 0.630859375 0.46875
f 1050/3153 1049/3154 1053/3155 1054/3156
vt 0.6328125 0.46875
vt 0.630859375 0.46875
vt 0.630859375 0.4375
vt 0.6328125 0.4375
f 1055/3157 1056/3158 1052/3159 1051/3160
vt 0.630859375 0.40625
vt 0.62890625 0.40625
vt 0.62890625 0.4375
vt 0.630859375 0.4375
f 1051/3161 1052/3162 1049/3163 1050/3164
vt 0.634765625 0.40625
vt 0.6328125 0.40625
vt 0.6328125 0.4375
vt 0.634765625 0.4375
f 1056/3165 1055/3166 1054/3167 1053/3168
o gunModel132
v 8.800003 2.400001 0.75
v 9.000003 2.400001 0.75
v 9.000003 1.900001 0.65
v 8.800003 1.900001 0.65
v 8.800003 2.400001 0.9
v 9.000003 2.400001 0.9
v 9.000003 1.900001 0.8
v 8.800003 1.900001 0.8
vt 0.6484375 0.40625
vt 0.646484375 0.40625
vt 0.646484375 0.4375
vt 0.6484375 0.4375
f 1063/3169 1059/3170 1058/3171 1062/3172
vt 0.64453125 0.40625
vt 0.642578125 0.40625
vt 0.642578125 0.4375
vt 0.64453125 0.4375
f 1060/3173 1064/3174 1061/3175 1057/3176
vt 0.646484375 0.4375
vt 0.64453125 0.4375
vt 0.64453125 0.46875
vt 0.646484375 0.46875
f 1058/3177 1057/3178 1061/3179 1062/3180
vt 0.6484375 0.46875
vt 0.646484375 0.46875
vt 0.646484375 0.4375
vt 0.6484375 0.4375
f 1063/3181 1064/3182 1060/3183 1059/3184
vt 0.646484375 0.40625
vt 0.64453125 0.40625
vt 0.64453125 0.4375
vt 0.646484375 0.4375
f 1059/3185 1060/3186 1057/3187 1058/3188
vt 0.650390625 0.40625
vt 0.6484375 0.40625
vt 0.6484375 0.4375
vt 0.650390625 0.4375
f 1064/3189 1063/3190 1062/3191 1061/3192
o gunModel133
v 14.00001 2.400001 -1.2
v 14.20001 2.400001 -1.2
v 14.20001 1.900001 -1.1
v 14.00001 1.900001 -1.1
v 14.00001 2.400001 -1.05
v 14.20001 2.400001 -1.05
v 14.20001 1.900001 -0.95
v 14.00001 1.900001 -0.95
vt 0.6640625 0.40625
vt 0.662109375 0.40625
vt 0.662109375 0.4375
vt 0.6640625 0.4375
f 1071/3193 1067/3194 1066/3195 1070/3196
vt 0.66015625 0.40625
vt 0.658203125 0.40625
vt 0.658203125 0.4375
vt 0.66015625 0.4375
f 1068/3197 1072/3198 1069/3199 1065/3200
vt 0.662109375 0.4375
vt 0.66015625 0.4375
vt 0.66015625 0.46875
vt 0.662109375 0.46875
f 1066/3201 1065/3202 1069/3203 1070/3204
vt 0.6640625 0.46875
vt 0.662109375 0.46875
vt 0.662109375 0.4375
vt 0.6640625 0.4375
f 1071/3205 1072/3206 1068/3207 1067/3208
vt 0.662109375 0.40625
vt 0.66015625 0.40625
vt 0.66015625 0.4375
vt 0.662109375 0.4375
f 1067/3209 1068/3210 1065/3211 1066/3212
vt 0.666015625 0.40625
vt 0.6640625 0.40625
vt 0.6640625 0.4375
vt 0.666015625 0.4375
f 1072/3213 1071/3214 1070/3215 1069/3216
o gunModel134
v 13.60001 2.400001 -1.2
v 13.80001 2.400001 -1.2
v 13.80001 1.900001 -1.1
v 13.60001 1.900001 -1.1
v 13.60001 2.400001 -1.05
v 13.80001 2.400001 -1.05
v 13.80001 1.900001 -0.95
v 13.60001 1.900001 -0.95
vt 0.6796875 0.40625
vt 0.677734375 0.40625
vt 0.677734375 0.4375
vt 0.6796875 0.4375
f 1079/3217 1075/3218 1074/3219 1078/3220
vt 0.67578125 0.40625
vt 0.673828125 0.40625
vt 0.673828125 0.4375
vt 0.67578125 0.4375
f 1076/3221 1080/3222 1077/3223 1073/3224
vt 0.677734375 0.4375
vt 0.67578125 0.4375
vt 0.67578125 0.46875
vt 0.677734375 0.46875
f 1074/3225 1073/3226 1077/3227 1078/3228
vt 0.6796875 0.46875
vt 0.677734375 0.46875
vt 0.677734375 0.4375
vt 0.6796875 0.4375
f 1079/3229 1080/3230 1076/3231 1075/3232
vt 0.677734375 0.40625
vt 0.67578125 0.40625
vt 0.67578125 0.4375
vt 0.677734375 0.4375
f 1075/3233 1076/3234 1073/3235 1074/3236
vt 0.681640625 0.40625
vt 0.6796875 0.40625
vt 0.6796875 0.4375
vt 0.681640625 0.4375
f 1080/3237 1079/3238 1078/3239 1077/3240
o gunModel135
v 13.20001 2.400001 -1.2
v 13.40001 2.400001 -1.2
v 13.40001 1.900001 -1.1
v 13.20001 1.900001 -1.1
v 13.20001 2.400001 -1.05
v 13.40001 2.400001 -1.05
v 13.40001 1.900001 -0.95
v 13.20001 1.900001 -0.95
vt 0.6953125 0.40625
vt 0.693359375 0.40625
vt 0.693359375 0.4375
vt 0.6953125 0.4375
f 1087/3241 1083/3242 1082/3243 1086/3244
vt 0.69140625 0.40625
vt 0.689453125 0.40625
vt 0.689453125 0.4375
vt 0.69140625 0.4375
f 1084/3245 1088/3246 1085/3247 1081/3248
vt 0.693359375 0.4375
vt 0.69140625 0.4375
vt 0.69140625 0.46875
vt 0.693359375 0.46875
f 1082/3249 1081/3250 1085/3251 1086/3252
vt 0.6953125 0.46875
vt 0.693359375 0.46875
vt 0.693359375 0.4375
vt 0.6953125 0.4375
f 1087/3253 1088/3254 1084/3255 1083/3256
vt 0.693359375 0.40625
vt 0.69140625 0.40625
vt 0.69140625 0.4375
vt 0.693359375 0.4375
f 1083/3257 1084/3258 1081/3259 1082/3260
vt 0.697265625 0.40625
vt 0.6953125 0.40625
vt 0.6953125 0.4375
vt 0.697265625 0.4375
f 1088/3261 1087/3262 1086/3263 1085/3264
o gunModel136
v 12.80001 2.400001 -1.2
v 13.00001 2.400001 -1.2
v 13.00001 1.900001 -1.1
v 12.80001 1.900001 -1.1
v 12.80001 2.400001 -1.05
v 13.00001 2.400001 -1.05
v 13.00001 1.900001 -0.95
v 12.80001 1.900001 -0.95
vt 0.7109375 0.40625
vt 0.708984375 0.40625
vt 0.708984375 0.4375
vt 0.7109375 0.4375
f 1095/3265 1091/3266 1090/3267 1094/3268
vt 0.70703125 0.40625
vt 0.705078125 0.40625
vt 0.705078125 0.4375
vt 0.70703125 0.4375
f 1092/3269 1096/3270 1093/3271 1089/3272
vt 0.708984375 0.4375
vt 0.70703125 0.4375
vt 0.70703125 0.46875
vt 0.708984375 0.46875
f 1090/3273 1089/3274 1093/3275 1094/3276
vt 0.7109375 0.46875
vt 0.708984375 0.46875
vt 0.708984375 0.4375
vt 0.7109375 0.4375
f 1095/3277 1096/3278 1092/3279 1091/3280
vt 0.708984375 0.40625
vt 0.70703125 0.40625
vt 0.70703125 0.4375
vt 0.708984375 0.4375
f 1091/3281 1092/3282 1089/3283 1090/3284
vt 0.712890625 0.40625
vt 0.7109375 0.40625
vt 0.7109375 0.4375
vt 0.712890625 0.4375
f 1096/3285 1095/3286 1094/3287 1093/3288
o gunModel137
v 12.40001 2.400001 -1.2
v 12.60001 2.400001 -1.2
v 12.60001 1.900001 -1.1
v 12.40001 1.900001 -1.1
v 12.40001 2.400001 -1.05
v 12.60001 2.400001 -1.05
v 12.60001 1.900001 -0.95
v 12.40001 1.900001 -0.95
vt 0.7265625 0.40625
vt 0.724609375 0.40625
vt 0.724609375 0.4375
vt 0.7265625 0.4375
f 1103/3289 1099/3290 1098/3291 1102/3292
vt 0.72265625 0.40625
vt 0.720703125 0.40625
vt 0.720703125 0.4375
vt 0.72265625 0.4375
f 1100/3293 1104/3294 1101/3295 1097/3296
vt 0.724609375 0.4375
vt 0.72265625 0.4375
vt 0.72265625 0.46875
vt 0.724609375 0.46875
f 1098/3297 1097/3298 1101/3299 1102/3300
vt 0.7265625 0.46875
vt 0.724609375 0.46875
vt 0.724609375 0.4375
vt 0.7265625 0.4375
f 1103/3301 1104/3302 1100/3303 1099/3304
vt 0.724609375 0.40625
vt 0.72265625 0.40625
vt 0.72265625 0.4375
vt 0.724609375 0.4375
f 1099/3305 1100/3306 1097/3307 1098/3308
vt 0.728515625 0.40625
vt 0.7265625 0.40625
vt 0.7265625 0.4375
vt 0.728515625 0.4375
f 1104/3309 1103/3310 1102/3311 1101/3312
o gunModel138
v 12.00001 2.400001 -1.2
v 12.20001 2.400001 -1.2
v 12.20001 1.900001 -1.1
v 12.00001 1.900001 -1.1
v 12.00001 2.400001 -1.05
v 12.20001 2.400001 -1.05
v 12.20001 1.900001 -0.95
v 12.00001 1.900001 -0.95
vt 0.7421875 0.40625
vt 0.740234375 0.40625
vt 0.740234375 0.4375
vt 0.7421875 0.4375
f 1111/3313 1107/3314 1106/3315 1110/3316
vt 0.73828125 0.40625
vt 0.736328125 0.40625
vt 0.736328125 0.4375
vt 0.73828125 0.4375
f 1108/3317 1112/3318 1109/3319 1105/3320
vt 0.740234375 0.4375
vt 0.73828125 0.4375
vt 0.73828125 0.46875
vt 0.740234375 0.46875
f 1106/3321 1105/3322 1109/3323 1110/3324
vt 0.7421875 0.46875
vt 0.740234375 0.46875
vt 0.740234375 0.4375
vt 0.7421875 0.4375
f 1111/3325 1112/3326 1108/3327 1107/3328
vt 0.740234375 0.40625
vt 0.73828125 0.40625
vt 0.73828125 0.4375
vt 0.740234375 0.4375
f 1107/3329 1108/3330 1105/3331 1106/3332
vt 0.744140625 0.40625
vt 0.7421875 0.40625
vt 0.7421875 0.4375
vt 0.744140625 0.4375
f 1112/3333 1111/3334 1110/3335 1109/3336
o gunModel139
v 11.60001 2.400001 -1.2
v 11.80001 2.400001 -1.2
v 11.80001 1.900001 -1.1
v 11.60001 1.900001 -1.1
v 11.60001 2.400001 -1.05
v 11.80001 2.400001 -1.05
v 11.80001 1.900001 -0.95
v 11.60001 1.900001 -0.95
vt 0.7578125 0.40625
vt 0.755859375 0.40625
vt 0.755859375 0.4375
vt 0.7578125 0.4375
f 1119/3337 1115/3338 1114/3339 1118/3340
vt 0.75390625 0.40625
vt 0.751953125 0.40625
vt 0.751953125 0.4375
vt 0.75390625 0.4375
f 1116/3341 1120/3342 1117/3343 1113/3344
vt 0.755859375 0.4375
vt 0.75390625 0.4375
vt 0.75390625 0.46875
vt 0.755859375 0.46875
f 1114/3345 1113/3346 1117/3347 1118/3348
vt 0.7578125 0.46875
vt 0.755859375 0.46875
vt 0.755859375 0.4375
vt 0.7578125 0.4375
f 1119/3349 1120/3350 1116/3351 1115/3352
vt 0.755859375 0.40625
vt 0.75390625 0.40625
vt 0.75390625 0.4375
vt 0.755859375 0.4375
f 1115/3353 1116/3354 1113/3355 1114/3356
vt 0.759765625 0.40625
vt 0.7578125 0.40625
vt 0.7578125 0.4375
vt 0.759765625 0.4375
f 1120/3357 1119/3358 1118/3359 1117/3360
o gunModel140
v 11.20001 2.400001 -1.2
v 11.40001 2.400001 -1.2
v 11.40001 1.900001 -1.1
v 11.20001 1.900001 -1.1
v 11.20001 2.400001 -1.05
v 11.40001 2.400001 -1.05
v 11.40001 1.900001 -0.95
v 11.20001 1.900001 -0.95
vt 0.7734375 0.40625
vt 0.771484375 0.40625
vt 0.771484375 0.4375
vt 0.7734375 0.4375
f 1127/3361 1123/3362 1122/3363 1126/3364
vt 0.76953125 0.40625
vt 0.767578125 0.40625
vt 0.767578125 0.4375
vt 0.76953125 0.4375
f 1124/3365 1128/3366 1125/3367 1121/3368
vt 0.771484375 0.4375
vt 0.76953125 0.4375
vt 0.76953125 0.46875
vt 0.771484375 0.46875
f 1122/3369 1121/3370 1125/3371 1126/3372
vt 0.7734375 0.46875
vt 0.771484375 0.46875
vt 0.771484375 0.4375
vt 0.7734375 0.4375
f 1127/3373 1128/3374 1124/3375 1123/3376
vt 0.771484375 0.40625
vt 0.76953125 0.40625
vt 0.76953125 0.4375
vt 0.771484375 0.4375
f 1123/3377 1124/3378 1121/3379 1122/3380
vt 0.775390625 0.40625
vt 0.7734375 0.40625
vt 0.7734375 0.4375
vt 0.775390625 0.4375
f 1128/3381 1127/3382 1126/3383 1125/3384
o gunModel141
v 10.80001 2.400001 -1.2
v 11.00001 2.400001 -1.2
v 11.00001 1.900001 -1.1
v 10.80001 1.900001 -1.1
v 10.80001 2.400001 -1.05
v 11.00001 2.400001 -1.05
v 11.00001 1.900001 -0.95
v 10.80001 1.900001 -0.95
vt 0.7890625 0.40625
vt 0.787109375 0.40625
vt 0.787109375 0.4375
vt 0.7890625 0.4375
f 1135/3385 1131/3386 1130/3387 1134/3388
vt 0.78515625 0.40625
vt 0.783203125 0.40625
vt 0.783203125 0.4375
vt 0.78515625 0.4375
f 1132/3389 1136/3390 1133/3391 1129/3392
vt 0.787109375 0.4375
vt 0.78515625 0.4375
vt 0.78515625 0.46875
vt 0.787109375 0.46875
f 1130/3393 1129/3394 1133/3395 1134/3396
vt 0.7890625 0.46875
vt 0.787109375 0.46875
vt 0.787109375 0.4375
vt 0.7890625 0.4375
f 1135/3397 1136/3398 1132/3399 1131/3400
vt 0.787109375 0.40625
vt 0.78515625 0.40625
vt 0.78515625 0.4375
vt 0.787109375 0.4375
f 1131/3401 1132/3402 1129/3403 1130/3404
vt 0.791015625 0.40625
vt 0.7890625 0.40625
vt 0.7890625 0.4375
vt 0.791015625 0.4375
f 1136/3405 1135/3406 1134/3407 1133/3408
o gunModel142
v 10.40001 2.400001 -1.2
v 10.60001 2.400001 -1.2
v 10.60001 1.900001 -1.1
v 10.40001 1.900001 -1.1
v 10.40001 2.400001 -1.05
v 10.60001 2.400001 -1.05
v 10.60001 1.900001 -0.95
v 10.40001 1.900001 -0.95
vt 0.8046875 0.40625
vt 0.802734375 0.40625
vt 0.802734375 0.4375
vt 0.8046875 0.4375
f 1143/3409 1139/3410 1138/3411 1142/3412
vt 0.80078125 0.40625
vt 0.798828125 0.40625
vt 0.798828125 0.4375
vt 0.80078125 0.4375
f 1140/3413 1144/3414 1141/3415 1137/3416
vt 0.802734375 0.4375
vt 0.80078125 0.4375
vt 0.80078125 0.46875
vt 0.802734375 0.46875
f 1138/3417 1137/3418 1141/3419 1142/3420
vt 0.8046875 0.46875
vt 0.802734375 0.46875
vt 0.802734375 0.4375
vt 0.8046875 0.4375
f 1143/3421 1144/3422 1140/3423 1139/3424
vt 0.802734375 0.40625
vt 0.80078125 0.40625
vt 0.80078125 0.4375
vt 0.802734375 0.4375
f 1139/3425 1140/3426 1137/3427 1138/3428
vt 0.806640625 0.40625
vt 0.8046875 0.40625
vt 0.8046875 0.4375
vt 0.806640625 0.4375
f 1144/3429 1143/3430 1142/3431 1141/3432
o gunModel143
v 10.00001 2.400001 -1.2
v 10.20001 2.400001 -1.2
v 10.20001 1.900001 -1.1
v 10.00001 1.900001 -1.1
v 10.00001 2.400001 -1.05
v 10.20001 2.400001 -1.05
v 10.20001 1.900001 -0.95
v 10.00001 1.900001 -0.95
vt 0.8203125 0.40625
vt 0.818359375 0.40625
vt 0.818359375 0.4375
vt 0.8203125 0.4375
f 1151/3433 1147/3434 1146/3435 1150/3436
vt 0.81640625 0.40625
vt 0.814453125 0.40625
vt 0.814453125 0.4375
vt 0.81640625 0.4375
f 1148/3437 1152/3438 1149/3439 1145/3440
vt 0.818359375 0.4375
vt 0.81640625 0.4375
vt 0.81640625 0.46875
vt 0.818359375 0.46875
f 1146/3441 1145/3442 1149/3443 1150/3444
vt 0.8203125 0.46875
vt 0.818359375 0.46875
vt 0.818359375 0.4375
vt 0.8203125 0.4375
f 1151/3445 1152/3446 1148/3447 1147/3448
vt 0.818359375 0.40625
vt 0.81640625 0.40625
vt 0.81640625 0.4375
vt 0.818359375 0.4375
f 1147/3449 1148/3450 1145/3451 1146/3452
vt 0.822265625 0.40625
vt 0.8203125 0.40625
vt 0.8203125 0.4375
vt 0.822265625 0.4375
f 1152/3453 1151/3454 1150/3455 1149/3456
o gunModel144
v 9.600005 2.400001 -1.2
v 9.800005 2.400001 -1.2
v 9.800005 1.900001 -1.1
v 9.600005 1.900001 -1.1
v 9.600005 2.400001 -1.05
v 9.800005 2.400001 -1.05
v 9.800005 1.900001 -0.95
v 9.600005 1.900001 -0.95
vt 0.8359375 0.40625
vt 0.833984375 0.40625
vt 0.833984375 0.4375
vt 0.8359375 0.4375
f 1159/3457 1155/3458 1154/3459 1158/3460
vt 0.83203125 0.40625
vt 0.830078125 0.40625
vt 0.830078125 0.4375
vt 0.83203125 0.4375
f 1156/3461 1160/3462 1157/3463 1153/3464
vt 0.833984375 0.4375
vt 0.83203125 0.4375
vt 0.83203125 0.46875
vt 0.833984375 0.46875
f 1154/3465 1153/3466 1157/3467 1158/3468
vt 0.8359375 0.46875
vt 0.833984375 0.46875
vt 0.833984375 0.4375
vt 0.8359375 0.4375
f 1159/3469 1160/3470 1156/3471 1155/3472
vt 0.833984375 0.40625
vt 0.83203125 0.40625
vt 0.83203125 0.4375
vt 0.833984375 0.4375
f 1155/3473 1156/3474 1153/3475 1154/3476
vt 0.837890625 0.40625
vt 0.8359375 0.40625
vt 0.8359375 0.4375
vt 0.837890625 0.4375
f 1160/3477 1159/3478 1158/3479 1157/3480
o gunModel145
v 9.200004 2.400001 -1.2
v 9.400004 2.400001 -1.2
v 9.400004 1.900001 -1.1
v 9.200004 1.900001 -1.1
v 9.200004 2.400001 -1.05
v 9.400004 2.400001 -1.05
v 9.400004 1.900001 -0.95
v 9.200004 1.900001 -0.95
vt 0.8515625 0.40625
vt 0.849609375 0.40625
vt 0.849609375 0.4375
vt 0.8515625 0.4375
f 1167/3481 1163/3482 1162/3483 1166/3484
vt 0.84765625 0.40625
vt 0.845703125 0.40625
vt 0.845703125 0.4375
vt 0.84765625 0.4375
f 1164/3485 1168/3486 1165/3487 1161/3488
vt 0.849609375 0.4375
vt 0.84765625 0.4375
vt 0.84765625 0.46875
vt 0.849609375 0.46875
f 1162/3489 1161/3490 1165/3491 1166/3492
vt 0.8515625 0.46875
vt 0.849609375 0.46875
vt 0.849609375 0.4375
vt 0.8515625 0.4375
f 1167/3493 1168/3494 1164/3495 1163/3496
vt 0.849609375 0.40625
vt 0.84765625 0.40625
vt 0.84765625 0.4375
vt 0.849609375 0.4375
f 1163/3497 1164/3498 1161/3499 1162/3500
vt 0.853515625 0.40625
vt 0.8515625 0.40625
vt 0.8515625 0.4375
vt 0.853515625 0.4375
f 1168/3501 1167/3502 1166/3503 1165/3504
o gunModel146
v 8.800003 2.400001 -1.2
v 9.000003 2.400001 -1.2
v 9.000003 1.900001 -1.1
v 8.800003 1.900001 -1.1
v 8.800003 2.400001 -1.05
v 9.000003 2.400001 -1.05
v 9.000003 1.900001 -0.95
v 8.800003 1.900001 -0.95
vt 0.8671875 0.40625
vt 0.865234375 0.40625
vt 0.865234375 0.4375
vt 0.8671875 0.4375
f 1175/3505 1171/3506 1170/3507 1174/3508
vt 0.86328125 0.40625
vt 0.861328125 0.40625
vt 0.861328125 0.4375
vt 0.86328125 0.4375
f 1172/3509 1176/3510 1173/3511 1169/3512
vt 0.865234375 0.4375
vt 0.86328125 0.4375
vt 0.86328125 0.46875
vt 0.865234375 0.46875
f 1170/3513 1169/3514 1173/3515 1174/3516
vt 0.8671875 0.46875
vt 0.865234375 0.46875
vt 0.865234375 0.4375
vt 0.8671875 0.4375
f 1175/3517 1176/3518 1172/3519 1171/3520
vt 0.865234375 0.40625
vt 0.86328125 0.40625
vt 0.86328125 0.4375
vt 0.865234375 0.4375
f 1171/3521 1172/3522 1169/3523 1170/3524
vt 0.869140625 0.40625
vt 0.8671875 0.40625
vt 0.8671875 0.4375
vt 0.869140625 0.4375
f 1176/3525 1175/3526 1174/3527 1173/3528
o gunModel147
v 8.800003 2.900001 -1.1
v 9.000003 2.900001 -1.1
v 9.000003 2.400001 -1.2
v 8.800003 2.400001 -1.2
v 8.800003 2.900001 -0.95
v 9.000003 2.900001 -0.95
v 9.000003 2.400001 -1.05
v 8.800003 2.400001 -1.05
vt 0.8828125 0.40625
vt 0.880859375 0.40625
vt 0.880859375 0.4375
vt 0.8828125 0.4375
f 1183/3529 1179/3530 1178/3531 1182/3532
vt 0.87890625 0.40625
vt 0.876953125 0.40625
vt 0.876953125 0.4375
vt 0.87890625 0.4375
f 1180/3533 1184/3534 1181/3535 1177/3536
vt 0.880859375 0.4375
vt 0.87890625 0.4375
vt 0.87890625 0.46875
vt 0.880859375 0.46875
f 1178/3537 1177/3538 1181/3539 1182/3540
vt 0.8828125 0.46875
vt 0.880859375 0.46875
vt 0.880859375 0.4375
vt 0.8828125 0.4375
f 1183/3541 1184/3542 1180/3543 1179/3544
vt 0.880859375 0.40625
vt 0.87890625 0.40625
vt 0.87890625 0.4375
vt 0.880859375 0.4375
f 1179/3545 1180/3546 1177/3547 1178/3548
vt 0.884765625 0.40625
vt 0.8828125 0.40625
vt 0.8828125 0.4375
vt 0.884765625 0.4375
f 1184/3549 1183/3550 1182/3551 1181/3552
o gunModel148
v 9.200004 2.900001 -1.1
v 9.400004 2.900001 -1.1
v 9.400004 2.400001 -1.2
v 9.200004 2.400001 -1.2
v 9.200004 2.900001 -0.95
v 9.400004 2.900001 -0.95
v 9.400004 2.400001 -1.05
v 9.200004 2.400001 -1.05
vt 0.8984375 0.40625
vt 0.896484375 0.40625
vt 0.896484375 0.4375
vt 0.8984375 0.4375
f 1191/3553 1187/3554 1186/3555 1190/3556
vt 0.89453125 0.40625
vt 0.892578125 0.40625
vt 0.892578125 0.4375
vt 0.89453125 0.4375
f 1188/3557 1192/3558 1189/3559 1185/3560
vt 0.896484375 0.4375
vt 0.89453125 0.4375
vt 0.89453125 0.46875
vt 0.896484375 0.46875
f 1186/3561 1185/3562 1189/3563 1190/3564
vt 0.8984375 0.46875
vt 0.896484375 0.46875
vt 0.896484375 0.4375
vt 0.8984375 0.4375
f 1191/3565 1192/3566 1188/3567 1187/3568
vt 0.896484375 0.40625
vt 0.89453125 0.40625
vt 0.89453125 0.4375
vt 0.896484375 0.4375
f 1187/3569 1188/3570 1185/3571 1186/3572
vt 0.900390625 0.40625
vt 0.8984375 0.40625
vt 0.8984375 0.4375
vt 0.900390625 0.4375
f 1192/3573 1191/3574 1190/3575 1189/3576
o gunModel149
v 9.600005 2.900001 -1.1
v 9.800005 2.900001 -1.1
v 9.800005 2.400001 -1.2
v 9.600005 2.400001 -1.2
v 9.600005 2.900001 -0.95
v 9.800005 2.900001 -0.95
v 9.800005 2.400001 -1.05
v 9.600005 2.400001 -1.05
vt 0.9140625 0.40625
vt 0.912109375 0.40625
vt 0.912109375 0.4375
vt 0.9140625 0.4375
f 1199/3577 1195/3578 1194/3579 1198/3580
vt 0.91015625 0.40625
vt 0.908203125 0.40625
vt 0.908203125 0.4375
vt 0.91015625 0.4375
f 1196/3581 1200/3582 1197/3583 1193/3584
vt 0.912109375 0.4375
vt 0.91015625 0.4375
vt 0.91015625 0.46875
vt 0.912109375 0.46875
f 1194/3585 1193/3586 1197/3587 1198/3588
vt 0.9140625 0.46875
vt 0.912109375 0.46875
vt 0.912109375 0.4375
vt 0.9140625 0.4375
f 1199/3589 1200/3590 1196/3591 1195/3592
vt 0.912109375 0.40625
vt 0.91015625 0.40625
vt 0.91015625 0.4375
vt 0.912109375 0.4375
f 1195/3593 1196/3594 1193/3595 1194/3596
vt 0.916015625 0.40625
vt 0.9140625 0.40625
vt 0.9140625 0.4375
vt 0.916015625 0.4375
f 1200/3597 1199/3598 1198/3599 1197/3600
o gunModel150
v 10.00001 2.900001 -1.1
v 10.20001 2.900001 -1.1
v 10.20001 2.400001 -1.2
v 10.00001 2.400001 -1.2
v 10.00001 2.900001 -0.95
v 10.20001 2.900001 -0.95
v 10.20001 2.400001 -1.05
v 10.00001 2.400001 -1.05
vt 0.9296875 0.40625
vt 0.927734375 0.40625
vt 0.927734375 0.4375
vt 0.9296875 0.4375
f 1207/3601 1203/3602 1202/3603 1206/3604
vt 0.92578125 0.40625
vt 0.923828125 0.40625
vt 0.923828125 0.4375
vt 0.92578125 0.4375
f 1204/3605 1208/3606 1205/3607 1201/3608
vt 0.927734375 0.4375
vt 0.92578125 0.4375
vt 0.92578125 0.46875
vt 0.927734375 0.46875
f 1202/3609 1201/3610 1205/3611 1206/3612
vt 0.9296875 0.46875
vt 0.927734375 0.46875
vt 0.927734375 0.4375
vt 0.9296875 0.4375
f 1207/3613 1208/3614 1204/3615 1203/3616
vt 0.927734375 0.40625
vt 0.92578125 0.40625
vt 0.92578125 0.4375
vt 0.927734375 0.4375
f 1203/3617 1204/3618 1201/3619 1202/3620
vt 0.931640625 0.40625
vt 0.9296875 0.40625
vt 0.9296875 0.4375
vt 0.931640625 0.4375
f 1208/3621 1207/3622 1206/3623 1205/3624
o gunModel151
v 10.40001 2.900001 -1.1
v 10.60001 2.900001 -1.1
v 10.60001 2.400001 -1.2
v 10.40001 2.400001 -1.2
v 10.40001 2.900001 -0.95
v 10.60001 2.900001 -0.95
v 10.60001 2.400001 -1.05
v 10.40001 2.400001 -1.05
vt 0.9453125 0.40625
vt 0.943359375 0.40625
vt 0.943359375 0.4375
vt 0.9453125 0.4375
f 1215/3625 1211/3626 1210/3627 1214/3628
vt 0.94140625 0.40625
vt 0.939453125 0.40625
vt 0.939453125 0.4375
vt 0.94140625 0.4375
f 1212/3629 1216/3630 1213/3631 1209/3632
vt 0.943359375 0.4375
vt 0.94140625 0.4375
vt 0.94140625 0.46875
vt 0.943359375 0.46875
f 1210/3633 1209/3634 1213/3635 1214/3636
vt 0.9453125 0.46875
vt 0.943359375 0.46875
vt 0.943359375 0.4375
vt 0.9453125 0.4375
f 1215/3637 1216/3638 1212/3639 1211/3640
vt 0.943359375 0.40625
vt 0.94140625 0.40625
vt 0.94140625 0.4375
vt 0.943359375 0.4375
f 1211/3641 1212/3642 1209/3643 1210/3644
vt 0.947265625 0.40625
vt 0.9453125 0.40625
vt 0.9453125 0.4375
vt 0.947265625 0.4375
f 1216/3645 1215/3646 1214/3647 1213/3648
o gunModel152
v 10.80001 2.900001 -1.1
v 11.00001 2.900001 -1.1
v 11.00001 2.400001 -1.2
v 10.80001 2.400001 -1.2
v 10.80001 2.900001 -0.95
v 11.00001 2.900001 -0.95
v 11.00001 2.400001 -1.05
v 10.80001 2.400001 -1.05
vt 0.9609375 0.40625
vt 0.958984375 0.40625
vt 0.958984375 0.4375
vt 0.9609375 0.4375
f 1223/3649 1219/3650 1218/3651 1222/3652
vt 0.95703125 0.40625
vt 0.955078125 0.40625
vt 0.955078125 0.4375
vt 0.95703125 0.4375
f 1220/3653 1224/3654 1221/3655 1217/3656
vt 0.958984375 0.4375
vt 0.95703125 0.4375
vt 0.95703125 0.46875
vt 0.958984375 0.46875
f 1218/3657 1217/3658 1221/3659 1222/3660
vt 0.9609375 0.46875
vt 0.958984375 0.46875
vt 0.958984375 0.4375
vt 0.9609375 0.4375
f 1223/3661 1224/3662 1220/3663 1219/3664
vt 0.958984375 0.40625
vt 0.95703125 0.40625
vt 0.95703125 0.4375
vt 0.958984375 0.4375
f 1219/3665 1220/3666 1217/3667 1218/3668
vt 0.962890625 0.40625
vt 0.9609375 0.40625
vt 0.9609375 0.4375
vt 0.962890625 0.4375
f 1224/3669 1223/3670 1222/3671 1221/3672
o gunModel153
v 11.20001 2.900001 -1.1
v 11.40001 2.900001 -1.1
v 11.40001 2.400001 -1.2
v 11.20001 2.400001 -1.2
v 11.20001 2.900001 -0.95
v 11.40001 2.900001 -0.95
v 11.40001 2.400001 -1.05
v 11.20001 2.400001 -1.05
vt 0.9765625 0.40625
vt 0.974609375 0.40625
vt 0.974609375 0.4375
vt 0.9765625 0.4375
f 1231/3673 1227/3674 1226/3675 1230/3676
vt 0.97265625 0.40625
vt 0.970703125 0.40625
vt 0.970703125 0.4375
vt 0.97265625 0.4375
f 1228/3677 1232/3678 1229/3679 1225/3680
vt 0.974609375 0.4375
vt 0.97265625 0.4375
vt 0.97265625 0.46875
vt 0.974609375 0.46875
f 1226/3681 1225/3682 1229/3683 1230/3684
vt 0.9765625 0.46875
vt 0.974609375 0.46875
vt 0.974609375 0.4375
vt 0.9765625 0.4375
f 1231/3685 1232/3686 1228/3687 1227/3688
vt 0.974609375 0.40625
vt 0.97265625 0.40625
vt 0.97265625 0.4375
vt 0.974609375 0.4375
f 1227/3689 1228/3690 1225/3691 1226/3692
vt 0.978515625 0.40625
vt 0.9765625 0.40625
vt 0.9765625 0.4375
vt 0.978515625 0.4375
f 1232/3693 1231/3694 1230/3695 1229/3696
o gunModel154
v 11.60001 2.900001 -1.1
v 11.80001 2.900001 -1.1
v 11.80001 2.400001 -1.2
v 11.60001 2.400001 -1.2
v 11.60001 2.900001 -0.95
v 11.80001 2.900001 -0.95
v 11.80001 2.400001 -1.05
v 11.60001 2.400001 -1.05
vt 0.9921875 0.40625
vt 0.990234375 0.40625
vt 0.990234375 0.4375
vt 0.9921875 0.4375
f 1239/3697 1235/3698 1234/3699 1238/3700
vt 0.98828125 0.40625
vt 0.986328125 0.40625
vt 0.986328125 0.4375
vt 0.98828125 0.4375
f 1236/3701 1240/3702 1237/3703 1233/3704
vt 0.990234375 0.4375
vt 0.98828125 0.4375
vt 0.98828125 0.46875
vt 0.990234375 0.46875
f 1234/3705 1233/3706 1237/3707 1238/3708
vt 0.9921875 0.46875
vt 0.990234375 0.46875
vt 0.990234375 0.4375
vt 0.9921875 0.4375
f 1239/3709 1240/3710 1236/3711 1235/3712
vt 0.990234375 0.40625
vt 0.98828125 0.40625
vt 0.98828125 0.4375
vt 0.990234375 0.4375
f 1235/3713 1236/3714 1233/3715 1234/3716
vt 0.994140625 0.40625
vt 0.9921875 0.40625
vt 0.9921875 0.4375
vt 0.994140625 0.4375
f 1240/3717 1239/3718 1238/3719 1237/3720
o gunModel155
v 12.00001 2.900001 -1.1
v 12.20001 2.900001 -1.1
v 12.20001 2.400001 -1.2
v 12.00001 2.400001 -1.2
v 12.00001 2.900001 -0.95
v 12.20001 2.900001 -0.95
v 12.20001 2.400001 -1.05
v 12.00001 2.400001 -1.05
vt 0.0078125 0.15625
vt 0.005859375 0.15625
vt 0.005859375 0.1875
vt 0.0078125 0.1875
f 1247/3721 1243/3722 1242/3723 1246/3724
vt 0.00390625 0.15625
vt 0.001953125 0.15625
vt 0.001953125 0.1875
vt 0.00390625 0.1875
f 1244/3725 1248/3726 1245/3727 1241/3728
vt 0.005859375 0.1875
vt 0.00390625 0.1875
vt 0.00390625 0.21875
vt 0.005859375 0.21875
f 1242/3729 1241/3730 1245/3731 1246/3732
vt 0.0078125 0.21875
vt 0.005859375 0.21875
vt 0.005859375 0.1875
vt 0.0078125 0.1875
f 1247/3733 1248/3734 1244/3735 1243/3736
vt 0.005859375 0.15625
vt 0.00390625 0.15625
vt 0.00390625 0.1875
vt 0.005859375 0.1875
f 1243/3737 1244/3738 1241/3739 1242/3740
vt 0.009765625 0.15625
vt 0.0078125 0.15625
vt 0.0078125 0.1875
vt 0.009765625 0.1875
f 1248/3741 1247/3742 1246/3743 1245/3744
o gunModel156
v 12.40001 2.900001 -1.1
v 12.60001 2.900001 -1.1
v 12.60001 2.400001 -1.2
v 12.40001 2.400001 -1.2
v 12.40001 2.900001 -0.95
v 12.60001 2.900001 -0.95
v 12.60001 2.400001 -1.05
v 12.40001 2.400001 -1.05
vt 0.0234375 0.15625
vt 0.021484375 0.15625
vt 0.021484375 0.1875
vt 0.0234375 0.1875
f 1255/3745 1251/3746 1250/3747 1254/3748
vt 0.01953125 0.15625
vt 0.017578125 0.15625
vt 0.017578125 0.1875
vt 0.01953125 0.1875
f 1252/3749 1256/3750 1253/3751 1249/3752
vt 0.021484375 0.1875
vt 0.01953125 0.1875
vt 0.01953125 0.21875
vt 0.021484375 0.21875
f 1250/3753 1249/3754 1253/3755 1254/3756
vt 0.0234375 0.21875
vt 0.021484375 0.21875
vt 0.021484375 0.1875
vt 0.0234375 0.1875
f 1255/3757 1256/3758 1252/3759 1251/3760
vt 0.021484375 0.15625
vt 0.01953125 0.15625
vt 0.01953125 0.1875
vt 0.021484375 0.1875
f 1251/3761 1252/3762 1249/3763 1250/3764
vt 0.025390625 0.15625
vt 0.0234375 0.15625
vt 0.0234375 0.1875
vt 0.025390625 0.1875
f 1256/3765 1255/3766 1254/3767 1253/3768
o gunModel157
v 12.80001 2.900001 -1.1
v 13.00001 2.900001 -1.1
v 13.00001 2.400001 -1.2
v 12.80001 2.400001 -1.2
v 12.80001 2.900001 -0.95
v 13.00001 2.900001 -0.95
v 13.00001 2.400001 -1.05
v 12.80001 2.400001 -1.05
vt 0.0390625 0.15625
vt 0.037109375 0.15625
vt 0.037109375 0.1875
vt 0.0390625 0.1875
f 1263/3769 1259/3770 1258/3771 1262/3772
vt 0.03515625 0.15625
vt 0.033203125 0.15625
vt 0.033203125 0.1875
vt 0.03515625 0.1875
f 1260/3773 1264/3774 1261/3775 1257/3776
vt 0.037109375 0.1875
vt 0.03515625 0.1875
vt 0.03515625 0.21875
vt 0.037109375 0.21875
f 1258/3777 1257/3778 1261/3779 1262/3780
vt 0.0390625 0.21875
vt 0.037109375 0.21875
vt 0.037109375 0.1875
vt 0.0390625 0.1875
f 1263/3781 1264/3782 1260/3783 1259/3784
vt 0.037109375 0.15625
vt 0.03515625 0.15625
vt 0.03515625 0.1875
vt 0.037109375 0.1875
f 1259/3785 1260/3786 1257/3787 1258/3788
vt 0.041015625 0.15625
vt 0.0390625 0.15625
vt 0.0390625 0.1875
vt 0.041015625 0.1875
f 1264/3789 1263/3790 1262/3791 1261/3792
o gunModel158
v 13.20001 2.900001 -1.1
v 13.40001 2.900001 -1.1
v 13.40001 2.400001 -1.2
v 13.20001 2.400001 -1.2
v 13.20001 2.900001 -0.95
v 13.40001 2.900001 -0.95
v 13.40001 2.400001 -1.05
v 13.20001 2.400001 -1.05
vt 0.0546875 0.15625
vt 0.052734375 0.15625
vt 0.052734375 0.1875
vt 0.0546875 0.1875
f 1271/3793 1267/3794 1266/3795 1270/3796
vt 0.05078125 0.15625
vt 0.048828125 0.15625
vt 0.048828125 0.1875
vt 0.05078125 0.1875
f 1268/3797 1272/3798 1269/3799 1265/3800
vt 0.052734375 0.1875
vt 0.05078125 0.1875
vt 0.05078125 0.21875
vt 0.052734375 0.21875
f 1266/3801 1265/3802 1269/3803 1270/3804
vt 0.0546875 0.21875
vt 0.052734375 0.21875
vt 0.052734375 0.1875
vt 0.0546875 0.1875
f 1271/3805 1272/3806 1268/3807 1267/3808
vt 0.052734375 0.15625
vt 0.05078125 0.15625
vt 0.05078125 0.1875
vt 0.052734375 0.1875
f 1267/3809 1268/3810 1265/3811 1266/3812
vt 0.056640625 0.15625
vt 0.0546875 0.15625
vt 0.0546875 0.1875
vt 0.056640625 0.1875
f 1272/3813 1271/3814 1270/3815 1269/3816
o gunModel159
v 13.60001 2.900001 -1.1
v 13.80001 2.900001 -1.1
v 13.80001 2.400001 -1.2
v 13.60001 2.400001 -1.2
v 13.60001 2.900001 -0.95
v 13.80001 2.900001 -0.95
v 13.80001 2.400001 -1.05
v 13.60001 2.400001 -1.05
vt 0.0703125 0.15625
vt 0.068359375 0.15625
vt 0.068359375 0.1875
vt 0.0703125 0.1875
f 1279/3817 1275/3818 1274/3819 1278/3820
vt 0.06640625 0.15625
vt 0.064453125 0.15625
vt 0.064453125 0.1875
vt 0.06640625 0.1875
f 1276/3821 1280/3822 1277/3823 1273/3824
vt 0.068359375 0.1875
vt 0.06640625 0.1875
vt 0.06640625 0.21875
vt 0.068359375 0.21875
f 1274/3825 1273/3826 1277/3827 1278/3828
vt 0.0703125 0.21875
vt 0.068359375 0.21875
vt 0.068359375 0.1875
vt 0.0703125 0.1875
f 1279/3829 1280/3830 1276/3831 1275/3832
vt 0.068359375 0.15625
vt 0.06640625 0.15625
vt 0.06640625 0.1875
vt 0.068359375 0.1875
f 1275/3833 1276/3834 1273/3835 1274/3836
vt 0.072265625 0.15625
vt 0.0703125 0.15625
vt 0.0703125 0.1875
vt 0.072265625 0.1875
f 1280/3837 1279/3838 1278/3839 1277/3840
o gunModel160
v 14.00001 2.900001 -1.1
v 14.20001 2.900001 -1.1
v 14.20001 2.400001 -1.2
v 14.00001 2.400001 -1.2
v 14.00001 2.900001 -0.95
v 14.20001 2.900001 -0.95
v 14.20001 2.400001 -1.05
v 14.00001 2.400001 -1.05
vt 0.0859375 0.15625
vt 0.083984375 0.15625
vt 0.083984375 0.1875
vt 0.0859375 0.1875
f 1287/3841 1283/3842 1282/3843 1286/3844
vt 0.08203125 0.15625
vt 0.080078125 0.15625
vt 0.080078125 0.1875
vt 0.08203125 0.1875
f 1284/3845 1288/3846 1285/3847 1281/3848
vt 0.083984375 0.1875
vt 0.08203125 0.1875
vt 0.08203125 0.21875
vt 0.083984375 0.21875
f 1282/3849 1281/3850 1285/3851 1286/3852
vt 0.0859375 0.21875
vt 0.083984375 0.21875
vt 0.083984375 0.1875
vt 0.0859375 0.1875
f 1287/3853 1288/3854 1284/3855 1283/3856
vt 0.083984375 0.15625
vt 0.08203125 0.15625
vt 0.08203125 0.1875
vt 0.083984375 0.1875
f 1283/3857 1284/3858 1281/3859 1282/3860
vt 0.087890625 0.15625
vt 0.0859375 0.15625
vt 0.0859375 0.1875
vt 0.087890625 0.1875
f 1288/3861 1287/3862 1286/3863 1285/3864
o gunModel161
v 8.650003 3.349999 -0.55
v 14.25 3.349999 -0.55
v 14.25 2.849999 -0.55
v 8.650003 2.849999 -0.55
v 8.650003 3.349999 0.25
v 14.25 3.349999 0.25
v 14.25 2.849999 0.25
v 8.650003 2.849999 0.25
vt 0.111328125 0.15625
vt 0.109375 0.15625
vt 0.109375 0.1875
vt 0.111328125 0.1875
f 1295/3865 1291/3866 1290/3867 1294/3868
vt 0.09765625 0.15625
vt 0.095703125 0.15625
vt 0.095703125 0.1875
vt 0.09765625 0.1875
f 1292/3869 1296/3870 1293/3871 1289/3872
vt 0.109375 0.1875
vt 0.09765625 0.1875
vt 0.09765625 0.21875
vt 0.109375 0.21875
f 1290/3873 1289/3874 1293/3875 1294/3876
vt 0.12109375 0.21875
vt 0.109375 0.21875
vt 0.109375 0.1875
vt 0.12109375 0.1875
f 1295/3877 1296/3878 1292/3879 1291/3880
vt 0.109375 0.15625
vt 0.09765625 0.15625
vt 0.09765625 0.1875
vt 0.109375 0.1875
f 1291/3881 1292/3882 1289/3883 1290/3884
vt 0.123046875 0.15625
vt 0.111328125 0.15625
vt 0.111328125 0.1875
vt 0.123046875 0.1875
f 1296/3885 1295/3886 1294/3887 1293/3888
o gunModel162
v 8.650003 3.499997 -0.35
v 8.850003 3.499997 -0.35
v 8.850003 3.349997 -0.55
v 8.650003 3.349997 -0.55
v 8.650003 3.499997 0.05
v 8.850003 3.499997 0.05
v 8.850003 3.349997 0.25
v 8.650003 3.349997 0.25
vt 0.1328125 0.15625
vt 0.130859375 0.15625
vt 0.130859375 0.1875
vt 0.1328125 0.1875
f 1303/3889 1299/3890 1298/3891 1302/3892
vt 0.12890625 0.15625
vt 0.126953125 0.15625
vt 0.126953125 0.1875
vt 0.12890625 0.1875
f 1300/3893 1304/3894 1301/3895 1297/3896
vt 0.130859375 0.1875
vt 0.12890625 0.1875
vt 0.12890625 0.21875
vt 0.130859375 0.21875
f 1298/3897 1297/3898 1301/3899 1302/3900
vt 0.1328125 0.21875
vt 0.130859375 0.21875
vt 0.130859375 0.1875
vt 0.1328125 0.1875
f 1303/3901 1304/3902 1300/3903 1299/3904
vt 0.130859375 0.15625
vt 0.12890625 0.15625
vt 0.12890625 0.1875
vt 0.130859375 0.1875
f 1299/3905 1300/3906 1297/3907 1298/3908
vt 0.134765625 0.15625
vt 0.1328125 0.15625
vt 0.1328125 0.1875
vt 0.134765625 0.1875
f 1304/3909 1303/3910 1302/3911 1301/3912
o gunModel163
v 9.050003 3.499997 -0.35
v 9.250003 3.499997 -0.35
v 9.250003 3.349997 -0.55
v 9.050003 3.349997 -0.55
v 9.050003 3.499997 0.05
v 9.250003 3.499997 0.05
v 9.250003 3.349997 0.25
v 9.050003 3.349997 0.25
vt 0.1484375 0.15625
vt 0.146484375 0.15625
vt 0.146484375 0.1875
vt 0.1484375 0.1875
f 1311/3913 1307/3914 1306/3915 1310/3916
vt 0.14453125 0.15625
vt 0.142578125 0.15625
vt 0.142578125 0.1875
vt 0.14453125 0.1875
f 1308/3917 1312/3918 1309/3919 1305/3920
vt 0.146484375 0.1875
vt 0.14453125 0.1875
vt 0.14453125 0.21875
vt 0.146484375 0.21875
f 1306/3921 1305/3922 1309/3923 1310/3924
vt 0.1484375 0.21875
vt 0.146484375 0.21875
vt 0.146484375 0.1875
vt 0.1484375 0.1875
f 1311/3925 1312/3926 1308/3927 1307/3928
vt 0.146484375 0.15625
vt 0.14453125 0.15625
vt 0.14453125 0.1875
vt 0.146484375 0.1875
f 1307/3929 1308/3930 1305/3931 1306/3932
vt 0.150390625 0.15625
vt 0.1484375 0.15625
vt 0.1484375 0.1875
vt 0.150390625 0.1875
f 1312/3933 1311/3934 1310/3935 1309/3936
o gunModel164
v 9.450005 3.499997 -0.35
v 9.650005 3.499997 -0.35
v 9.650005 3.349997 -0.55
v 9.450005 3.349997 -0.55
v 9.450005 3.499997 0.05
v 9.650005 3.499997 0.05
v 9.650005 3.349997 0.25
v 9.450005 3.349997 0.25
vt 0.1640625 0.15625
vt 0.162109375 0.15625
vt 0.162109375 0.1875
vt 0.1640625 0.1875
f 1319/3937 1315/3938 1314/3939 1318/3940
vt 0.16015625 0.15625
vt 0.158203125 0.15625
vt 0.158203125 0.1875
vt 0.16015625 0.1875
f 1316/3941 1320/3942 1317/3943 1313/3944
vt 0.162109375 0.1875
vt 0.16015625 0.1875
vt 0.16015625 0.21875
vt 0.162109375 0.21875
f 1314/3945 1313/3946 1317/3947 1318/3948
vt 0.1640625 0.21875
vt 0.162109375 0.21875
vt 0.162109375 0.1875
vt 0.1640625 0.1875
f 1319/3949 1320/3950 1316/3951 1315/3952
vt 0.162109375 0.15625
vt 0.16015625 0.15625
vt 0.16015625 0.1875
vt 0.162109375 0.1875
f 1315/3953 1316/3954 1313/3955 1314/3956
vt 0.166015625 0.15625
vt 0.1640625 0.15625
vt 0.1640625 0.1875
vt 0.166015625 0.1875
f 1320/3957 1319/3958 1318/3959 1317/3960
o gunModel165
v 9.850006 3.499997 -0.35
v 10.05001 3.499997 -0.35
v 10.05001 3.349997 -0.55
v 9.850006 3.349997 -0.55
v 9.850006 3.499997 0.05
v 10.05001 3.499997 0.05
v 10.05001 3.349997 0.25
v 9.850006 3.349997 0.25
vt 0.1796875 0.15625
vt 0.177734375 0.15625
vt 0.177734375 0.1875
vt 0.1796875 0.1875
f 1327/3961 1323/3962 1322/3963 1326/3964
vt 0.17578125 0.15625
vt 0.173828125 0.15625
vt 0.173828125 0.1875
vt 0.17578125 0.1875
f 1324/3965 1328/3966 1325/3967 1321/3968
vt 0.177734375 0.1875
vt 0.17578125 0.1875
vt 0.17578125 0.21875
vt 0.177734375 0.21875
f 1322/3969 1321/3970 1325/3971 1326/3972
vt 0.1796875 0.21875
vt 0.177734375 0.21875
vt 0.177734375 0.1875
vt 0.1796875 0.1875
f 1327/3973 1328/3974 1324/3975 1323/3976
vt 0.177734375 0.15625
vt 0.17578125 0.15625
vt 0.17578125 0.1875
vt 0.177734375 0.1875
f 1323/3977 1324/3978 1321/3979 1322/3980
vt 0.181640625 0.15625
vt 0.1796875 0.15625
vt 0.1796875 0.1875
vt 0.181640625 0.1875
f 1328/3981 1327/3982 1326/3983 1325/3984
o gunModel166
v 10.25001 3.499997 -0.35
v 10.45001 3.499997 -0.35
v 10.45001 3.349997 -0.55
v 10.25001 3.349997 -0.55
v 10.25001 3.499997 0.05
v 10.45001 3.499997 0.05
v 10.45001 3.349997 0.25
v 10.25001 3.349997 0.25
vt 0.1953125 0.15625
vt 0.193359375 0.15625
vt 0.193359375 0.1875
vt 0.1953125 0.1875
f 1335/3985 1331/3986 1330/3987 1334/3988
vt 0.19140625 0.15625
vt 0.189453125 0.15625
vt 0.189453125 0.1875
vt 0.19140625 0.1875
f 1332/3989 1336/3990 1333/3991 1329/3992
vt 0.193359375 0.1875
vt 0.19140625 0.1875
vt 0.19140625 0.21875
vt 0.193359375 0.21875
f 1330/3993 1329/3994 1333/3995 1334/3996
vt 0.1953125 0.21875
vt 0.193359375 0.21875
vt 0.193359375 0.1875
vt 0.1953125 0.1875
f 1335/3997 1336/3998 1332/3999 1331/4000
vt 0.193359375 0.15625
vt 0.19140625 0.15625
vt 0.19140625 0.1875
vt 0.193359375 0.1875
f 1331/4001 1332/4002 1329/4003 1330/4004
vt 0.197265625 0.15625
vt 0.1953125 0.15625
vt 0.1953125 0.1875
vt 0.197265625 0.1875
f 1336/4005 1335/4006 1334/4007 1333/4008
o gunModel167
v 10.65001 3.499997 -0.35
v 10.85001 3.499997 -0.35
v 10.85001 3.349997 -0.55
v 10.65001 3.349997 -0.55
v 10.65001 3.499997 0.05
v 10.85001 3.499997 0.05
v 10.85001 3.349997 0.25
v 10.65001 3.349997 0.25
vt 0.2109375 0.15625
vt 0.208984375 0.15625
vt 0.208984375 0.1875
vt 0.2109375 0.1875
f 1343/4009 1339/4010 1338/4011 1342/4012
vt 0.20703125 0.15625
vt 0.205078125 0.15625
vt 0.205078125 0.1875
vt 0.20703125 0.1875
f 1340/4013 1344/4014 1341/4015 1337/4016
vt 0.208984375 0.1875
vt 0.20703125 0.1875
vt 0.20703125 0.21875
vt 0.208984375 0.21875
f 1338/4017 1337/4018 1341/4019 1342/4020
vt 0.2109375 0.21875
vt 0.208984375 0.21875
vt 0.208984375 0.1875
vt 0.2109375 0.1875
f 1343/4021 1344/4022 1340/4023 1339/4024
vt 0.208984375 0.15625
vt 0.20703125 0.15625
vt 0.20703125 0.1875
vt 0.208984375 0.1875
f 1339/4025 1340/4026 1337/4027 1338/4028
vt 0.212890625 0.15625
vt 0.2109375 0.15625
vt 0.2109375 0.1875
vt 0.212890625 0.1875
f 1344/4029 1343/4030 1342/4031 1341/4032
o gunModel168
v 11.05001 3.499997 -0.35
v 11.25001 3.499997 -0.35
v 11.25001 3.349997 -0.55
v 11.05001 3.349997 -0.55
v 11.05001 3.499997 0.05
v 11.25001 3.499997 0.05
v 11.25001 3.349997 0.25
v 11.05001 3.349997 0.25
vt 0.2265625 0.15625
vt 0.224609375 0.15625
vt 0.224609375 0.1875
vt 0.2265625 0.1875
f 1351/4033 1347/4034 1346/4035 1350/4036
vt 0.22265625 0.15625
vt 0.220703125 0.15625
vt 0.220703125 0.1875
vt 0.22265625 0.1875
f 1348/4037 1352/4038 1349/4039 1345/4040
vt 0.224609375 0.1875
vt 0.22265625 0.1875
vt 0.22265625 0.21875
vt 0.224609375 0.21875
f 1346/4041 1345/4042 1349/4043 1350/4044
vt 0.2265625 0.21875
vt 0.224609375 0.21875
vt 0.224609375 0.1875
vt 0.2265625 0.1875
f 1351/4045 1352/4046 1348/4047 1347/4048
vt 0.224609375 0.15625
vt 0.22265625 0.15625
vt 0.22265625 0.1875
vt 0.224609375 0.1875
f 1347/4049 1348/4050 1345/4051 1346/4052
vt 0.228515625 0.15625
vt 0.2265625 0.15625
vt 0.2265625 0.1875
vt 0.228515625 0.1875
f 1352/4053 1351/4054 1350/4055 1349/4056
o gunModel169
v 11.45001 3.499997 -0.35
v 11.65001 3.499997 -0.35
v 11.65001 3.349997 -0.55
v 11.45001 3.349997 -0.55
v 11.45001 3.499997 0.05
v 11.65001 3.499997 0.05
v 11.65001 3.349997 0.25
v 11.45001 3.349997 0.25
vt 0.2421875 0.15625
vt 0.240234375 0.15625
vt 0.240234375 0.1875
vt 0.2421875 0.1875
f 1359/4057 1355/4058 1354/4059 1358/4060
vt 0.23828125 0.15625
vt 0.236328125 0.15625
vt 0.236328125 0.1875
vt 0.23828125 0.1875
f 1356/4061 1360/4062 1357/4063 1353/4064
vt 0.240234375 0.1875
vt 0.23828125 0.1875
vt 0.23828125 0.21875
vt 0.240234375 0.21875
f 1354/4065 1353/4066 1357/4067 1358/4068
vt 0.2421875 0.21875
vt 0.240234375 0.21875
vt 0.240234375 0.1875
vt 0.2421875 0.1875
f 1359/4069 1360/4070 1356/4071 1355/4072
vt 0.240234375 0.15625
vt 0.23828125 0.15625
vt 0.23828125 0.1875
vt 0.240234375 0.1875
f 1355/4073 1356/4074 1353/4075 1354/4076
vt 0.244140625 0.15625
vt 0.2421875 0.15625
vt 0.2421875 0.1875
vt 0.244140625 0.1875
f 1360/4077 1359/4078 1358/4079 1357/4080
o gunModel170
v 11.85001 3.499997 -0.35
v 12.05001 3.499997 -0.35
v 12.05001 3.349997 -0.55
v 11.85001 3.349997 -0.55
v 11.85001 3.499997 0.05
v 12.05001 3.499997 0.05
v 12.05001 3.349997 0.25
v 11.85001 3.349997 0.25
vt 0.2578125 0.15625
vt 0.255859375 0.15625
vt 0.255859375 0.1875
vt 0.2578125 0.1875
f 1367/4081 1363/4082 1362/4083 1366/4084
vt 0.25390625 0.15625
vt 0.251953125 0.15625
vt 0.251953125 0.1875
vt 0.25390625 0.1875
f 1364/4085 1368/4086 1365/4087 1361/4088
vt 0.255859375 0.1875
vt 0.25390625 0.1875
vt 0.25390625 0.21875
vt 0.255859375 0.21875
f 1362/4089 1361/4090 1365/4091 1366/4092
vt 0.2578125 0.21875
vt 0.255859375 0.21875
vt 0.255859375 0.1875
vt 0.2578125 0.1875
f 1367/4093 1368/4094 1364/4095 1363/4096
vt 0.255859375 0.15625
vt 0.25390625 0.15625
vt 0.25390625 0.1875
vt 0.255859375 0.1875
f 1363/4097 1364/4098 1361/4099 1362/4100
vt 0.259765625 0.15625
vt 0.2578125 0.15625
vt 0.2578125 0.1875
vt 0.259765625 0.1875
f 1368/4101 1367/4102 1366/4103 1365/4104
o gunModel171
v 12.25001 3.499997 -0.35
v 12.45001 3.499997 -0.35
v 12.45001 3.349997 -0.55
v 12.25001 3.349997 -0.55
v 12.25001 3.499997 0.05
v 12.45001 3.499997 0.05
v 12.45001 3.349997 0.25
v 12.25001 3.349997 0.25
vt 0.2734375 0.15625
vt 0.271484375 0.15625
vt 0.271484375 0.1875
vt 0.2734375 0.1875
f 1375/4105 1371/4106 1370/4107 1374/4108
vt 0.26953125 0.15625
vt 0.267578125 0.15625
vt 0.267578125 0.1875
vt 0.26953125 0.1875
f 1372/4109 1376/4110 1373/4111 1369/4112
vt 0.271484375 0.1875
vt 0.26953125 0.1875
vt 0.26953125 0.21875
vt 0.271484375 0.21875
f 1370/4113 1369/4114 1373/4115 1374/4116
vt 0.2734375 0.21875
vt 0.271484375 0.21875
vt 0.271484375 0.1875
vt 0.2734375 0.1875
f 1375/4117 1376/4118 1372/4119 1371/4120
vt 0.271484375 0.15625
vt 0.26953125 0.15625
vt 0.26953125 0.1875
vt 0.271484375 0.1875
f 1371/4121 1372/4122 1369/4123 1370/4124
vt 0.275390625 0.15625
vt 0.2734375 0.15625
vt 0.2734375 0.1875
vt 0.275390625 0.1875
f 1376/4125 1375/4126 1374/4127 1373/4128
o gunModel172
v 12.65001 3.499997 -0.35
v 12.85001 3.499997 -0.35
v 12.85001 3.349997 -0.55
v 12.65001 3.349997 -0.55
v 12.65001 3.499997 0.05
v 12.85001 3.499997 0.05
v 12.85001 3.349997 0.25
v 12.65001 3.349997 0.25
vt 0.2890625 0.15625
vt 0.287109375 0.15625
vt 0.287109375 0.1875
vt 0.2890625 0.1875
f 1383/4129 1379/4130 1378/4131 1382/4132
vt 0.28515625 0.15625
vt 0.283203125 0.15625
vt 0.283203125 0.1875
vt 0.28515625 0.1875
f 1380/4133 1384/4134 1381/4135 1377/4136
vt 0.287109375 0.1875
vt 0.28515625 0.1875
vt 0.28515625 0.21875
vt 0.287109375 0.21875
f 1378/4137 1377/4138 1381/4139 1382/4140
vt 0.2890625 0.21875
vt 0.287109375 0.21875
vt 0.287109375 0.1875
vt 0.2890625 0.1875
f 1383/4141 1384/4142 1380/4143 1379/4144
vt 0.287109375 0.15625
vt 0.28515625 0.15625
vt 0.28515625 0.1875
vt 0.287109375 0.1875
f 1379/4145 1380/4146 1377/4147 1378/4148
vt 0.291015625 0.15625
vt 0.2890625 0.15625
vt 0.2890625 0.1875
vt 0.291015625 0.1875
f 1384/4149 1383/4150 1382/4151 1381/4152
o gunModel173
v 13.05001 3.499997 -0.35
v 13.25001 3.499997 -0.35
v 13.25001 3.349997 -0.55
v 13.05001 3.349997 -0.55
v 13.05001 3.499997 0.05
v 13.25001 3.499997 0.05
v 13.25001 3.349997 0.25
v 13.05001 3.349997 0.25
vt 0.3046875 0.15625
vt 0.302734375 0.15625
vt 0.302734375 0.1875
vt 0.3046875 0.1875
f 1391/4153 1387/4154 1386/4155 1390/4156
vt 0.30078125 0.15625
vt 0.298828125 0.15625
vt 0.298828125 0.1875
vt 0.30078125 0.1875
f 1388/4157 1392/4158 1389/4159 1385/4160
vt 0.302734375 0.1875
vt 0.30078125 0.1875
vt 0.30078125 0.21875
vt 0.302734375 0.21875
f 1386/4161 1385/4162 1389/4163 1390/4164
vt 0.3046875 0.21875
vt 0.302734375 0.21875
vt 0.302734375 0.1875
vt 0.3046875 0.1875
f 1391/4165 1392/4166 1388/4167 1387/4168
vt 0.302734375 0.15625
vt 0.30078125 0.15625
vt 0.30078125 0.1875
vt 0.302734375 0.1875
f 1387/4169 1388/4170 1385/4171 1386/4172
vt 0.306640625 0.15625
vt 0.3046875 0.15625
vt 0.3046875 0.1875
vt 0.306640625 0.1875
f 1392/4173 1391/4174 1390/4175 1389/4176
o gunModel174
v 13.45001 3.499997 -0.35
v 13.65001 3.499997 -0.35
v 13.65001 3.349997 -0.55
v 13.45001 3.349997 -0.55
v 13.45001 3.499997 0.05
v 13.65001 3.499997 0.05
v 13.65001 3.349997 0.25
v 13.45001 3.349997 0.25
vt 0.3203125 0.15625
vt 0.318359375 0.15625
vt 0.318359375 0.1875
vt 0.3203125 0.1875
f 1399/4177 1395/4178 1394/4179 1398/4180
vt 0.31640625 0.15625
vt 0.314453125 0.15625
vt 0.314453125 0.1875
vt 0.31640625 0.1875
f 1396/4181 1400/4182 1397/4183 1393/4184
vt 0.318359375 0.1875
vt 0.31640625 0.1875
vt 0.31640625 0.21875
vt 0.318359375 0.21875
f 1394/4185 1393/4186 1397/4187 1398/4188
vt 0.3203125 0.21875
vt 0.318359375 0.21875
vt 0.318359375 0.1875
vt 0.3203125 0.1875
f 1399/4189 1400/4190 1396/4191 1395/4192
vt 0.318359375 0.15625
vt 0.31640625 0.15625
vt 0.31640625 0.1875
vt 0.318359375 0.1875
f 1395/4193 1396/4194 1393/4195 1394/4196
vt 0.322265625 0.15625
vt 0.3203125 0.15625
vt 0.3203125 0.1875
vt 0.322265625 0.1875
f 1400/4197 1399/4198 1398/4199 1397/4200
o gunModel175
v 13.85001 3.499997 -0.35
v 14.05001 3.499997 -0.35
v 14.05001 3.349997 -0.55
v 13.85001 3.349997 -0.55
v 13.85001 3.499997 0.05
v 14.05001 3.499997 0.05
v 14.05001 3.349997 0.25
v 13.85001 3.349997 0.25
vt 0.3359375 0.15625
vt 0.333984375 0.15625
vt 0.333984375 0.1875
vt 0.3359375 0.1875
f 1407/4201 1403/4202 1402/4203 1406/4204
vt 0.33203125 0.15625
vt 0.330078125 0.15625
vt 0.330078125 0.1875
vt 0.33203125 0.1875
f 1404/4205 1408/4206 1405/4207 1401/4208
vt 0.333984375 0.1875
vt 0.33203125 0.1875
vt 0.33203125 0.21875
vt 0.333984375 0.21875
f 1402/4209 1401/4210 1405/4211 1406/4212
vt 0.3359375 0.21875
vt 0.333984375 0.21875
vt 0.333984375 0.1875
vt 0.3359375 0.1875
f 1407/4213 1408/4214 1404/4215 1403/4216
vt 0.333984375 0.15625
vt 0.33203125 0.15625
vt 0.33203125 0.1875
vt 0.333984375 0.1875
f 1403/4217 1404/4218 1401/4219 1402/4220
vt 0.337890625 0.15625
vt 0.3359375 0.15625
vt 0.3359375 0.1875
vt 0.337890625 0.1875
f 1408/4221 1407/4222 1406/4223 1405/4224
o gunModel176
v 14.05001 3.499997 -0.35
v 14.25001 3.499997 -0.35
v 14.25001 3.349997 -0.55
v 14.05001 3.349997 -0.55
v 14.05001 3.499997 0.05
v 14.25001 3.499997 0.05
v 14.25001 3.349997 0.25
v 14.05001 3.349997 0.25
vt 0.3515625 0.15625
vt 0.349609375 0.15625
vt 0.349609375 0.1875
vt 0.3515625 0.1875
f 1415/4225 1411/4226 1410/4227 1414/4228
vt 0.34765625 0.15625
vt 0.345703125 0.15625
vt 0.345703125 0.1875
vt 0.34765625 0.1875
f 1412/4229 1416/4230 1413/4231 1409/4232
vt 0.349609375 0.1875
vt 0.34765625 0.1875
vt 0.34765625 0.21875
vt 0.349609375 0.21875
f 1410/4233 1409/4234 1413/4235 1414/4236
vt 0.3515625 0.21875
vt 0.349609375 0.21875
vt 0.349609375 0.1875
vt 0.3515625 0.1875
f 1415/4237 1416/4238 1412/4239 1411/4240
vt 0.349609375 0.15625
vt 0.34765625 0.15625
vt 0.34765625 0.1875
vt 0.349609375 0.1875
f 1411/4241 1412/4242 1409/4243 1410/4244
vt 0.353515625 0.15625
vt 0.3515625 0.15625
vt 0.3515625 0.1875
vt 0.353515625 0.1875
f 1416/4245 1415/4246 1414/4247 1413/4248
o gunModel177
v 8.650003 1.950001 -0.55
v 14.25 1.950001 -0.55
v 14.25 1.450001 -0.55
v 8.650003 1.450001 -0.55
v 8.650003 1.950001 0.25
v 14.25 1.950001 0.25
v 14.25 1.450001 0.25
v 8.650003 1.450001 0.25
vt 0.376953125 0.15625
vt 0.375 0.15625
vt 0.375 0.1875
vt 0.376953125 0.1875
f 1423/4249 1419/4250 1418/4251 1422/4252
vt 0.36328125 0.15625
vt 0.361328125 0.15625
vt 0.361328125 0.1875
vt 0.36328125 0.1875
f 1420/4253 1424/4254 1421/4255 1417/4256
vt 0.375 0.1875
vt 0.36328125 0.1875
vt 0.36328125 0.21875
vt 0.375 0.21875
f 1418/4257 1417/4258 1421/4259 1422/4260
vt 0.38671875 0.21875
vt 0.375 0.21875
vt 0.375 0.1875
vt 0.38671875 0.1875
f 1423/4261 1424/4262 1420/4263 1419/4264
vt 0.375 0.15625
vt 0.36328125 0.15625
vt 0.36328125 0.1875
vt 0.375 0.1875
f 1419/4265 1420/4266 1417/4267 1418/4268
vt 0.388671875 0.15625
vt 0.376953125 0.15625
vt 0.376953125 0.1875
vt 0.388671875 0.1875
f 1424/4269 1423/4270 1422/4271 1421/4272
o gunModel178
v 8.550003 1.650001 -0.15
v 14.45 1.650001 -0.15
v 14.45 1.500001 -0.15
v 8.550003 1.500001 -0.15
v 8.550003 1.700001 0.4
v 14.45 1.700001 0.4
v 14.45 1.550001 0.4
v 8.550003 1.550001 0.4
vt 0.408203125 0.15625
vt 0.40625 0.15625
vt 0.40625 0.1875
vt 0.408203125 0.1875
f 1431/4273 1427/4274 1426/4275 1430/4276
vt 0.39453125 0.15625
vt 0.392578125 0.15625
vt 0.392578125 0.1875
vt 0.39453125 0.1875
f 1428/4277 1432/4278 1429/4279 1425/4280
vt 0.40625 0.1875
vt 0.39453125 0.1875
vt 0.39453125 0.21875
vt 0.40625 0.21875
f 1426/4281 1425/4282 1429/4283 1430/4284
vt 0.41796875 0.21875
vt 0.40625 0.21875
vt 0.40625 0.1875
vt 0.41796875 0.1875
f 1431/4285 1432/4286 1428/4287 1427/4288
vt 0.40625 0.15625
vt 0.39453125 0.15625
vt 0.39453125 0.1875
vt 0.40625 0.1875
f 1427/4289 1428/4290 1425/4291 1426/4292
vt 0.419921875 0.15625
vt 0.408203125 0.15625
vt 0.408203125 0.1875
vt 0.419921875 0.1875
f 1432/4293 1431/4294 1430/4295 1429/4296
o gunModel179
v 8.550003 1.700001 -0.7
v 14.45 1.700001 -0.7
v 14.45 1.550001 -0.7
v 8.550003 1.550001 -0.7
v 8.550003 1.650001 -0.15
v 14.45 1.650001 -0.15
v 14.45 1.500001 -0.15
v 8.550003 1.500001 -0.15
vt 0.439453125 0.15625
vt 0.4375 0.15625
vt 0.4375 0.1875
vt 0.439453125 0.1875
f 1439/4297 1435/4298 1434/4299 1438/4300
vt 0.42578125 0.15625
vt 0.423828125 0.15625
vt 0.423828125 0.1875
vt 0.42578125 0.1875
f 1436/4301 1440/4302 1437/4303 1433/4304
vt 0.4375 0.1875
vt 0.42578125 0.1875
vt 0.42578125 0.21875
vt 0.4375 0.21875
f 1434/4305 1433/4306 1437/4307 1438/4308
vt 0.44921875 0.21875
vt 0.4375 0.21875
vt 0.4375 0.1875
vt 0.44921875 0.1875
f 1439/4309 1440/4310 1436/4311 1435/4312
vt 0.4375 0.15625
vt 0.42578125 0.15625
vt 0.42578125 0.1875
vt 0.4375 0.1875
f 1435/4313 1436/4314 1433/4315 1434/4316
vt 0.451171875 0.15625
vt 0.439453125 0.15625
vt 0.439453125 0.1875
vt 0.451171875 0.1875
f 1440/4317 1439/4318 1438/4319 1437/4320
o gunModel180
v 14.05001 1.450001 -0.55
v 14.25001 1.450001 -0.55
v 14.25001 1.300001 -0.35
v 14.05001 1.300001 -0.35
v 14.05001 1.450001 0.25
v 14.25001 1.450001 0.25
v 14.25001 1.300001 0.05
v 14.05001 1.300001 0.05
vt 0.4609375 0.15625
vt 0.458984375 0.15625
vt 0.458984375 0.1875
vt 0.4609375 0.1875
f 1447/4321 1443/4322 1442/4323 1446/4324
vt 0.45703125 0.15625
vt 0.455078125 0.15625
vt 0.455078125 0.1875
vt 0.45703125 0.1875
f 1444/4325 1448/4326 1445/4327 1441/4328
vt 0.458984375 0.1875
vt 0.45703125 0.1875
vt 0.45703125 0.21875
vt 0.458984375 0.21875
f 1442/4329 1441/4330 1445/4331 1446/4332
vt 0.4609375 0.21875
vt 0.458984375 0.21875
vt 0.458984375 0.1875
vt 0.4609375 0.1875
f 1447/4333 1448/4334 1444/4335 1443/4336
vt 0.458984375 0.15625
vt 0.45703125 0.15625
vt 0.45703125 0.1875
vt 0.458984375 0.1875
f 1443/4337 1444/4338 1441/4339 1442/4340
vt 0.462890625 0.15625
vt 0.4609375 0.15625
vt 0.4609375 0.1875
vt 0.462890625 0.1875
f 1448/4341 1447/4342 1446/4343 1445/4344
o gunModel181
v 13.85001 1.450001 -0.55
v 14.05001 1.450001 -0.55
v 14.05001 1.300001 -0.35
v 13.85001 1.300001 -0.35
v 13.85001 1.450001 0.25
v 14.05001 1.450001 0.25
v 14.05001 1.300001 0.05
v 13.85001 1.300001 0.05
vt 0.4765625 0.15625
vt 0.474609375 0.15625
vt 0.474609375 0.1875
vt 0.4765625 0.1875
f 1455/4345 1451/4346 1450/4347 1454/4348
vt 0.47265625 0.15625
vt 0.470703125 0.15625
vt 0.470703125 0.1875
vt 0.47265625 0.1875
f 1452/4349 1456/4350 1453/4351 1449/4352
vt 0.474609375 0.1875
vt 0.47265625 0.1875
vt 0.47265625 0.21875
vt 0.474609375 0.21875
f 1450/4353 1449/4354 1453/4355 1454/4356
vt 0.4765625 0.21875
vt 0.474609375 0.21875
vt 0.474609375 0.1875
vt 0.4765625 0.1875
f 1455/4357 1456/4358 1452/4359 1451/4360
vt 0.474609375 0.15625
vt 0.47265625 0.15625
vt 0.47265625 0.1875
vt 0.474609375 0.1875
f 1451/4361 1452/4362 1449/4363 1450/4364
vt 0.478515625 0.15625
vt 0.4765625 0.15625
vt 0.4765625 0.1875
vt 0.478515625 0.1875
f 1456/4365 1455/4366 1454/4367 1453/4368
o gunModel182
v 13.45001 1.450001 -0.55
v 13.65001 1.450001 -0.55
v 13.65001 1.300001 -0.35
v 13.45001 1.300001 -0.35
v 13.45001 1.450001 0.25
v 13.65001 1.450001 0.25
v 13.65001 1.300001 0.05
v 13.45001 1.300001 0.05
vt 0.4921875 0.15625
vt 0.490234375 0.15625
vt 0.490234375 0.1875
vt 0.4921875 0.1875
f 1463/4369 1459/4370 1458/4371 1462/4372
vt 0.48828125 0.15625
vt 0.486328125 0.15625
vt 0.486328125 0.1875
vt 0.48828125 0.1875
f 1460/4373 1464/4374 1461/4375 1457/4376
vt 0.490234375 0.1875
vt 0.48828125 0.1875
vt 0.48828125 0.21875
vt 0.490234375 0.21875
f 1458/4377 1457/4378 1461/4379 1462/4380
vt 0.4921875 0.21875
vt 0.490234375 0.21875
vt 0.490234375 0.1875
vt 0.4921875 0.1875
f 1463/4381 1464/4382 1460/4383 1459/4384
vt 0.490234375 0.15625
vt 0.48828125 0.15625
vt 0.48828125 0.1875
vt 0.490234375 0.1875
f 1459/4385 1460/4386 1457/4387 1458/4388
vt 0.494140625 0.15625
vt 0.4921875 0.15625
vt 0.4921875 0.1875
vt 0.494140625 0.1875
f 1464/4389 1463/4390 1462/4391 1461/4392
o gunModel183
v 13.05001 1.450001 -0.55
v 13.25001 1.450001 -0.55
v 13.25001 1.300001 -0.35
v 13.05001 1.300001 -0.35
v 13.05001 1.450001 0.25
v 13.25001 1.450001 0.25
v 13.25001 1.300001 0.05
v 13.05001 1.300001 0.05
vt 0.5078125 0.15625
vt 0.505859375 0.15625
vt 0.505859375 0.1875
vt 0.5078125 0.1875
f 1471/4393 1467/4394 1466/4395 1470/4396
vt 0.50390625 0.15625
vt 0.501953125 0.15625
vt 0.501953125 0.1875
vt 0.50390625 0.1875
f 1468/4397 1472/4398 1469/4399 1465/4400
vt 0.505859375 0.1875
vt 0.50390625 0.1875
vt 0.50390625 0.21875
vt 0.505859375 0.21875
f 1466/4401 1465/4402 1469/4403 1470/4404
vt 0.5078125 0.21875
vt 0.505859375 0.21875
vt 0.505859375 0.1875
vt 0.5078125 0.1875
f 1471/4405 1472/4406 1468/4407 1467/4408
vt 0.505859375 0.15625
vt 0.50390625 0.15625
vt 0.50390625 0.1875
vt 0.505859375 0.1875
f 1467/4409 1468/4410 1465/4411 1466/4412
vt 0.509765625 0.15625
vt 0.5078125 0.15625
vt 0.5078125 0.1875
vt 0.509765625 0.1875
f 1472/4413 1471/4414 1470/4415 1469/4416
o gunModel184
v 12.65001 1.450001 -0.55
v 12.85001 1.450001 -0.55
v 12.85001 1.300001 -0.35
v 12.65001 1.300001 -0.35
v 12.65001 1.450001 0.25
v 12.85001 1.450001 0.25
v 12.85001 1.300001 0.05
v 12.65001 1.300001 0.05
vt 0.5234375 0.15625
vt 0.521484375 0.15625
vt 0.521484375 0.1875
vt 0.5234375 0.1875
f 1479/4417 1475/4418 1474/4419 1478/4420
vt 0.51953125 0.15625
vt 0.517578125 0.15625
vt 0.517578125 0.1875
vt 0.51953125 0.1875
f 1476/4421 1480/4422 1477/4423 1473/4424
vt 0.521484375 0.1875
vt 0.51953125 0.1875
vt 0.51953125 0.21875
vt 0.521484375 0.21875
f 1474/4425 1473/4426 1477/4427 1478/4428
vt 0.5234375 0.21875
vt 0.521484375 0.21875
vt 0.521484375 0.1875
vt 0.5234375 0.1875
f 1479/4429 1480/4430 1476/4431 1475/4432
vt 0.521484375 0.15625
vt 0.51953125 0.15625
vt 0.51953125 0.1875
vt 0.521484375 0.1875
f 1475/4433 1476/4434 1473/4435 1474/4436
vt 0.525390625 0.15625
vt 0.5234375 0.15625
vt 0.5234375 0.1875
vt 0.525390625 0.1875
f 1480/4437 1479/4438 1478/4439 1477/4440
o gunModel185
v 12.25001 1.450001 -0.55
v 12.45001 1.450001 -0.55
v 12.45001 1.300001 -0.35
v 12.25001 1.300001 -0.35
v 12.25001 1.450001 0.25
v 12.45001 1.450001 0.25
v 12.45001 1.300001 0.05
v 12.25001 1.300001 0.05
vt 0.5390625 0.15625
vt 0.537109375 0.15625
vt 0.537109375 0.1875
vt 0.5390625 0.1875
f 1487/4441 1483/4442 1482/4443 1486/4444
vt 0.53515625 0.15625
vt 0.533203125 0.15625
vt 0.533203125 0.1875
vt 0.53515625 0.1875
f 1484/4445 1488/4446 1485/4447 1481/4448
vt 0.537109375 0.1875
vt 0.53515625 0.1875
vt 0.53515625 0.21875
vt 0.537109375 0.21875
f 1482/4449 1481/4450 1485/4451 1486/4452
vt 0.5390625 0.21875
vt 0.537109375 0.21875
vt 0.537109375 0.1875
vt 0.5390625 0.1875
f 1487/4453 1488/4454 1484/4455 1483/4456
vt 0.537109375 0.15625
vt 0.53515625 0.15625
vt 0.53515625 0.1875
vt 0.537109375 0.1875
f 1483/4457 1484/4458 1481/4459 1482/4460
vt 0.541015625 0.15625
vt 0.5390625 0.15625
vt 0.5390625 0.1875
vt 0.541015625 0.1875
f 1488/4461 1487/4462 1486/4463 1485/4464
o gunModel186
v 11.85001 1.450001 -0.55
v 12.05001 1.450001 -0.55
v 12.05001 1.300001 -0.35
v 11.85001 1.300001 -0.35
v 11.85001 1.450001 0.25
v 12.05001 1.450001 0.25
v 12.05001 1.300001 0.05
v 11.85001 1.300001 0.05
vt 0.5546875 0.15625
vt 0.552734375 0.15625
vt 0.552734375 0.1875
vt 0.5546875 0.1875
f 1495/4465 1491/4466 1490/4467 1494/4468
vt 0.55078125 0.15625
vt 0.548828125 0.15625
vt 0.548828125 0.1875
vt 0.55078125 0.1875
f 1492/4469 1496/4470 1493/4471 1489/4472
vt 0.552734375 0.1875
vt 0.55078125 0.1875
vt 0.55078125 0.21875
vt 0.552734375 0.21875
f 1490/4473 1489/4474 1493/4475 1494/4476
vt 0.5546875 0.21875
vt 0.552734375 0.21875
vt 0.552734375 0.1875
vt 0.5546875 0.1875
f 1495/4477 1496/4478 1492/4479 1491/4480
vt 0.552734375 0.15625
vt 0.55078125 0.15625
vt 0.55078125 0.1875
vt 0.552734375 0.1875
f 1491/4481 1492/4482 1489/4483 1490/4484
vt 0.556640625 0.15625
vt 0.5546875 0.15625
vt 0.5546875 0.1875
vt 0.556640625 0.1875
f 1496/4485 1495/4486 1494/4487 1493/4488
o gunModel187
v 11.45001 1.450001 -0.55
v 11.65001 1.450001 -0.55
v 11.65001 1.300001 -0.35
v 11.45001 1.300001 -0.35
v 11.45001 1.450001 0.25
v 11.65001 1.450001 0.25
v 11.65001 1.300001 0.05
v 11.45001 1.300001 0.05
vt 0.5703125 0.15625
vt 0.568359375 0.15625
vt 0.568359375 0.1875
vt 0.5703125 0.1875
f 1503/4489 1499/4490 1498/4491 1502/4492
vt 0.56640625 0.15625
vt 0.564453125 0.15625
vt 0.564453125 0.1875
vt 0.56640625 0.1875
f 1500/4493 1504/4494 1501/4495 1497/4496
vt 0.568359375 0.1875
vt 0.56640625 0.1875
vt 0.56640625 0.21875
vt 0.568359375 0.21875
f 1498/4497 1497/4498 1501/4499 1502/4500
vt 0.5703125 0.21875
vt 0.568359375 0.21875
vt 0.568359375 0.1875
vt 0.5703125 0.1875
f 1503/4501 1504/4502 1500/4503 1499/4504
vt 0.568359375 0.15625
vt 0.56640625 0.15625
vt 0.56640625 0.1875
vt 0.568359375 0.1875
f 1499/4505 1500/4506 1497/4507 1498/4508
vt 0.572265625 0.15625
vt 0.5703125 0.15625
vt 0.5703125 0.1875
vt 0.572265625 0.1875
f 1504/4509 1503/4510 1502/4511 1501/4512
o gunModel188
v 10.65001 1.450001 -0.55
v 10.85001 1.450001 -0.55
v 10.85001 1.300001 -0.35
v 10.65001 1.300001 -0.35
v 10.65001 1.450001 0.25
v 10.85001 1.450001 0.25
v 10.85001 1.300001 0.05
v 10.65001 1.300001 0.05
vt 0.5859375 0.15625
vt 0.583984375 0.15625
vt 0.583984375 0.1875
vt 0.5859375 0.1875
f 1511/4513 1507/4514 1506/4515 1510/4516
vt 0.58203125 0.15625
vt 0.580078125 0.15625
vt 0.580078125 0.1875
vt 0.58203125 0.1875
f 1508/4517 1512/4518 1509/4519 1505/4520
vt 0.583984375 0.1875
vt 0.58203125 0.1875
vt 0.58203125 0.21875
vt 0.583984375 0.21875
f 1506/4521 1505/4522 1509/4523 1510/4524
vt 0.5859375 0.21875
vt 0.583984375 0.21875
vt 0.583984375 0.1875
vt 0.5859375 0.1875
f 1511/4525 1512/4526 1508/4527 1507/4528
vt 0.583984375 0.15625
vt 0.58203125 0.15625
vt 0.58203125 0.1875
vt 0.583984375 0.1875
f 1507/4529 1508/4530 1505/4531 1506/4532
vt 0.587890625 0.15625
vt 0.5859375 0.15625
vt 0.5859375 0.1875
vt 0.587890625 0.1875
f 1512/4533 1511/4534 1510/4535 1509/4536
o gunModel189
v 11.05001 1.450001 -0.55
v 11.25001 1.450001 -0.55
v 11.25001 1.300001 -0.35
v 11.05001 1.300001 -0.35
v 11.05001 1.450001 0.25
v 11.25001 1.450001 0.25
v 11.25001 1.300001 0.05
v 11.05001 1.300001 0.05
vt 0.6015625 0.15625
vt 0.599609375 0.15625
vt 0.599609375 0.1875
vt 0.6015625 0.1875
f 1519/4537 1515/4538 1514/4539 1518/4540
vt 0.59765625 0.15625
vt 0.595703125 0.15625
vt 0.595703125 0.1875
vt 0.59765625 0.1875
f 1516/4541 1520/4542 1517/4543 1513/4544
vt 0.599609375 0.1875
vt 0.59765625 0.1875
vt 0.59765625 0.21875
vt 0.599609375 0.21875
f 1514/4545 1513/4546 1517/4547 1518/4548
vt 0.6015625 0.21875
vt 0.599609375 0.21875
vt 0.599609375 0.1875
vt 0.6015625 0.1875
f 1519/4549 1520/4550 1516/4551 1515/4552
vt 0.599609375 0.15625
vt 0.59765625 0.15625
vt 0.59765625 0.1875
vt 0.599609375 0.1875
f 1515/4553 1516/4554 1513/4555 1514/4556
vt 0.603515625 0.15625
vt 0.6015625 0.15625
vt 0.6015625 0.1875
vt 0.603515625 0.1875
f 1520/4557 1519/4558 1518/4559 1517/4560
o gunModel190
v 10.25001 1.450001 -0.55
v 10.45001 1.450001 -0.55
v 10.45001 1.300001 -0.35
v 10.25001 1.300001 -0.35
v 10.25001 1.450001 0.25
v 10.45001 1.450001 0.25
v 10.45001 1.300001 0.05
v 10.25001 1.300001 0.05
vt 0.6171875 0.15625
vt 0.615234375 0.15625
vt 0.615234375 0.1875
vt 0.6171875 0.1875
f 1527/4561 1523/4562 1522/4563 1526/4564
vt 0.61328125 0.15625
vt 0.611328125 0.15625
vt 0.611328125 0.1875
vt 0.61328125 0.1875
f 1524/4565 1528/4566 1525/4567 1521/4568
vt 0.615234375 0.1875
vt 0.61328125 0.1875
vt 0.61328125 0.21875
vt 0.615234375 0.21875
f 1522/4569 1521/4570 1525/4571 1526/4572
vt 0.6171875 0.21875
vt 0.615234375 0.21875
vt 0.615234375 0.1875
vt 0.6171875 0.1875
f 1527/4573 1528/4574 1524/4575 1523/4576
vt 0.615234375 0.15625
vt 0.61328125 0.15625
vt 0.61328125 0.1875
vt 0.615234375 0.1875
f 1523/4577 1524/4578 1521/4579 1522/4580
vt 0.619140625 0.15625
vt 0.6171875 0.15625
vt 0.6171875 0.1875
vt 0.619140625 0.1875
f 1528/4581 1527/4582 1526/4583 1525/4584
o gunModel191
v 9.850006 1.450001 -0.55
v 10.05001 1.450001 -0.55
v 10.05001 1.300001 -0.35
v 9.850006 1.300001 -0.35
v 9.850006 1.450001 0.25
v 10.05001 1.450001 0.25
v 10.05001 1.300001 0.05
v 9.850006 1.300001 0.05
vt 0.6328125 0.15625
vt 0.630859375 0.15625
vt 0.630859375 0.1875
vt 0.6328125 0.1875
f 1535/4585 1531/4586 1530/4587 1534/4588
vt 0.62890625 0.15625
vt 0.626953125 0.15625
vt 0.626953125 0.1875
vt 0.62890625 0.1875
f 1532/4589 1536/4590 1533/4591 1529/4592
vt 0.630859375 0.1875
vt 0.62890625 0.1875
vt 0.62890625 0.21875
vt 0.630859375 0.21875
f 1530/4593 1529/4594 1533/4595 1534/4596
vt 0.6328125 0.21875
vt 0.630859375 0.21875
vt 0.630859375 0.1875
vt 0.6328125 0.1875
f 1535/4597 1536/4598 1532/4599 1531/4600
vt 0.630859375 0.15625
vt 0.62890625 0.15625
vt 0.62890625 0.1875
vt 0.630859375 0.1875
f 1531/4601 1532/4602 1529/4603 1530/4604
vt 0.634765625 0.15625
vt 0.6328125 0.15625
vt 0.6328125 0.1875
vt 0.634765625 0.1875
f 1536/4605 1535/4606 1534/4607 1533/4608
o gunModel192
v 9.450005 1.450001 -0.55
v 9.650005 1.450001 -0.55
v 9.650005 1.300001 -0.35
v 9.450005 1.300001 -0.35
v 9.450005 1.450001 0.25
v 9.650005 1.450001 0.25
v 9.650005 1.300001 0.05
v 9.450005 1.300001 0.05
vt 0.6484375 0.15625
vt 0.646484375 0.15625
vt 0.646484375 0.1875
vt 0.6484375 0.1875
f 1543/4609 1539/4610 1538/4611 1542/4612
vt 0.64453125 0.15625
vt 0.642578125 0.15625
vt 0.642578125 0.1875
vt 0.64453125 0.1875
f 1540/4613 1544/4614 1541/4615 1537/4616
vt 0.646484375 0.1875
vt 0.64453125 0.1875
vt 0.64453125 0.21875
vt 0.646484375 0.21875
f 1538/4617 1537/4618 1541/4619 1542/4620
vt 0.6484375 0.21875
vt 0.646484375 0.21875
vt 0.646484375 0.1875
vt 0.6484375 0.1875
f 1543/4621 1544/4622 1540/4623 1539/4624
vt 0.646484375 0.15625
vt 0.64453125 0.15625
vt 0.64453125 0.1875
vt 0.646484375 0.1875
f 1539/4625 1540/4626 1537/4627 1538/4628
vt 0.650390625 0.15625
vt 0.6484375 0.15625
vt 0.6484375 0.1875
vt 0.650390625 0.1875
f 1544/4629 1543/4630 1542/4631 1541/4632
o gunModel193
v 9.050003 1.450001 -0.55
v 9.250003 1.450001 -0.55
v 9.250003 1.300001 -0.35
v 9.050003 1.300001 -0.35
v 9.050003 1.450001 0.25
v 9.250003 1.450001 0.25
v 9.250003 1.300001 0.05
v 9.050003 1.300001 0.05
vt 0.6640625 0.15625
vt 0.662109375 0.15625
vt 0.662109375 0.1875
vt 0.6640625 0.1875
f 1551/4633 1547/4634 1546/4635 1550/4636
vt 0.66015625 0.15625
vt 0.658203125 0.15625
vt 0.658203125 0.1875
vt 0.66015625 0.1875
f 1548/4637 1552/4638 1549/4639 1545/4640
vt 0.662109375 0.1875
vt 0.66015625 0.1875
vt 0.66015625 0.21875
vt 0.662109375 0.21875
f 1546/4641 1545/4642 1549/4643 1550/4644
vt 0.6640625 0.21875
vt 0.662109375 0.21875
vt 0.662109375 0.1875
vt 0.6640625 0.1875
f 1551/4645 1552/4646 1548/4647 1547/4648
vt 0.662109375 0.15625
vt 0.66015625 0.15625
vt 0.66015625 0.1875
vt 0.662109375 0.1875
f 1547/4649 1548/4650 1545/4651 1546/4652
vt 0.666015625 0.15625
vt 0.6640625 0.15625
vt 0.6640625 0.1875
vt 0.666015625 0.1875
f 1552/4653 1551/4654 1550/4655 1549/4656
o gunModel194
v 8.650003 1.450001 -0.55
v 8.850003 1.450001 -0.55
v 8.850003 1.300001 -0.35
v 8.650003 1.300001 -0.35
v 8.650003 1.450001 0.25
v 8.850003 1.450001 0.25
v 8.850003 1.300001 0.05
v 8.650003 1.300001 0.05
vt 0.6796875 0.15625
vt 0.677734375 0.15625
vt 0.677734375 0.1875
vt 0.6796875 0.1875
f 1559/4657 1555/4658 1554/4659 1558/4660
vt 0.67578125 0.15625
vt 0.673828125 0.15625
vt 0.673828125 0.1875
vt 0.67578125 0.1875
f 1556/4661 1560/4662 1557/4663 1553/4664
vt 0.677734375 0.1875
vt 0.67578125 0.1875
vt 0.67578125 0.21875
vt 0.677734375 0.21875
f 1554/4665 1553/4666 1557/4667 1558/4668
vt 0.6796875 0.21875
vt 0.677734375 0.21875
vt 0.677734375 0.1875
vt 0.6796875 0.1875
f 1559/4669 1560/4670 1556/4671 1555/4672
vt 0.677734375 0.15625
vt 0.67578125 0.15625
vt 0.67578125 0.1875
vt 0.677734375 0.1875
f 1555/4673 1556/4674 1553/4675 1554/4676
vt 0.681640625 0.15625
vt 0.6796875 0.15625
vt 0.6796875 0.1875
vt 0.681640625 0.1875
f 1560/4677 1559/4678 1558/4679 1557/4680
o gunModel195
v 4.499998 3.599996 -0.35
v 4.699998 3.599996 -0.35
v 4.699998 3.499996 -0.55
v 4.499998 3.499996 -0.55
v 4.499998 3.599996 0.05
v 4.699998 3.599996 0.05
v 4.699998 3.499996 0.25
v 4.499998 3.499996 0.25
vt 0.6953125 0.15625
vt 0.693359375 0.15625
vt 0.693359375 0.1875
vt 0.6953125 0.1875
f 1567/4681 1563/4682 1562/4683 1566/4684
vt 0.69140625 0.15625
vt 0.689453125 0.15625
vt 0.689453125 0.1875
vt 0.69140625 0.1875
f 1564/4685 1568/4686 1565/4687 1561/4688
vt 0.693359375 0.1875
vt 0.69140625 0.1875
vt 0.69140625 0.21875
vt 0.693359375 0.21875
f 1562/4689 1561/4690 1565/4691 1566/4692
vt 0.6953125 0.21875
vt 0.693359375 0.21875
vt 0.693359375 0.1875
vt 0.6953125 0.1875
f 1567/4693 1568/4694 1564/4695 1563/4696
vt 0.693359375 0.15625
vt 0.69140625 0.15625
vt 0.69140625 0.1875
vt 0.693359375 0.1875
f 1563/4697 1564/4698 1561/4699 1562/4700
vt 0.697265625 0.15625
vt 0.6953125 0.15625
vt 0.6953125 0.1875
vt 0.697265625 0.1875
f 1568/4701 1567/4702 1566/4703 1565/4704
o gunModel196
v 4.899999 3.599996 -0.35
v 5.099999 3.599996 -0.35
v 5.099999 3.499996 -0.55
v 4.899999 3.499996 -0.55
v 4.899999 3.599996 0.05
v 5.099999 3.599996 0.05
v 5.099999 3.499996 0.25
v 4.899999 3.499996 0.25
vt 0.7109375 0.15625
vt 0.708984375 0.15625
vt 0.708984375 0.1875
vt 0.7109375 0.1875
f 1575/4705 1571/4706 1570/4707 1574/4708
vt 0.70703125 0.15625
vt 0.705078125 0.15625
vt 0.705078125 0.1875
vt 0.70703125 0.1875
f 1572/4709 1576/4710 1573/4711 1569/4712
vt 0.708984375 0.1875
vt 0.70703125 0.1875
vt 0.70703125 0.21875
vt 0.708984375 0.21875
f 1570/4713 1569/4714 1573/4715 1574/4716
vt 0.7109375 0.21875
vt 0.708984375 0.21875
vt 0.708984375 0.1875
vt 0.7109375 0.1875
f 1575/4717 1576/4718 1572/4719 1571/4720
vt 0.708984375 0.15625
vt 0.70703125 0.15625
vt 0.70703125 0.1875
vt 0.708984375 0.1875
f 1571/4721 1572/4722 1569/4723 1570/4724
vt 0.712890625 0.15625
vt 0.7109375 0.15625
vt 0.7109375 0.1875
vt 0.712890625 0.1875
f 1576/4725 1575/4726 1574/4727 1573/4728
o gunModel197
v 5.300001 3.599996 -0.35
v 5.500001 3.599996 -0.35
v 5.500001 3.499996 -0.55
v 5.300001 3.499996 -0.55
v 5.300001 3.599996 0.05
v 5.500001 3.599996 0.05
v 5.500001 3.499996 0.25
v 5.300001 3.499996 0.25
vt 0.7265625 0.15625
vt 0.724609375 0.15625
vt 0.724609375 0.1875
vt 0.7265625 0.1875
f 1583/4729 1579/4730 1578/4731 1582/4732
vt 0.72265625 0.15625
vt 0.720703125 0.15625
vt 0.720703125 0.1875
vt 0.72265625 0.1875
f 1580/4733 1584/4734 1581/4735 1577/4736
vt 0.724609375 0.1875
vt 0.72265625 0.1875
vt 0.72265625 0.21875
vt 0.724609375 0.21875
f 1578/4737 1577/4738 1581/4739 1582/4740
vt 0.7265625 0.21875
vt 0.724609375 0.21875
vt 0.724609375 0.1875
vt 0.7265625 0.1875
f 1583/4741 1584/4742 1580/4743 1579/4744
vt 0.724609375 0.15625
vt 0.72265625 0.15625
vt 0.72265625 0.1875
vt 0.724609375 0.1875
f 1579/4745 1580/4746 1577/4747 1578/4748
vt 0.728515625 0.15625
vt 0.7265625 0.15625
vt 0.7265625 0.1875
vt 0.728515625 0.1875
f 1584/4749 1583/4750 1582/4751 1581/4752
o gunModel198
v 5.700001 3.599996 -0.35
v 5.900001 3.599996 -0.35
v 5.900001 3.499996 -0.55
v 5.700001 3.499996 -0.55
v 5.700001 3.599996 0.05
v 5.900001 3.599996 0.05
v 5.900001 3.499996 0.25
v 5.700001 3.499996 0.25
vt 0.7421875 0.15625
vt 0.740234375 0.15625
vt 0.740234375 0.1875
vt 0.7421875 0.1875
f 1591/4753 1587/4754 1586/4755 1590/4756
vt 0.73828125 0.15625
vt 0.736328125 0.15625
vt 0.736328125 0.1875
vt 0.73828125 0.1875
f 1588/4757 1592/4758 1589/4759 1585/4760
vt 0.740234375 0.1875
vt 0.73828125 0.1875
vt 0.73828125 0.21875
vt 0.740234375 0.21875
f 1586/4761 1585/4762 1589/4763 1590/4764
vt 0.7421875 0.21875
vt 0.740234375 0.21875
vt 0.740234375 0.1875
vt 0.7421875 0.1875
f 1591/4765 1592/4766 1588/4767 1587/4768
vt 0.740234375 0.15625
vt 0.73828125 0.15625
vt 0.73828125 0.1875
vt 0.740234375 0.1875
f 1587/4769 1588/4770 1585/4771 1586/4772
vt 0.744140625 0.15625
vt 0.7421875 0.15625
vt 0.7421875 0.1875
vt 0.744140625 0.1875
f 1592/4773 1591/4774 1590/4775 1589/4776
o gunModel199
v 6.100002 3.599996 -0.35
v 6.300002 3.599996 -0.35
v 6.300002 3.499996 -0.55
v 6.100002 3.499996 -0.55
v 6.100002 3.599996 0.05
v 6.300002 3.599996 0.05
v 6.300002 3.499996 0.25
v 6.100002 3.499996 0.25
vt 0.7578125 0.15625
vt 0.755859375 0.15625
vt 0.755859375 0.1875
vt 0.7578125 0.1875
f 1599/4777 1595/4778 1594/4779 1598/4780
vt 0.75390625 0.15625
vt 0.751953125 0.15625
vt 0.751953125 0.1875
vt 0.75390625 0.1875
f 1596/4781 1600/4782 1597/4783 1593/4784
vt 0.755859375 0.1875
vt 0.75390625 0.1875
vt 0.75390625 0.21875
vt 0.755859375 0.21875
f 1594/4785 1593/4786 1597/4787 1598/4788
vt 0.7578125 0.21875
vt 0.755859375 0.21875
vt 0.755859375 0.1875
vt 0.7578125 0.1875
f 1599/4789 1600/4790 1596/4791 1595/4792
vt 0.755859375 0.15625
vt 0.75390625 0.15625
vt 0.75390625 0.1875
vt 0.755859375 0.1875
f 1595/4793 1596/4794 1593/4795 1594/4796
vt 0.759765625 0.15625
vt 0.7578125 0.15625
vt 0.7578125 0.1875
vt 0.759765625 0.1875
f 1600/4797 1599/4798 1598/4799 1597/4800
o gunModel200
v 6.500002 3.599996 -0.35
v 6.700002 3.599996 -0.35
v 6.700002 3.499996 -0.55
v 6.500002 3.499996 -0.55
v 6.500002 3.599996 0.05
v 6.700002 3.599996 0.05
v 6.700002 3.499996 0.25
v 6.500002 3.499996 0.25
vt 0.7734375 0.15625
vt 0.771484375 0.15625
vt 0.771484375 0.1875
vt 0.7734375 0.1875
f 1607/4801 1603/4802 1602/4803 1606/4804
vt 0.76953125 0.15625
vt 0.767578125 0.15625
vt 0.767578125 0.1875
vt 0.76953125 0.1875
f 1604/4805 1608/4806 1605/4807 1601/4808
vt 0.771484375 0.1875
vt 0.76953125 0.1875
vt 0.76953125 0.21875
vt 0.771484375 0.21875
f 1602/4809 1601/4810 1605/4811 1606/4812
vt 0.7734375 0.21875
vt 0.771484375 0.21875
vt 0.771484375 0.1875
vt 0.7734375 0.1875
f 1607/4813 1608/4814 1604/4815 1603/4816
vt 0.771484375 0.15625
vt 0.76953125 0.15625
vt 0.76953125 0.1875
vt 0.771484375 0.1875
f 1603/4817 1604/4818 1601/4819 1602/4820
vt 0.775390625 0.15625
vt 0.7734375 0.15625
vt 0.7734375 0.1875
vt 0.775390625 0.1875
f 1608/4821 1607/4822 1606/4823 1605/4824
o gunModel201
v 6.900002 3.599996 -0.35
v 7.100002 3.599996 -0.35
v 7.100002 3.499996 -0.55
v 6.900002 3.499996 -0.55
v 6.900002 3.599996 0.05
v 7.100002 3.599996 0.05
v 7.100002 3.499996 0.25
v 6.900002 3.499996 0.25
vt 0.7890625 0.15625
vt 0.787109375 0.15625
vt 0.787109375 0.1875
vt 0.7890625 0.1875
f 1615/4825 1611/4826 1610/4827 1614/4828
vt 0.78515625 0.15625
vt 0.783203125 0.15625
vt 0.783203125 0.1875
vt 0.78515625 0.1875
f 1612/4829 1616/4830 1613/4831 1609/4832
vt 0.787109375 0.1875
vt 0.78515625 0.1875
vt 0.78515625 0.21875
vt 0.787109375 0.21875
f 1610/4833 1609/4834 1613/4835 1614/4836
vt 0.7890625 0.21875
vt 0.787109375 0.21875
vt 0.787109375 0.1875
vt 0.7890625 0.1875
f 1615/4837 1616/4838 1612/4839 1611/4840
vt 0.787109375 0.15625
vt 0.78515625 0.15625
vt 0.78515625 0.1875
vt 0.787109375 0.1875
f 1611/4841 1612/4842 1609/4843 1610/4844
vt 0.791015625 0.15625
vt 0.7890625 0.15625
vt 0.7890625 0.1875
vt 0.791015625 0.1875
f 1616/4845 1615/4846 1614/4847 1613/4848
o gunModel202
v 7.300002 3.599996 -0.35
v 7.500002 3.599996 -0.35
v 7.500002 3.499996 -0.55
v 7.300002 3.499996 -0.55
v 7.300002 3.599996 0.05
v 7.500002 3.599996 0.05
v 7.500002 3.499996 0.25
v 7.300002 3.499996 0.25
vt 0.8046875 0.15625
vt 0.802734375 0.15625
vt 0.802734375 0.1875
vt 0.8046875 0.1875
f 1623/4849 1619/4850 1618/4851 1622/4852
vt 0.80078125 0.15625
vt 0.798828125 0.15625
vt 0.798828125 0.1875
vt 0.80078125 0.1875
f 1620/4853 1624/4854 1621/4855 1617/4856
vt 0.802734375 0.1875
vt 0.80078125 0.1875
vt 0.80078125 0.21875
vt 0.802734375 0.21875
f 1618/4857 1617/4858 1621/4859 1622/4860
vt 0.8046875 0.21875
vt 0.802734375 0.21875
vt 0.802734375 0.1875
vt 0.8046875 0.1875
f 1623/4861 1624/4862 1620/4863 1619/4864
vt 0.802734375 0.15625
vt 0.80078125 0.15625
vt 0.80078125 0.1875
vt 0.802734375 0.1875
f 1619/4865 1620/4866 1617/4867 1618/4868
vt 0.806640625 0.15625
vt 0.8046875 0.15625
vt 0.8046875 0.1875
vt 0.806640625 0.1875
f 1624/4869 1623/4870 1622/4871 1621/4872
o gunModel203
v 7.700002 3.599996 -0.35
v 7.900002 3.599996 -0.35
v 7.900002 3.499996 -0.55
v 7.700002 3.499996 -0.55
v 7.700002 3.599996 0.05
v 7.900002 3.599996 0.05
v 7.900002 3.499996 0.25
v 7.700002 3.499996 0.25
vt 0.8203125 0.15625
vt 0.818359375 0.15625
vt 0.818359375 0.1875
vt 0.8203125 0.1875
f 1631/4873 1627/4874 1626/4875 1630/4876
vt 0.81640625 0.15625
vt 0.814453125 0.15625
vt 0.814453125 0.1875
vt 0.81640625 0.1875
f 1628/4877 1632/4878 1629/4879 1625/4880
vt 0.818359375 0.1875
vt 0.81640625 0.1875
vt 0.81640625 0.21875
vt 0.818359375 0.21875
f 1626/4881 1625/4882 1629/4883 1630/4884
vt 0.8203125 0.21875
vt 0.818359375 0.21875
vt 0.818359375 0.1875
vt 0.8203125 0.1875
f 1631/4885 1632/4886 1628/4887 1627/4888
vt 0.818359375 0.15625
vt 0.81640625 0.15625
vt 0.81640625 0.1875
vt 0.818359375 0.1875
f 1627/4889 1628/4890 1625/4891 1626/4892
vt 0.822265625 0.15625
vt 0.8203125 0.15625
vt 0.8203125 0.1875
vt 0.822265625 0.1875
f 1632/4893 1631/4894 1630/4895 1629/4896
o gunModel204
v 1.7 3.599996 -0.35
v 1.9 3.599996 -0.35
v 1.9 3.499996 -0.55
v 1.7 3.499996 -0.55
v 1.7 3.599996 0.05
v 1.9 3.599996 0.05
v 1.9 3.499996 0.25
v 1.7 3.499996 0.25
vt 0.8359375 0.15625
vt 0.833984375 0.15625
vt 0.833984375 0.1875
vt 0.8359375 0.1875
f 1639/4897 1635/4898 1634/4899 1638/4900
vt 0.83203125 0.15625
vt 0.830078125 0.15625
vt 0.830078125 0.1875
vt 0.83203125 0.1875
f 1636/4901 1640/4902 1637/4903 1633/4904
vt 0.833984375 0.1875
vt 0.83203125 0.1875
vt 0.83203125 0.21875
vt 0.833984375 0.21875
f 1634/4905 1633/4906 1637/4907 1638/4908
vt 0.8359375 0.21875
vt 0.833984375 0.21875
vt 0.833984375 0.1875
vt 0.8359375 0.1875
f 1639/4909 1640/4910 1636/4911 1635/4912
vt 0.833984375 0.15625
vt 0.83203125 0.15625
vt 0.83203125 0.1875
vt 0.833984375 0.1875
f 1635/4913 1636/4914 1633/4915 1634/4916
vt 0.837890625 0.15625
vt 0.8359375 0.15625
vt 0.8359375 0.1875
vt 0.837890625 0.1875
f 1640/4917 1639/4918 1638/4919 1637/4920
o gunModel205
v 2.1 3.599996 -0.35
v 2.3 3.599996 -0.35
v 2.3 3.499996 -0.55
v 2.1 3.499996 -0.55
v 2.1 3.599996 0.05
v 2.3 3.599996 0.05
v 2.3 3.499996 0.25
v 2.1 3.499996 0.25
vt 0.8515625 0.15625
vt 0.849609375 0.15625
vt 0.849609375 0.1875
vt 0.8515625 0.1875
f 1647/4921 1643/4922 1642/4923 1646/4924
vt 0.84765625 0.15625
vt 0.845703125 0.15625
vt 0.845703125 0.1875
vt 0.84765625 0.1875
f 1644/4925 1648/4926 1645/4927 1641/4928
vt 0.849609375 0.1875
vt 0.84765625 0.1875
vt 0.84765625 0.21875
vt 0.849609375 0.21875
f 1642/4929 1641/4930 1645/4931 1646/4932
vt 0.8515625 0.21875
vt 0.849609375 0.21875
vt 0.849609375 0.1875
vt 0.8515625 0.1875
f 1647/4933 1648/4934 1644/4935 1643/4936
vt 0.849609375 0.15625
vt 0.84765625 0.15625
vt 0.84765625 0.1875
vt 0.849609375 0.1875
f 1643/4937 1644/4938 1641/4939 1642/4940
vt 0.853515625 0.15625
vt 0.8515625 0.15625
vt 0.8515625 0.1875
vt 0.853515625 0.1875
f 1648/4941 1647/4942 1646/4943 1645/4944
o gunModel206
v 2.5 3.599996 -0.35
v 2.7 3.599996 -0.35
v 2.7 3.499996 -0.55
v 2.5 3.499996 -0.55
v 2.5 3.599996 0.05
v 2.7 3.599996 0.05
v 2.7 3.499996 0.25
v 2.5 3.499996 0.25
vt 0.8671875 0.15625
vt 0.865234375 0.15625
vt 0.865234375 0.1875
vt 0.8671875 0.1875
f 1655/4945 1651/4946 1650/4947 1654/4948
vt 0.86328125 0.15625
vt 0.861328125 0.15625
vt 0.861328125 0.1875
vt 0.86328125 0.1875
f 1652/4949 1656/4950 1653/4951 1649/4952
vt 0.865234375 0.1875
vt 0.86328125 0.1875
vt 0.86328125 0.21875
vt 0.865234375 0.21875
f 1650/4953 1649/4954 1653/4955 1654/4956
vt 0.8671875 0.21875
vt 0.865234375 0.21875
vt 0.865234375 0.1875
vt 0.8671875 0.1875
f 1655/4957 1656/4958 1652/4959 1651/4960
vt 0.865234375 0.15625
vt 0.86328125 0.15625
vt 0.86328125 0.1875
vt 0.865234375 0.1875
f 1651/4961 1652/4962 1649/4963 1650/4964
vt 0.869140625 0.15625
vt 0.8671875 0.15625
vt 0.8671875 0.1875
vt 0.869140625 0.1875
f 1656/4965 1655/4966 1654/4967 1653/4968
o gunModel207
v 2.899999 3.599996 -0.35
v 3.099999 3.599996 -0.35
v 3.099999 3.499996 -0.55
v 2.899999 3.499996 -0.55
v 2.899999 3.599996 0.05
v 3.099999 3.599996 0.05
v 3.099999 3.499996 0.25
v 2.899999 3.499996 0.25
vt 0.8828125 0.15625
vt 0.880859375 0.15625
vt 0.880859375 0.1875
vt 0.8828125 0.1875
f 1663/4969 1659/4970 1658/4971 1662/4972
vt 0.87890625 0.15625
vt 0.876953125 0.15625
vt 0.876953125 0.1875
vt 0.87890625 0.1875
f 1660/4973 1664/4974 1661/4975 1657/4976
vt 0.880859375 0.1875
vt 0.87890625 0.1875
vt 0.87890625 0.21875
vt 0.880859375 0.21875
f 1658/4977 1657/4978 1661/4979 1662/4980
vt 0.8828125 0.21875
vt 0.880859375 0.21875
vt 0.880859375 0.1875
vt 0.8828125 0.1875
f 1663/4981 1664/4982 1660/4983 1659/4984
vt 0.880859375 0.15625
vt 0.87890625 0.15625
vt 0.87890625 0.1875
vt 0.880859375 0.1875
f 1659/4985 1660/4986 1657/4987 1658/4988
vt 0.884765625 0.15625
vt 0.8828125 0.15625
vt 0.8828125 0.1875
vt 0.884765625 0.1875
f 1664/4989 1663/4990 1662/4991 1661/4992
o gunModel208
v 3.299999 3.599996 -0.35
v 3.499999 3.599996 -0.35
v 3.499999 3.499996 -0.55
v 3.299999 3.499996 -0.55
v 3.299999 3.599996 0.05
v 3.499999 3.599996 0.05
v 3.499999 3.499996 0.25
v 3.299999 3.499996 0.25
vt 0.8984375 0.15625
vt 0.896484375 0.15625
vt 0.896484375 0.1875
vt 0.8984375 0.1875
f 1671/4993 1667/4994 1666/4995 1670/4996
vt 0.89453125 0.15625
vt 0.892578125 0.15625
vt 0.892578125 0.1875
vt 0.89453125 0.1875
f 1668/4997 1672/4998 1669/4999 1665/5000
vt 0.896484375 0.1875
vt 0.89453125 0.1875
vt 0.89453125 0.21875
vt 0.896484375 0.21875
f 1666/5001 1665/5002 1669/5003 1670/5004
vt 0.8984375 0.21875
vt 0.896484375 0.21875
vt 0.896484375 0.1875
vt 0.8984375 0.1875
f 1671/5005 1672/5006 1668/5007 1667/5008
vt 0.896484375 0.15625
vt 0.89453125 0.15625
vt 0.89453125 0.1875
vt 0.896484375 0.1875
f 1667/5009 1668/5010 1665/5011 1666/5012
vt 0.900390625 0.15625
vt 0.8984375 0.15625
vt 0.8984375 0.1875
vt 0.900390625 0.1875
f 1672/5013 1671/5014 1670/5015 1669/5016
o gunModel209
v 3.699999 3.599996 -0.35
v 3.899999 3.599996 -0.35
v 3.899999 3.499996 -0.55
v 3.699999 3.499996 -0.55
v 3.699999 3.599996 0.05
v 3.899999 3.599996 0.05
v 3.899999 3.499996 0.25
v 3.699999 3.499996 0.25
vt 0.9140625 0.15625
vt 0.912109375 0.15625
vt 0.912109375 0.1875
vt 0.9140625 0.1875
f 1679/5017 1675/5018 1674/5019 1678/5020
vt 0.91015625 0.15625
vt 0.908203125 0.15625
vt 0.908203125 0.1875
vt 0.91015625 0.1875
f 1676/5021 1680/5022 1677/5023 1673/5024
vt 0.912109375 0.1875
vt 0.91015625 0.1875
vt 0.91015625 0.21875
vt 0.912109375 0.21875
f 1674/5025 1673/5026 1677/5027 1678/5028
vt 0.9140625 0.21875
vt 0.912109375 0.21875
vt 0.912109375 0.1875
vt 0.9140625 0.1875
f 1679/5029 1680/5030 1676/5031 1675/5032
vt 0.912109375 0.15625
vt 0.91015625 0.15625
vt 0.91015625 0.1875
vt 0.912109375 0.1875
f 1675/5033 1676/5034 1673/5035 1674/5036
vt 0.916015625 0.15625
vt 0.9140625 0.15625
vt 0.9140625 0.1875
vt 0.916015625 0.1875
f 1680/5037 1679/5038 1678/5039 1677/5040
o gunModel210
v 4.099998 3.599996 -0.35
v 4.299998 3.599996 -0.35
v 4.299998 3.499996 -0.55
v 4.099998 3.499996 -0.55
v 4.099998 3.599996 0.05
v 4.299998 3.599996 0.05
v 4.299998 3.499996 0.25
v 4.099998 3.499996 0.25
vt 0.9296875 0.15625
vt 0.927734375 0.15625
vt 0.927734375 0.1875
vt 0.9296875 0.1875
f 1687/5041 1683/5042 1682/5043 1686/5044
vt 0.92578125 0.15625
vt 0.923828125 0.15625
vt 0.923828125 0.1875
vt 0.92578125 0.1875
f 1684/5045 1688/5046 1685/5047 1681/5048
vt 0.927734375 0.1875
vt 0.92578125 0.1875
vt 0.92578125 0.21875
vt 0.927734375 0.21875
f 1682/5049 1681/5050 1685/5051 1686/5052
vt 0.9296875 0.21875
vt 0.927734375 0.21875
vt 0.927734375 0.1875
vt 0.9296875 0.1875
f 1687/5053 1688/5054 1684/5055 1683/5056
vt 0.927734375 0.15625
vt 0.92578125 0.15625
vt 0.92578125 0.1875
vt 0.927734375 0.1875
f 1683/5057 1684/5058 1681/5059 1682/5060
vt 0.931640625 0.15625
vt 0.9296875 0.15625
vt 0.9296875 0.1875
vt 0.931640625 0.1875
f 1688/5061 1687/5062 1686/5063 1685/5064
o defaultScopeModel0
v 2.329998 4.499996 -0.5
v 3.329998 4.499996 -0.5
v 3.354998 4.099996 -0.5
v 2.079998 4.099996 -0.5
v 2.329998 4.499996 0.2
v 3.329998 4.499996 0.2
v 3.354998 4.099996 0.2
v 2.079998 4.099996 0.2
vt 0.9453125 0.15625
vt 0.943359375 0.15625
vt 0.943359375 0.1875
vt 0.9453125 0.1875
f 1695/5065 1691/5066 1690/5067 1694/5068
vt 0.94140625 0.15625
vt 0.939453125 0.15625
vt 0.939453125 0.1875
vt 0.94140625 0.1875
f 1692/5069 1696/5070 1693/5071 1689/5072
vt 0.943359375 0.1875
vt 0.94140625 0.1875
vt 0.94140625 0.21875
vt 0.943359375 0.21875
f 1690/5073 1689/5074 1693/5075 1694/5076
vt 0.9453125 0.21875
vt 0.943359375 0.21875
vt 0.943359375 0.1875
vt 0.9453125 0.1875
f 1695/5077 1696/5078 1692/5079 1691/5080
vt 0.943359375 0.15625
vt 0.94140625 0.15625
vt 0.94140625 0.1875
vt 0.943359375 0.1875
f 1691/5081 1692/5082 1689/5083 1690/5084
vt 0.947265625 0.15625
vt 0.9453125 0.15625
vt 0.9453125 0.1875
vt 0.947265625 0.1875
f 1696/5085 1695/5086 1694/5087 1693/5088
o defaultScopeModel1
v 2.1 4.099996 -0.5
v 3.35 4.099996 -0.5
v 3.35 3.499996 -0.55
v 1.8 3.499996 -0.55
v 2.1 4.099996 0.2
v 3.35 4.099996 0.2
v 3.35 3.499996 0.25
v 1.8 3.499996 0.25
vt 0.96484375 0.15625
vt 0.962890625 0.15625
vt 0.962890625 0.1875
vt 0.96484375 0.1875
f 1703/5089 1699/5090 1698/5091 1702/5092
vt 0.95703125 0.15625
vt 0.955078125 0.15625
vt 0.955078125 0.1875
vt 0.95703125 0.1875
f 1700/5093 1704/5094 1701/5095 1697/5096
vt 0.962890625 0.1875
vt 0.95703125 0.1875
vt 0.95703125 0.21875
vt 0.962890625 0.21875
f 1698/5097 1697/5098 1701/5099 1702/5100
vt 0.96875 0.21875
vt 0.962890625 0.21875
vt 0.962890625 0.1875
vt 0.96875 0.1875
f 1703/5101 1704/5102 1700/5103 1699/5104
vt 0.962890625 0.15625
vt 0.95703125 0.15625
vt 0.95703125 0.1875
vt 0.962890625 0.1875
f 1699/5105 1700/5106 1697/5107 1698/5108
vt 0.970703125 0.15625
vt 0.96484375 0.15625
vt 0.96484375 0.1875
vt 0.970703125 0.1875
f 1704/5109 1703/5110 1702/5111 1701/5112
o defaultScopeModel2
v 2.4 4.249995 -0.7
v 3.1 4.249995 -0.7
v 3.1 3.949995 -0.7
v 2.4 3.949995 -0.7
v 2.4 4.249995 0.4
v 3.1 4.249995 0.4
v 3.1 3.949995 0.4
v 2.4 3.949995 0.4
vt 0.9921875 0.15625
vt 0.990234375 0.15625
vt 0.990234375 0.1875
vt 0.9921875 0.1875
f 1711/5113 1707/5114 1706/5115 1710/5116
vt 0.98828125 0.15625
vt 0.986328125 0.15625
vt 0.986328125 0.1875
vt 0.98828125 0.1875
f 1708/5117 1712/5118 1709/5119 1705/5120
vt 0.990234375 0.1875
vt 0.98828125 0.1875
vt 0.98828125 0.21875
vt 0.990234375 0.21875
f 1706/5121 1705/5122 1709/5123 1710/5124
vt 0.9921875 0.21875
vt 0.990234375 0.21875
vt 0.990234375 0.1875
vt 0.9921875 0.1875
f 1711/5125 1712/5126 1708/5127 1707/5128
vt 0.990234375 0.15625
vt 0.98828125 0.15625
vt 0.98828125 0.1875
vt 0.990234375 0.1875
f 1707/5129 1708/5130 1705/5131 1706/5132
vt 0.994140625 0.15625
vt 0.9921875 0.15625
vt 0.9921875 0.1875
vt 0.994140625 0.1875
f 1712/5133 1711/5134 1710/5135 1709/5136
o defaultScopeModel3
v 2.59 4.699996 -0.25
v 2.61 4.699996 -0.25
v 2.61 4.099996 -0.25
v 2.59 4.099996 -0.25
v 2.59 4.699996 -0.05
v 2.61 4.699996 -0.05
v 2.61 4.099996 -0.05
v 2.59 4.099996 -0.05
vt 0.0078125 -0.09375
vt 0.005859375 -0.09375
vt 0.005859375 -0.0625
vt 0.0078125 -0.0625
f 1719/5137 1715/5138 1714/5139 1718/5140
vt 0.00390625 -0.09375
vt 0.001953125 -0.09375
vt 0.001953125 -0.0625
vt 0.00390625 -0.0625
f 1716/5141 1720/5142 1717/5143 1713/5144
vt 0.005859375 -0.0625
vt 0.00390625 -0.0625
vt 0.00390625 -0.03125
vt 0.005859375 -0.03125
f 1714/5145 1713/5146 1717/5147 1718/5148
vt 0.0078125 -0.03125
vt 0.005859375 -0.03125
vt 0.005859375 -0.0625
vt 0.0078125 -0.0625
f 1719/5149 1720/5150 1716/5151 1715/5152
vt 0.005859375 -0.09375
vt 0.00390625 -0.09375
vt 0.00390625 -0.0625
vt 0.005859375 -0.0625
f 1715/5153 1716/5154 1713/5155 1714/5156
vt 0.009765625 -0.09375
vt 0.0078125 -0.09375
vt 0.0078125 -0.0625
vt 0.009765625 -0.0625
f 1720/5157 1719/5158 1718/5159 1717/5160
o defaultScopeModel4
v 2.589999 4.929996 -0.25
v 2.609999 4.929996 -0.25
v 2.609999 4.899996 -0.29
v 2.589999 4.899996 -0.29
v 2.589999 4.929996 -0.05
v 2.609999 4.929996 -0.05
v 2.609999 4.899996 -0.01
v 2.589999 4.899996 -0.01
vt 0.0183984375 -0.0384375
vt 0.0180078125 -0.0384375
vt 0.0180078125 -0.0375
vt 0.0183984375 -0.0375
f 1727/5161 1723/5162 1722/5163 1726/5164
vt 0.01796875 -0.0384375
vt 0.017578125 -0.0384375
vt 0.017578125 -0.0375
vt 0.01796875 -0.0375
f 1724/5165 1728/5166 1725/5167 1721/5168
vt 0.0180078125 -0.0375
vt 0.01796875 -0.0375
vt 0.01796875 -0.03125
vt 0.0180078125 -0.03125
f 1722/5169 1721/5170 1725/5171 1726/5172
vt 0.018046875 -0.03125
vt 0.0180078125 -0.03125
vt 0.0180078125 -0.0375
vt 0.018046875 -0.0375
f 1727/5173 1728/5174 1724/5175 1723/5176
vt 0.0180078125 -0.0384375
vt 0.01796875 -0.0384375
vt 0.01796875 -0.0375
vt 0.0180078125 -0.0375
f 1723/5177 1724/5178 1721/5179 1722/5180
vt 0.0184375 -0.0384375
vt 0.0183984375 -0.0384375
vt 0.0183984375 -0.0375
vt 0.0184375 -0.0375
f 1728/5181 1727/5182 1726/5183 1725/5184
o defaultScopeModel5
v 2.59 4.899996 -0.29
v 2.61 4.899996 -0.29
v 2.61 4.699996 -0.29
v 2.59 4.699996 -0.29
v 2.59 4.899996 -0.25
v 2.61 4.899996 -0.25
v 2.61 4.649996 -0.25
v 2.59 4.649996 -0.25
vt 0.0390625 -0.09375
vt 0.037109375 -0.09375
vt 0.037109375 -0.0625
vt 0.0390625 -0.0625
f 1735/5185 1731/5186 1730/5187 1734/5188
vt 0.03515625 -0.09375
vt 0.033203125 -0.09375
vt 0.033203125 -0.0625
vt 0.03515625 -0.0625
f 1732/5189 1736/5190 1733/5191 1729/5192
vt 0.037109375 -0.0625
vt 0.03515625 -0.0625
vt 0.03515625 -0.03125
vt 0.037109375 -0.03125
f 1730/5193 1729/5194 1733/5195 1734/5196
vt 0.0390625 -0.03125
vt 0.037109375 -0.03125
vt 0.037109375 -0.0625
vt 0.0390625 -0.0625
f 1735/5197 1736/5198 1732/5199 1731/5200
vt 0.037109375 -0.09375
vt 0.03515625 -0.09375
vt 0.03515625 -0.0625
vt 0.037109375 -0.0625
f 1731/5201 1732/5202 1729/5203 1730/5204
vt 0.041015625 -0.09375
vt 0.0390625 -0.09375
vt 0.0390625 -0.0625
vt 0.041015625 -0.0625
f 1736/5205 1735/5206 1734/5207 1733/5208
o defaultScopeModel6
v 2.59 4.899996 -0.05
v 2.61 4.899996 -0.05
v 2.61 4.649996 -0.05
v 2.59 4.649996 -0.05
v 2.59 4.899996 -0.01
v 2.61 4.899996 -0.01
v 2.61 4.699996 -0.01
v 2.59 4.699996 -0.01
vt 0.0546875 -0.09375
vt 0.052734375 -0.09375
vt 0.052734375 -0.0625
vt 0.0546875 -0.0625
f 1743/5209 1739/5210 1738/5211 1742/5212
vt 0.05078125 -0.09375
vt 0.048828125 -0.09375
vt 0.048828125 -0.0625
vt 0.05078125 -0.0625
f 1740/5213 1744/5214 1741/5215 1737/5216
vt 0.052734375 -0.0625
vt 0.05078125 -0.0625
vt 0.05078125 -0.03125
vt 0.052734375 -0.03125
f 1738/5217 1737/5218 1741/5219 1742/5220
vt 0.0546875 -0.03125
vt 0.052734375 -0.03125
vt 0.052734375 -0.0625
vt 0.0546875 -0.0625
f 1743/5221 1744/5222 1740/5223 1739/5224
vt 0.052734375 -0.09375
vt 0.05078125 -0.09375
vt 0.05078125 -0.0625
vt 0.052734375 -0.0625
f 1739/5225 1740/5226 1737/5227 1738/5228
vt 0.056640625 -0.09375
vt 0.0546875 -0.09375
vt 0.0546875 -0.0625
vt 0.056640625 -0.0625
f 1744/5229 1743/5230 1742/5231 1741/5232
o defaultScopeModel7
v 2.35 4.799995 0.08
v 3 4.799995 0.08
v 3 4.499995 0.08
v 2.35 4.499995 0.08
v 2.35 4.799995 0.19
v 3 4.799995 0.19
v 3 4.499995 0.19
v 2.35 4.499995 0.19
vt 0.0703125 -0.09375
vt 0.068359375 -0.09375
vt 0.068359375 -0.0625
vt 0.0703125 -0.0625
f 1751/5233 1747/5234 1746/5235 1750/5236
vt 0.06640625 -0.09375
vt 0.064453125 -0.09375
vt 0.064453125 -0.0625
vt 0.06640625 -0.0625
f 1748/5237 1752/5238 1749/5239 1745/5240
vt 0.068359375 -0.0625
vt 0.06640625 -0.0625
vt 0.06640625 -0.03125
vt 0.068359375 -0.03125
f 1746/5241 1745/5242 1749/5243 1750/5244
vt 0.0703125 -0.03125
vt 0.068359375 -0.03125
vt 0.068359375 -0.0625
vt 0.0703125 -0.0625
f 1751/5245 1752/5246 1748/5247 1747/5248
vt 0.068359375 -0.09375
vt 0.06640625 -0.09375
vt 0.06640625 -0.0625
vt 0.068359375 -0.0625
f 1747/5249 1748/5250 1745/5251 1746/5252
vt 0.072265625 -0.09375
vt 0.0703125 -0.09375
vt 0.0703125 -0.0625
vt 0.072265625 -0.0625
f 1752/5253 1751/5254 1750/5255 1749/5256
o defaultScopeModel8
v 2.5 4.949996 0.08
v 3 4.899996 0.08
v 3 4.799996 0.08
v 2.35 4.799996 0.08
v 2.5 4.949996 0.19
v 3 4.899996 0.19
v 3 4.799996 0.19
v 2.35 4.799996 0.19
vt 0.0859375 -0.09375
vt 0.083984375 -0.09375
vt 0.083984375 -0.0625
vt 0.0859375 -0.0625
f 1759/5257 1755/5258 1754/5259 1758/5260
vt 0.08203125 -0.09375
vt 0.080078125 -0.09375
vt 0.080078125 -0.0625
vt 0.08203125 -0.0625
f 1756/5261 1760/5262 1757/5263 1753/5264
vt 0.083984375 -0.0625
vt 0.08203125 -0.0625
vt 0.08203125 -0.03125
vt 0.083984375 -0.03125
f 1754/5265 1753/5266 1757/5267 1758/5268
vt 0.0859375 -0.03125
vt 0.083984375 -0.03125
vt 0.083984375 -0.0625
vt 0.0859375 -0.0625
f 1759/5269 1760/5270 1756/5271 1755/5272
vt 0.083984375 -0.09375
vt 0.08203125 -0.09375
vt 0.08203125 -0.0625
vt 0.083984375 -0.0625
f 1755/5273 1756/5274 1753/5275 1754/5276
vt 0.087890625 -0.09375
vt 0.0859375 -0.09375
vt 0.0859375 -0.0625
vt 0.087890625 -0.0625
f 1760/5277 1759/5278 1758/5279 1757/5280
o defaultScopeModel9
v 2.5 4.949996 -0.48
v 3 4.899996 -0.48
v 3 4.799996 -0.48
v 2.35 4.799996 -0.48
v 2.5 4.949996 -0.37
v 3 4.899996 -0.37
v 3 4.799996 -0.37
v 2.35 4.799996 -0.37
vt 0.1015625 -0.09375
vt 0.099609375 -0.09375
vt 0.099609375 -0.0625
vt 0.1015625 -0.0625
f 1767/5281 1763/5282 1762/5283 1766/5284
vt 0.09765625 -0.09375
vt 0.095703125 -0.09375
vt 0.095703125 -0.0625
vt 0.09765625 -0.0625
f 1764/5285 1768/5286 1765/5287 1761/5288
vt 0.099609375 -0.0625
vt 0.09765625 -0.0625
vt 0.09765625 -0.03125
vt 0.099609375 -0.03125
f 1762/5289 1761/5290 1765/5291 1766/5292
vt 0.1015625 -0.03125
vt 0.099609375 -0.03125
vt 0.099609375 -0.0625
vt 0.1015625 -0.0625
f 1767/5293 1768/5294 1764/5295 1763/5296
vt 0.099609375 -0.09375
vt 0.09765625 -0.09375
vt 0.09765625 -0.0625
vt 0.099609375 -0.0625
f 1763/5297 1764/5298 1761/5299 1762/5300
vt 0.103515625 -0.09375
vt 0.1015625 -0.09375
vt 0.1015625 -0.0625
vt 0.103515625 -0.0625
f 1768/5301 1767/5302 1766/5303 1765/5304
o defaultScopeModel10
v 2.35 4.799995 -0.48
v 3 4.799995 -0.48
v 3 4.499995 -0.48
v 2.35 4.499995 -0.48
v 2.35 4.799995 -0.37
v 3 4.799995 -0.37
v 3 4.499995 -0.37
v 2.35 4.499995 -0.37
vt 0.1171875 -0.09375
vt 0.115234375 -0.09375
vt 0.115234375 -0.0625
vt 0.1171875 -0.0625
f 1775/5305 1771/5306 1770/5307 1774/5308
vt 0.11328125 -0.09375
vt 0.111328125 -0.09375
vt 0.111328125 -0.0625
vt 0.11328125 -0.0625
f 1772/5309 1776/5310 1773/5311 1769/5312
vt 0.115234375 -0.0625
vt 0.11328125 -0.0625
vt 0.11328125 -0.03125
vt 0.115234375 -0.03125
f 1770/5313 1769/5314 1773/5315 1774/5316
vt 0.1171875 -0.03125
vt 0.115234375 -0.03125
vt 0.115234375 -0.0625
vt 0.1171875 -0.0625
f 1775/5317 1776/5318 1772/5319 1771/5320
vt 0.115234375 -0.09375
vt 0.11328125 -0.09375
vt 0.11328125 -0.0625
vt 0.115234375 -0.0625
f 1771/5321 1772/5322 1769/5323 1770/5324
vt 0.119140625 -0.09375
vt 0.1171875 -0.09375
vt 0.1171875 -0.0625
vt 0.119140625 -0.0625
f 1776/5325 1775/5326 1774/5327 1773/5328
o defaultScopeModel11
v 2.5 4.849996 0.15
v 2.8 4.849996 0.15
v 2.8 4.549996 0.15
v 2.5 4.549996 0.15
v 2.5 4.849996 0.35
v 2.8 4.849996 0.35
v 2.8 4.549996 0.35
v 2.5 4.549996 0.35
vt 0.1328125 -0.09375
vt 0.130859375 -0.09375
vt 0.130859375 -0.0625
vt 0.1328125 -0.0625
f 1783/5329 1779/5330 1778/5331 1782/5332
vt 0.12890625 -0.09375
vt 0.126953125 -0.09375
vt 0.126953125 -0.0625
vt 0.12890625 -0.0625
f 1780/5333 1784/5334 1781/5335 1777/5336
vt 0.130859375 -0.0625
vt 0.12890625 -0.0625
vt 0.12890625 -0.03125
vt 0.130859375 -0.03125
f 1778/5337 1777/5338 1781/5339 1782/5340
vt 0.1328125 -0.03125
vt 0.130859375 -0.03125
vt 0.130859375 -0.0625
vt 0.1328125 -0.0625
f 1783/5341 1784/5342 1780/5343 1779/5344
vt 0.130859375 -0.09375
vt 0.12890625 -0.09375
vt 0.12890625 -0.0625
vt 0.130859375 -0.0625
f 1779/5345 1780/5346 1777/5347 1778/5348
vt 0.134765625 -0.09375
vt 0.1328125 -0.09375
vt 0.1328125 -0.0625
vt 0.134765625 -0.0625
f 1784/5349 1783/5350 1782/5351 1781/5352
o defaultScopeModel12
v 2.5 4.849996 -0.65
v 2.8 4.849996 -0.65
v 2.8 4.549996 -0.65
v 2.5 4.549996 -0.65
v 2.5 4.849996 -0.45
v 2.8 4.849996 -0.45
v 2.8 4.549996 -0.45
v 2.5 4.549996 -0.45
vt 0.1484375 -0.09375
vt 0.146484375 -0.09375
vt 0.146484375 -0.0625
vt 0.1484375 -0.0625
f 1791/5353 1787/5354 1786/5355 1790/5356
vt 0.14453125 -0.09375
vt 0.142578125 -0.09375
vt 0.142578125 -0.0625
vt 0.14453125 -0.0625
f 1788/5357 1792/5358 1789/5359 1785/5360
vt 0.146484375 -0.0625
vt 0.14453125 -0.0625
vt 0.14453125 -0.03125
vt 0.146484375 -0.03125
f 1786/5361 1785/5362 1789/5363 1790/5364
vt 0.1484375 -0.03125
vt 0.146484375 -0.03125
vt 0.146484375 -0.0625
vt 0.1484375 -0.0625
f 1791/5365 1792/5366 1788/5367 1787/5368
vt 0.146484375 -0.09375
vt 0.14453125 -0.09375
vt 0.14453125 -0.0625
vt 0.146484375 -0.0625
f 1787/5369 1788/5370 1785/5371 1786/5372
vt 0.150390625 -0.09375
vt 0.1484375 -0.09375
vt 0.1484375 -0.0625
vt 0.150390625 -0.0625
f 1792/5373 1791/5374 1790/5375 1789/5376
o defaultScopeModel13
v 3.049999 4.899995 0.08
v 3.249999 4.799995 0.08
v 3.299999 4.499995 0.08
v 3.049999 4.499995 0.08
v 3.049999 4.899995 0.19
v 3.249999 4.799995 0.19
v 3.299999 4.499995 0.19
v 3.049999 4.499995 0.19
vt 0.1640625 -0.09375
vt 0.162109375 -0.09375
vt 0.162109375 -0.0625
vt 0.1640625 -0.0625
f 1799/5377 1795/5378 1794/5379 1798/5380
vt 0.16015625 -0.09375
vt 0.158203125 -0.09375
vt 0.158203125 -0.0625
vt 0.16015625 -0.0625
f 1796/5381 1800/5382 1797/5383 1793/5384
vt 0.162109375 -0.0625
vt 0.16015625 -0.0625
vt 0.16015625 -0.03125
vt 0.162109375 -0.03125
f 1794/5385 1793/5386 1797/5387 1798/5388
vt 0.1640625 -0.03125
vt 0.162109375 -0.03125
vt 0.162109375 -0.0625
vt 0.1640625 -0.0625
f 1799/5389 1800/5390 1796/5391 1795/5392
vt 0.162109375 -0.09375
vt 0.16015625 -0.09375
vt 0.16015625 -0.0625
vt 0.162109375 -0.0625
f 1795/5393 1796/5394 1793/5395 1794/5396
vt 0.166015625 -0.09375
vt 0.1640625 -0.09375
vt 0.1640625 -0.0625
vt 0.166015625 -0.0625
f 1800/5397 1799/5398 1798/5399 1797/5400
o defaultScopeModel14
v 3.049999 4.899995 -0.48
v 3.249999 4.799995 -0.48
v 3.299999 4.499995 -0.48
v 3.049999 4.499995 -0.48
v 3.049999 4.899995 -0.37
v 3.249999 4.799995 -0.37
v 3.299999 4.499995 -0.37
v 3.049999 4.499995 -0.37
vt 0.1796875 -0.09375
vt 0.177734375 -0.09375
vt 0.177734375 -0.0625
vt 0.1796875 -0.0625
f 1807/5401 1803/5402 1802/5403 1806/5404
vt 0.17578125 -0.09375
vt 0.173828125 -0.09375
vt 0.173828125 -0.0625
vt 0.17578125 -0.0625
f 1804/5405 1808/5406 1805/5407 1801/5408
vt 0.177734375 -0.0625
vt 0.17578125 -0.0625
vt 0.17578125 -0.03125
vt 0.177734375 -0.03125
f 1802/5409 1801/5410 1805/5411 1806/5412
vt 0.1796875 -0.03125
vt 0.177734375 -0.03125
vt 0.177734375 -0.0625
vt 0.1796875 -0.0625
f 1807/5413 1808/5414 1804/5415 1803/5416
vt 0.177734375 -0.09375
vt 0.17578125 -0.09375
vt 0.17578125 -0.0625
vt 0.177734375 -0.0625
f 1803/5417 1804/5418 1801/5419 1802/5420
vt 0.181640625 -0.09375
vt 0.1796875 -0.09375
vt 0.1796875 -0.0625
vt 0.181640625 -0.0625
f 1808/5421 1807/5422 1806/5423 1805/5424
o defaultScopeModel15
v 2.899999 3.849996 -0.7
v 3.349999 3.849996 -0.7
v 3.599999 3.449996 -0.7
v 2.899999 3.449996 -0.7
v 2.899999 3.849996 0.4
v 3.349999 3.849996 0.4
v 3.599999 3.449996 0.4
v 2.899999 3.449996 0.4
vt 0.1953125 -0.09375
vt 0.193359375 -0.09375
vt 0.193359375 -0.0625
vt 0.1953125 -0.0625
f 1815/5425 1811/5426 1810/5427 1814/5428
vt 0.19140625 -0.09375
vt 0.189453125 -0.09375
vt 0.189453125 -0.0625
vt 0.19140625 -0.0625
f 1812/5429 1816/5430 1813/5431 1809/5432
vt 0.193359375 -0.0625
vt 0.19140625 -0.0625
vt 0.19140625 -0.03125
vt 0.193359375 -0.03125
f 1810/5433 1809/5434 1813/5435 1814/5436
vt 0.1953125 -0.03125
vt 0.193359375 -0.03125
vt 0.193359375 -0.0625
vt 0.1953125 -0.0625
f 1815/5437 1816/5438 1812/5439 1811/5440
vt 0.193359375 -0.09375
vt 0.19140625 -0.09375
vt 0.19140625 -0.0625
vt 0.193359375 -0.0625
f 1811/5441 1812/5442 1809/5443 1810/5444
vt 0.197265625 -0.09375
vt 0.1953125 -0.09375
vt 0.1953125 -0.0625
vt 0.197265625 -0.0625
f 1816/5445 1815/5446 1814/5447 1813/5448
o ammoModel0
v 5.289999 0.4000002 -0.58
v 7.389999 0.4000002 -0.58
v 7.409999 -0.5999998 -0.58
v 5.289999 -0.5999998 -0.58
v 5.289999 0.4000002 0.28
v 7.389999 0.4000002 0.28
v 7.409999 -0.5999998 0.28
v 5.289999 -0.5999998 0.28
vt 0.08984375 0.65625
vt 0.087890625 0.65625
vt 0.087890625 0.6875
vt 0.08984375 0.6875
f 1823/5449 1819/5450 1818/5451 1822/5452
vt 0.08203125 0.65625
vt 0.080078125 0.65625
vt 0.080078125 0.6875
vt 0.08203125 0.6875
f 1820/5453 1824/5454 1821/5455 1817/5456
vt 0.087890625 0.6875
vt 0.08203125 0.6875
vt 0.08203125 0.71875
vt 0.087890625 0.71875
f 1818/5457 1817/5458 1821/5459 1822/5460
vt 0.09375 0.71875
vt 0.087890625 0.71875
vt 0.087890625 0.6875
vt 0.09375 0.6875
f 1823/5461 1824/5462 1820/5463 1819/5464
vt 0.087890625 0.65625
vt 0.08203125 0.65625
vt 0.08203125 0.6875
vt 0.087890625 0.6875
f 1819/5465 1820/5466 1817/5467 1818/5468
vt 0.095703125 0.65625
vt 0.08984375 0.65625
vt 0.08984375 0.6875
vt 0.095703125 0.6875
f 1824/5469 1823/5470 1822/5471 1821/5472
o ammoModel1
v 5.284459 -0.5796043 -0.58
v 7.413356 -0.5967829 -0.58
v 7.624543 -1.930162 -0.58
v 5.558219 -2.308059 -0.58
v 5.284459 -0.5796043 0.28
v 7.413356 -0.5967829 0.28
v 7.624543 -1.930162 0.28
v 5.558219 -2.308059 0.28
vt 0.12109375 0.625
vt 0.119140625 0.625
vt 0.119140625 0.6875
vt 0.12109375 0.6875
f 1831/5473 1827/5474 1826/5475 1830/5476
vt 0.11328125 0.625
vt 0.111328125 0.625
vt 0.111328125 0.6875
vt 0.11328125 0.6875
f 1828/5477 1832/5478 1829/5479 1825/5480
vt 0.119140625 0.6875
vt 0.11328125 0.6875
vt 0.11328125 0.71875
vt 0.119140625 0.71875
f 1826/5481 1825/5482 1829/5483 1830/5484
vt 0.125 0.71875
vt 0.119140625 0.71875
vt 0.119140625 0.6875
vt 0.125 0.6875
f 1831/5485 1832/5486 1828/5487 1827/5488
vt 0.119140625 0.625
vt 0.11328125 0.625
vt 0.11328125 0.6875
vt 0.119140625 0.6875
f 1827/5489 1828/5490 1825/5491 1826/5492
vt 0.126953125 0.625
vt 0.12109375 0.625
vt 0.12109375 0.6875
vt 0.126953125 0.6875
f 1832/5493 1831/5494 1830/5495 1829/5496
